<Gesture Name="arrow" Subject="1" Number="1" NumPts="147" Millseconds="0" AppName="Gestures" AppVer="1.0" Date="Wednesday, March 01, 2023" TimeOfDay="13:03:57" ID="1"><Point X="189" Y="448" T="0" /><Point X="192" Y="445" T="0" /><Point X="194" Y="443" T="0" /><Point X="204" Y="429" T="0" /><Point X="209" Y="424" T="0" /><Point X="214" Y="416" T="0" /><Point X="219" Y="410" T="0" /><Point X="230" Y="396" T="0" /><Point X="236" Y="389" T="0" /><Point X="242" Y="381" T="0" /><Point X="247" Y="376" T="0" /><Point X="263" Y="358" T="0" /><Point X="271" Y="350" T="0" /><Point X="276" Y="344" T="0" /><Point X="284" Y="336" T="0" /><Point X="298" Y="323" T="0" /><Point X="302" Y="318" T="0" /><Point X="309" Y="312" T="0" /><Point X="315" Y="306" T="0" /><Point X="328" Y="295" T="0" /><Point X="335" Y="289" T="0" /><Point X="339" Y="285" T="0" /><Point X="342" Y="282" T="0" /><Point X="348" Y="277" T="0" /><Point X="355" Y="269" T="0" /><Point X="360" Y="265" T="0" /><Point X="362" Y="262" T="0" /><Point X="367" Y="258" T="0" /><Point X="372" Y="253" T="0" /><Point X="377" Y="249" T="0" /><Point X="379" Y="247" T="0" /><Point X="381" Y="245" T="0" /><Point X="388" Y="239" T="0" /><Point X="389" Y="238" T="0" /><Point X="392" Y="234" T="0" /><Point X="395" Y="232" T="0" /><Point X="398" Y="229" T="0" /><Point X="402" Y="226" T="0" /><Point X="404" Y="224" T="0" /><Point X="408" Y="221" T="0" /><Point X="415" Y="215" T="0" /><Point X="418" Y="213" T="0" /><Point X="420" Y="211" T="0" /><Point X="422" Y="209" T="0" /><Point X="427" Y="204" T="0" /><Point X="427" Y="203" T="0" /><Point X="428" Y="203" T="0" /><Point X="428" Y="202" T="0" /><Point X="428" Y="201" T="0" /><Point X="427" Y="202" T="0" /><Point X="426" Y="202" T="0" /><Point X="425" Y="203" T="0" /><Point X="420" Y="205" T="0" /><Point X="416" Y="207" T="0" /><Point X="411" Y="209" T="0" /><Point X="404" Y="212" T="0" /><Point X="393" Y="216" T="0" /><Point X="388" Y="217" T="0" /><Point X="383" Y="219" T="0" /><Point X="379" Y="221" T="0" /><Point X="369" Y="225" T="0" /><Point X="363" Y="227" T="0" /><Point X="357" Y="230" T="0" /><Point X="352" Y="232" T="0" /><Point X="341" Y="236" T="0" /><Point X="335" Y="238" T="0" /><Point X="331" Y="239" T="0" /><Point X="324" Y="242" T="0" /><Point X="311" Y="247" T="0" /><Point X="310" Y="248" T="0" /><Point X="303" Y="251" T="0" /><Point X="299" Y="254" T="0" /><Point X="297" Y="254" T="0" /><Point X="291" Y="258" T="0" /><Point X="290" Y="258" T="0" /><Point X="289" Y="259" T="0" /><Point X="288" Y="259" T="0" /><Point X="288" Y="260" T="0" /><Point X="289" Y="259" T="0" /><Point X="290" Y="259" T="0" /><Point X="295" Y="255" T="0" /><Point X="296" Y="254" T="0" /><Point X="301" Y="251" T="0" /><Point X="304" Y="249" T="0" /><Point X="307" Y="248" T="0" /><Point X="312" Y="245" T="0" /><Point X="324" Y="238" T="0" /><Point X="327" Y="236" T="0" /><Point X="333" Y="233" T="0" /><Point X="336" Y="231" T="0" /><Point X="345" Y="227" T="0" /><Point X="348" Y="225" T="0" /><Point X="351" Y="225" T="0" /><Point X="355" Y="224" T="0" /><Point X="366" Y="221" T="0" /><Point X="370" Y="220" T="0" /><Point X="375" Y="219" T="0" /><Point X="379" Y="218" T="0" /><Point X="392" Y="216" T="0" /><Point X="396" Y="216" T="0" /><Point X="401" Y="215" T="0" /><Point X="405" Y="214" T="0" /><Point X="413" Y="213" T="0" /><Point X="416" Y="212" T="0" /><Point X="419" Y="212" T="0" /><Point X="420" Y="211" T="0" /><Point X="425" Y="210" T="0" /><Point X="427" Y="210" T="0" /><Point X="428" Y="209" T="0" /><Point X="429" Y="209" T="0" /><Point X="434" Y="208" T="0" /><Point X="435" Y="207" T="0" /><Point X="436" Y="207" T="0" /><Point X="436" Y="208" T="0" /><Point X="436" Y="210" T="0" /><Point X="437" Y="213" T="0" /><Point X="437" Y="218" T="0" /><Point X="439" Y="222" T="0" /><Point X="441" Y="231" T="0" /><Point X="443" Y="239" T="0" /><Point X="445" Y="244" T="0" /><Point X="449" Y="255" T="0" /><Point X="454" Y="269" T="0" /><Point X="457" Y="276" T="0" /><Point X="460" Y="283" T="0" /><Point X="462" Y="287" T="0" /><Point X="466" Y="296" T="0" /><Point X="467" Y="298" T="0" /><Point X="467" Y="300" T="0" /><Point X="468" Y="304" T="0" /><Point X="469" Y="305" T="0" /><Point X="469" Y="306" T="0" /><Point X="469" Y="307" T="0" /><Point X="469" Y="308" T="0" /><Point X="470" Y="310" T="0" /><Point X="470" Y="313" T="0" /><Point X="470" Y="315" T="0" /><Point X="471" Y="321" T="0" /><Point X="472" Y="332" T="0" /><Point X="472" Y="337" T="0" /><Point X="472" Y="340" T="0" /><Point X="472" Y="345" T="0" /><Point X="472" Y="351" T="0" /><Point X="473" Y="359" T="0" /><Point X="473" Y="362" T="0" /><Point X="473" Y="363" T="0" /><Point X="474" Y="363" T="0" /></Gesture>