<Gesture Name="arrow" Subject="1" Number="1" NumPts="118" Millseconds="0" AppName="Gestures" AppVer="1.0" Date="Wednesday, March 01, 2023" TimeOfDay="13:08:16" ID="5"><Point X="139" Y="469" T="0" /><Point X="143" Y="467" T="0" /><Point X="149" Y="461" T="0" /><Point X="160" Y="452" T="0" /><Point X="168" Y="445" T="0" /><Point X="202" Y="422" T="0" /><Point X="217" Y="411" T="0" /><Point X="238" Y="397" T="0" /><Point X="277" Y="370" T="0" /><Point X="303" Y="354" T="0" /><Point X="355" Y="324" T="0" /><Point X="374" Y="313" T="0" /><Point X="387" Y="305" T="0" /><Point X="398" Y="298" T="0" /><Point X="431" Y="276" T="0" /><Point X="440" Y="270" T="0" /><Point X="447" Y="266" T="0" /><Point X="457" Y="260" T="0" /><Point X="472" Y="250" T="0" /><Point X="479" Y="245" T="0" /><Point X="482" Y="243" T="0" /><Point X="488" Y="239" T="0" /><Point X="492" Y="236" T="0" /><Point X="497" Y="232" T="0" /><Point X="499" Y="230" T="0" /><Point X="500" Y="230" T="0" /><Point X="500" Y="229" T="0" /><Point X="500" Y="228" T="0" /><Point X="499" Y="228" T="0" /><Point X="497" Y="229" T="0" /><Point X="494" Y="230" T="0" /><Point X="489" Y="231" T="0" /><Point X="477" Y="236" T="0" /><Point X="470" Y="238" T="0" /><Point X="461" Y="240" T="0" /><Point X="451" Y="243" T="0" /><Point X="441" Y="247" T="0" /><Point X="424" Y="252" T="0" /><Point X="413" Y="255" T="0" /><Point X="405" Y="258" T="0" /><Point X="401" Y="259" T="0" /><Point X="372" Y="267" T="0" /><Point X="365" Y="270" T="0" /><Point X="358" Y="271" T="0" /><Point X="351" Y="273" T="0" /><Point X="340" Y="277" T="0" /><Point X="334" Y="279" T="0" /><Point X="331" Y="280" T="0" /><Point X="330" Y="280" T="0" /><Point X="323" Y="282" T="0" /><Point X="321" Y="283" T="0" /><Point X="320" Y="283" T="0" /><Point X="319" Y="284" T="0" /><Point X="316" Y="285" T="0" /><Point X="315" Y="285" T="0" /><Point X="314" Y="285" T="0" /><Point X="315" Y="285" T="0" /><Point X="319" Y="283" T="0" /><Point X="321" Y="281" T="0" /><Point X="326" Y="277" T="0" /><Point X="330" Y="274" T="0" /><Point X="335" Y="270" T="0" /><Point X="339" Y="268" T="0" /><Point X="349" Y="260" T="0" /><Point X="355" Y="256" T="0" /><Point X="358" Y="254" T="0" /><Point X="364" Y="251" T="0" /><Point X="380" Y="242" T="0" /><Point X="390" Y="238" T="0" /><Point X="394" Y="236" T="0" /><Point X="404" Y="232" T="0" /><Point X="416" Y="228" T="0" /><Point X="424" Y="226" T="0" /><Point X="431" Y="225" T="0" /><Point X="436" Y="224" T="0" /><Point X="448" Y="222" T="0" /><Point X="452" Y="222" T="0" /><Point X="458" Y="220" T="0" /><Point X="465" Y="219" T="0" /><Point X="473" Y="218" T="0" /><Point X="476" Y="217" T="0" /><Point X="477" Y="217" T="0" /><Point X="478" Y="217" T="0" /><Point X="478" Y="216" T="0" /><Point X="481" Y="216" T="0" /><Point X="482" Y="216" T="0" /><Point X="482" Y="215" T="0" /><Point X="483" Y="215" T="0" /><Point X="484" Y="215" T="0" /><Point X="484" Y="214" T="0" /><Point X="485" Y="214" T="0" /><Point X="486" Y="215" T="0" /><Point X="486" Y="216" T="0" /><Point X="487" Y="217" T="0" /><Point X="489" Y="224" T="0" /><Point X="490" Y="228" T="0" /><Point X="491" Y="231" T="0" /><Point X="491" Y="235" T="0" /><Point X="493" Y="248" T="0" /><Point X="493" Y="255" T="0" /><Point X="493" Y="263" T="0" /><Point X="493" Y="269" T="0" /><Point X="492" Y="289" T="0" /><Point X="491" Y="295" T="0" /><Point X="491" Y="301" T="0" /><Point X="491" Y="310" T="0" /><Point X="491" Y="334" T="0" /><Point X="491" Y="340" T="0" /><Point X="491" Y="348" T="0" /><Point X="491" Y="357" T="0" /><Point X="491" Y="371" T="0" /><Point X="491" Y="378" T="0" /><Point X="491" Y="383" T="0" /><Point X="491" Y="385" T="0" /><Point X="491" Y="394" T="0" /><Point X="491" Y="396" T="0" /><Point X="491" Y="397" T="0" /><Point X="491" Y="399" T="0" /></Gesture>