<Gesture Name="arrow" Subject="1" Number="1" NumPts="119" Millseconds="0" AppName="Gestures" AppVer="1.0" Date="Wednesday, March 01, 2023" TimeOfDay="13:09:15" ID="6"><Point X="301" Y="447" T="0" /><Point X="304" Y="443" T="0" /><Point X="307" Y="440" T="0" /><Point X="312" Y="433" T="0" /><Point X="323" Y="422" T="0" /><Point X="330" Y="414" T="0" /><Point X="336" Y="407" T="0" /><Point X="344" Y="399" T="0" /><Point X="356" Y="386" T="0" /><Point X="364" Y="377" T="0" /><Point X="370" Y="370" T="0" /><Point X="375" Y="364" T="0" /><Point X="390" Y="346" T="0" /><Point X="396" Y="339" T="0" /><Point X="402" Y="332" T="0" /><Point X="409" Y="325" T="0" /><Point X="423" Y="310" T="0" /><Point X="428" Y="304" T="0" /><Point X="432" Y="301" T="0" /><Point X="439" Y="294" T="0" /><Point X="447" Y="285" T="0" /><Point X="450" Y="281" T="0" /><Point X="454" Y="277" T="0" /><Point X="458" Y="273" T="0" /><Point X="466" Y="265" T="0" /><Point X="473" Y="258" T="0" /><Point X="475" Y="256" T="0" /><Point X="476" Y="254" T="0" /><Point X="480" Y="251" T="0" /><Point X="480" Y="250" T="0" /><Point X="481" Y="250" T="0" /><Point X="482" Y="247" T="0" /><Point X="483" Y="247" T="0" /><Point X="483" Y="246" T="0" /><Point X="482" Y="246" T="0" /><Point X="479" Y="247" T="0" /><Point X="478" Y="248" T="0" /><Point X="475" Y="249" T="0" /><Point X="471" Y="252" T="0" /><Point X="467" Y="254" T="0" /><Point X="463" Y="256" T="0" /><Point X="457" Y="259" T="0" /><Point X="453" Y="261" T="0" /><Point X="446" Y="265" T="0" /><Point X="441" Y="268" T="0" /><Point X="433" Y="273" T="0" /><Point X="430" Y="274" T="0" /><Point X="427" Y="276" T="0" /><Point X="424" Y="278" T="0" /><Point X="419" Y="282" T="0" /><Point X="415" Y="284" T="0" /><Point X="414" Y="286" T="0" /><Point X="413" Y="287" T="0" /><Point X="410" Y="290" T="0" /><Point X="409" Y="290" T="0" /><Point X="408" Y="291" T="0" /><Point X="408" Y="292" T="0" /><Point X="406" Y="294" T="0" /><Point X="405" Y="295" T="0" /><Point X="403" Y="297" T="0" /><Point X="402" Y="298" T="0" /><Point X="402" Y="299" T="0" /><Point X="401" Y="299" T="0" /><Point X="399" Y="301" T="0" /><Point X="399" Y="302" T="0" /><Point X="398" Y="302" T="0" /><Point X="398" Y="303" T="0" /><Point X="399" Y="303" T="0" /><Point X="400" Y="302" T="0" /><Point X="401" Y="302" T="0" /><Point X="406" Y="297" T="0" /><Point X="409" Y="295" T="0" /><Point X="411" Y="293" T="0" /><Point X="416" Y="290" T="0" /><Point X="424" Y="285" T="0" /><Point X="427" Y="283" T="0" /><Point X="430" Y="281" T="0" /><Point X="435" Y="278" T="0" /><Point X="443" Y="273" T="0" /><Point X="445" Y="272" T="0" /><Point X="451" Y="268" T="0" /><Point X="458" Y="264" T="0" /><Point X="462" Y="261" T="0" /><Point X="464" Y="260" T="0" /><Point X="466" Y="259" T="0" /><Point X="467" Y="258" T="0" /><Point X="468" Y="258" T="0" /><Point X="469" Y="257" T="0" /><Point X="472" Y="256" T="0" /><Point X="474" Y="255" T="0" /><Point X="475" Y="254" T="0" /><Point X="477" Y="253" T="0" /><Point X="478" Y="252" T="0" /><Point X="479" Y="252" T="0" /><Point X="481" Y="251" T="0" /><Point X="482" Y="250" T="0" /><Point X="483" Y="250" T="0" /><Point X="483" Y="249" T="0" /><Point X="483" Y="250" T="0" /><Point X="484" Y="254" T="0" /><Point X="486" Y="261" T="0" /><Point X="486" Y="265" T="0" /><Point X="489" Y="279" T="0" /><Point X="490" Y="283" T="0" /><Point X="491" Y="289" T="0" /><Point X="495" Y="302" T="0" /><Point X="497" Y="308" T="0" /><Point X="499" Y="312" T="0" /><Point X="502" Y="320" T="0" /><Point X="506" Y="329" T="0" /><Point X="508" Y="335" T="0" /><Point X="510" Y="341" T="0" /><Point X="511" Y="347" T="0" /><Point X="512" Y="348" T="0" /><Point X="512" Y="349" T="0" /><Point X="512" Y="350" T="0" /><Point X="512" Y="351" T="0" /><Point X="513" Y="352" T="0" /><Point X="513" Y="353" T="0" /></Gesture>