<Gesture Name="arrow" Subject="1" Number="1" NumPts="111" Millseconds="0" AppName="Gestures" AppVer="1.0" Date="Wednesday, March 01, 2023" TimeOfDay="13:06:21" ID="3"><Point X="235" Y="350" T="0" /><Point X="237" Y="348" T="0" /><Point X="240" Y="345" T="0" /><Point X="243" Y="342" T="0" /><Point X="251" Y="334" T="0" /><Point X="254" Y="330" T="0" /><Point X="279" Y="306" T="0" /><Point X="285" Y="300" T="0" /><Point X="295" Y="291" T="0" /><Point X="300" Y="286" T="0" /><Point X="307" Y="279" T="0" /><Point X="325" Y="263" T="0" /><Point X="330" Y="257" T="0" /><Point X="339" Y="249" T="0" /><Point X="346" Y="242" T="0" /><Point X="359" Y="229" T="0" /><Point X="364" Y="224" T="0" /><Point X="370" Y="218" T="0" /><Point X="375" Y="213" T="0" /><Point X="387" Y="203" T="0" /><Point X="395" Y="197" T="0" /><Point X="400" Y="193" T="0" /><Point X="406" Y="190" T="0" /><Point X="419" Y="181" T="0" /><Point X="424" Y="178" T="0" /><Point X="432" Y="173" T="0" /><Point X="436" Y="170" T="0" /><Point X="447" Y="162" T="0" /><Point X="452" Y="159" T="0" /><Point X="456" Y="156" T="0" /><Point X="461" Y="153" T="0" /><Point X="467" Y="148" T="0" /><Point X="470" Y="146" T="0" /><Point X="471" Y="145" T="0" /><Point X="470" Y="145" T="0" /><Point X="469" Y="145" T="0" /><Point X="467" Y="146" T="0" /><Point X="460" Y="149" T="0" /><Point X="453" Y="152" T="0" /><Point X="450" Y="154" T="0" /><Point X="444" Y="156" T="0" /><Point X="429" Y="163" T="0" /><Point X="423" Y="166" T="0" /><Point X="418" Y="168" T="0" /><Point X="408" Y="171" T="0" /><Point X="395" Y="175" T="0" /><Point X="390" Y="177" T="0" /><Point X="385" Y="178" T="0" /><Point X="378" Y="181" T="0" /><Point X="368" Y="184" T="0" /><Point X="360" Y="187" T="0" /><Point X="355" Y="188" T="0" /><Point X="351" Y="190" T="0" /><Point X="339" Y="195" T="0" /><Point X="334" Y="197" T="0" /><Point X="331" Y="198" T="0" /><Point X="328" Y="199" T="0" /><Point X="326" Y="200" T="0" /><Point X="323" Y="202" T="0" /><Point X="322" Y="202" T="0" /><Point X="321" Y="202" T="0" /><Point X="322" Y="202" T="0" /><Point X="324" Y="202" T="0" /><Point X="328" Y="199" T="0" /><Point X="332" Y="197" T="0" /><Point X="339" Y="192" T="0" /><Point X="345" Y="190" T="0" /><Point X="357" Y="184" T="0" /><Point X="379" Y="175" T="0" /><Point X="390" Y="171" T="0" /><Point X="398" Y="168" T="0" /><Point X="409" Y="164" T="0" /><Point X="429" Y="157" T="0" /><Point X="436" Y="155" T="0" /><Point X="442" Y="152" T="0" /><Point X="445" Y="151" T="0" /><Point X="453" Y="149" T="0" /><Point X="465" Y="145" T="0" /><Point X="469" Y="143" T="0" /><Point X="473" Y="142" T="0" /><Point X="480" Y="141" T="0" /><Point X="488" Y="140" T="0" /><Point X="492" Y="139" T="0" /><Point X="495" Y="139" T="0" /><Point X="498" Y="139" T="0" /><Point X="501" Y="139" T="0" /><Point X="503" Y="139" T="0" /><Point X="506" Y="138" T="0" /><Point X="510" Y="138" T="0" /><Point X="516" Y="138" T="0" /><Point X="517" Y="137" T="0" /><Point X="517" Y="140" T="0" /><Point X="517" Y="142" T="0" /><Point X="517" Y="144" T="0" /><Point X="517" Y="151" T="0" /><Point X="515" Y="158" T="0" /><Point X="515" Y="165" T="0" /><Point X="514" Y="174" T="0" /><Point X="513" Y="198" T="0" /><Point X="513" Y="205" T="0" /><Point X="513" Y="214" T="0" /><Point X="513" Y="228" T="0" /><Point X="513" Y="248" T="0" /><Point X="513" Y="257" T="0" /><Point X="512" Y="265" T="0" /><Point X="512" Y="268" T="0" /><Point X="511" Y="283" T="0" /><Point X="511" Y="288" T="0" /><Point X="511" Y="291" T="0" /><Point X="511" Y="292" T="0" /><Point X="511" Y="293" T="0" /></Gesture>