<Gesture Name="arrow" Subject="1" Number="1" NumPts="41" Millseconds="0" AppName="Gestures" AppVer="1.0" Date="Wednesday, March 01, 2023" TimeOfDay="13:13:15" ID="10"><Point X="333" Y="195" T="0" /><Point X="334" Y="197" T="0" /><Point X="339" Y="205" T="0" /><Point X="359" Y="241" T="0" /><Point X="363" Y="250" T="0" /><Point X="378" Y="280" T="0" /><Point X="395" Y="313" T="0" /><Point X="402" Y="324" T="0" /><Point X="409" Y="336" T="0" /><Point X="415" Y="348" T="0" /><Point X="429" Y="373" T="0" /><Point X="436" Y="387" T="0" /><Point X="438" Y="393" T="0" /><Point X="444" Y="405" T="0" /><Point X="448" Y="412" T="0" /><Point X="451" Y="417" T="0" /><Point X="454" Y="420" T="0" /><Point X="458" Y="426" T="0" /><Point X="459" Y="428" T="0" /><Point X="461" Y="431" T="0" /><Point X="463" Y="434" T="0" /><Point X="463" Y="435" T="0" /><Point X="465" Y="430" T="0" /><Point X="467" Y="425" T="0" /><Point X="471" Y="416" T="0" /><Point X="476" Y="406" T="0" /><Point X="482" Y="393" T="0" /><Point X="489" Y="379" T="0" /><Point X="525" Y="322" T="0" /><Point X="536" Y="306" T="0" /><Point X="553" Y="280" T="0" /><Point X="579" Y="240" T="0" /><Point X="584" Y="231" T="0" /><Point X="587" Y="225" T="0" /><Point X="591" Y="219" T="0" /><Point X="598" Y="205" T="0" /><Point X="599" Y="202" T="0" /><Point X="600" Y="201" T="0" /><Point X="600" Y="200" T="0" /><Point X="601" Y="199" T="0" /><Point X="601" Y="198" T="0" /></Gesture>