<Gesture Name="arrow" Subject="1" Number="1" NumPts="62" Millseconds="0" AppName="Gestures" AppVer="1.0" Date="Wednesday, March 01, 2023" TimeOfDay="13:10:18" ID="7"><Point X="262" Y="539" T="0" /><Point X="267" Y="534" T="0" /><Point X="284" Y="516" T="0" /><Point X="306" Y="495" T="0" /><Point X="315" Y="486" T="0" /><Point X="326" Y="476" T="0" /><Point X="360" Y="448" T="0" /><Point X="372" Y="438" T="0" /><Point X="381" Y="430" T="0" /><Point X="391" Y="421" T="0" /><Point X="392" Y="421" T="0" /><Point X="391" Y="421" T="0" /><Point X="390" Y="421" T="0" /><Point X="389" Y="421" T="0" /><Point X="383" Y="422" T="0" /><Point X="380" Y="423" T="0" /><Point X="367" Y="428" T="0" /><Point X="364" Y="430" T="0" /><Point X="357" Y="432" T="0" /><Point X="353" Y="434" T="0" /><Point X="343" Y="439" T="0" /><Point X="339" Y="441" T="0" /><Point X="335" Y="443" T="0" /><Point X="333" Y="444" T="0" /><Point X="324" Y="449" T="0" /><Point X="320" Y="452" T="0" /><Point X="317" Y="452" T="0" /><Point X="315" Y="454" T="0" /><Point X="313" Y="455" T="0" /><Point X="313" Y="456" T="0" /><Point X="312" Y="456" T="0" /><Point X="315" Y="454" T="0" /><Point X="318" Y="451" T="0" /><Point X="330" Y="444" T="0" /><Point X="355" Y="429" T="0" /><Point X="362" Y="426" T="0" /><Point X="382" Y="416" T="0" /><Point X="388" Y="413" T="0" /><Point X="389" Y="414" T="0" /><Point X="390" Y="414" T="0" /><Point X="391" Y="414" T="0" /><Point X="392" Y="415" T="0" /><Point X="395" Y="416" T="0" /><Point X="396" Y="416" T="0" /><Point X="397" Y="416" T="0" /><Point X="397" Y="417" T="0" /><Point X="398" Y="417" T="0" /><Point X="398" Y="418" T="0" /><Point X="399" Y="419" T="0" /><Point X="399" Y="422" T="0" /><Point X="400" Y="428" T="0" /><Point X="401" Y="435" T="0" /><Point X="403" Y="462" T="0" /><Point X="403" Y="472" T="0" /><Point X="403" Y="480" T="0" /><Point X="403" Y="494" T="0" /><Point X="403" Y="502" T="0" /><Point X="403" Y="514" T="0" /><Point X="403" Y="520" T="0" /><Point X="403" Y="522" T="0" /><Point X="404" Y="523" T="0" /><Point X="404" Y="524" T="0" /></Gesture>