<Gesture Name="arrow" Subject="1" Number="1" NumPts="44" Millseconds="0" AppName="Gestures" AppVer="1.0" Date="Wednesday, March 01, 2023" TimeOfDay="13:12:14" ID="9"><Point X="240" Y="263" T="0" /><Point X="241" Y="263" T="0" /><Point X="241" Y="264" T="0" /><Point X="242" Y="264" T="0" /><Point X="244" Y="267" T="0" /><Point X="246" Y="272" T="0" /><Point X="250" Y="279" T="0" /><Point X="256" Y="290" T="0" /><Point X="278" Y="331" T="0" /><Point X="286" Y="345" T="0" /><Point X="293" Y="356" T="0" /><Point X="302" Y="375" T="0" /><Point X="310" Y="389" T="0" /><Point X="330" Y="428" T="0" /><Point X="336" Y="440" T="0" /><Point X="341" Y="452" T="0" /><Point X="346" Y="462" T="0" /><Point X="353" Y="478" T="0" /><Point X="357" Y="486" T="0" /><Point X="359" Y="491" T="0" /><Point X="361" Y="494" T="0" /><Point X="366" Y="504" T="0" /><Point X="367" Y="505" T="0" /><Point X="367" Y="506" T="0" /><Point X="368" Y="506" T="0" /><Point X="368" Y="507" T="0" /><Point X="372" Y="501" T="0" /><Point X="375" Y="494" T="0" /><Point X="380" Y="487" T="0" /><Point X="384" Y="479" T="0" /><Point X="391" Y="468" T="0" /><Point X="425" Y="417" T="0" /><Point X="434" Y="403" T="0" /><Point X="445" Y="385" T="0" /><Point X="454" Y="372" T="0" /><Point X="484" Y="320" T="0" /><Point X="488" Y="311" T="0" /><Point X="495" Y="299" T="0" /><Point X="498" Y="291" T="0" /><Point X="504" Y="276" T="0" /><Point X="506" Y="273" T="0" /><Point X="507" Y="270" T="0" /><Point X="508" Y="269" T="0" /><Point X="508" Y="268" T="0" /></Gesture>