<Gesture Name="arrow" Subject="1" Number="1" NumPts="105" Millseconds="0" AppName="Gestures" AppVer="1.0" Date="Wednesday, March 01, 2023" TimeOfDay="13:05:09" ID="2"><Point X="264" Y="316" T="0" /><Point X="267" Y="313" T="0" /><Point X="271" Y="308" T="0" /><Point X="288" Y="290" T="0" /><Point X="295" Y="283" T="0" /><Point X="309" Y="271" T="0" /><Point X="332" Y="252" T="0" /><Point X="341" Y="245" T="0" /><Point X="363" Y="227" T="0" /><Point X="371" Y="221" T="0" /><Point X="375" Y="218" T="0" /><Point X="380" Y="213" T="0" /><Point X="389" Y="204" T="0" /><Point X="395" Y="199" T="0" /><Point X="399" Y="194" T="0" /><Point X="405" Y="189" T="0" /><Point X="421" Y="173" T="0" /><Point X="426" Y="168" T="0" /><Point X="431" Y="162" T="0" /><Point X="442" Y="151" T="0" /><Point X="443" Y="149" T="0" /><Point X="446" Y="146" T="0" /><Point X="448" Y="144" T="0" /><Point X="450" Y="141" T="0" /><Point X="450" Y="140" T="0" /><Point X="449" Y="140" T="0" /><Point X="448" Y="140" T="0" /><Point X="446" Y="140" T="0" /><Point X="443" Y="141" T="0" /><Point X="441" Y="141" T="0" /><Point X="438" Y="142" T="0" /><Point X="426" Y="146" T="0" /><Point X="418" Y="149" T="0" /><Point X="413" Y="151" T="0" /><Point X="404" Y="154" T="0" /><Point X="400" Y="156" T="0" /><Point X="378" Y="164" T="0" /><Point X="373" Y="165" T="0" /><Point X="363" Y="169" T="0" /><Point X="358" Y="171" T="0" /><Point X="343" Y="177" T="0" /><Point X="336" Y="180" T="0" /><Point X="330" Y="183" T="0" /><Point X="325" Y="185" T="0" /><Point X="313" Y="191" T="0" /><Point X="311" Y="193" T="0" /><Point X="307" Y="195" T="0" /><Point X="298" Y="200" T="0" /><Point X="296" Y="201" T="0" /><Point X="292" Y="203" T="0" /><Point X="285" Y="206" T="0" /><Point X="284" Y="207" T="0" /><Point X="284" Y="206" T="0" /><Point X="285" Y="206" T="0" /><Point X="287" Y="204" T="0" /><Point X="290" Y="202" T="0" /><Point X="293" Y="200" T="0" /><Point X="299" Y="196" T="0" /><Point X="309" Y="189" T="0" /><Point X="318" Y="184" T="0" /><Point X="323" Y="182" T="0" /><Point X="350" Y="167" T="0" /><Point X="362" Y="161" T="0" /><Point X="370" Y="157" T="0" /><Point X="377" Y="154" T="0" /><Point X="393" Y="146" T="0" /><Point X="400" Y="143" T="0" /><Point X="406" Y="140" T="0" /><Point X="410" Y="139" T="0" /><Point X="423" Y="133" T="0" /><Point X="426" Y="132" T="0" /><Point X="429" Y="131" T="0" /><Point X="430" Y="130" T="0" /><Point X="434" Y="129" T="0" /><Point X="436" Y="129" T="0" /><Point X="440" Y="128" T="0" /><Point X="444" Y="127" T="0" /><Point X="445" Y="127" T="0" /><Point X="446" Y="126" T="0" /><Point X="447" Y="126" T="0" /><Point X="448" Y="126" T="0" /><Point X="450" Y="124" T="0" /><Point X="451" Y="124" T="0" /><Point X="452" Y="124" T="0" /><Point X="452" Y="125" T="0" /><Point X="453" Y="127" T="0" /><Point X="454" Y="129" T="0" /><Point X="456" Y="134" T="0" /><Point X="457" Y="142" T="0" /><Point X="460" Y="148" T="0" /><Point X="463" Y="158" T="0" /><Point X="467" Y="167" T="0" /><Point X="477" Y="197" T="0" /><Point X="480" Y="208" T="0" /><Point X="483" Y="219" T="0" /><Point X="489" Y="245" T="0" /><Point X="490" Y="254" T="0" /><Point X="491" Y="261" T="0" /><Point X="492" Y="270" T="0" /><Point X="494" Y="285" T="0" /><Point X="494" Y="291" T="0" /><Point X="494" Y="295" T="0" /><Point X="495" Y="299" T="0" /><Point X="496" Y="304" T="0" /><Point X="496" Y="305" T="0" /></Gesture>