<Gesture Name="arrow" Subject="1" Number="1" NumPts="49" Millseconds="0" AppName="Gestures" AppVer="1.0" Date="Wednesday, March 01, 2023" TimeOfDay="13:11:19" ID="8"><Point X="206" Y="222" T="0" /><Point X="208" Y="225" T="0" /><Point X="209" Y="229" T="0" /><Point X="218" Y="250" T="0" /><Point X="220" Y="254" T="0" /><Point X="227" Y="270" T="0" /><Point X="245" Y="306" T="0" /><Point X="249" Y="314" T="0" /><Point X="253" Y="323" T="0" /><Point X="261" Y="334" T="0" /><Point X="265" Y="340" T="0" /><Point X="269" Y="347" T="0" /><Point X="275" Y="355" T="0" /><Point X="277" Y="361" T="0" /><Point X="285" Y="376" T="0" /><Point X="286" Y="379" T="0" /><Point X="291" Y="390" T="0" /><Point X="300" Y="405" T="0" /><Point X="303" Y="412" T="0" /><Point X="307" Y="419" T="0" /><Point X="310" Y="422" T="0" /><Point X="311" Y="426" T="0" /><Point X="312" Y="427" T="0" /><Point X="313" Y="430" T="0" /><Point X="313" Y="431" T="0" /><Point X="314" Y="434" T="0" /><Point X="315" Y="436" T="0" /><Point X="315" Y="437" T="0" /><Point X="316" Y="438" T="0" /><Point X="316" Y="439" T="0" /><Point X="318" Y="436" T="0" /><Point X="323" Y="431" T="0" /><Point X="333" Y="418" T="0" /><Point X="347" Y="399" T="0" /><Point X="356" Y="388" T="0" /><Point X="407" Y="330" T="0" /><Point X="426" Y="307" T="0" /><Point X="436" Y="294" T="0" /><Point X="464" Y="255" T="0" /><Point X="470" Y="247" T="0" /><Point X="477" Y="235" T="0" /><Point X="491" Y="214" T="0" /><Point X="495" Y="207" T="0" /><Point X="499" Y="201" T="0" /><Point X="502" Y="197" T="0" /><Point X="504" Y="194" T="0" /><Point X="508" Y="190" T="0" /><Point X="508" Y="189" T="0" /><Point X="509" Y="188" T="0" /></Gesture>