<Gesture Name="arrow" Subject="1" Number="1" NumPts="107" Millseconds="0" AppName="Gestures" AppVer="1.0" Date="Wednesday, March 01, 2023" TimeOfDay="13:07:19" ID="4"><Point X="264" Y="438" T="0" /><Point X="267" Y="434" T="0" /><Point X="270" Y="430" T="0" /><Point X="281" Y="418" T="0" /><Point X="290" Y="410" T="0" /><Point X="313" Y="391" T="0" /><Point X="326" Y="381" T="0" /><Point X="335" Y="372" T="0" /><Point X="348" Y="361" T="0" /><Point X="357" Y="353" T="0" /><Point X="390" Y="324" T="0" /><Point X="399" Y="314" T="0" /><Point X="409" Y="305" T="0" /><Point X="418" Y="296" T="0" /><Point X="441" Y="275" T="0" /><Point X="448" Y="268" T="0" /><Point X="453" Y="263" T="0" /><Point X="459" Y="257" T="0" /><Point X="469" Y="247" T="0" /><Point X="473" Y="243" T="0" /><Point X="475" Y="241" T="0" /><Point X="478" Y="237" T="0" /><Point X="484" Y="232" T="0" /><Point X="486" Y="230" T="0" /><Point X="489" Y="228" T="0" /><Point X="489" Y="227" T="0" /><Point X="493" Y="224" T="0" /><Point X="494" Y="223" T="0" /><Point X="496" Y="221" T="0" /><Point X="499" Y="218" T="0" /><Point X="500" Y="217" T="0" /><Point X="500" Y="216" T="0" /><Point X="499" Y="216" T="0" /><Point X="498" Y="217" T="0" /><Point X="496" Y="217" T="0" /><Point X="493" Y="219" T="0" /><Point X="492" Y="219" T="0" /><Point X="482" Y="225" T="0" /><Point X="478" Y="227" T="0" /><Point X="472" Y="230" T="0" /><Point X="466" Y="232" T="0" /><Point X="454" Y="237" T="0" /><Point X="447" Y="241" T="0" /><Point X="441" Y="243" T="0" /><Point X="437" Y="245" T="0" /><Point X="423" Y="252" T="0" /><Point X="418" Y="254" T="0" /><Point X="414" Y="256" T="0" /><Point X="409" Y="259" T="0" /><Point X="396" Y="266" T="0" /><Point X="391" Y="269" T="0" /><Point X="385" Y="272" T="0" /><Point X="379" Y="275" T="0" /><Point X="371" Y="281" T="0" /><Point X="368" Y="283" T="0" /><Point X="366" Y="284" T="0" /><Point X="365" Y="285" T="0" /><Point X="364" Y="285" T="0" /><Point X="365" Y="285" T="0" /><Point X="366" Y="284" T="0" /><Point X="367" Y="284" T="0" /><Point X="370" Y="282" T="0" /><Point X="372" Y="280" T="0" /><Point X="378" Y="276" T="0" /><Point X="383" Y="273" T="0" /><Point X="395" Y="267" T="0" /><Point X="400" Y="264" T="0" /><Point X="409" Y="260" T="0" /><Point X="415" Y="257" T="0" /><Point X="428" Y="251" T="0" /><Point X="434" Y="248" T="0" /><Point X="438" Y="246" T="0" /><Point X="446" Y="243" T="0" /><Point X="458" Y="238" T="0" /><Point X="461" Y="237" T="0" /><Point X="469" Y="234" T="0" /><Point X="474" Y="233" T="0" /><Point X="478" Y="231" T="0" /><Point X="486" Y="230" T="0" /><Point X="490" Y="229" T="0" /><Point X="495" Y="228" T="0" /><Point X="498" Y="228" T="0" /><Point X="502" Y="227" T="0" /><Point X="503" Y="227" T="0" /><Point X="505" Y="226" T="0" /><Point X="506" Y="226" T="0" /><Point X="507" Y="226" T="0" /><Point X="507" Y="228" T="0" /><Point X="508" Y="233" T="0" /><Point X="508" Y="235" T="0" /><Point X="508" Y="240" T="0" /><Point X="508" Y="246" T="0" /><Point X="509" Y="266" T="0" /><Point X="509" Y="275" T="0" /><Point X="509" Y="283" T="0" /><Point X="509" Y="291" T="0" /><Point X="509" Y="311" T="0" /><Point X="509" Y="319" T="0" /><Point X="509" Y="329" T="0" /><Point X="508" Y="337" T="0" /><Point X="508" Y="354" T="0" /><Point X="508" Y="361" T="0" /><Point X="508" Y="366" T="0" /><Point X="508" Y="371" T="0" /><Point X="509" Y="382" T="0" /><Point X="509" Y="384" T="0" /><Point X="510" Y="384" T="0" /></Gesture>