<Gesture Name="caret" Subject="1" Number="1" NumPts="47" Millseconds="0" AppName="Gestures" AppVer="1.0" Date="Wednesday, March 01, 2023" TimeOfDay="13:09:07" ID="6"><Point X="256" Y="474" T="0" /><Point X="260" Y="469" T="0" /><Point X="264" Y="462" T="0" /><Point X="269" Y="457" T="0" /><Point X="277" Y="445" T="0" /><Point X="285" Y="433" T="0" /><Point X="294" Y="421" T="0" /><Point X="303" Y="410" T="0" /><Point X="335" Y="363" T="0" /><Point X="343" Y="350" T="0" /><Point X="350" Y="338" T="0" /><Point X="359" Y="323" T="0" /><Point X="383" Y="283" T="0" /><Point X="390" Y="271" T="0" /><Point X="395" Y="261" T="0" /><Point X="400" Y="252" T="0" /><Point X="404" Y="244" T="0" /><Point X="415" Y="223" T="0" /><Point X="418" Y="217" T="0" /><Point X="425" Y="204" T="0" /><Point X="430" Y="196" T="0" /><Point X="431" Y="194" T="0" /><Point X="431" Y="192" T="0" /><Point X="432" Y="191" T="0" /><Point X="432" Y="190" T="0" /><Point X="433" Y="190" T="0" /><Point X="433" Y="191" T="0" /><Point X="434" Y="191" T="0" /><Point X="435" Y="194" T="0" /><Point X="439" Y="200" T="0" /><Point X="443" Y="206" T="0" /><Point X="468" Y="243" T="0" /><Point X="475" Y="255" T="0" /><Point X="484" Y="271" T="0" /><Point X="491" Y="284" T="0" /><Point X="526" Y="350" T="0" /><Point X="533" Y="364" T="0" /><Point X="546" Y="384" T="0" /><Point X="561" Y="407" T="0" /><Point X="596" Y="457" T="0" /><Point X="606" Y="469" T="0" /><Point X="614" Y="479" T="0" /><Point X="624" Y="491" T="0" /><Point X="644" Y="513" T="0" /><Point X="649" Y="519" T="0" /><Point X="652" Y="522" T="0" /><Point X="654" Y="524" T="0" /></Gesture>