<Gesture Name="caret" Subject="1" Number="1" NumPts="76" Millseconds="0" AppName="Gestures" AppVer="1.0" Date="Wednesday, March 01, 2023" TimeOfDay="13:11:12" ID="8"><Point X="402" Y="195" T="0" /><Point X="397" Y="193" T="0" /><Point X="383" Y="193" T="0" /><Point X="370" Y="193" T="0" /><Point X="362" Y="193" T="0" /><Point X="338" Y="195" T="0" /><Point X="333" Y="196" T="0" /><Point X="329" Y="197" T="0" /><Point X="323" Y="198" T="0" /><Point X="317" Y="198" T="0" /><Point X="313" Y="198" T="0" /><Point X="311" Y="198" T="0" /><Point X="307" Y="198" T="0" /><Point X="305" Y="198" T="0" /><Point X="304" Y="198" T="0" /><Point X="303" Y="198" T="0" /><Point X="303" Y="199" T="0" /><Point X="303" Y="204" T="0" /><Point X="303" Y="208" T="0" /><Point X="303" Y="218" T="0" /><Point X="302" Y="240" T="0" /><Point X="302" Y="258" T="0" /><Point X="302" Y="266" T="0" /><Point X="302" Y="283" T="0" /><Point X="302" Y="292" T="0" /><Point X="302" Y="301" T="0" /><Point X="302" Y="306" T="0" /><Point X="302" Y="325" T="0" /><Point X="302" Y="335" T="0" /><Point X="302" Y="343" T="0" /><Point X="302" Y="351" T="0" /><Point X="302" Y="369" T="0" /><Point X="302" Y="379" T="0" /><Point X="302" Y="384" T="0" /><Point X="302" Y="390" T="0" /><Point X="302" Y="411" T="0" /><Point X="302" Y="416" T="0" /><Point X="302" Y="421" T="0" /><Point X="302" Y="427" T="0" /><Point X="302" Y="442" T="0" /><Point X="302" Y="447" T="0" /><Point X="303" Y="462" T="0" /><Point X="304" Y="466" T="0" /><Point X="304" Y="470" T="0" /><Point X="305" Y="474" T="0" /><Point X="307" Y="485" T="0" /><Point X="307" Y="489" T="0" /><Point X="309" Y="493" T="0" /><Point X="310" Y="496" T="0" /><Point X="312" Y="505" T="0" /><Point X="313" Y="506" T="0" /><Point X="313" Y="509" T="0" /><Point X="314" Y="511" T="0" /><Point X="314" Y="513" T="0" /><Point X="315" Y="513" T="0" /><Point X="316" Y="513" T="0" /><Point X="317" Y="513" T="0" /><Point X="318" Y="513" T="0" /><Point X="322" Y="513" T="0" /><Point X="325" Y="513" T="0" /><Point X="328" Y="513" T="0" /><Point X="346" Y="510" T="0" /><Point X="353" Y="509" T="0" /><Point X="371" Y="507" T="0" /><Point X="388" Y="505" T="0" /><Point X="397" Y="505" T="0" /><Point X="401" Y="505" T="0" /><Point X="403" Y="505" T="0" /><Point X="409" Y="505" T="0" /><Point X="410" Y="505" T="0" /><Point X="413" Y="506" T="0" /><Point X="419" Y="507" T="0" /><Point X="421" Y="507" T="0" /><Point X="424" Y="507" T="0" /><Point X="425" Y="507" T="0" /><Point X="426" Y="507" T="0" /></Gesture>