<Gesture Name="caret" Subject="1" Number="1" NumPts="77" Millseconds="0" AppName="Gestures" AppVer="1.0" Date="Wednesday, March 01, 2023" TimeOfDay="13:03:48" ID="1"><Point X="224" Y="413" T="0" /><Point X="224" Y="407" T="0" /><Point X="224" Y="402" T="0" /><Point X="225" Y="364" T="0" /><Point X="226" Y="346" T="0" /><Point X="227" Y="332" T="0" /><Point X="234" Y="281" T="0" /><Point X="237" Y="268" T="0" /><Point X="240" Y="255" T="0" /><Point X="247" Y="220" T="0" /><Point X="251" Y="208" T="0" /><Point X="255" Y="194" T="0" /><Point X="258" Y="183" T="0" /><Point X="269" Y="144" T="0" /><Point X="272" Y="134" T="0" /><Point X="275" Y="123" T="0" /><Point X="278" Y="113" T="0" /><Point X="281" Y="99" T="0" /><Point X="283" Y="91" T="0" /><Point X="286" Y="84" T="0" /><Point X="287" Y="80" T="0" /><Point X="289" Y="75" T="0" /><Point X="289" Y="74" T="0" /><Point X="290" Y="74" T="0" /><Point X="291" Y="75" T="0" /><Point X="292" Y="77" T="0" /><Point X="293" Y="79" T="0" /><Point X="296" Y="84" T="0" /><Point X="299" Y="90" T="0" /><Point X="301" Y="94" T="0" /><Point X="304" Y="99" T="0" /><Point X="314" Y="120" T="0" /><Point X="317" Y="126" T="0" /><Point X="324" Y="138" T="0" /><Point X="331" Y="151" T="0" /><Point X="346" Y="182" T="0" /><Point X="353" Y="195" T="0" /><Point X="357" Y="202" T="0" /><Point X="363" Y="214" T="0" /><Point X="381" Y="248" T="0" /><Point X="385" Y="256" T="0" /><Point X="389" Y="265" T="0" /><Point X="393" Y="273" T="0" /><Point X="406" Y="300" T="0" /><Point X="410" Y="307" T="0" /><Point X="414" Y="314" T="0" /><Point X="418" Y="321" T="0" /><Point X="421" Y="327" T="0" /><Point X="427" Y="338" T="0" /><Point X="429" Y="342" T="0" /><Point X="431" Y="346" T="0" /><Point X="432" Y="348" T="0" /><Point X="435" Y="356" T="0" /><Point X="437" Y="358" T="0" /><Point X="438" Y="361" T="0" /><Point X="438" Y="362" T="0" /><Point X="439" Y="363" T="0" /><Point X="439" Y="364" T="0" /><Point X="440" Y="364" T="0" /><Point X="440" Y="365" T="0" /><Point X="441" Y="365" T="0" /><Point X="441" Y="366" T="0" /><Point X="441" Y="367" T="0" /><Point X="441" Y="368" T="0" /><Point X="441" Y="369" T="0" /><Point X="442" Y="370" T="0" /><Point X="444" Y="377" T="0" /><Point X="446" Y="381" T="0" /><Point X="447" Y="383" T="0" /><Point X="449" Y="387" T="0" /><Point X="454" Y="396" T="0" /><Point X="455" Y="399" T="0" /><Point X="456" Y="401" T="0" /><Point X="457" Y="402" T="0" /><Point X="458" Y="406" T="0" /><Point X="459" Y="407" T="0" /><Point X="459" Y="408" T="0" /></Gesture>