<Gesture Name="caret" Subject="1" Number="1" NumPts="79" Millseconds="0" AppName="Gestures" AppVer="1.0" Date="Wednesday, March 01, 2023" TimeOfDay="13:13:08" ID="10"><Point X="434" Y="126" T="0" /><Point X="432" Y="126" T="0" /><Point X="427" Y="126" T="0" /><Point X="403" Y="125" T="0" /><Point X="389" Y="125" T="0" /><Point X="372" Y="125" T="0" /><Point X="357" Y="126" T="0" /><Point X="301" Y="131" T="0" /><Point X="288" Y="131" T="0" /><Point X="276" Y="132" T="0" /><Point X="269" Y="133" T="0" /><Point X="257" Y="133" T="0" /><Point X="254" Y="133" T="0" /><Point X="253" Y="133" T="0" /><Point X="253" Y="134" T="0" /><Point X="253" Y="137" T="0" /><Point X="253" Y="141" T="0" /><Point X="254" Y="146" T="0" /><Point X="254" Y="151" T="0" /><Point X="254" Y="153" T="0" /><Point X="254" Y="170" T="0" /><Point X="253" Y="175" T="0" /><Point X="253" Y="185" T="0" /><Point X="253" Y="194" T="0" /><Point X="252" Y="212" T="0" /><Point X="251" Y="226" T="0" /><Point X="250" Y="233" T="0" /><Point X="249" Y="243" T="0" /><Point X="246" Y="264" T="0" /><Point X="245" Y="271" T="0" /><Point X="243" Y="280" T="0" /><Point X="242" Y="288" T="0" /><Point X="239" Y="311" T="0" /><Point X="238" Y="317" T="0" /><Point X="238" Y="321" T="0" /><Point X="237" Y="328" T="0" /><Point X="237" Y="342" T="0" /><Point X="237" Y="351" T="0" /><Point X="237" Y="356" T="0" /><Point X="238" Y="360" T="0" /><Point X="239" Y="373" T="0" /><Point X="240" Y="378" T="0" /><Point X="240" Y="382" T="0" /><Point X="242" Y="388" T="0" /><Point X="242" Y="398" T="0" /><Point X="242" Y="403" T="0" /><Point X="242" Y="408" T="0" /><Point X="242" Y="412" T="0" /><Point X="242" Y="414" T="0" /><Point X="242" Y="422" T="0" /><Point X="242" Y="432" T="0" /><Point X="243" Y="435" T="0" /><Point X="244" Y="446" T="0" /><Point X="245" Y="448" T="0" /><Point X="245" Y="451" T="0" /><Point X="246" Y="454" T="0" /><Point X="249" Y="461" T="0" /><Point X="249" Y="464" T="0" /><Point X="250" Y="464" T="0" /><Point X="250" Y="465" T="0" /><Point X="250" Y="467" T="0" /><Point X="251" Y="468" T="0" /><Point X="251" Y="469" T="0" /><Point X="252" Y="469" T="0" /><Point X="253" Y="469" T="0" /><Point X="256" Y="470" T="0" /><Point X="259" Y="471" T="0" /><Point X="263" Y="472" T="0" /><Point X="271" Y="473" T="0" /><Point X="318" Y="479" T="0" /><Point X="332" Y="479" T="0" /><Point X="378" Y="481" T="0" /><Point X="432" Y="484" T="0" /><Point X="447" Y="485" T="0" /><Point X="459" Y="486" T="0" /><Point X="464" Y="486" T="0" /><Point X="479" Y="486" T="0" /><Point X="482" Y="486" T="0" /><Point X="483" Y="486" T="0" /></Gesture>