<Gesture Name="caret" Subject="1" Number="1" NumPts="55" Millseconds="0" AppName="Gestures" AppVer="1.0" Date="Wednesday, March 01, 2023" TimeOfDay="13:08:08" ID="5"><Point X="196" Y="391" T="0" /><Point X="197" Y="388" T="0" /><Point X="198" Y="386" T="0" /><Point X="201" Y="378" T="0" /><Point X="205" Y="373" T="0" /><Point X="212" Y="359" T="0" /><Point X="219" Y="347" T="0" /><Point X="227" Y="335" T="0" /><Point X="231" Y="328" T="0" /><Point X="252" Y="289" T="0" /><Point X="257" Y="281" T="0" /><Point X="268" Y="263" T="0" /><Point X="283" Y="240" T="0" /><Point X="287" Y="233" T="0" /><Point X="300" Y="215" T="0" /><Point X="302" Y="211" T="0" /><Point X="306" Y="204" T="0" /><Point X="308" Y="202" T="0" /><Point X="314" Y="191" T="0" /><Point X="317" Y="186" T="0" /><Point X="319" Y="183" T="0" /><Point X="321" Y="180" T="0" /><Point X="325" Y="173" T="0" /><Point X="327" Y="171" T="0" /><Point X="328" Y="168" T="0" /><Point X="331" Y="165" T="0" /><Point X="335" Y="160" T="0" /><Point X="336" Y="157" T="0" /><Point X="337" Y="156" T="0" /><Point X="339" Y="154" T="0" /><Point X="340" Y="151" T="0" /><Point X="341" Y="151" T="0" /><Point X="341" Y="150" T="0" /><Point X="341" Y="149" T="0" /><Point X="342" Y="149" T="0" /><Point X="342" Y="148" T="0" /><Point X="343" Y="149" T="0" /><Point X="344" Y="152" T="0" /><Point X="347" Y="156" T="0" /><Point X="351" Y="165" T="0" /><Point X="358" Y="178" T="0" /><Point X="362" Y="186" T="0" /><Point X="368" Y="198" T="0" /><Point X="376" Y="211" T="0" /><Point X="382" Y="222" T="0" /><Point X="417" Y="281" T="0" /><Point X="426" Y="296" T="0" /><Point X="470" Y="362" T="0" /><Point X="479" Y="375" T="0" /><Point X="488" Y="387" T="0" /><Point X="500" Y="401" T="0" /><Point X="506" Y="407" T="0" /><Point X="519" Y="420" T="0" /><Point X="523" Y="424" T="0" /><Point X="525" Y="426" T="0" /></Gesture>