<Gesture Name="caret" Subject="1" Number="1" NumPts="54" Millseconds="0" AppName="Gestures" AppVer="1.0" Date="Wednesday, March 01, 2023" TimeOfDay="13:07:11" ID="4"><Point X="230" Y="470" T="0" /><Point X="232" Y="466" T="0" /><Point X="235" Y="459" T="0" /><Point X="242" Y="443" T="0" /><Point X="255" Y="415" T="0" /><Point X="261" Y="402" T="0" /><Point X="266" Y="389" T="0" /><Point X="270" Y="380" T="0" /><Point X="276" Y="367" T="0" /><Point X="291" Y="334" T="0" /><Point X="295" Y="324" T="0" /><Point X="301" Y="313" T="0" /><Point X="305" Y="303" T="0" /><Point X="318" Y="275" T="0" /><Point X="322" Y="266" T="0" /><Point X="326" Y="257" T="0" /><Point X="330" Y="248" T="0" /><Point X="335" Y="237" T="0" /><Point X="338" Y="229" T="0" /><Point X="342" Y="222" T="0" /><Point X="344" Y="218" T="0" /><Point X="348" Y="210" T="0" /><Point X="349" Y="209" T="0" /><Point X="349" Y="208" T="0" /><Point X="350" Y="207" T="0" /><Point X="350" Y="206" T="0" /><Point X="351" Y="206" T="0" /><Point X="351" Y="205" T="0" /><Point X="352" Y="207" T="0" /><Point X="352" Y="209" T="0" /><Point X="353" Y="212" T="0" /><Point X="355" Y="219" T="0" /><Point X="357" Y="226" T="0" /><Point X="359" Y="236" T="0" /><Point X="362" Y="244" T="0" /><Point X="365" Y="257" T="0" /><Point X="374" Y="287" T="0" /><Point X="378" Y="300" T="0" /><Point X="381" Y="311" T="0" /><Point X="383" Y="319" T="0" /><Point X="396" Y="355" T="0" /><Point X="399" Y="365" T="0" /><Point X="403" Y="375" T="0" /><Point X="408" Y="387" T="0" /><Point X="422" Y="418" T="0" /><Point X="424" Y="422" T="0" /><Point X="428" Y="430" T="0" /><Point X="435" Y="446" T="0" /><Point X="443" Y="459" T="0" /><Point X="444" Y="461" T="0" /><Point X="447" Y="464" T="0" /><Point X="449" Y="467" T="0" /><Point X="452" Y="472" T="0" /><Point X="453" Y="473" T="0" /></Gesture>