<Gesture Name="caret" Subject="1" Number="1" NumPts="64" Millseconds="0" AppName="Gestures" AppVer="1.0" Date="Wednesday, March 01, 2023" TimeOfDay="13:12:08" ID="9"><Point X="439" Y="220" T="0" /><Point X="437" Y="219" T="0" /><Point X="433" Y="218" T="0" /><Point X="383" Y="214" T="0" /><Point X="371" Y="213" T="0" /><Point X="344" Y="212" T="0" /><Point X="309" Y="212" T="0" /><Point X="302" Y="212" T="0" /><Point X="296" Y="212" T="0" /><Point X="291" Y="212" T="0" /><Point X="284" Y="212" T="0" /><Point X="284" Y="213" T="0" /><Point X="284" Y="215" T="0" /><Point X="284" Y="221" T="0" /><Point X="284" Y="225" T="0" /><Point X="284" Y="236" T="0" /><Point X="284" Y="258" T="0" /><Point X="284" Y="269" T="0" /><Point X="284" Y="279" T="0" /><Point X="284" Y="283" T="0" /><Point X="284" Y="312" T="0" /><Point X="284" Y="317" T="0" /><Point X="284" Y="329" T="0" /><Point X="284" Y="335" T="0" /><Point X="284" Y="355" T="0" /><Point X="284" Y="369" T="0" /><Point X="284" Y="375" T="0" /><Point X="284" Y="386" T="0" /><Point X="282" Y="410" T="0" /><Point X="281" Y="424" T="0" /><Point X="281" Y="436" T="0" /><Point X="281" Y="452" T="0" /><Point X="281" Y="459" T="0" /><Point X="281" Y="467" T="0" /><Point X="281" Y="475" T="0" /><Point X="281" Y="494" T="0" /><Point X="281" Y="499" T="0" /><Point X="282" Y="502" T="0" /><Point X="283" Y="509" T="0" /><Point X="284" Y="520" T="0" /><Point X="285" Y="527" T="0" /><Point X="287" Y="540" T="0" /><Point X="287" Y="542" T="0" /><Point X="287" Y="544" T="0" /><Point X="287" Y="546" T="0" /><Point X="288" Y="551" T="0" /><Point X="288" Y="552" T="0" /><Point X="288" Y="553" T="0" /><Point X="288" Y="554" T="0" /><Point X="289" Y="554" T="0" /><Point X="289" Y="555" T="0" /><Point X="290" Y="555" T="0" /><Point X="294" Y="555" T="0" /><Point X="297" Y="555" T="0" /><Point X="308" Y="553" T="0" /><Point X="357" Y="543" T="0" /><Point X="374" Y="540" T="0" /><Point X="391" Y="537" T="0" /><Point X="417" Y="534" T="0" /><Point X="464" Y="533" T="0" /><Point X="472" Y="533" T="0" /><Point X="492" Y="533" T="0" /><Point X="502" Y="533" T="0" /><Point X="503" Y="533" T="0" /></Gesture>