<Gesture Name="caret" Subject="1" Number="1" NumPts="52" Millseconds="0" AppName="Gestures" AppVer="1.0" Date="Wednesday, March 01, 2023" TimeOfDay="13:06:14" ID="3"><Point X="237" Y="408" T="0" /><Point X="237" Y="407" T="0" /><Point X="239" Y="403" T="0" /><Point X="242" Y="398" T="0" /><Point X="246" Y="392" T="0" /><Point X="260" Y="365" T="0" /><Point X="269" Y="350" T="0" /><Point X="273" Y="343" T="0" /><Point X="289" Y="316" T="0" /><Point X="299" Y="299" T="0" /><Point X="315" Y="272" T="0" /><Point X="322" Y="259" T="0" /><Point X="335" Y="235" T="0" /><Point X="338" Y="230" T="0" /><Point X="343" Y="220" T="0" /><Point X="351" Y="206" T="0" /><Point X="352" Y="201" T="0" /><Point X="361" Y="184" T="0" /><Point X="365" Y="174" T="0" /><Point X="367" Y="170" T="0" /><Point X="370" Y="162" T="0" /><Point X="371" Y="159" T="0" /><Point X="372" Y="159" T="0" /><Point X="372" Y="160" T="0" /><Point X="374" Y="164" T="0" /><Point X="374" Y="167" T="0" /><Point X="377" Y="172" T="0" /><Point X="379" Y="179" T="0" /><Point X="382" Y="186" T="0" /><Point X="386" Y="195" T="0" /><Point X="390" Y="202" T="0" /><Point X="396" Y="214" T="0" /><Point X="418" Y="256" T="0" /><Point X="432" Y="278" T="0" /><Point X="437" Y="285" T="0" /><Point X="460" Y="320" T="0" /><Point X="468" Y="332" T="0" /><Point X="473" Y="339" T="0" /><Point X="476" Y="344" T="0" /><Point X="483" Y="351" T="0" /><Point X="485" Y="353" T="0" /><Point X="487" Y="357" T="0" /><Point X="496" Y="366" T="0" /><Point X="499" Y="370" T="0" /><Point X="508" Y="380" T="0" /><Point X="512" Y="384" T="0" /><Point X="513" Y="386" T="0" /><Point X="517" Y="389" T="0" /><Point X="517" Y="390" T="0" /><Point X="517" Y="391" T="0" /><Point X="517" Y="392" T="0" /><Point X="517" Y="393" T="0" /></Gesture>