<Gesture Name="caret" Subject="1" Number="1" NumPts="65" Millseconds="0" AppName="Gestures" AppVer="1.0" Date="Wednesday, March 01, 2023" TimeOfDay="13:05:01" ID="2"><Point X="214" Y="467" T="0" /><Point X="217" Y="460" T="0" /><Point X="224" Y="445" T="0" /><Point X="229" Y="436" T="0" /><Point X="234" Y="422" T="0" /><Point X="240" Y="409" T="0" /><Point X="246" Y="397" T="0" /><Point X="264" Y="357" T="0" /><Point X="271" Y="341" T="0" /><Point X="277" Y="328" T="0" /><Point X="284" Y="316" T="0" /><Point X="302" Y="276" T="0" /><Point X="311" Y="258" T="0" /><Point X="317" Y="245" T="0" /><Point X="322" Y="233" T="0" /><Point X="336" Y="199" T="0" /><Point X="339" Y="190" T="0" /><Point X="341" Y="183" T="0" /><Point X="345" Y="173" T="0" /><Point X="350" Y="159" T="0" /><Point X="351" Y="156" T="0" /><Point X="353" Y="151" T="0" /><Point X="355" Y="148" T="0" /><Point X="356" Y="144" T="0" /><Point X="356" Y="143" T="0" /><Point X="357" Y="142" T="0" /><Point X="357" Y="141" T="0" /><Point X="358" Y="141" T="0" /><Point X="358" Y="142" T="0" /><Point X="359" Y="145" T="0" /><Point X="362" Y="149" T="0" /><Point X="363" Y="153" T="0" /><Point X="367" Y="163" T="0" /><Point X="371" Y="173" T="0" /><Point X="375" Y="181" T="0" /><Point X="389" Y="209" T="0" /><Point X="395" Y="221" T="0" /><Point X="402" Y="234" T="0" /><Point X="409" Y="245" T="0" /><Point X="428" Y="277" T="0" /><Point X="435" Y="288" T="0" /><Point X="439" Y="297" T="0" /><Point X="445" Y="307" T="0" /><Point X="454" Y="323" T="0" /><Point X="458" Y="333" T="0" /><Point X="463" Y="342" T="0" /><Point X="466" Y="348" T="0" /><Point X="477" Y="371" T="0" /><Point X="478" Y="375" T="0" /><Point X="481" Y="383" T="0" /><Point X="483" Y="388" T="0" /><Point X="488" Y="404" T="0" /><Point X="489" Y="408" T="0" /><Point X="492" Y="415" T="0" /><Point X="494" Y="421" T="0" /><Point X="497" Y="426" T="0" /><Point X="503" Y="439" T="0" /><Point X="504" Y="441" T="0" /><Point X="506" Y="444" T="0" /><Point X="509" Y="450" T="0" /><Point X="513" Y="455" T="0" /><Point X="516" Y="459" T="0" /><Point X="517" Y="460" T="0" /><Point X="518" Y="461" T="0" /><Point X="519" Y="462" T="0" /></Gesture>