<Gesture Name="caret" Subject="1" Number="1" NumPts="53" Millseconds="0" AppName="Gestures" AppVer="1.0" Date="Wednesday, March 01, 2023" TimeOfDay="13:10:11" ID="7"><Point X="237" Y="505" T="0" /><Point X="239" Y="502" T="0" /><Point X="239" Y="501" T="0" /><Point X="241" Y="499" T="0" /><Point X="247" Y="489" T="0" /><Point X="252" Y="482" T="0" /><Point X="256" Y="472" T="0" /><Point X="274" Y="442" T="0" /><Point X="280" Y="429" T="0" /><Point X="287" Y="417" T="0" /><Point X="294" Y="404" T="0" /><Point X="303" Y="386" T="0" /><Point X="310" Y="374" T="0" /><Point X="318" Y="362" T="0" /><Point X="323" Y="354" T="0" /><Point X="328" Y="344" T="0" /><Point X="345" Y="317" T="0" /><Point X="349" Y="309" T="0" /><Point X="353" Y="303" T="0" /><Point X="361" Y="289" T="0" /><Point X="362" Y="285" T="0" /><Point X="367" Y="277" T="0" /><Point X="372" Y="268" T="0" /><Point X="374" Y="263" T="0" /><Point X="376" Y="259" T="0" /><Point X="380" Y="251" T="0" /><Point X="382" Y="248" T="0" /><Point X="385" Y="244" T="0" /><Point X="385" Y="243" T="0" /><Point X="386" Y="243" T="0" /><Point X="386" Y="244" T="0" /><Point X="389" Y="249" T="0" /><Point X="392" Y="255" T="0" /><Point X="393" Y="258" T="0" /><Point X="412" Y="292" T="0" /><Point X="416" Y="300" T="0" /><Point X="423" Y="312" T="0" /><Point X="431" Y="324" T="0" /><Point X="453" Y="365" T="0" /><Point X="459" Y="378" T="0" /><Point X="464" Y="387" T="0" /><Point X="470" Y="398" T="0" /><Point X="496" Y="436" T="0" /><Point X="504" Y="446" T="0" /><Point X="510" Y="452" T="0" /><Point X="519" Y="460" T="0" /><Point X="533" Y="471" T="0" /><Point X="535" Y="471" T="0" /><Point X="540" Y="475" T="0" /><Point X="543" Y="477" T="0" /><Point X="546" Y="478" T="0" /><Point X="546" Y="479" T="0" /><Point X="547" Y="479" T="0" /></Gesture>