<Gesture Name="check" Subject="1" Number="1" NumPts="50" Millseconds="0" AppName="Gestures" AppVer="1.0" Date="Wednesday, March 01, 2023" TimeOfDay="13:06:10" ID="3"><Point X="217" Y="357" T="0" /><Point X="218" Y="359" T="0" /><Point X="219" Y="362" T="0" /><Point X="221" Y="364" T="0" /><Point X="223" Y="369" T="0" /><Point X="225" Y="372" T="0" /><Point X="228" Y="378" T="0" /><Point X="233" Y="385" T="0" /><Point X="242" Y="400" T="0" /><Point X="250" Y="411" T="0" /><Point X="256" Y="418" T="0" /><Point X="264" Y="428" T="0" /><Point X="279" Y="445" T="0" /><Point X="286" Y="451" T="0" /><Point X="291" Y="456" T="0" /><Point X="296" Y="460" T="0" /><Point X="304" Y="466" T="0" /><Point X="305" Y="467" T="0" /><Point X="306" Y="468" T="0" /><Point X="307" Y="468" T="0" /><Point X="308" Y="467" T="0" /><Point X="309" Y="464" T="0" /><Point X="311" Y="462" T="0" /><Point X="316" Y="455" T="0" /><Point X="321" Y="448" T="0" /><Point X="327" Y="439" T="0" /><Point X="354" Y="406" T="0" /><Point X="363" Y="394" T="0" /><Point X="372" Y="384" T="0" /><Point X="379" Y="373" T="0" /><Point X="417" Y="326" T="0" /><Point X="428" Y="313" T="0" /><Point X="436" Y="303" T="0" /><Point X="447" Y="291" T="0" /><Point X="484" Y="254" T="0" /><Point X="494" Y="244" T="0" /><Point X="501" Y="237" T="0" /><Point X="509" Y="229" T="0" /><Point X="521" Y="216" T="0" /><Point X="525" Y="212" T="0" /><Point X="530" Y="206" T="0" /><Point X="534" Y="202" T="0" /><Point X="540" Y="195" T="0" /><Point X="542" Y="193" T="0" /><Point X="543" Y="192" T="0" /><Point X="544" Y="191" T="0" /><Point X="545" Y="189" T="0" /><Point X="546" Y="188" T="0" /><Point X="547" Y="187" T="0" /><Point X="548" Y="185" T="0" /></Gesture>