<Gesture Name="check" Subject="1" Number="1" NumPts="96" Millseconds="0" AppName="Gestures" AppVer="1.0" Date="Wednesday, March 01, 2023" TimeOfDay="13:13:04" ID="10"><Point X="239" Y="549" T="0" /><Point X="240" Y="549" T="0" /><Point X="242" Y="544" T="0" /><Point X="245" Y="541" T="0" /><Point X="251" Y="532" T="0" /><Point X="256" Y="525" T="0" /><Point X="275" Y="498" T="0" /><Point X="284" Y="488" T="0" /><Point X="293" Y="478" T="0" /><Point X="331" Y="439" T="0" /><Point X="340" Y="431" T="0" /><Point X="350" Y="422" T="0" /><Point X="361" Y="413" T="0" /><Point X="396" Y="384" T="0" /><Point X="406" Y="376" T="0" /><Point X="433" Y="358" T="0" /><Point X="469" Y="333" T="0" /><Point X="477" Y="327" T="0" /><Point X="488" Y="319" T="0" /><Point X="514" Y="299" T="0" /><Point X="520" Y="294" T="0" /><Point X="525" Y="290" T="0" /><Point X="532" Y="285" T="0" /><Point X="541" Y="276" T="0" /><Point X="543" Y="275" T="0" /><Point X="547" Y="272" T="0" /><Point X="554" Y="265" T="0" /><Point X="555" Y="264" T="0" /><Point X="554" Y="264" T="0" /><Point X="553" Y="265" T="0" /><Point X="552" Y="265" T="0" /><Point X="543" Y="271" T="0" /><Point X="538" Y="274" T="0" /><Point X="521" Y="283" T="0" /><Point X="515" Y="286" T="0" /><Point X="508" Y="291" T="0" /><Point X="505" Y="293" T="0" /><Point X="499" Y="297" T="0" /><Point X="484" Y="306" T="0" /><Point X="468" Y="314" T="0" /><Point X="462" Y="317" T="0" /><Point X="445" Y="325" T="0" /><Point X="437" Y="329" T="0" /><Point X="431" Y="331" T="0" /><Point X="412" Y="340" T="0" /><Point X="405" Y="343" T="0" /><Point X="403" Y="344" T="0" /><Point X="400" Y="346" T="0" /><Point X="399" Y="346" T="0" /><Point X="399" Y="347" T="0" /><Point X="398" Y="347" T="0" /><Point X="397" Y="347" T="0" /><Point X="398" Y="347" T="0" /><Point X="399" Y="347" T="0" /><Point X="401" Y="345" T="0" /><Point X="403" Y="343" T="0" /><Point X="406" Y="341" T="0" /><Point X="414" Y="335" T="0" /><Point X="427" Y="328" T="0" /><Point X="438" Y="323" T="0" /><Point X="447" Y="320" T="0" /><Point X="454" Y="316" T="0" /><Point X="492" Y="302" T="0" /><Point X="499" Y="299" T="0" /><Point X="512" Y="294" T="0" /><Point X="520" Y="292" T="0" /><Point X="540" Y="284" T="0" /><Point X="545" Y="283" T="0" /><Point X="550" Y="282" T="0" /><Point X="562" Y="278" T="0" /><Point X="567" Y="277" T="0" /><Point X="569" Y="276" T="0" /><Point X="573" Y="275" T="0" /><Point X="577" Y="275" T="0" /><Point X="578" Y="275" T="0" /><Point X="579" Y="274" T="0" /><Point X="578" Y="275" T="0" /><Point X="577" Y="278" T="0" /><Point X="575" Y="282" T="0" /><Point X="573" Y="286" T="0" /><Point X="569" Y="298" T="0" /><Point X="567" Y="304" T="0" /><Point X="565" Y="313" T="0" /><Point X="563" Y="322" T="0" /><Point X="561" Y="339" T="0" /><Point X="560" Y="352" T="0" /><Point X="559" Y="360" T="0" /><Point X="558" Y="373" T="0" /><Point X="556" Y="392" T="0" /><Point X="555" Y="399" T="0" /><Point X="555" Y="403" T="0" /><Point X="554" Y="410" T="0" /><Point X="553" Y="414" T="0" /><Point X="552" Y="423" T="0" /><Point X="552" Y="424" T="0" /><Point X="552" Y="425" T="0" /></Gesture>