<Gesture Name="check" Subject="1" Number="1" NumPts="54" Millseconds="0" AppName="Gestures" AppVer="1.0" Date="Wednesday, March 01, 2023" TimeOfDay="13:08:05" ID="5"><Point X="243" Y="305" T="0" /><Point X="244" Y="305" T="0" /><Point X="245" Y="306" T="0" /><Point X="246" Y="307" T="0" /><Point X="249" Y="310" T="0" /><Point X="252" Y="314" T="0" /><Point X="264" Y="333" T="0" /><Point X="269" Y="344" T="0" /><Point X="274" Y="353" T="0" /><Point X="280" Y="364" T="0" /><Point X="283" Y="371" T="0" /><Point X="296" Y="395" T="0" /><Point X="303" Y="406" T="0" /><Point X="307" Y="413" T="0" /><Point X="312" Y="420" T="0" /><Point X="319" Y="432" T="0" /><Point X="323" Y="438" T="0" /><Point X="327" Y="444" T="0" /><Point X="328" Y="446" T="0" /><Point X="334" Y="455" T="0" /><Point X="336" Y="456" T="0" /><Point X="338" Y="459" T="0" /><Point X="339" Y="461" T="0" /><Point X="342" Y="464" T="0" /><Point X="342" Y="465" T="0" /><Point X="343" Y="465" T="0" /><Point X="344" Y="465" T="0" /><Point X="345" Y="463" T="0" /><Point X="346" Y="461" T="0" /><Point X="348" Y="458" T="0" /><Point X="357" Y="447" T="0" /><Point X="365" Y="438" T="0" /><Point X="373" Y="428" T="0" /><Point X="380" Y="420" T="0" /><Point X="426" Y="374" T="0" /><Point X="440" Y="360" T="0" /><Point X="452" Y="348" T="0" /><Point X="469" Y="332" T="0" /><Point X="508" Y="292" T="0" /><Point X="519" Y="281" T="0" /><Point X="536" Y="264" T="0" /><Point X="545" Y="254" T="0" /><Point X="577" Y="221" T="0" /><Point X="583" Y="216" T="0" /><Point X="591" Y="208" T="0" /><Point X="596" Y="203" T="0" /><Point X="604" Y="194" T="0" /><Point X="604" Y="193" T="0" /><Point X="605" Y="193" T="0" /><Point X="605" Y="192" T="0" /><Point X="606" Y="192" T="0" /><Point X="606" Y="191" T="0" /><Point X="607" Y="191" T="0" /><Point X="607" Y="190" T="0" /></Gesture>