<Gesture Name="check" Subject="1" Number="1" NumPts="43" Millseconds="0" AppName="Gestures" AppVer="1.0" Date="Wednesday, March 01, 2023" TimeOfDay="13:10:09" ID="7"><Point X="233" Y="450" T="0" /><Point X="235" Y="452" T="0" /><Point X="238" Y="456" T="0" /><Point X="241" Y="459" T="0" /><Point X="246" Y="466" T="0" /><Point X="261" Y="484" T="0" /><Point X="269" Y="494" T="0" /><Point X="290" Y="518" T="0" /><Point X="298" Y="527" T="0" /><Point X="306" Y="534" T="0" /><Point X="312" Y="539" T="0" /><Point X="326" Y="550" T="0" /><Point X="330" Y="553" T="0" /><Point X="333" Y="554" T="0" /><Point X="333" Y="553" T="0" /><Point X="335" Y="550" T="0" /><Point X="335" Y="548" T="0" /><Point X="337" Y="544" T="0" /><Point X="340" Y="538" T="0" /><Point X="342" Y="534" T="0" /><Point X="347" Y="522" T="0" /><Point X="354" Y="511" T="0" /><Point X="388" Y="457" T="0" /><Point X="400" Y="438" T="0" /><Point X="410" Y="423" T="0" /><Point X="444" Y="372" T="0" /><Point X="457" Y="353" T="0" /><Point X="472" Y="333" T="0" /><Point X="487" Y="312" T="0" /><Point X="529" Y="266" T="0" /><Point X="538" Y="256" T="0" /><Point X="544" Y="248" T="0" /><Point X="553" Y="239" T="0" /><Point X="564" Y="227" T="0" /><Point X="569" Y="222" T="0" /><Point X="571" Y="218" T="0" /><Point X="573" Y="216" T="0" /><Point X="574" Y="215" T="0" /><Point X="578" Y="211" T="0" /><Point X="579" Y="210" T="0" /><Point X="580" Y="209" T="0" /><Point X="580" Y="208" T="0" /><Point X="581" Y="207" T="0" /></Gesture>