<Gesture Name="check" Subject="1" Number="1" NumPts="34" Millseconds="0" AppName="Gestures" AppVer="1.0" Date="Wednesday, March 01, 2023" TimeOfDay="13:04:58" ID="2"><Point X="287" Y="441" T="0" /><Point X="289" Y="443" T="0" /><Point X="290" Y="443" T="0" /><Point X="292" Y="446" T="0" /><Point X="295" Y="451" T="0" /><Point X="299" Y="456" T="0" /><Point X="305" Y="467" T="0" /><Point X="310" Y="475" T="0" /><Point X="316" Y="485" T="0" /><Point X="323" Y="499" T="0" /><Point X="327" Y="509" T="0" /><Point X="335" Y="523" T="0" /><Point X="337" Y="525" T="0" /><Point X="340" Y="529" T="0" /><Point X="341" Y="530" T="0" /><Point X="342" Y="530" T="0" /><Point X="343" Y="529" T="0" /><Point X="344" Y="527" T="0" /><Point X="349" Y="521" T="0" /><Point X="351" Y="518" T="0" /><Point X="368" Y="496" T="0" /><Point X="373" Y="489" T="0" /><Point X="382" Y="477" T="0" /><Point X="421" Y="428" T="0" /><Point X="437" Y="410" T="0" /><Point X="466" Y="376" T="0" /><Point X="530" Y="304" T="0" /><Point X="543" Y="290" T="0" /><Point X="587" Y="241" T="0" /><Point X="602" Y="223" T="0" /><Point X="605" Y="217" T="0" /><Point X="614" Y="205" T="0" /><Point X="614" Y="204" T="0" /><Point X="615" Y="203" T="0" /></Gesture>