<Gesture Name="check" Subject="1" Number="1" NumPts="38" Millseconds="0" AppName="Gestures" AppVer="1.0" Date="Wednesday, March 01, 2023" TimeOfDay="13:09:04" ID="6"><Point X="316" Y="466" T="0" /><Point X="317" Y="466" T="0" /><Point X="318" Y="467" T="0" /><Point X="321" Y="470" T="0" /><Point X="324" Y="475" T="0" /><Point X="333" Y="490" T="0" /><Point X="337" Y="497" T="0" /><Point X="343" Y="505" T="0" /><Point X="346" Y="512" T="0" /><Point X="357" Y="533" T="0" /><Point X="362" Y="543" T="0" /><Point X="369" Y="555" T="0" /><Point X="377" Y="570" T="0" /><Point X="379" Y="572" T="0" /><Point X="381" Y="574" T="0" /><Point X="382" Y="576" T="0" /><Point X="383" Y="577" T="0" /><Point X="384" Y="576" T="0" /><Point X="386" Y="573" T="0" /><Point X="391" Y="566" T="0" /><Point X="395" Y="561" T="0" /><Point X="399" Y="556" T="0" /><Point X="408" Y="545" T="0" /><Point X="421" Y="532" T="0" /><Point X="460" Y="488" T="0" /><Point X="471" Y="476" T="0" /><Point X="480" Y="465" T="0" /><Point X="526" Y="417" T="0" /><Point X="535" Y="408" T="0" /><Point X="540" Y="402" T="0" /><Point X="549" Y="392" T="0" /><Point X="557" Y="384" T="0" /><Point X="567" Y="374" T="0" /><Point X="569" Y="371" T="0" /><Point X="571" Y="368" T="0" /><Point X="572" Y="367" T="0" /><Point X="572" Y="366" T="0" /><Point X="573" Y="366" T="0" /></Gesture>