<Gesture Name="check" Subject="1" Number="1" NumPts="55" Millseconds="0" AppName="Gestures" AppVer="1.0" Date="Wednesday, March 01, 2023" TimeOfDay="13:07:09" ID="4"><Point X="291" Y="429" T="0" /><Point X="292" Y="430" T="0" /><Point X="293" Y="431" T="0" /><Point X="295" Y="433" T="0" /><Point X="297" Y="436" T="0" /><Point X="299" Y="439" T="0" /><Point X="306" Y="450" T="0" /><Point X="308" Y="453" T="0" /><Point X="311" Y="458" T="0" /><Point X="314" Y="463" T="0" /><Point X="322" Y="476" T="0" /><Point X="325" Y="481" T="0" /><Point X="330" Y="488" T="0" /><Point X="333" Y="493" T="0" /><Point X="341" Y="502" T="0" /><Point X="345" Y="507" T="0" /><Point X="347" Y="509" T="0" /><Point X="350" Y="512" T="0" /><Point X="354" Y="518" T="0" /><Point X="356" Y="519" T="0" /><Point X="357" Y="520" T="0" /><Point X="357" Y="521" T="0" /><Point X="359" Y="522" T="0" /><Point X="359" Y="523" T="0" /><Point X="359" Y="522" T="0" /><Point X="361" Y="518" T="0" /><Point X="362" Y="516" T="0" /><Point X="367" Y="508" T="0" /><Point X="372" Y="501" T="0" /><Point X="387" Y="480" T="0" /><Point X="396" Y="468" T="0" /><Point X="408" Y="454" T="0" /><Point X="419" Y="440" T="0" /><Point X="455" Y="395" T="0" /><Point X="465" Y="382" T="0" /><Point X="474" Y="370" T="0" /><Point X="490" Y="351" T="0" /><Point X="522" Y="310" T="0" /><Point X="528" Y="302" T="0" /><Point X="538" Y="288" T="0" /><Point X="545" Y="277" T="0" /><Point X="559" Y="255" T="0" /><Point X="562" Y="249" T="0" /><Point X="566" Y="242" T="0" /><Point X="567" Y="240" T="0" /><Point X="570" Y="234" T="0" /><Point X="574" Y="227" T="0" /><Point X="575" Y="224" T="0" /><Point X="577" Y="222" T="0" /><Point X="577" Y="221" T="0" /><Point X="579" Y="218" T="0" /><Point X="579" Y="217" T="0" /><Point X="580" Y="217" T="0" /><Point X="580" Y="216" T="0" /><Point X="580" Y="215" T="0" /></Gesture>