<Gesture Name="check" Subject="1" Number="1" NumPts="42" Millseconds="0" AppName="Gestures" AppVer="1.0" Date="Wednesday, March 01, 2023" TimeOfDay="13:03:45" ID="1"><Point X="272" Y="379" T="0" /><Point X="273" Y="379" T="0" /><Point X="275" Y="381" T="0" /><Point X="278" Y="385" T="0" /><Point X="282" Y="389" T="0" /><Point X="284" Y="393" T="0" /><Point X="289" Y="400" T="0" /><Point X="292" Y="405" T="0" /><Point X="295" Y="409" T="0" /><Point X="304" Y="423" T="0" /><Point X="307" Y="428" T="0" /><Point X="309" Y="432" T="0" /><Point X="311" Y="435" T="0" /><Point X="313" Y="439" T="0" /><Point X="318" Y="447" T="0" /><Point X="318" Y="448" T="0" /><Point X="319" Y="450" T="0" /><Point X="320" Y="450" T="0" /><Point X="322" Y="448" T="0" /><Point X="325" Y="444" T="0" /><Point X="328" Y="440" T="0" /><Point X="331" Y="436" T="0" /><Point X="346" Y="417" T="0" /><Point X="354" Y="406" T="0" /><Point X="361" Y="398" T="0" /><Point X="373" Y="381" T="0" /><Point X="399" Y="348" T="0" /><Point X="411" Y="330" T="0" /><Point X="420" Y="317" T="0" /><Point X="428" Y="306" T="0" /><Point X="459" Y="258" T="0" /><Point X="465" Y="249" T="0" /><Point X="475" Y="233" T="0" /><Point X="483" Y="222" T="0" /><Point X="488" Y="213" T="0" /><Point X="507" Y="183" T="0" /><Point X="511" Y="177" T="0" /><Point X="519" Y="163" T="0" /><Point X="527" Y="150" T="0" /><Point X="528" Y="148" T="0" /><Point X="529" Y="146" T="0" /><Point X="531" Y="144" T="0" /></Gesture>