<Gesture Name="check" Subject="1" Number="1" NumPts="87" Millseconds="0" AppName="Gestures" AppVer="1.0" Date="Wednesday, March 01, 2023" TimeOfDay="13:12:05" ID="9"><Point X="286" Y="484" T="0" /><Point X="292" Y="478" T="0" /><Point X="329" Y="437" T="0" /><Point X="340" Y="425" T="0" /><Point X="352" Y="413" T="0" /><Point X="364" Y="401" T="0" /><Point X="376" Y="390" T="0" /><Point X="425" Y="351" T="0" /><Point X="438" Y="342" T="0" /><Point X="469" Y="319" T="0" /><Point X="508" Y="290" T="0" /><Point X="519" Y="281" T="0" /><Point X="529" Y="273" T="0" /><Point X="535" Y="268" T="0" /><Point X="548" Y="254" T="0" /><Point X="551" Y="251" T="0" /><Point X="555" Y="246" T="0" /><Point X="558" Y="242" T="0" /><Point X="562" Y="236" T="0" /><Point X="563" Y="235" T="0" /><Point X="563" Y="234" T="0" /><Point X="564" Y="234" T="0" /><Point X="564" Y="233" T="0" /><Point X="562" Y="234" T="0" /><Point X="559" Y="236" T="0" /><Point X="555" Y="238" T="0" /><Point X="545" Y="244" T="0" /><Point X="542" Y="245" T="0" /><Point X="530" Y="252" T="0" /><Point X="509" Y="264" T="0" /><Point X="505" Y="267" T="0" /><Point X="497" Y="270" T="0" /><Point X="474" Y="282" T="0" /><Point X="470" Y="284" T="0" /><Point X="465" Y="287" T="0" /><Point X="456" Y="291" T="0" /><Point X="446" Y="296" T="0" /><Point X="441" Y="299" T="0" /><Point X="437" Y="301" T="0" /><Point X="433" Y="303" T="0" /><Point X="423" Y="308" T="0" /><Point X="419" Y="310" T="0" /><Point X="417" Y="311" T="0" /><Point X="418" Y="311" T="0" /><Point X="419" Y="310" T="0" /><Point X="421" Y="308" T="0" /><Point X="423" Y="307" T="0" /><Point X="429" Y="303" T="0" /><Point X="441" Y="295" T="0" /><Point X="453" Y="289" T="0" /><Point X="471" Y="280" T="0" /><Point X="514" Y="261" T="0" /><Point X="528" Y="255" T="0" /><Point X="544" Y="249" T="0" /><Point X="548" Y="248" T="0" /><Point X="551" Y="246" T="0" /><Point X="554" Y="245" T="0" /><Point X="559" Y="243" T="0" /><Point X="560" Y="243" T="0" /><Point X="561" Y="243" T="0" /><Point X="562" Y="242" T="0" /><Point X="564" Y="242" T="0" /><Point X="565" Y="242" T="0" /><Point X="565" Y="241" T="0" /><Point X="565" Y="242" T="0" /><Point X="565" Y="244" T="0" /><Point X="565" Y="248" T="0" /><Point X="565" Y="256" T="0" /><Point X="565" Y="263" T="0" /><Point X="565" Y="273" T="0" /><Point X="565" Y="281" T="0" /><Point X="565" Y="290" T="0" /><Point X="564" Y="331" T="0" /><Point X="564" Y="341" T="0" /><Point X="564" Y="350" T="0" /><Point X="562" Y="364" T="0" /><Point X="561" Y="380" T="0" /><Point X="560" Y="388" T="0" /><Point X="558" Y="397" T="0" /><Point X="558" Y="403" T="0" /><Point X="556" Y="415" T="0" /><Point X="554" Y="419" T="0" /><Point X="554" Y="423" T="0" /><Point X="553" Y="427" T="0" /><Point X="553" Y="431" T="0" /><Point X="552" Y="432" T="0" /><Point X="552" Y="433" T="0" /></Gesture>