<Gesture Name="check" Subject="1" Number="1" NumPts="96" Millseconds="0" AppName="Gestures" AppVer="1.0" Date="Wednesday, March 01, 2023" TimeOfDay="13:11:10" ID="8"><Point X="318" Y="474" T="0" /><Point X="324" Y="469" T="0" /><Point X="342" Y="457" T="0" /><Point X="365" Y="443" T="0" /><Point X="378" Y="435" T="0" /><Point X="423" Y="408" T="0" /><Point X="436" Y="401" T="0" /><Point X="449" Y="393" T="0" /><Point X="460" Y="386" T="0" /><Point X="493" Y="363" T="0" /><Point X="501" Y="357" T="0" /><Point X="508" Y="352" T="0" /><Point X="514" Y="347" T="0" /><Point X="525" Y="337" T="0" /><Point X="534" Y="330" T="0" /><Point X="541" Y="324" T="0" /><Point X="547" Y="318" T="0" /><Point X="558" Y="309" T="0" /><Point X="563" Y="305" T="0" /><Point X="565" Y="302" T="0" /><Point X="567" Y="301" T="0" /><Point X="571" Y="295" T="0" /><Point X="574" Y="292" T="0" /><Point X="576" Y="290" T="0" /><Point X="580" Y="285" T="0" /><Point X="581" Y="285" T="0" /><Point X="580" Y="285" T="0" /><Point X="578" Y="286" T="0" /><Point X="576" Y="288" T="0" /><Point X="574" Y="289" T="0" /><Point X="572" Y="290" T="0" /><Point X="568" Y="294" T="0" /><Point X="566" Y="295" T="0" /><Point X="549" Y="305" T="0" /><Point X="538" Y="312" T="0" /><Point X="534" Y="315" T="0" /><Point X="521" Y="322" T="0" /><Point X="517" Y="325" T="0" /><Point X="512" Y="328" T="0" /><Point X="508" Y="330" T="0" /><Point X="505" Y="332" T="0" /><Point X="499" Y="335" T="0" /><Point X="496" Y="337" T="0" /><Point X="495" Y="338" T="0" /><Point X="494" Y="339" T="0" /><Point X="492" Y="340" T="0" /><Point X="493" Y="340" T="0" /><Point X="497" Y="339" T="0" /><Point X="502" Y="336" T="0" /><Point X="506" Y="333" T="0" /><Point X="513" Y="329" T="0" /><Point X="518" Y="326" T="0" /><Point X="532" Y="317" T="0" /><Point X="536" Y="315" T="0" /><Point X="540" Y="313" T="0" /><Point X="547" Y="308" T="0" /><Point X="552" Y="303" T="0" /><Point X="553" Y="303" T="0" /><Point X="553" Y="302" T="0" /><Point X="554" Y="302" T="0" /><Point X="558" Y="299" T="0" /><Point X="559" Y="298" T="0" /><Point X="560" Y="297" T="0" /><Point X="562" Y="295" T="0" /><Point X="563" Y="295" T="0" /><Point X="566" Y="294" T="0" /><Point X="567" Y="293" T="0" /><Point X="569" Y="293" T="0" /><Point X="571" Y="292" T="0" /><Point X="581" Y="289" T="0" /><Point X="585" Y="289" T="0" /><Point X="592" Y="288" T="0" /><Point X="594" Y="287" T="0" /><Point X="597" Y="287" T="0" /><Point X="601" Y="286" T="0" /><Point X="606" Y="286" T="0" /><Point X="606" Y="285" T="0" /><Point X="606" Y="286" T="0" /><Point X="605" Y="288" T="0" /><Point X="604" Y="291" T="0" /><Point X="602" Y="296" T="0" /><Point X="600" Y="303" T="0" /><Point X="595" Y="324" T="0" /><Point X="593" Y="332" T="0" /><Point X="589" Y="361" T="0" /><Point X="588" Y="366" T="0" /><Point X="587" Y="376" T="0" /><Point X="587" Y="387" T="0" /><Point X="587" Y="401" T="0" /><Point X="587" Y="406" T="0" /><Point X="587" Y="412" T="0" /><Point X="587" Y="413" T="0" /><Point X="587" Y="417" T="0" /><Point X="586" Y="423" T="0" /><Point X="586" Y="424" T="0" /><Point X="586" Y="425" T="0" /></Gesture>