<Gesture Name="circle" Subject="1" Number="1" NumPts="126" Millseconds="0" AppName="Gestures" AppVer="1.0" Date="Wednesday, March 01, 2023" TimeOfDay="13:10:06" ID="7"><Point X="381" Y="168" T="0" /><Point X="376" Y="165" T="0" /><Point X="374" Y="164" T="0" /><Point X="373" Y="163" T="0" /><Point X="371" Y="163" T="0" /><Point X="365" Y="163" T="0" /><Point X="362" Y="163" T="0" /><Point X="358" Y="164" T="0" /><Point X="340" Y="167" T="0" /><Point X="331" Y="168" T="0" /><Point X="320" Y="170" T="0" /><Point X="297" Y="177" T="0" /><Point X="290" Y="180" T="0" /><Point X="274" Y="188" T="0" /><Point X="264" Y="194" T="0" /><Point X="259" Y="198" T="0" /><Point X="249" Y="207" T="0" /><Point X="245" Y="212" T="0" /><Point X="242" Y="216" T="0" /><Point X="239" Y="219" T="0" /><Point X="230" Y="231" T="0" /><Point X="227" Y="237" T="0" /><Point X="224" Y="240" T="0" /><Point X="221" Y="246" T="0" /><Point X="209" Y="269" T="0" /><Point X="207" Y="274" T="0" /><Point X="205" Y="280" T="0" /><Point X="202" Y="290" T="0" /><Point X="198" Y="305" T="0" /><Point X="197" Y="310" T="0" /><Point X="196" Y="317" T="0" /><Point X="195" Y="323" T="0" /><Point X="194" Y="340" T="0" /><Point X="194" Y="344" T="0" /><Point X="194" Y="352" T="0" /><Point X="194" Y="355" T="0" /><Point X="196" Y="365" T="0" /><Point X="198" Y="371" T="0" /><Point X="199" Y="375" T="0" /><Point X="204" Y="392" T="0" /><Point X="206" Y="398" T="0" /><Point X="208" Y="402" T="0" /><Point X="209" Y="405" T="0" /><Point X="216" Y="419" T="0" /><Point X="218" Y="422" T="0" /><Point X="221" Y="428" T="0" /><Point X="231" Y="444" T="0" /><Point X="235" Y="448" T="0" /><Point X="238" Y="452" T="0" /><Point X="244" Y="458" T="0" /><Point X="248" Y="462" T="0" /><Point X="258" Y="470" T="0" /><Point X="266" Y="476" T="0" /><Point X="271" Y="479" T="0" /><Point X="276" Y="482" T="0" /><Point X="291" Y="488" T="0" /><Point X="297" Y="490" T="0" /><Point X="304" Y="493" T="0" /><Point X="317" Y="496" T="0" /><Point X="334" Y="501" T="0" /><Point X="356" Y="506" T="0" /><Point X="368" Y="508" T="0" /><Point X="394" Y="512" T="0" /><Point X="402" Y="512" T="0" /><Point X="415" Y="512" T="0" /><Point X="422" Y="512" T="0" /><Point X="443" Y="509" T="0" /><Point X="455" Y="506" T="0" /><Point X="461" Y="505" T="0" /><Point X="482" Y="494" T="0" /><Point X="487" Y="490" T="0" /><Point X="493" Y="485" T="0" /><Point X="498" Y="481" T="0" /><Point X="507" Y="472" T="0" /><Point X="514" Y="464" T="0" /><Point X="520" Y="457" T="0" /><Point X="524" Y="453" T="0" /><Point X="527" Y="449" T="0" /><Point X="542" Y="430" T="0" /><Point X="545" Y="424" T="0" /><Point X="548" Y="419" T="0" /><Point X="553" Y="409" T="0" /><Point X="556" Y="403" T="0" /><Point X="557" Y="398" T="0" /><Point X="558" Y="394" T="0" /><Point X="561" Y="379" T="0" /><Point X="562" Y="374" T="0" /><Point X="562" Y="371" T="0" /><Point X="562" Y="363" T="0" /><Point X="560" Y="351" T="0" /><Point X="559" Y="347" T="0" /><Point X="558" Y="341" T="0" /><Point X="554" Y="333" T="0" /><Point X="549" Y="322" T="0" /><Point X="545" Y="316" T="0" /><Point X="541" Y="309" T="0" /><Point X="538" Y="305" T="0" /><Point X="530" Y="295" T="0" /><Point X="527" Y="291" T="0" /><Point X="524" Y="287" T="0" /><Point X="522" Y="284" T="0" /><Point X="514" Y="275" T="0" /><Point X="511" Y="270" T="0" /><Point X="507" Y="268" T="0" /><Point X="501" Y="260" T="0" /><Point X="497" Y="257" T="0" /><Point X="485" Y="247" T="0" /><Point X="481" Y="243" T="0" /><Point X="477" Y="240" T="0" /><Point X="470" Y="233" T="0" /><Point X="457" Y="223" T="0" /><Point X="450" Y="217" T="0" /><Point X="443" Y="212" T="0" /><Point X="438" Y="207" T="0" /><Point X="427" Y="198" T="0" /><Point X="422" Y="194" T="0" /><Point X="419" Y="192" T="0" /><Point X="414" Y="188" T="0" /><Point X="404" Y="181" T="0" /><Point X="400" Y="179" T="0" /><Point X="396" Y="176" T="0" /><Point X="394" Y="175" T="0" /><Point X="391" Y="172" T="0" /><Point X="390" Y="172" T="0" /><Point X="390" Y="171" T="0" /><Point X="390" Y="172" T="0" /></Gesture>