<Gesture Name="circle" Subject="1" Number="1" NumPts="123" Millseconds="0" AppName="Gestures" AppVer="1.0" Date="Wednesday, March 01, 2023" TimeOfDay="13:08:03" ID="5"><Point X="379" Y="191" T="0" /><Point X="377" Y="189" T="0" /><Point X="374" Y="188" T="0" /><Point X="368" Y="185" T="0" /><Point X="364" Y="185" T="0" /><Point X="362" Y="184" T="0" /><Point X="360" Y="184" T="0" /><Point X="350" Y="183" T="0" /><Point X="346" Y="183" T="0" /><Point X="342" Y="183" T="0" /><Point X="336" Y="183" T="0" /><Point X="325" Y="185" T="0" /><Point X="319" Y="186" T="0" /><Point X="314" Y="187" T="0" /><Point X="307" Y="189" T="0" /><Point X="296" Y="192" T="0" /><Point X="290" Y="195" T="0" /><Point X="283" Y="198" T="0" /><Point X="278" Y="201" T="0" /><Point X="267" Y="207" T="0" /><Point X="263" Y="209" T="0" /><Point X="259" Y="212" T="0" /><Point X="252" Y="217" T="0" /><Point X="249" Y="220" T="0" /><Point X="240" Y="228" T="0" /><Point X="235" Y="233" T="0" /><Point X="231" Y="237" T="0" /><Point X="228" Y="240" T="0" /><Point X="221" Y="250" T="0" /><Point X="218" Y="255" T="0" /><Point X="216" Y="259" T="0" /><Point X="214" Y="263" T="0" /><Point X="211" Y="273" T="0" /><Point X="209" Y="279" T="0" /><Point X="208" Y="284" T="0" /><Point X="207" Y="286" T="0" /><Point X="205" Y="297" T="0" /><Point X="204" Y="302" T="0" /><Point X="204" Y="307" T="0" /><Point X="204" Y="312" T="0" /><Point X="204" Y="320" T="0" /><Point X="205" Y="326" T="0" /><Point X="206" Y="332" T="0" /><Point X="207" Y="336" T="0" /><Point X="211" Y="353" T="0" /><Point X="212" Y="359" T="0" /><Point X="216" Y="374" T="0" /><Point X="218" Y="382" T="0" /><Point X="219" Y="386" T="0" /><Point X="225" Y="402" T="0" /><Point X="230" Y="410" T="0" /><Point X="233" Y="415" T="0" /><Point X="239" Y="424" T="0" /><Point X="242" Y="428" T="0" /><Point X="244" Y="429" T="0" /><Point X="248" Y="434" T="0" /><Point X="260" Y="443" T="0" /><Point X="264" Y="446" T="0" /><Point X="269" Y="451" T="0" /><Point X="273" Y="452" T="0" /><Point X="284" Y="458" T="0" /><Point X="290" Y="460" T="0" /><Point X="295" Y="461" T="0" /><Point X="298" Y="462" T="0" /><Point X="314" Y="465" T="0" /><Point X="317" Y="466" T="0" /><Point X="323" Y="466" T="0" /><Point X="334" Y="466" T="0" /><Point X="337" Y="466" T="0" /><Point X="343" Y="465" T="0" /><Point X="346" Y="464" T="0" /><Point X="354" Y="462" T="0" /><Point X="357" Y="461" T="0" /><Point X="359" Y="460" T="0" /><Point X="363" Y="458" T="0" /><Point X="366" Y="457" T="0" /><Point X="376" Y="452" T="0" /><Point X="378" Y="450" T="0" /><Point X="381" Y="448" T="0" /><Point X="386" Y="445" T="0" /><Point X="395" Y="439" T="0" /><Point X="402" Y="435" T="0" /><Point X="406" Y="432" T="0" /><Point X="410" Y="429" T="0" /><Point X="419" Y="421" T="0" /><Point X="422" Y="417" T="0" /><Point X="425" Y="414" T="0" /><Point X="427" Y="412" T="0" /><Point X="433" Y="400" T="0" /><Point X="434" Y="397" T="0" /><Point X="436" Y="393" T="0" /><Point X="437" Y="390" T="0" /><Point X="440" Y="378" T="0" /><Point X="441" Y="375" T="0" /><Point X="443" Y="368" T="0" /><Point X="444" Y="365" T="0" /><Point X="447" Y="348" T="0" /><Point X="448" Y="341" T="0" /><Point X="448" Y="328" T="0" /><Point X="449" Y="309" T="0" /><Point X="449" Y="293" T="0" /><Point X="449" Y="279" T="0" /><Point X="446" Y="260" T="0" /><Point X="443" Y="249" T="0" /><Point X="435" Y="233" T="0" /><Point X="433" Y="230" T="0" /><Point X="428" Y="223" T="0" /><Point X="418" Y="216" T="0" /><Point X="416" Y="214" T="0" /><Point X="414" Y="213" T="0" /><Point X="406" Y="209" T="0" /><Point X="403" Y="208" T="0" /><Point X="399" Y="206" T="0" /><Point X="396" Y="205" T="0" /><Point X="385" Y="201" T="0" /><Point X="380" Y="199" T="0" /><Point X="373" Y="197" T="0" /><Point X="371" Y="197" T="0" /><Point X="362" Y="193" T="0" /><Point X="358" Y="192" T="0" /><Point X="355" Y="191" T="0" /><Point X="348" Y="189" T="0" /><Point X="348" Y="188" T="0" /></Gesture>