<Gesture Name="circle" Subject="1" Number="1" NumPts="126" Millseconds="0" AppName="Gestures" AppVer="1.0" Date="Wednesday, March 01, 2023" TimeOfDay="13:04:56" ID="2"><Point X="375" Y="125" T="0" /><Point X="374" Y="124" T="0" /><Point X="372" Y="124" T="0" /><Point X="369" Y="124" T="0" /><Point X="366" Y="125" T="0" /><Point X="362" Y="125" T="0" /><Point X="357" Y="127" T="0" /><Point X="338" Y="132" T="0" /><Point X="331" Y="134" T="0" /><Point X="321" Y="138" T="0" /><Point X="314" Y="141" T="0" /><Point X="292" Y="152" T="0" /><Point X="285" Y="155" T="0" /><Point X="282" Y="157" T="0" /><Point X="275" Y="161" T="0" /><Point X="261" Y="169" T="0" /><Point X="259" Y="171" T="0" /><Point X="257" Y="174" T="0" /><Point X="257" Y="175" T="0" /><Point X="255" Y="181" T="0" /><Point X="254" Y="185" T="0" /><Point X="253" Y="189" T="0" /><Point X="252" Y="194" T="0" /><Point X="252" Y="200" T="0" /><Point X="250" Y="210" T="0" /><Point X="248" Y="222" T="0" /><Point X="247" Y="226" T="0" /><Point X="246" Y="236" T="0" /><Point X="245" Y="241" T="0" /><Point X="245" Y="246" T="0" /><Point X="244" Y="249" T="0" /><Point X="243" Y="258" T="0" /><Point X="243" Y="260" T="0" /><Point X="242" Y="264" T="0" /><Point X="241" Y="269" T="0" /><Point X="240" Y="279" T="0" /><Point X="240" Y="282" T="0" /><Point X="240" Y="287" T="0" /><Point X="239" Y="291" T="0" /><Point X="238" Y="302" T="0" /><Point X="238" Y="306" T="0" /><Point X="238" Y="309" T="0" /><Point X="238" Y="317" T="0" /><Point X="238" Y="326" T="0" /><Point X="239" Y="331" T="0" /><Point X="240" Y="337" T="0" /><Point X="241" Y="342" T="0" /><Point X="245" Y="354" T="0" /><Point X="249" Y="360" T="0" /><Point X="250" Y="364" T="0" /><Point X="253" Y="369" T="0" /><Point X="256" Y="373" T="0" /><Point X="262" Y="381" T="0" /><Point X="263" Y="382" T="0" /><Point X="266" Y="386" T="0" /><Point X="270" Y="389" T="0" /><Point X="276" Y="396" T="0" /><Point X="282" Y="399" T="0" /><Point X="285" Y="401" T="0" /><Point X="290" Y="406" T="0" /><Point X="301" Y="412" T="0" /><Point X="307" Y="415" T="0" /><Point X="316" Y="419" T="0" /><Point X="321" Y="420" T="0" /><Point X="336" Y="424" T="0" /><Point X="345" Y="426" T="0" /><Point X="351" Y="428" T="0" /><Point X="359" Y="429" T="0" /><Point X="376" Y="431" T="0" /><Point X="384" Y="431" T="0" /><Point X="394" Y="430" T="0" /><Point X="401" Y="429" T="0" /><Point X="425" Y="424" T="0" /><Point X="432" Y="422" T="0" /><Point X="436" Y="419" T="0" /><Point X="442" Y="416" T="0" /><Point X="448" Y="412" T="0" /><Point X="458" Y="404" T="0" /><Point X="463" Y="398" T="0" /><Point X="465" Y="396" T="0" /><Point X="470" Y="389" T="0" /><Point X="478" Y="375" T="0" /><Point X="480" Y="372" T="0" /><Point X="483" Y="363" T="0" /><Point X="485" Y="357" T="0" /><Point X="490" Y="342" T="0" /><Point X="494" Y="331" T="0" /><Point X="496" Y="325" T="0" /><Point X="498" Y="318" T="0" /><Point X="502" Y="300" T="0" /><Point X="504" Y="292" T="0" /><Point X="505" Y="287" T="0" /><Point X="505" Y="281" T="0" /><Point X="507" Y="262" T="0" /><Point X="507" Y="253" T="0" /><Point X="507" Y="248" T="0" /><Point X="507" Y="240" T="0" /><Point X="504" Y="223" T="0" /><Point X="502" Y="214" T="0" /><Point X="499" Y="206" T="0" /><Point X="498" Y="198" T="0" /><Point X="493" Y="186" T="0" /><Point X="490" Y="179" T="0" /><Point X="485" Y="171" T="0" /><Point X="481" Y="164" T="0" /><Point X="477" Y="158" T="0" /><Point X="464" Y="142" T="0" /><Point X="458" Y="137" T="0" /><Point X="453" Y="133" T="0" /><Point X="447" Y="128" T="0" /><Point X="436" Y="121" T="0" /><Point X="431" Y="118" T="0" /><Point X="427" Y="115" T="0" /><Point X="424" Y="113" T="0" /><Point X="417" Y="108" T="0" /><Point X="415" Y="107" T="0" /><Point X="412" Y="104" T="0" /><Point X="409" Y="103" T="0" /><Point X="405" Y="101" T="0" /><Point X="404" Y="100" T="0" /><Point X="402" Y="99" T="0" /><Point X="401" Y="99" T="0" /><Point X="397" Y="97" T="0" /><Point X="396" Y="97" T="0" /><Point X="396" Y="96" T="0" /><Point X="395" Y="96" T="0" /></Gesture>