<Gesture Name="circle" Subject="1" Number="1" NumPts="130" Millseconds="0" AppName="Gestures" AppVer="1.0" Date="Wednesday, March 01, 2023" TimeOfDay="13:07:06" ID="4"><Point X="376" Y="140" T="0" /><Point X="375" Y="140" T="0" /><Point X="373" Y="139" T="0" /><Point X="368" Y="137" T="0" /><Point X="363" Y="136" T="0" /><Point X="361" Y="135" T="0" /><Point X="358" Y="134" T="0" /><Point X="345" Y="133" T="0" /><Point X="341" Y="132" T="0" /><Point X="334" Y="132" T="0" /><Point X="325" Y="132" T="0" /><Point X="298" Y="135" T="0" /><Point X="292" Y="136" T="0" /><Point X="279" Y="140" T="0" /><Point X="273" Y="142" T="0" /><Point X="257" Y="147" T="0" /><Point X="249" Y="150" T="0" /><Point X="244" Y="153" T="0" /><Point X="240" Y="155" T="0" /><Point X="229" Y="161" T="0" /><Point X="223" Y="166" T="0" /><Point X="217" Y="170" T="0" /><Point X="213" Y="174" T="0" /><Point X="203" Y="187" T="0" /><Point X="198" Y="193" T="0" /><Point X="186" Y="211" T="0" /><Point X="182" Y="218" T="0" /><Point X="179" Y="223" T="0" /><Point X="176" Y="227" T="0" /><Point X="173" Y="234" T="0" /><Point X="166" Y="248" T="0" /><Point X="164" Y="253" T="0" /><Point X="163" Y="258" T="0" /><Point X="161" Y="264" T="0" /><Point X="159" Y="275" T="0" /><Point X="159" Y="282" T="0" /><Point X="158" Y="289" T="0" /><Point X="158" Y="295" T="0" /><Point X="159" Y="305" T="0" /><Point X="160" Y="309" T="0" /><Point X="161" Y="314" T="0" /><Point X="163" Y="319" T="0" /><Point X="168" Y="330" T="0" /><Point X="169" Y="336" T="0" /><Point X="173" Y="343" T="0" /><Point X="176" Y="348" T="0" /><Point X="181" Y="360" T="0" /><Point X="183" Y="364" T="0" /><Point X="185" Y="369" T="0" /><Point X="186" Y="371" T="0" /><Point X="191" Y="381" T="0" /><Point X="194" Y="384" T="0" /><Point X="195" Y="388" T="0" /><Point X="199" Y="393" T="0" /><Point X="205" Y="403" T="0" /><Point X="208" Y="407" T="0" /><Point X="211" Y="411" T="0" /><Point X="214" Y="415" T="0" /><Point X="218" Y="420" T="0" /><Point X="226" Y="430" T="0" /><Point X="232" Y="435" T="0" /><Point X="236" Y="438" T="0" /><Point X="242" Y="443" T="0" /><Point X="255" Y="451" T="0" /><Point X="259" Y="454" T="0" /><Point X="269" Y="458" T="0" /><Point X="276" Y="461" T="0" /><Point X="293" Y="466" T="0" /><Point X="301" Y="468" T="0" /><Point X="314" Y="470" T="0" /><Point X="322" Y="471" T="0" /><Point X="339" Y="473" T="0" /><Point X="350" Y="473" T="0" /><Point X="355" Y="473" T="0" /><Point X="367" Y="473" T="0" /><Point X="393" Y="471" T="0" /><Point X="398" Y="470" T="0" /><Point X="408" Y="468" T="0" /><Point X="413" Y="467" T="0" /><Point X="426" Y="461" T="0" /><Point X="430" Y="458" T="0" /><Point X="435" Y="454" T="0" /><Point X="437" Y="452" T="0" /><Point X="442" Y="447" T="0" /><Point X="449" Y="437" T="0" /><Point X="453" Y="431" T="0" /><Point X="456" Y="424" T="0" /><Point X="458" Y="419" T="0" /><Point X="465" Y="404" T="0" /><Point X="466" Y="399" T="0" /><Point X="469" Y="391" T="0" /><Point X="472" Y="385" T="0" /><Point X="476" Y="368" T="0" /><Point X="478" Y="360" T="0" /><Point X="480" Y="352" T="0" /><Point X="481" Y="344" T="0" /><Point X="484" Y="317" T="0" /><Point X="485" Y="310" T="0" /><Point X="485" Y="289" T="0" /><Point X="484" Y="277" T="0" /><Point X="483" Y="269" T="0" /><Point X="478" Y="249" T="0" /><Point X="477" Y="246" T="0" /><Point X="474" Y="240" T="0" /><Point X="471" Y="230" T="0" /><Point X="469" Y="225" T="0" /><Point X="466" Y="221" T="0" /><Point X="464" Y="217" T="0" /><Point X="461" Y="213" T="0" /><Point X="455" Y="207" T="0" /><Point X="452" Y="205" T="0" /><Point X="447" Y="201" T="0" /><Point X="444" Y="199" T="0" /><Point X="437" Y="193" T="0" /><Point X="434" Y="191" T="0" /><Point X="431" Y="189" T="0" /><Point X="429" Y="186" T="0" /><Point X="419" Y="180" T="0" /><Point X="417" Y="178" T="0" /><Point X="412" Y="175" T="0" /><Point X="409" Y="173" T="0" /><Point X="396" Y="166" T="0" /><Point X="391" Y="164" T="0" /><Point X="388" Y="163" T="0" /><Point X="383" Y="161" T="0" /><Point X="376" Y="158" T="0" /><Point X="373" Y="157" T="0" /><Point X="372" Y="156" T="0" /><Point X="371" Y="156" T="0" /><Point X="370" Y="155" T="0" /></Gesture>