<Gesture Name="circle" Subject="1" Number="1" NumPts="131" Millseconds="0" AppName="Gestures" AppVer="1.0" Date="Wednesday, March 01, 2023" TimeOfDay="13:09:00" ID="6"><Point X="387" Y="218" T="0" /><Point X="387" Y="217" T="0" /><Point X="386" Y="216" T="0" /><Point X="384" Y="214" T="0" /><Point X="383" Y="213" T="0" /><Point X="382" Y="212" T="0" /><Point X="376" Y="210" T="0" /><Point X="372" Y="209" T="0" /><Point X="369" Y="209" T="0" /><Point X="356" Y="208" T="0" /><Point X="346" Y="209" T="0" /><Point X="340" Y="210" T="0" /><Point X="337" Y="211" T="0" /><Point X="327" Y="215" T="0" /><Point X="322" Y="217" T="0" /><Point X="317" Y="219" T="0" /><Point X="299" Y="230" T="0" /><Point X="292" Y="234" T="0" /><Point X="282" Y="240" T="0" /><Point X="269" Y="251" T="0" /><Point X="266" Y="254" T="0" /><Point X="257" Y="267" T="0" /><Point X="254" Y="271" T="0" /><Point X="252" Y="273" T="0" /><Point X="249" Y="277" T="0" /><Point X="244" Y="288" T="0" /><Point X="242" Y="292" T="0" /><Point X="239" Y="299" T="0" /><Point X="236" Y="313" T="0" /><Point X="235" Y="320" T="0" /><Point X="233" Y="326" T="0" /><Point X="232" Y="336" T="0" /><Point X="232" Y="342" T="0" /><Point X="232" Y="348" T="0" /><Point X="232" Y="352" T="0" /><Point X="232" Y="357" T="0" /><Point X="235" Y="380" T="0" /><Point X="236" Y="383" T="0" /><Point X="239" Y="394" T="0" /><Point X="241" Y="398" T="0" /><Point X="243" Y="402" T="0" /><Point X="245" Y="406" T="0" /><Point X="251" Y="416" T="0" /><Point X="253" Y="420" T="0" /><Point X="256" Y="425" T="0" /><Point X="258" Y="429" T="0" /><Point X="264" Y="437" T="0" /><Point X="268" Y="442" T="0" /><Point X="271" Y="446" T="0" /><Point X="275" Y="451" T="0" /><Point X="283" Y="459" T="0" /><Point X="288" Y="463" T="0" /><Point X="292" Y="467" T="0" /><Point X="295" Y="470" T="0" /><Point X="302" Y="475" T="0" /><Point X="305" Y="477" T="0" /><Point X="307" Y="479" T="0" /><Point X="310" Y="481" T="0" /><Point X="316" Y="485" T="0" /><Point X="318" Y="486" T="0" /><Point X="320" Y="487" T="0" /><Point X="323" Y="489" T="0" /><Point X="325" Y="489" T="0" /><Point X="333" Y="493" T="0" /><Point X="335" Y="494" T="0" /><Point X="338" Y="495" T="0" /><Point X="348" Y="498" T="0" /><Point X="352" Y="499" T="0" /><Point X="356" Y="500" T="0" /><Point X="362" Y="500" T="0" /><Point X="378" Y="502" T="0" /><Point X="388" Y="502" T="0" /><Point X="399" Y="502" T="0" /><Point X="404" Y="502" T="0" /><Point X="407" Y="502" T="0" /><Point X="413" Y="501" T="0" /><Point X="425" Y="498" T="0" /><Point X="429" Y="497" T="0" /><Point X="431" Y="496" T="0" /><Point X="434" Y="495" T="0" /><Point X="445" Y="489" T="0" /><Point X="447" Y="488" T="0" /><Point X="450" Y="486" T="0" /><Point X="452" Y="484" T="0" /><Point X="460" Y="478" T="0" /><Point X="467" Y="471" T="0" /><Point X="470" Y="467" T="0" /><Point X="482" Y="455" T="0" /><Point X="493" Y="444" T="0" /><Point X="496" Y="441" T="0" /><Point X="508" Y="429" T="0" /><Point X="511" Y="425" T="0" /><Point X="515" Y="420" T="0" /><Point X="520" Y="414" T="0" /><Point X="527" Y="402" T="0" /><Point X="530" Y="397" T="0" /><Point X="531" Y="392" T="0" /><Point X="532" Y="386" T="0" /><Point X="533" Y="375" T="0" /><Point X="533" Y="368" T="0" /><Point X="533" Y="360" T="0" /><Point X="531" Y="355" T="0" /><Point X="526" Y="337" T="0" /><Point X="524" Y="334" T="0" /><Point X="521" Y="327" T="0" /><Point X="515" Y="312" T="0" /><Point X="514" Y="310" T="0" /><Point X="506" Y="295" T="0" /><Point X="493" Y="278" T="0" /><Point X="485" Y="267" T="0" /><Point X="482" Y="264" T="0" /><Point X="471" Y="252" T="0" /><Point X="468" Y="249" T="0" /><Point X="462" Y="244" T="0" /><Point X="456" Y="240" T="0" /><Point X="448" Y="234" T="0" /><Point X="442" Y="230" T="0" /><Point X="439" Y="227" T="0" /><Point X="432" Y="223" T="0" /><Point X="423" Y="218" T="0" /><Point X="417" Y="215" T="0" /><Point X="414" Y="214" T="0" /><Point X="408" Y="211" T="0" /><Point X="398" Y="207" T="0" /><Point X="395" Y="205" T="0" /><Point X="393" Y="205" T="0" /><Point X="389" Y="203" T="0" /><Point X="386" Y="201" T="0" /><Point X="385" Y="201" T="0" /><Point X="385" Y="200" T="0" /><Point X="384" Y="200" T="0" /></Gesture>