<Gesture Name="circle" Subject="1" Number="1" NumPts="111" Millseconds="0" AppName="Gestures" AppVer="1.0" Date="Wednesday, March 01, 2023" TimeOfDay="13:11:06" ID="8"><Point X="79" Y="464" T="0" /><Point X="79" Y="463" T="0" /><Point X="80" Y="461" T="0" /><Point X="82" Y="459" T="0" /><Point X="83" Y="456" T="0" /><Point X="87" Y="450" T="0" /><Point X="90" Y="445" T="0" /><Point X="97" Y="433" T="0" /><Point X="101" Y="426" T="0" /><Point X="105" Y="419" T="0" /><Point X="108" Y="413" T="0" /><Point X="113" Y="398" T="0" /><Point X="116" Y="392" T="0" /><Point X="117" Y="387" T="0" /><Point X="120" Y="378" T="0" /><Point X="126" Y="366" T="0" /><Point X="128" Y="362" T="0" /><Point X="130" Y="359" T="0" /><Point X="130" Y="358" T="0" /><Point X="132" Y="354" T="0" /><Point X="133" Y="354" T="0" /><Point X="133" Y="353" T="0" /><Point X="134" Y="353" T="0" /><Point X="135" Y="354" T="0" /><Point X="138" Y="359" T="0" /><Point X="139" Y="362" T="0" /><Point X="142" Y="366" T="0" /><Point X="143" Y="370" T="0" /><Point X="147" Y="376" T="0" /><Point X="158" Y="390" T="0" /><Point X="161" Y="394" T="0" /><Point X="169" Y="402" T="0" /><Point X="174" Y="408" T="0" /><Point X="187" Y="422" T="0" /><Point X="191" Y="425" T="0" /><Point X="197" Y="432" T="0" /><Point X="202" Y="437" T="0" /><Point X="212" Y="447" T="0" /><Point X="215" Y="450" T="0" /><Point X="218" Y="453" T="0" /><Point X="221" Y="456" T="0" /><Point X="225" Y="461" T="0" /><Point X="227" Y="463" T="0" /><Point X="230" Y="470" T="0" /><Point X="231" Y="472" T="0" /><Point X="232" Y="475" T="0" /><Point X="233" Y="476" T="0" /><Point X="234" Y="474" T="0" /><Point X="236" Y="472" T="0" /><Point X="238" Y="470" T="0" /><Point X="240" Y="466" T="0" /><Point X="244" Y="462" T="0" /><Point X="250" Y="454" T="0" /><Point X="261" Y="441" T="0" /><Point X="266" Y="434" T="0" /><Point X="272" Y="426" T="0" /><Point X="276" Y="422" T="0" /><Point X="286" Y="408" T="0" /><Point X="289" Y="404" T="0" /><Point X="293" Y="398" T="0" /><Point X="296" Y="394" T="0" /><Point X="301" Y="387" T="0" /><Point X="303" Y="385" T="0" /><Point X="305" Y="382" T="0" /><Point X="307" Y="380" T="0" /><Point X="311" Y="376" T="0" /><Point X="311" Y="375" T="0" /><Point X="312" Y="375" T="0" /><Point X="312" Y="374" T="0" /><Point X="313" Y="374" T="0" /><Point X="313" Y="375" T="0" /><Point X="314" Y="375" T="0" /><Point X="315" Y="376" T="0" /><Point X="316" Y="377" T="0" /><Point X="319" Y="380" T="0" /><Point X="321" Y="385" T="0" /><Point X="324" Y="390" T="0" /><Point X="331" Y="401" T="0" /><Point X="347" Y="424" T="0" /><Point X="355" Y="436" T="0" /><Point X="362" Y="446" T="0" /><Point X="368" Y="453" T="0" /><Point X="392" Y="481" T="0" /><Point X="398" Y="487" T="0" /><Point X="405" Y="495" T="0" /><Point X="412" Y="502" T="0" /><Point X="425" Y="514" T="0" /><Point X="431" Y="519" T="0" /><Point X="435" Y="521" T="0" /><Point X="440" Y="524" T="0" /><Point X="443" Y="526" T="0" /><Point X="443" Y="523" T="0" /><Point X="443" Y="520" T="0" /><Point X="444" Y="516" T="0" /><Point X="445" Y="513" T="0" /><Point X="450" Y="499" T="0" /><Point X="454" Y="492" T="0" /><Point X="456" Y="488" T="0" /><Point X="461" Y="480" T="0" /><Point X="475" Y="454" T="0" /><Point X="483" Y="444" T="0" /><Point X="489" Y="435" T="0" /><Point X="496" Y="426" T="0" /><Point X="510" Y="406" T="0" /><Point X="516" Y="399" T="0" /><Point X="521" Y="392" T="0" /><Point X="524" Y="389" T="0" /><Point X="529" Y="383" T="0" /><Point X="534" Y="376" T="0" /><Point X="534" Y="375" T="0" /><Point X="535" Y="374" T="0" /></Gesture>