<Gesture Name="circle" Subject="1" Number="1" NumPts="117" Millseconds="0" AppName="Gestures" AppVer="1.0" Date="Wednesday, March 01, 2023" TimeOfDay="13:03:42" ID="1"><Point X="349" Y="102" T="0" /><Point X="348" Y="102" T="0" /><Point X="345" Y="101" T="0" /><Point X="344" Y="101" T="0" /><Point X="337" Y="101" T="0" /><Point X="327" Y="101" T="0" /><Point X="321" Y="103" T="0" /><Point X="317" Y="103" T="0" /><Point X="310" Y="105" T="0" /><Point X="303" Y="107" T="0" /><Point X="287" Y="112" T="0" /><Point X="277" Y="116" T="0" /><Point X="273" Y="117" T="0" /><Point X="264" Y="121" T="0" /><Point X="251" Y="128" T="0" /><Point X="244" Y="132" T="0" /><Point X="240" Y="135" T="0" /><Point X="236" Y="138" T="0" /><Point X="226" Y="147" T="0" /><Point X="222" Y="151" T="0" /><Point X="220" Y="153" T="0" /><Point X="217" Y="157" T="0" /><Point X="213" Y="166" T="0" /><Point X="211" Y="168" T="0" /><Point X="209" Y="173" T="0" /><Point X="207" Y="176" T="0" /><Point X="203" Y="187" T="0" /><Point X="201" Y="193" T="0" /><Point X="198" Y="201" T="0" /><Point X="197" Y="207" T="0" /><Point X="194" Y="217" T="0" /><Point X="193" Y="224" T="0" /><Point X="192" Y="231" T="0" /><Point X="191" Y="237" T="0" /><Point X="190" Y="249" T="0" /><Point X="189" Y="257" T="0" /><Point X="189" Y="261" T="0" /><Point X="189" Y="268" T="0" /><Point X="190" Y="276" T="0" /><Point X="193" Y="288" T="0" /><Point X="195" Y="295" T="0" /><Point X="198" Y="301" T="0" /><Point X="199" Y="305" T="0" /><Point X="206" Y="319" T="0" /><Point X="207" Y="322" T="0" /><Point X="210" Y="328" T="0" /><Point X="212" Y="331" T="0" /><Point X="218" Y="338" T="0" /><Point X="222" Y="342" T="0" /><Point X="225" Y="345" T="0" /><Point X="229" Y="348" T="0" /><Point X="241" Y="358" T="0" /><Point X="245" Y="360" T="0" /><Point X="255" Y="366" T="0" /><Point X="262" Y="369" T="0" /><Point X="279" Y="375" T="0" /><Point X="286" Y="378" T="0" /><Point X="296" Y="380" T="0" /><Point X="307" Y="383" T="0" /><Point X="338" Y="388" T="0" /><Point X="352" Y="389" T="0" /><Point X="363" Y="390" T="0" /><Point X="371" Y="390" T="0" /><Point X="407" Y="390" T="0" /><Point X="418" Y="390" T="0" /><Point X="426" Y="389" T="0" /><Point X="439" Y="386" T="0" /><Point X="444" Y="385" T="0" /><Point X="464" Y="373" T="0" /><Point X="470" Y="370" T="0" /><Point X="476" Y="365" T="0" /><Point X="480" Y="360" T="0" /><Point X="490" Y="349" T="0" /><Point X="493" Y="344" T="0" /><Point X="496" Y="338" T="0" /><Point X="498" Y="334" T="0" /><Point X="502" Y="321" T="0" /><Point X="503" Y="317" T="0" /><Point X="505" Y="310" T="0" /><Point X="507" Y="303" T="0" /><Point X="511" Y="290" T="0" /><Point X="512" Y="283" T="0" /><Point X="514" Y="275" T="0" /><Point X="514" Y="269" T="0" /><Point X="514" Y="253" T="0" /><Point X="514" Y="246" T="0" /><Point X="514" Y="242" T="0" /><Point X="514" Y="235" T="0" /><Point X="512" Y="219" T="0" /><Point X="510" Y="211" T="0" /><Point X="509" Y="208" T="0" /><Point X="507" Y="202" T="0" /><Point X="502" Y="192" T="0" /><Point X="499" Y="187" T="0" /><Point X="495" Y="182" T="0" /><Point X="492" Y="175" T="0" /><Point X="486" Y="167" T="0" /><Point X="482" Y="163" T="0" /><Point X="480" Y="160" T="0" /><Point X="472" Y="152" T="0" /><Point X="469" Y="149" T="0" /><Point X="465" Y="146" T="0" /><Point X="462" Y="142" T="0" /><Point X="455" Y="137" T="0" /><Point X="451" Y="133" T="0" /><Point X="447" Y="129" T="0" /><Point X="444" Y="127" T="0" /><Point X="434" Y="120" T="0" /><Point X="427" Y="115" T="0" /><Point X="420" Y="110" T="0" /><Point X="404" Y="101" T="0" /><Point X="390" Y="94" T="0" /><Point X="379" Y="90" T="0" /><Point X="373" Y="88" T="0" /><Point X="371" Y="87" T="0" /><Point X="367" Y="86" T="0" /><Point X="366" Y="86" T="0" /></Gesture>