<Gesture Name="circle" Subject="1" Number="1" NumPts="126" Millseconds="0" AppName="Gestures" AppVer="1.0" Date="Wednesday, March 01, 2023" TimeOfDay="13:13:01" ID="10"><Point X="72" Y="433" T="0" /><Point X="73" Y="430" T="0" /><Point X="78" Y="419" T="0" /><Point X="82" Y="408" T="0" /><Point X="92" Y="388" T="0" /><Point X="100" Y="375" T="0" /><Point X="112" Y="357" T="0" /><Point X="124" Y="343" T="0" /><Point X="129" Y="336" T="0" /><Point X="137" Y="327" T="0" /><Point X="142" Y="320" T="0" /><Point X="154" Y="309" T="0" /><Point X="162" Y="298" T="0" /><Point X="168" Y="292" T="0" /><Point X="172" Y="287" T="0" /><Point X="182" Y="276" T="0" /><Point X="185" Y="272" T="0" /><Point X="187" Y="270" T="0" /><Point X="189" Y="268" T="0" /><Point X="190" Y="266" T="0" /><Point X="190" Y="267" T="0" /><Point X="191" Y="268" T="0" /><Point X="192" Y="271" T="0" /><Point X="192" Y="273" T="0" /><Point X="194" Y="277" T="0" /><Point X="196" Y="280" T="0" /><Point X="202" Y="295" T="0" /><Point X="205" Y="301" T="0" /><Point X="207" Y="305" T="0" /><Point X="211" Y="311" T="0" /><Point X="221" Y="327" T="0" /><Point X="226" Y="333" T="0" /><Point X="230" Y="342" T="0" /><Point X="235" Y="348" T="0" /><Point X="242" Y="363" T="0" /><Point X="245" Y="368" T="0" /><Point X="249" Y="374" T="0" /><Point X="252" Y="380" T="0" /><Point X="256" Y="390" T="0" /><Point X="258" Y="393" T="0" /><Point X="260" Y="397" T="0" /><Point X="261" Y="399" T="0" /><Point X="266" Y="408" T="0" /><Point X="267" Y="411" T="0" /><Point X="268" Y="413" T="0" /><Point X="270" Y="416" T="0" /><Point X="274" Y="423" T="0" /><Point X="276" Y="425" T="0" /><Point X="277" Y="427" T="0" /><Point X="278" Y="429" T="0" /><Point X="281" Y="432" T="0" /><Point X="281" Y="433" T="0" /><Point X="282" Y="433" T="0" /><Point X="282" Y="434" T="0" /><Point X="283" Y="433" T="0" /><Point X="284" Y="431" T="0" /><Point X="284" Y="429" T="0" /><Point X="286" Y="425" T="0" /><Point X="288" Y="421" T="0" /><Point X="295" Y="411" T="0" /><Point X="300" Y="405" T="0" /><Point X="305" Y="397" T="0" /><Point X="311" Y="389" T="0" /><Point X="321" Y="376" T="0" /><Point X="324" Y="372" T="0" /><Point X="330" Y="363" T="0" /><Point X="334" Y="360" T="0" /><Point X="342" Y="349" T="0" /><Point X="347" Y="342" T="0" /><Point X="353" Y="334" T="0" /><Point X="355" Y="332" T="0" /><Point X="359" Y="325" T="0" /><Point X="366" Y="313" T="0" /><Point X="369" Y="310" T="0" /><Point X="373" Y="303" T="0" /><Point X="375" Y="301" T="0" /><Point X="382" Y="289" T="0" /><Point X="384" Y="287" T="0" /><Point X="385" Y="285" T="0" /><Point X="385" Y="284" T="0" /><Point X="386" Y="284" T="0" /><Point X="387" Y="289" T="0" /><Point X="389" Y="292" T="0" /><Point X="393" Y="303" T="0" /><Point X="395" Y="308" T="0" /><Point X="398" Y="316" T="0" /><Point X="401" Y="321" T="0" /><Point X="408" Y="334" T="0" /><Point X="420" Y="358" T="0" /><Point X="427" Y="370" T="0" /><Point X="432" Y="379" T="0" /><Point X="436" Y="384" T="0" /><Point X="454" Y="411" T="0" /><Point X="458" Y="418" T="0" /><Point X="462" Y="423" T="0" /><Point X="465" Y="428" T="0" /><Point X="472" Y="438" T="0" /><Point X="475" Y="443" T="0" /><Point X="479" Y="449" T="0" /><Point X="485" Y="458" T="0" /><Point X="485" Y="459" T="0" /><Point X="486" Y="459" T="0" /><Point X="486" Y="460" T="0" /><Point X="486" Y="461" T="0" /><Point X="488" Y="456" T="0" /><Point X="490" Y="452" T="0" /><Point X="493" Y="447" T="0" /><Point X="497" Y="441" T="0" /><Point X="502" Y="433" T="0" /><Point X="516" Y="411" T="0" /><Point X="521" Y="404" T="0" /><Point X="529" Y="395" T="0" /><Point X="536" Y="387" T="0" /><Point X="547" Y="374" T="0" /><Point X="555" Y="365" T="0" /><Point X="562" Y="357" T="0" /><Point X="566" Y="353" T="0" /><Point X="579" Y="336" T="0" /><Point X="588" Y="325" T="0" /><Point X="591" Y="321" T="0" /><Point X="596" Y="311" T="0" /><Point X="598" Y="308" T="0" /><Point X="600" Y="306" T="0" /><Point X="601" Y="303" T="0" /><Point X="602" Y="301" T="0" /><Point X="602" Y="300" T="0" /></Gesture>