<Gesture Name="circle" Subject="1" Number="1" NumPts="153" Millseconds="0" AppName="Gestures" AppVer="1.0" Date="Wednesday, March 01, 2023" TimeOfDay="13:06:08" ID="3"><Point X="405" Y="179" T="0" /><Point X="401" Y="177" T="0" /><Point X="400" Y="177" T="0" /><Point X="400" Y="176" T="0" /><Point X="399" Y="176" T="0" /><Point X="394" Y="173" T="0" /><Point X="392" Y="173" T="0" /><Point X="391" Y="173" T="0" /><Point X="386" Y="172" T="0" /><Point X="381" Y="172" T="0" /><Point X="377" Y="172" T="0" /><Point X="374" Y="172" T="0" /><Point X="362" Y="172" T="0" /><Point X="358" Y="172" T="0" /><Point X="354" Y="173" T="0" /><Point X="350" Y="174" T="0" /><Point X="346" Y="175" T="0" /><Point X="334" Y="177" T="0" /><Point X="326" Y="178" T="0" /><Point X="320" Y="180" T="0" /><Point X="316" Y="181" T="0" /><Point X="304" Y="185" T="0" /><Point X="300" Y="186" T="0" /><Point X="295" Y="189" T="0" /><Point X="292" Y="191" T="0" /><Point X="282" Y="196" T="0" /><Point X="279" Y="199" T="0" /><Point X="276" Y="201" T="0" /><Point X="273" Y="203" T="0" /><Point X="267" Y="210" T="0" /><Point X="265" Y="212" T="0" /><Point X="263" Y="216" T="0" /><Point X="260" Y="221" T="0" /><Point X="255" Y="231" T="0" /><Point X="253" Y="236" T="0" /><Point X="251" Y="241" T="0" /><Point X="250" Y="245" T="0" /><Point X="246" Y="253" T="0" /><Point X="245" Y="258" T="0" /><Point X="244" Y="262" T="0" /><Point X="243" Y="267" T="0" /><Point X="241" Y="276" T="0" /><Point X="241" Y="280" T="0" /><Point X="240" Y="286" T="0" /><Point X="239" Y="291" T="0" /><Point X="236" Y="299" T="0" /><Point X="233" Y="313" T="0" /><Point X="232" Y="317" T="0" /><Point X="231" Y="323" T="0" /><Point X="229" Y="332" T="0" /><Point X="228" Y="343" T="0" /><Point X="227" Y="353" T="0" /><Point X="226" Y="360" T="0" /><Point X="226" Y="368" T="0" /><Point X="226" Y="380" T="0" /><Point X="226" Y="387" T="0" /><Point X="226" Y="393" T="0" /><Point X="226" Y="397" T="0" /><Point X="226" Y="409" T="0" /><Point X="227" Y="415" T="0" /><Point X="227" Y="418" T="0" /><Point X="228" Y="423" T="0" /><Point X="232" Y="431" T="0" /><Point X="235" Y="438" T="0" /><Point X="238" Y="441" T="0" /><Point X="239" Y="443" T="0" /><Point X="247" Y="452" T="0" /><Point X="249" Y="456" T="0" /><Point X="251" Y="458" T="0" /><Point X="254" Y="460" T="0" /><Point X="261" Y="467" T="0" /><Point X="265" Y="471" T="0" /><Point X="268" Y="474" T="0" /><Point X="273" Y="478" T="0" /><Point X="278" Y="482" T="0" /><Point X="291" Y="491" T="0" /><Point X="298" Y="495" T="0" /><Point X="306" Y="498" T="0" /><Point X="312" Y="500" T="0" /><Point X="335" Y="506" T="0" /><Point X="346" Y="508" T="0" /><Point X="354" Y="510" T="0" /><Point X="363" Y="511" T="0" /><Point X="379" Y="513" T="0" /><Point X="386" Y="514" T="0" /><Point X="394" Y="514" T="0" /><Point X="402" Y="514" T="0" /><Point X="413" Y="511" T="0" /><Point X="423" Y="508" T="0" /><Point X="427" Y="506" T="0" /><Point X="433" Y="503" T="0" /><Point X="443" Y="498" T="0" /><Point X="447" Y="495" T="0" /><Point X="449" Y="493" T="0" /><Point X="454" Y="489" T="0" /><Point X="462" Y="482" T="0" /><Point X="464" Y="480" T="0" /><Point X="468" Y="475" T="0" /><Point X="472" Y="471" T="0" /><Point X="481" Y="460" T="0" /><Point X="483" Y="456" T="0" /><Point X="486" Y="451" T="0" /><Point X="490" Y="446" T="0" /><Point X="493" Y="440" T="0" /><Point X="499" Y="429" T="0" /><Point X="503" Y="422" T="0" /><Point X="504" Y="418" T="0" /><Point X="506" Y="411" T="0" /><Point X="510" Y="396" T="0" /><Point X="511" Y="391" T="0" /><Point X="513" Y="382" T="0" /><Point X="514" Y="376" T="0" /><Point X="514" Y="360" T="0" /><Point X="514" Y="349" T="0" /><Point X="514" Y="342" T="0" /><Point X="513" Y="337" T="0" /><Point X="510" Y="318" T="0" /><Point X="509" Y="312" T="0" /><Point X="508" Y="307" T="0" /><Point X="505" Y="300" T="0" /><Point X="500" Y="284" T="0" /><Point X="497" Y="279" T="0" /><Point X="495" Y="273" T="0" /><Point X="493" Y="269" T="0" /><Point X="488" Y="258" T="0" /><Point X="485" Y="253" T="0" /><Point X="484" Y="250" T="0" /><Point X="480" Y="244" T="0" /><Point X="473" Y="235" T="0" /><Point X="470" Y="231" T="0" /><Point X="467" Y="228" T="0" /><Point X="463" Y="225" T="0" /><Point X="460" Y="222" T="0" /><Point X="454" Y="217" T="0" /><Point X="450" Y="214" T="0" /><Point X="448" Y="212" T="0" /><Point X="446" Y="211" T="0" /><Point X="441" Y="206" T="0" /><Point X="440" Y="205" T="0" /><Point X="438" Y="203" T="0" /><Point X="437" Y="203" T="0" /><Point X="434" Y="200" T="0" /><Point X="433" Y="199" T="0" /><Point X="432" Y="199" T="0" /><Point X="432" Y="198" T="0" /><Point X="431" Y="198" T="0" /><Point X="430" Y="197" T="0" /><Point X="429" Y="197" T="0" /><Point X="426" Y="195" T="0" /><Point X="425" Y="195" T="0" /><Point X="424" Y="195" T="0" /><Point X="424" Y="194" T="0" /><Point X="423" Y="194" T="0" /></Gesture>