<Gesture Name="circle" Subject="1" Number="1" NumPts="82" Millseconds="0" AppName="Gestures" AppVer="1.0" Date="Wednesday, March 01, 2023" TimeOfDay="13:12:02" ID="9"><Point X="123" Y="459" T="0" /><Point X="128" Y="450" T="0" /><Point X="132" Y="443" T="0" /><Point X="135" Y="440" T="0" /><Point X="153" Y="417" T="0" /><Point X="167" Y="401" T="0" /><Point X="175" Y="391" T="0" /><Point X="181" Y="384" T="0" /><Point X="191" Y="372" T="0" /><Point X="208" Y="352" T="0" /><Point X="222" Y="338" T="0" /><Point X="235" Y="322" T="0" /><Point X="237" Y="320" T="0" /><Point X="240" Y="316" T="0" /><Point X="241" Y="315" T="0" /><Point X="242" Y="316" T="0" /><Point X="243" Y="317" T="0" /><Point X="244" Y="318" T="0" /><Point X="245" Y="321" T="0" /><Point X="249" Y="328" T="0" /><Point X="255" Y="341" T="0" /><Point X="262" Y="355" T="0" /><Point X="282" Y="391" T="0" /><Point X="295" Y="414" T="0" /><Point X="301" Y="423" T="0" /><Point X="329" Y="464" T="0" /><Point X="336" Y="475" T="0" /><Point X="343" Y="486" T="0" /><Point X="350" Y="498" T="0" /><Point X="360" Y="513" T="0" /><Point X="364" Y="520" T="0" /><Point X="367" Y="525" T="0" /><Point X="369" Y="528" T="0" /><Point X="371" Y="530" T="0" /><Point X="371" Y="529" T="0" /><Point X="371" Y="528" T="0" /><Point X="372" Y="522" T="0" /><Point X="373" Y="519" T="0" /><Point X="377" Y="507" T="0" /><Point X="379" Y="501" T="0" /><Point X="382" Y="492" T="0" /><Point X="386" Y="483" T="0" /><Point X="392" Y="465" T="0" /><Point X="395" Y="457" T="0" /><Point X="398" Y="449" T="0" /><Point X="401" Y="441" T="0" /><Point X="410" Y="415" T="0" /><Point X="416" Y="401" T="0" /><Point X="419" Y="394" T="0" /><Point X="427" Y="376" T="0" /><Point X="429" Y="374" T="0" /><Point X="429" Y="372" T="0" /><Point X="430" Y="371" T="0" /><Point X="431" Y="372" T="0" /><Point X="432" Y="375" T="0" /><Point X="434" Y="380" T="0" /><Point X="437" Y="385" T="0" /><Point X="445" Y="402" T="0" /><Point X="449" Y="409" T="0" /><Point X="461" Y="428" T="0" /><Point X="484" Y="461" T="0" /><Point X="493" Y="471" T="0" /><Point X="501" Y="482" T="0" /><Point X="509" Y="492" T="0" /><Point X="526" Y="513" T="0" /><Point X="529" Y="518" T="0" /><Point X="530" Y="519" T="0" /><Point X="533" Y="515" T="0" /><Point X="534" Y="513" T="0" /><Point X="538" Y="507" T="0" /><Point X="542" Y="501" T="0" /><Point X="549" Y="492" T="0" /><Point X="554" Y="484" T="0" /><Point X="579" Y="444" T="0" /><Point X="587" Y="429" T="0" /><Point X="592" Y="421" T="0" /><Point X="599" Y="408" T="0" /><Point X="615" Y="378" T="0" /><Point X="619" Y="370" T="0" /><Point X="621" Y="366" T="0" /><Point X="624" Y="359" T="0" /><Point X="625" Y="357" T="0" /></Gesture>