<Gesture Name="delete" Subject="1" Number="1" NumPts="105" Millseconds="0" AppName="Gestures" AppVer="1.0" Date="Wednesday, March 01, 2023" TimeOfDay="13:09:27" ID="6"><Point X="223" Y="165" T="0" /><Point X="225" Y="166" T="0" /><Point X="226" Y="167" T="0" /><Point X="228" Y="169" T="0" /><Point X="229" Y="170" T="0" /><Point X="236" Y="179" T="0" /><Point X="240" Y="187" T="0" /><Point X="244" Y="195" T="0" /><Point X="247" Y="201" T="0" /><Point X="260" Y="233" T="0" /><Point X="263" Y="241" T="0" /><Point X="268" Y="254" T="0" /><Point X="272" Y="266" T="0" /><Point X="288" Y="305" T="0" /><Point X="292" Y="316" T="0" /><Point X="296" Y="326" T="0" /><Point X="302" Y="340" T="0" /><Point X="306" Y="348" T="0" /><Point X="316" Y="368" T="0" /><Point X="319" Y="374" T="0" /><Point X="323" Y="381" T="0" /><Point X="325" Y="384" T="0" /><Point X="328" Y="390" T="0" /><Point X="328" Y="391" T="0" /><Point X="329" Y="392" T="0" /><Point X="332" Y="397" T="0" /><Point X="333" Y="398" T="0" /><Point X="335" Y="401" T="0" /><Point X="337" Y="402" T="0" /><Point X="342" Y="409" T="0" /><Point X="345" Y="412" T="0" /><Point X="345" Y="413" T="0" /><Point X="347" Y="415" T="0" /><Point X="351" Y="420" T="0" /><Point X="353" Y="422" T="0" /><Point X="355" Y="424" T="0" /><Point X="356" Y="425" T="0" /><Point X="361" Y="429" T="0" /><Point X="361" Y="430" T="0" /><Point X="362" Y="430" T="0" /><Point X="361" Y="430" T="0" /><Point X="360" Y="430" T="0" /><Point X="359" Y="430" T="0" /><Point X="356" Y="430" T="0" /><Point X="352" Y="429" T="0" /><Point X="349" Y="429" T="0" /><Point X="342" Y="428" T="0" /><Point X="335" Y="428" T="0" /><Point X="318" Y="427" T="0" /><Point X="309" Y="427" T="0" /><Point X="302" Y="427" T="0" /><Point X="293" Y="427" T="0" /><Point X="276" Y="427" T="0" /><Point X="269" Y="427" T="0" /><Point X="260" Y="427" T="0" /><Point X="252" Y="427" T="0" /><Point X="239" Y="427" T="0" /><Point X="235" Y="427" T="0" /><Point X="231" Y="427" T="0" /><Point X="225" Y="427" T="0" /><Point X="221" Y="427" T="0" /><Point X="214" Y="428" T="0" /><Point X="213" Y="428" T="0" /><Point X="212" Y="428" T="0" /><Point X="211" Y="428" T="0" /><Point X="210" Y="428" T="0" /><Point X="209" Y="428" T="0" /><Point X="208" Y="428" T="0" /><Point X="207" Y="429" T="0" /><Point X="209" Y="427" T="0" /><Point X="211" Y="426" T="0" /><Point X="213" Y="422" T="0" /><Point X="217" Y="417" T="0" /><Point X="220" Y="412" T="0" /><Point X="223" Y="408" T="0" /><Point X="228" Y="402" T="0" /><Point X="233" Y="396" T="0" /><Point X="243" Y="382" T="0" /><Point X="254" Y="366" T="0" /><Point X="258" Y="361" T="0" /><Point X="264" Y="353" T="0" /><Point X="280" Y="328" T="0" /><Point X="284" Y="322" T="0" /><Point X="291" Y="310" T="0" /><Point X="297" Y="303" T="0" /><Point X="317" Y="272" T="0" /><Point X="321" Y="266" T="0" /><Point X="330" Y="254" T="0" /><Point X="334" Y="249" T="0" /><Point X="351" Y="226" T="0" /><Point X="356" Y="220" T="0" /><Point X="361" Y="213" T="0" /><Point X="366" Y="208" T="0" /><Point X="378" Y="195" T="0" /><Point X="384" Y="189" T="0" /><Point X="389" Y="184" T="0" /><Point X="396" Y="178" T="0" /><Point X="405" Y="168" T="0" /><Point X="408" Y="165" T="0" /><Point X="410" Y="163" T="0" /><Point X="412" Y="160" T="0" /><Point X="417" Y="155" T="0" /><Point X="418" Y="154" T="0" /><Point X="419" Y="154" T="0" /><Point X="419" Y="153" T="0" /></Gesture>