<Gesture Name="delete" Subject="1" Number="1" NumPts="99" Millseconds="0" AppName="Gestures" AppVer="1.0" Date="Wednesday, March 01, 2023" TimeOfDay="13:07:32" ID="4"><Point X="313" Y="175" T="0" /><Point X="313" Y="176" T="0" /><Point X="315" Y="178" T="0" /><Point X="317" Y="184" T="0" /><Point X="319" Y="188" T="0" /><Point X="325" Y="202" T="0" /><Point X="328" Y="208" T="0" /><Point X="332" Y="216" T="0" /><Point X="338" Y="228" T="0" /><Point X="351" Y="253" T="0" /><Point X="355" Y="262" T="0" /><Point X="359" Y="269" T="0" /><Point X="364" Y="280" T="0" /><Point X="379" Y="307" T="0" /><Point X="385" Y="318" T="0" /><Point X="391" Y="328" T="0" /><Point X="394" Y="334" T="0" /><Point X="407" Y="356" T="0" /><Point X="413" Y="365" T="0" /><Point X="418" Y="373" T="0" /><Point X="423" Y="381" T="0" /><Point X="432" Y="392" T="0" /><Point X="435" Y="398" T="0" /><Point X="440" Y="405" T="0" /><Point X="443" Y="409" T="0" /><Point X="449" Y="419" T="0" /><Point X="452" Y="424" T="0" /><Point X="456" Y="430" T="0" /><Point X="459" Y="435" T="0" /><Point X="465" Y="443" T="0" /><Point X="467" Y="446" T="0" /><Point X="468" Y="448" T="0" /><Point X="470" Y="450" T="0" /><Point X="471" Y="450" T="0" /><Point X="470" Y="450" T="0" /><Point X="469" Y="450" T="0" /><Point X="468" Y="450" T="0" /><Point X="462" Y="450" T="0" /><Point X="460" Y="450" T="0" /><Point X="456" Y="450" T="0" /><Point X="448" Y="450" T="0" /><Point X="436" Y="452" T="0" /><Point X="426" Y="453" T="0" /><Point X="418" Y="454" T="0" /><Point X="412" Y="454" T="0" /><Point X="396" Y="457" T="0" /><Point X="390" Y="458" T="0" /><Point X="383" Y="458" T="0" /><Point X="376" Y="459" T="0" /><Point X="365" Y="460" T="0" /><Point X="358" Y="460" T="0" /><Point X="352" Y="460" T="0" /><Point X="349" Y="460" T="0" /><Point X="343" Y="461" T="0" /><Point X="331" Y="461" T="0" /><Point X="328" Y="461" T="0" /><Point X="324" Y="461" T="0" /><Point X="321" Y="461" T="0" /><Point X="312" Y="461" T="0" /><Point X="307" Y="461" T="0" /><Point X="303" Y="461" T="0" /><Point X="300" Y="461" T="0" /><Point X="293" Y="461" T="0" /><Point X="291" Y="461" T="0" /><Point X="290" Y="461" T="0" /><Point X="289" Y="461" T="0" /><Point X="288" Y="461" T="0" /><Point X="287" Y="461" T="0" /><Point X="288" Y="461" T="0" /><Point X="290" Y="459" T="0" /><Point X="293" Y="455" T="0" /><Point X="298" Y="450" T="0" /><Point X="303" Y="444" T="0" /><Point X="312" Y="434" T="0" /><Point X="321" Y="424" T="0" /><Point X="327" Y="417" T="0" /><Point X="332" Y="410" T="0" /><Point X="351" Y="385" T="0" /><Point X="361" Y="372" T="0" /><Point X="365" Y="366" T="0" /><Point X="374" Y="353" T="0" /><Point X="394" Y="325" T="0" /><Point X="404" Y="312" T="0" /><Point X="412" Y="302" T="0" /><Point X="421" Y="292" T="0" /><Point X="442" Y="270" T="0" /><Point X="453" Y="259" T="0" /><Point X="462" Y="250" T="0" /><Point X="467" Y="244" T="0" /><Point X="497" Y="214" T="0" /><Point X="504" Y="208" T="0" /><Point X="509" Y="202" T="0" /><Point X="518" Y="193" T="0" /><Point X="526" Y="184" T="0" /><Point X="529" Y="180" T="0" /><Point X="532" Y="177" T="0" /><Point X="532" Y="176" T="0" /><Point X="533" Y="176" T="0" /><Point X="533" Y="175" T="0" /></Gesture>