<Gesture Name="delete" Subject="1" Number="1" NumPts="108" Millseconds="0" AppName="Gestures" AppVer="1.0" Date="Wednesday, March 01, 2023" TimeOfDay="13:13:31" ID="10"><Point X="285" Y="395" T="0" /><Point X="289" Y="386" T="0" /><Point X="292" Y="380" T="0" /><Point X="297" Y="369" T="0" /><Point X="317" Y="334" T="0" /><Point X="326" Y="322" T="0" /><Point X="336" Y="310" T="0" /><Point X="350" Y="294" T="0" /><Point X="393" Y="247" T="0" /><Point X="404" Y="236" T="0" /><Point X="412" Y="225" T="0" /><Point X="425" Y="209" T="0" /><Point X="450" Y="171" T="0" /><Point X="457" Y="159" T="0" /><Point X="462" Y="152" T="0" /><Point X="467" Y="142" T="0" /><Point X="478" Y="118" T="0" /><Point X="480" Y="113" T="0" /><Point X="482" Y="108" T="0" /><Point X="483" Y="105" T="0" /><Point X="485" Y="102" T="0" /><Point X="486" Y="100" T="0" /><Point X="487" Y="102" T="0" /><Point X="488" Y="104" T="0" /><Point X="488" Y="107" T="0" /><Point X="491" Y="114" T="0" /><Point X="492" Y="120" T="0" /><Point X="494" Y="126" T="0" /><Point X="497" Y="140" T="0" /><Point X="507" Y="179" T="0" /><Point X="512" Y="199" T="0" /><Point X="523" Y="242" T="0" /><Point X="528" Y="261" T="0" /><Point X="530" Y="269" T="0" /><Point X="534" Y="285" T="0" /><Point X="536" Y="291" T="0" /><Point X="536" Y="295" T="0" /><Point X="538" Y="301" T="0" /><Point X="539" Y="305" T="0" /><Point X="541" Y="317" T="0" /><Point X="541" Y="320" T="0" /><Point X="542" Y="324" T="0" /><Point X="542" Y="326" T="0" /><Point X="543" Y="334" T="0" /><Point X="541" Y="333" T="0" /><Point X="538" Y="331" T="0" /><Point X="529" Y="323" T="0" /><Point X="522" Y="316" T="0" /><Point X="496" Y="292" T="0" /><Point X="480" Y="279" T="0" /><Point X="469" Y="270" T="0" /><Point X="453" Y="260" T="0" /><Point X="414" Y="236" T="0" /><Point X="400" Y="226" T="0" /><Point X="389" Y="220" T="0" /><Point X="384" Y="216" T="0" /><Point X="378" Y="210" T="0" /><Point X="372" Y="204" T="0" /><Point X="372" Y="202" T="0" /><Point X="372" Y="201" T="0" /><Point X="371" Y="199" T="0" /><Point X="371" Y="198" T="0" /><Point X="372" Y="197" T="0" /><Point X="373" Y="196" T="0" /><Point X="376" Y="194" T="0" /><Point X="383" Y="190" T="0" /><Point X="391" Y="188" T="0" /><Point X="403" Y="184" T="0" /><Point X="450" Y="174" T="0" /><Point X="468" Y="172" T="0" /><Point X="490" Y="169" T="0" /><Point X="505" Y="168" T="0" /><Point X="559" Y="163" T="0" /><Point X="573" Y="162" T="0" /><Point X="579" Y="161" T="0" /><Point X="586" Y="160" T="0" /><Point X="595" Y="159" T="0" /><Point X="595" Y="158" T="0" /><Point X="597" Y="158" T="0" /><Point X="598" Y="158" T="0" /><Point X="598" Y="157" T="0" /><Point X="604" Y="156" T="0" /><Point X="604" Y="155" T="0" /><Point X="599" Y="159" T="0" /><Point X="596" Y="162" T="0" /><Point X="586" Y="170" T="0" /><Point X="580" Y="177" T="0" /><Point X="551" Y="205" T="0" /><Point X="541" Y="214" T="0" /><Point X="532" Y="223" T="0" /><Point X="518" Y="234" T="0" /><Point X="481" Y="264" T="0" /><Point X="469" Y="275" T="0" /><Point X="460" Y="284" T="0" /><Point X="450" Y="294" T="0" /><Point X="435" Y="308" T="0" /><Point X="425" Y="317" T="0" /><Point X="420" Y="322" T="0" /><Point X="417" Y="326" T="0" /><Point X="413" Y="329" T="0" /><Point X="408" Y="335" T="0" /><Point X="406" Y="337" T="0" /><Point X="405" Y="337" T="0" /><Point X="405" Y="338" T="0" /><Point X="404" Y="339" T="0" /><Point X="403" Y="340" T="0" /><Point X="402" Y="340" T="0" /><Point X="402" Y="341" T="0" /></Gesture>