<Gesture Name="delete" Subject="1" Number="1" NumPts="83" Millseconds="0" AppName="Gestures" AppVer="1.0" Date="Wednesday, March 01, 2023" TimeOfDay="13:05:22" ID="2"><Point X="268" Y="141" T="0" /><Point X="269" Y="142" T="0" /><Point X="272" Y="145" T="0" /><Point X="273" Y="147" T="0" /><Point X="278" Y="154" T="0" /><Point X="283" Y="162" T="0" /><Point X="286" Y="167" T="0" /><Point X="312" Y="207" T="0" /><Point X="322" Y="223" T="0" /><Point X="330" Y="235" T="0" /><Point X="340" Y="249" T="0" /><Point X="377" Y="302" T="0" /><Point X="384" Y="315" T="0" /><Point X="397" Y="335" T="0" /><Point X="404" Y="347" T="0" /><Point X="426" Y="380" T="0" /><Point X="429" Y="385" T="0" /><Point X="433" Y="392" T="0" /><Point X="438" Y="397" T="0" /><Point X="441" Y="402" T="0" /><Point X="443" Y="403" T="0" /><Point X="443" Y="405" T="0" /><Point X="444" Y="405" T="0" /><Point X="444" Y="406" T="0" /><Point X="445" Y="406" T="0" /><Point X="447" Y="408" T="0" /><Point X="449" Y="410" T="0" /><Point X="450" Y="411" T="0" /><Point X="452" Y="413" T="0" /><Point X="455" Y="416" T="0" /><Point X="456" Y="416" T="0" /><Point X="456" Y="417" T="0" /><Point X="455" Y="417" T="0" /><Point X="453" Y="418" T="0" /><Point X="450" Y="419" T="0" /><Point X="446" Y="420" T="0" /><Point X="444" Y="421" T="0" /><Point X="436" Y="423" T="0" /><Point X="420" Y="425" T="0" /><Point X="414" Y="426" T="0" /><Point X="401" Y="426" T="0" /><Point X="394" Y="426" T="0" /><Point X="381" Y="425" T="0" /><Point X="341" Y="422" T="0" /><Point X="329" Y="422" T="0" /><Point X="321" Y="420" T="0" /><Point X="310" Y="420" T="0" /><Point X="289" Y="419" T="0" /><Point X="284" Y="419" T="0" /><Point X="281" Y="419" T="0" /><Point X="275" Y="419" T="0" /><Point X="271" Y="421" T="0" /><Point X="271" Y="420" T="0" /><Point X="272" Y="419" T="0" /><Point X="275" Y="415" T="0" /><Point X="277" Y="412" T="0" /><Point X="282" Y="405" T="0" /><Point X="288" Y="397" T="0" /><Point X="292" Y="391" T="0" /><Point X="299" Y="380" T="0" /><Point X="321" Y="346" T="0" /><Point X="329" Y="335" T="0" /><Point X="337" Y="324" T="0" /><Point X="345" Y="313" T="0" /><Point X="371" Y="278" T="0" /><Point X="378" Y="267" T="0" /><Point X="386" Y="256" T="0" /><Point X="393" Y="246" T="0" /><Point X="410" Y="224" T="0" /><Point X="418" Y="212" T="0" /><Point X="424" Y="205" T="0" /><Point X="428" Y="199" T="0" /><Point X="439" Y="186" T="0" /><Point X="444" Y="179" T="0" /><Point X="447" Y="175" T="0" /><Point X="451" Y="170" T="0" /><Point X="457" Y="160" T="0" /><Point X="461" Y="155" T="0" /><Point X="464" Y="151" T="0" /><Point X="465" Y="149" T="0" /><Point X="470" Y="142" T="0" /><Point X="471" Y="140" T="0" /><Point X="472" Y="140" T="0" /></Gesture>