<Gesture Name="delete" Subject="1" Number="1" NumPts="77" Millseconds="0" AppName="Gestures" AppVer="1.0" Date="Wednesday, March 01, 2023" TimeOfDay="13:08:28" ID="5"><Point X="296" Y="129" T="0" /><Point X="297" Y="130" T="0" /><Point X="299" Y="131" T="0" /><Point X="302" Y="134" T="0" /><Point X="305" Y="137" T="0" /><Point X="324" Y="157" T="0" /><Point X="331" Y="168" T="0" /><Point X="340" Y="179" T="0" /><Point X="348" Y="191" T="0" /><Point X="376" Y="239" T="0" /><Point X="381" Y="249" T="0" /><Point X="412" Y="294" T="0" /><Point X="418" Y="305" T="0" /><Point X="424" Y="312" T="0" /><Point X="427" Y="317" T="0" /><Point X="437" Y="331" T="0" /><Point X="440" Y="335" T="0" /><Point X="442" Y="337" T="0" /><Point X="444" Y="340" T="0" /><Point X="447" Y="343" T="0" /><Point X="451" Y="347" T="0" /><Point X="452" Y="347" T="0" /><Point X="453" Y="349" T="0" /><Point X="454" Y="351" T="0" /><Point X="458" Y="355" T="0" /><Point X="460" Y="357" T="0" /><Point X="462" Y="359" T="0" /><Point X="464" Y="360" T="0" /><Point X="468" Y="364" T="0" /><Point X="469" Y="365" T="0" /><Point X="470" Y="365" T="0" /><Point X="470" Y="366" T="0" /><Point X="471" Y="367" T="0" /><Point X="472" Y="367" T="0" /><Point X="471" Y="367" T="0" /><Point X="470" Y="367" T="0" /><Point X="468" Y="367" T="0" /><Point X="461" Y="367" T="0" /><Point X="455" Y="367" T="0" /><Point X="443" Y="367" T="0" /><Point X="414" Y="368" T="0" /><Point X="396" Y="369" T="0" /><Point X="384" Y="370" T="0" /><Point X="369" Y="370" T="0" /><Point X="331" Y="370" T="0" /><Point X="320" Y="370" T="0" /><Point X="312" Y="370" T="0" /><Point X="298" Y="370" T="0" /><Point X="282" Y="370" T="0" /><Point X="279" Y="370" T="0" /><Point X="274" Y="370" T="0" /><Point X="272" Y="370" T="0" /><Point X="269" Y="370" T="0" /><Point X="269" Y="371" T="0" /><Point X="269" Y="370" T="0" /><Point X="271" Y="367" T="0" /><Point X="273" Y="364" T="0" /><Point X="276" Y="360" T="0" /><Point X="286" Y="346" T="0" /><Point X="291" Y="340" T="0" /><Point X="300" Y="329" T="0" /><Point X="305" Y="324" T="0" /><Point X="340" Y="283" T="0" /><Point X="350" Y="270" T="0" /><Point X="359" Y="259" T="0" /><Point X="372" Y="245" T="0" /><Point X="411" Y="199" T="0" /><Point X="421" Y="187" T="0" /><Point X="429" Y="177" T="0" /><Point X="437" Y="166" T="0" /><Point X="455" Y="145" T="0" /><Point X="459" Y="139" T="0" /><Point X="466" Y="131" T="0" /><Point X="469" Y="127" T="0" /><Point X="475" Y="119" T="0" /><Point X="476" Y="119" T="0" /><Point X="476" Y="118" T="0" /></Gesture>