<Gesture Name="delete" Subject="1" Number="1" NumPts="114" Millseconds="0" AppName="Gestures" AppVer="1.0" Date="Wednesday, March 01, 2023" TimeOfDay="13:10:35" ID="7"><Point X="190" Y="411" T="0" /><Point X="191" Y="409" T="0" /><Point X="196" Y="401" T="0" /><Point X="212" Y="378" T="0" /><Point X="221" Y="367" T="0" /><Point X="230" Y="354" T="0" /><Point X="238" Y="343" T="0" /><Point X="273" Y="296" T="0" /><Point X="285" Y="278" T="0" /><Point X="295" Y="266" T="0" /><Point X="386" Y="158" T="0" /><Point X="390" Y="153" T="0" /><Point X="396" Y="146" T="0" /><Point X="400" Y="141" T="0" /><Point X="409" Y="130" T="0" /><Point X="410" Y="128" T="0" /><Point X="410" Y="127" T="0" /><Point X="411" Y="127" T="0" /><Point X="411" Y="128" T="0" /><Point X="412" Y="129" T="0" /><Point X="413" Y="132" T="0" /><Point X="414" Y="136" T="0" /><Point X="417" Y="142" T="0" /><Point X="419" Y="150" T="0" /><Point X="427" Y="175" T="0" /><Point X="433" Y="196" T="0" /><Point X="436" Y="206" T="0" /><Point X="442" Y="223" T="0" /><Point X="445" Y="239" T="0" /><Point X="447" Y="247" T="0" /><Point X="449" Y="257" T="0" /><Point X="453" Y="279" T="0" /><Point X="455" Y="288" T="0" /><Point X="456" Y="294" T="0" /><Point X="457" Y="304" T="0" /><Point X="459" Y="318" T="0" /><Point X="460" Y="323" T="0" /><Point X="460" Y="330" T="0" /><Point X="462" Y="339" T="0" /><Point X="463" Y="346" T="0" /><Point X="465" Y="357" T="0" /><Point X="467" Y="361" T="0" /><Point X="468" Y="366" T="0" /><Point X="469" Y="372" T="0" /><Point X="472" Y="381" T="0" /><Point X="472" Y="383" T="0" /><Point X="472" Y="384" T="0" /><Point X="473" Y="385" T="0" /><Point X="474" Y="389" T="0" /><Point X="474" Y="390" T="0" /><Point X="474" Y="392" T="0" /><Point X="475" Y="393" T="0" /><Point X="475" Y="394" T="0" /><Point X="475" Y="395" T="0" /><Point X="475" Y="396" T="0" /><Point X="475" Y="395" T="0" /><Point X="474" Y="395" T="0" /><Point X="471" Y="393" T="0" /><Point X="465" Y="387" T="0" /><Point X="457" Y="379" T="0" /><Point X="409" Y="343" T="0" /><Point X="394" Y="331" T="0" /><Point X="379" Y="322" T="0" /><Point X="361" Y="309" T="0" /><Point X="304" Y="270" T="0" /><Point X="292" Y="261" T="0" /><Point X="274" Y="245" T="0" /><Point X="264" Y="237" T="0" /><Point X="243" Y="218" T="0" /><Point X="237" Y="212" T="0" /><Point X="233" Y="208" T="0" /><Point X="228" Y="203" T="0" /><Point X="228" Y="202" T="0" /><Point X="227" Y="202" T="0" /><Point X="228" Y="202" T="0" /><Point X="228" Y="203" T="0" /><Point X="230" Y="203" T="0" /><Point X="234" Y="203" T="0" /><Point X="241" Y="203" T="0" /><Point X="254" Y="203" T="0" /><Point X="272" Y="201" T="0" /><Point X="290" Y="200" T="0" /><Point X="384" Y="196" T="0" /><Point X="412" Y="195" T="0" /><Point X="450" Y="195" T="0" /><Point X="472" Y="195" T="0" /><Point X="543" Y="195" T="0" /><Point X="557" Y="195" T="0" /><Point X="567" Y="195" T="0" /><Point X="576" Y="195" T="0" /><Point X="587" Y="193" T="0" /><Point X="590" Y="193" T="0" /><Point X="591" Y="193" T="0" /><Point X="591" Y="192" T="0" /><Point X="591" Y="193" T="0" /><Point X="589" Y="194" T="0" /><Point X="587" Y="196" T="0" /><Point X="585" Y="198" T="0" /><Point X="578" Y="204" T="0" /><Point X="565" Y="216" T="0" /><Point X="554" Y="225" T="0" /><Point X="547" Y="230" T="0" /><Point X="492" Y="269" T="0" /><Point X="477" Y="278" T="0" /><Point X="452" Y="291" T="0" /><Point X="430" Y="301" T="0" /><Point X="365" Y="331" T="0" /><Point X="349" Y="338" T="0" /><Point X="335" Y="345" T="0" /><Point X="324" Y="351" T="0" /><Point X="295" Y="364" T="0" /><Point X="291" Y="367" T="0" /><Point X="283" Y="371" T="0" /><Point X="273" Y="379" T="0" /></Gesture>