<Gesture Name="delete" Subject="1" Number="1" NumPts="73" Millseconds="0" AppName="Gestures" AppVer="1.0" Date="Wednesday, March 01, 2023" TimeOfDay="13:04:10" ID="1"><Point X="248" Y="147" T="0" /><Point X="249" Y="148" T="0" /><Point X="253" Y="149" T="0" /><Point X="270" Y="165" T="0" /><Point X="276" Y="171" T="0" /><Point X="289" Y="185" T="0" /><Point X="319" Y="218" T="0" /><Point X="327" Y="229" T="0" /><Point X="356" Y="264" T="0" /><Point X="368" Y="282" T="0" /><Point X="374" Y="290" T="0" /><Point X="385" Y="305" T="0" /><Point X="392" Y="315" T="0" /><Point X="394" Y="319" T="0" /><Point X="400" Y="325" T="0" /><Point X="408" Y="336" T="0" /><Point X="411" Y="339" T="0" /><Point X="415" Y="343" T="0" /><Point X="418" Y="345" T="0" /><Point X="422" Y="349" T="0" /><Point X="423" Y="350" T="0" /><Point X="424" Y="351" T="0" /><Point X="425" Y="352" T="0" /><Point X="427" Y="354" T="0" /><Point X="428" Y="354" T="0" /><Point X="429" Y="355" T="0" /><Point X="428" Y="354" T="0" /><Point X="427" Y="354" T="0" /><Point X="425" Y="353" T="0" /><Point X="419" Y="353" T="0" /><Point X="415" Y="353" T="0" /><Point X="399" Y="352" T="0" /><Point X="391" Y="352" T="0" /><Point X="375" Y="351" T="0" /><Point X="364" Y="350" T="0" /><Point X="313" Y="347" T="0" /><Point X="301" Y="346" T="0" /><Point X="287" Y="344" T="0" /><Point X="274" Y="342" T="0" /><Point X="257" Y="339" T="0" /><Point X="250" Y="338" T="0" /><Point X="248" Y="338" T="0" /><Point X="246" Y="338" T="0" /><Point X="247" Y="338" T="0" /><Point X="247" Y="337" T="0" /><Point X="248" Y="336" T="0" /><Point X="250" Y="334" T="0" /><Point X="252" Y="330" T="0" /><Point X="255" Y="325" T="0" /><Point X="258" Y="321" T="0" /><Point X="264" Y="314" T="0" /><Point X="274" Y="299" T="0" /><Point X="281" Y="291" T="0" /><Point X="289" Y="281" T="0" /><Point X="298" Y="271" T="0" /><Point X="327" Y="238" T="0" /><Point X="338" Y="228" T="0" /><Point X="346" Y="220" T="0" /><Point X="357" Y="211" T="0" /><Point X="385" Y="187" T="0" /><Point X="395" Y="178" T="0" /><Point X="405" Y="171" T="0" /><Point X="413" Y="164" T="0" /><Point X="422" Y="156" T="0" /><Point X="435" Y="145" T="0" /><Point X="442" Y="139" T="0" /><Point X="446" Y="134" T="0" /><Point X="449" Y="131" T="0" /><Point X="460" Y="119" T="0" /><Point X="464" Y="116" T="0" /><Point X="467" Y="112" T="0" /><Point X="469" Y="110" T="0" /><Point X="473" Y="106" T="0" /></Gesture>