<Gesture Name="delete" Subject="1" Number="1" NumPts="144" Millseconds="0" AppName="Gestures" AppVer="1.0" Date="Wednesday, March 01, 2023" TimeOfDay="13:12:27" ID="9"><Point X="277" Y="462" T="0" /><Point X="280" Y="454" T="0" /><Point X="284" Y="447" T="0" /><Point X="291" Y="434" T="0" /><Point X="297" Y="426" T="0" /><Point X="324" Y="383" T="0" /><Point X="343" Y="352" T="0" /><Point X="353" Y="336" T="0" /><Point X="380" Y="291" T="0" /><Point X="388" Y="278" T="0" /><Point X="397" Y="262" T="0" /><Point X="403" Y="250" T="0" /><Point X="423" Y="213" T="0" /><Point X="435" Y="192" T="0" /><Point X="439" Y="185" T="0" /><Point X="446" Y="174" T="0" /><Point X="448" Y="170" T="0" /><Point X="448" Y="169" T="0" /><Point X="448" Y="170" T="0" /><Point X="449" Y="170" T="0" /><Point X="449" Y="172" T="0" /><Point X="449" Y="175" T="0" /><Point X="450" Y="179" T="0" /><Point X="450" Y="184" T="0" /><Point X="451" Y="191" T="0" /><Point X="452" Y="208" T="0" /><Point X="453" Y="216" T="0" /><Point X="454" Y="226" T="0" /><Point X="454" Y="234" T="0" /><Point X="457" Y="254" T="0" /><Point X="459" Y="268" T="0" /><Point X="459" Y="273" T="0" /><Point X="461" Y="285" T="0" /><Point X="463" Y="302" T="0" /><Point X="465" Y="311" T="0" /><Point X="466" Y="318" T="0" /><Point X="467" Y="323" T="0" /><Point X="473" Y="349" T="0" /><Point X="474" Y="355" T="0" /><Point X="477" Y="375" T="0" /><Point X="479" Y="385" T="0" /><Point X="479" Y="388" T="0" /><Point X="482" Y="403" T="0" /><Point X="483" Y="408" T="0" /><Point X="483" Y="410" T="0" /><Point X="484" Y="414" T="0" /><Point X="484" Y="415" T="0" /><Point X="485" Y="419" T="0" /><Point X="485" Y="420" T="0" /><Point X="486" Y="424" T="0" /><Point X="487" Y="429" T="0" /><Point X="487" Y="430" T="0" /><Point X="488" Y="431" T="0" /><Point X="488" Y="432" T="0" /><Point X="488" Y="433" T="0" /><Point X="489" Y="433" T="0" /><Point X="489" Y="434" T="0" /><Point X="489" Y="435" T="0" /><Point X="489" Y="434" T="0" /><Point X="488" Y="434" T="0" /><Point X="487" Y="433" T="0" /><Point X="485" Y="432" T="0" /><Point X="478" Y="426" T="0" /><Point X="472" Y="421" T="0" /><Point X="440" Y="393" T="0" /><Point X="429" Y="383" T="0" /><Point X="414" Y="370" T="0" /><Point X="402" Y="359" T="0" /><Point X="388" Y="349" T="0" /><Point X="357" Y="320" T="0" /><Point X="348" Y="312" T="0" /><Point X="338" Y="303" T="0" /><Point X="331" Y="296" T="0" /><Point X="317" Y="283" T="0" /><Point X="314" Y="279" T="0" /><Point X="311" Y="276" T="0" /><Point X="307" Y="272" T="0" /><Point X="302" Y="266" T="0" /><Point X="300" Y="264" T="0" /><Point X="299" Y="263" T="0" /><Point X="298" Y="263" T="0" /><Point X="298" Y="262" T="0" /><Point X="296" Y="260" T="0" /><Point X="296" Y="259" T="0" /><Point X="297" Y="259" T="0" /><Point X="298" Y="259" T="0" /><Point X="305" Y="257" T="0" /><Point X="313" Y="256" T="0" /><Point X="326" Y="254" T="0" /><Point X="342" Y="253" T="0" /><Point X="366" Y="252" T="0" /><Point X="432" Y="253" T="0" /><Point X="447" Y="255" T="0" /><Point X="471" Y="256" T="0" /><Point X="483" Y="257" T="0" /><Point X="537" Y="261" T="0" /><Point X="550" Y="261" T="0" /><Point X="558" Y="261" T="0" /><Point X="567" Y="261" T="0" /><Point X="582" Y="259" T="0" /><Point X="585" Y="258" T="0" /><Point X="586" Y="257" T="0" /><Point X="589" Y="257" T="0" /><Point X="597" Y="254" T="0" /><Point X="602" Y="253" T="0" /><Point X="605" Y="252" T="0" /><Point X="608" Y="251" T="0" /><Point X="611" Y="251" T="0" /><Point X="614" Y="250" T="0" /><Point X="615" Y="249" T="0" /><Point X="616" Y="249" T="0" /><Point X="615" Y="250" T="0" /><Point X="614" Y="251" T="0" /><Point X="613" Y="253" T="0" /><Point X="609" Y="259" T="0" /><Point X="606" Y="262" T="0" /><Point X="602" Y="267" T="0" /><Point X="596" Y="275" T="0" /><Point X="588" Y="283" T="0" /><Point X="565" Y="304" T="0" /><Point X="554" Y="312" T="0" /><Point X="541" Y="321" T="0" /><Point X="526" Y="330" T="0" /><Point X="477" Y="356" T="0" /><Point X="465" Y="362" T="0" /><Point X="452" Y="370" T="0" /><Point X="445" Y="374" T="0" /><Point X="416" Y="389" T="0" /><Point X="409" Y="393" T="0" /><Point X="401" Y="398" T="0" /><Point X="394" Y="402" T="0" /><Point X="389" Y="406" T="0" /><Point X="376" Y="414" T="0" /><Point X="372" Y="416" T="0" /><Point X="365" Y="420" T="0" /><Point X="360" Y="423" T="0" /><Point X="349" Y="428" T="0" /><Point X="345" Y="429" T="0" /><Point X="339" Y="432" T="0" /><Point X="333" Y="435" T="0" /><Point X="324" Y="441" T="0" /><Point X="320" Y="443" T="0" /><Point X="317" Y="444" T="0" /><Point X="317" Y="445" T="0" /></Gesture>