<Gesture Name="delete" Subject="1" Number="1" NumPts="149" Millseconds="0" AppName="Gestures" AppVer="1.0" Date="Wednesday, March 01, 2023" TimeOfDay="13:11:33" ID="8"><Point X="148" Y="487" T="0" /><Point X="149" Y="484" T="0" /><Point X="151" Y="480" T="0" /><Point X="153" Y="475" T="0" /><Point X="156" Y="469" T="0" /><Point X="160" Y="462" T="0" /><Point X="166" Y="452" T="0" /><Point X="172" Y="440" T="0" /><Point X="176" Y="432" T="0" /><Point X="192" Y="400" T="0" /><Point X="198" Y="388" T="0" /><Point X="204" Y="376" T="0" /><Point X="211" Y="363" T="0" /><Point X="233" Y="325" T="0" /><Point X="241" Y="312" T="0" /><Point X="251" Y="297" T="0" /><Point X="258" Y="285" T="0" /><Point X="286" Y="245" T="0" /><Point X="293" Y="234" T="0" /><Point X="299" Y="222" T="0" /><Point X="304" Y="215" T="0" /><Point X="310" Y="203" T="0" /><Point X="328" Y="171" T="0" /><Point X="333" Y="163" T="0" /><Point X="338" Y="155" T="0" /><Point X="345" Y="145" T="0" /><Point X="359" Y="125" T="0" /><Point X="361" Y="123" T="0" /><Point X="365" Y="116" T="0" /><Point X="367" Y="114" T="0" /><Point X="369" Y="110" T="0" /><Point X="370" Y="110" T="0" /><Point X="370" Y="111" T="0" /><Point X="370" Y="113" T="0" /><Point X="372" Y="116" T="0" /><Point X="373" Y="119" T="0" /><Point X="374" Y="123" T="0" /><Point X="380" Y="138" T="0" /><Point X="383" Y="149" T="0" /><Point X="385" Y="157" T="0" /><Point X="390" Y="170" T="0" /><Point X="401" Y="203" T="0" /><Point X="406" Y="216" T="0" /><Point X="410" Y="229" T="0" /><Point X="414" Y="241" T="0" /><Point X="419" Y="251" T="0" /><Point X="425" Y="271" T="0" /><Point X="427" Y="279" T="0" /><Point X="430" Y="289" T="0" /><Point X="432" Y="296" T="0" /><Point X="437" Y="313" T="0" /><Point X="439" Y="320" T="0" /><Point X="440" Y="327" T="0" /><Point X="442" Y="332" T="0" /><Point X="446" Y="347" T="0" /><Point X="447" Y="352" T="0" /><Point X="448" Y="355" T="0" /><Point X="449" Y="358" T="0" /><Point X="450" Y="365" T="0" /><Point X="451" Y="368" T="0" /><Point X="451" Y="369" T="0" /><Point X="452" Y="372" T="0" /><Point X="455" Y="379" T="0" /><Point X="456" Y="381" T="0" /><Point X="456" Y="384" T="0" /><Point X="458" Y="388" T="0" /><Point X="460" Y="395" T="0" /><Point X="460" Y="397" T="0" /><Point X="460" Y="398" T="0" /><Point X="461" Y="400" T="0" /><Point X="461" Y="401" T="0" /><Point X="461" Y="406" T="0" /><Point X="462" Y="409" T="0" /><Point X="462" Y="414" T="0" /><Point X="462" Y="415" T="0" /><Point X="462" Y="414" T="0" /><Point X="461" Y="414" T="0" /><Point X="460" Y="414" T="0" /><Point X="459" Y="413" T="0" /><Point X="457" Y="411" T="0" /><Point X="455" Y="410" T="0" /><Point X="451" Y="405" T="0" /><Point X="445" Y="399" T="0" /><Point X="419" Y="371" T="0" /><Point X="409" Y="361" T="0" /><Point X="373" Y="329" T="0" /><Point X="289" Y="269" T="0" /><Point X="241" Y="235" T="0" /><Point X="224" Y="220" T="0" /><Point X="173" Y="170" T="0" /><Point X="158" Y="150" T="0" /><Point X="148" Y="138" T="0" /><Point X="146" Y="135" T="0" /><Point X="147" Y="135" T="0" /><Point X="148" Y="135" T="0" /><Point X="150" Y="135" T="0" /><Point X="157" Y="137" T="0" /><Point X="163" Y="137" T="0" /><Point X="170" Y="137" T="0" /><Point X="231" Y="138" T="0" /><Point X="246" Y="139" T="0" /><Point X="285" Y="141" T="0" /><Point X="344" Y="146" T="0" /><Point X="370" Y="149" T="0" /><Point X="388" Y="151" T="0" /><Point X="405" Y="153" T="0" /><Point X="464" Y="161" T="0" /><Point X="477" Y="163" T="0" /><Point X="489" Y="165" T="0" /><Point X="501" Y="166" T="0" /><Point X="518" Y="168" T="0" /><Point X="525" Y="170" T="0" /><Point X="537" Y="171" T="0" /><Point X="549" Y="171" T="0" /><Point X="555" Y="171" T="0" /><Point X="558" Y="171" T="0" /><Point X="564" Y="171" T="0" /><Point X="565" Y="171" T="0" /><Point X="563" Y="174" T="0" /><Point X="560" Y="178" T="0" /><Point X="557" Y="182" T="0" /><Point X="549" Y="191" T="0" /><Point X="538" Y="201" T="0" /><Point X="530" Y="211" T="0" /><Point X="500" Y="241" T="0" /><Point X="483" Y="256" T="0" /><Point X="473" Y="265" T="0" /><Point X="410" Y="322" T="0" /><Point X="394" Y="335" T="0" /><Point X="368" Y="359" T="0" /><Point X="325" Y="398" T="0" /><Point X="316" Y="408" T="0" /><Point X="300" Y="423" T="0" /><Point X="277" Y="446" T="0" /><Point X="274" Y="449" T="0" /><Point X="268" Y="454" T="0" /><Point X="262" Y="462" T="0" /><Point X="260" Y="464" T="0" /><Point X="260" Y="465" T="0" /><Point X="259" Y="466" T="0" /><Point X="258" Y="466" T="0" /><Point X="258" Y="467" T="0" /><Point X="257" Y="467" T="0" /><Point X="256" Y="468" T="0" /><Point X="255" Y="469" T="0" /><Point X="254" Y="469" T="0" /><Point X="254" Y="470" T="0" /><Point X="253" Y="470" T="0" /><Point X="254" Y="470" T="0" /></Gesture>