<Gesture Name="delete" Subject="1" Number="1" NumPts="70" Millseconds="0" AppName="Gestures" AppVer="1.0" Date="Wednesday, March 01, 2023" TimeOfDay="13:06:34" ID="3"><Point X="283" Y="267" T="0" /><Point X="284" Y="268" T="0" /><Point X="286" Y="270" T="0" /><Point X="287" Y="272" T="0" /><Point X="291" Y="277" T="0" /><Point X="296" Y="285" T="0" /><Point X="305" Y="300" T="0" /><Point X="309" Y="306" T="0" /><Point X="317" Y="318" T="0" /><Point X="323" Y="326" T="0" /><Point X="340" Y="353" T="0" /><Point X="348" Y="364" T="0" /><Point X="355" Y="372" T="0" /><Point X="360" Y="379" T="0" /><Point X="369" Y="388" T="0" /><Point X="386" Y="406" T="0" /><Point X="393" Y="412" T="0" /><Point X="399" Y="418" T="0" /><Point X="403" Y="422" T="0" /><Point X="410" Y="429" T="0" /><Point X="410" Y="430" T="0" /><Point X="411" Y="430" T="0" /><Point X="412" Y="431" T="0" /><Point X="413" Y="431" T="0" /><Point X="413" Y="432" T="0" /><Point X="414" Y="432" T="0" /><Point X="414" Y="433" T="0" /><Point X="415" Y="433" T="0" /><Point X="414" Y="433" T="0" /><Point X="413" Y="433" T="0" /><Point X="412" Y="433" T="0" /><Point X="406" Y="433" T="0" /><Point X="401" Y="434" T="0" /><Point X="398" Y="434" T="0" /><Point X="391" Y="435" T="0" /><Point X="365" Y="435" T="0" /><Point X="357" Y="435" T="0" /><Point X="348" Y="435" T="0" /><Point X="340" Y="435" T="0" /><Point X="323" Y="433" T="0" /><Point X="318" Y="433" T="0" /><Point X="316" Y="433" T="0" /><Point X="315" Y="433" T="0" /><Point X="314" Y="433" T="0" /><Point X="313" Y="433" T="0" /><Point X="311" Y="433" T="0" /><Point X="305" Y="434" T="0" /><Point X="304" Y="434" T="0" /><Point X="302" Y="434" T="0" /><Point X="298" Y="434" T="0" /><Point X="299" Y="433" T="0" /><Point X="299" Y="431" T="0" /><Point X="301" Y="429" T="0" /><Point X="303" Y="424" T="0" /><Point X="306" Y="420" T="0" /><Point X="309" Y="415" T="0" /><Point X="314" Y="407" T="0" /><Point X="318" Y="400" T="0" /><Point X="336" Y="373" T="0" /><Point X="344" Y="362" T="0" /><Point X="357" Y="343" T="0" /><Point X="382" Y="307" T="0" /><Point X="386" Y="302" T="0" /><Point X="399" Y="282" T="0" /><Point X="416" Y="260" T="0" /><Point X="421" Y="254" T="0" /><Point X="429" Y="244" T="0" /><Point X="431" Y="241" T="0" /><Point X="432" Y="241" T="0" /><Point X="432" Y="240" T="0" /></Gesture>