<Gesture Name="left-square-bracket" Subject="1" Number="1" NumPts="85" Millseconds="0" AppName="Gestures" AppVer="1.0" Date="Wednesday, March 01, 2023" TimeOfDay="13:09:18" ID="6"><Point X="376" Y="184" T="0" /><Point X="375" Y="184" T="0" /><Point X="374" Y="184" T="0" /><Point X="373" Y="184" T="0" /><Point X="370" Y="183" T="0" /><Point X="365" Y="182" T="0" /><Point X="360" Y="181" T="0" /><Point X="355" Y="181" T="0" /><Point X="340" Y="180" T="0" /><Point X="335" Y="180" T="0" /><Point X="329" Y="180" T="0" /><Point X="326" Y="180" T="0" /><Point X="317" Y="180" T="0" /><Point X="315" Y="180" T="0" /><Point X="311" Y="179" T="0" /><Point X="307" Y="179" T="0" /><Point X="297" Y="177" T="0" /><Point X="290" Y="177" T="0" /><Point X="283" Y="176" T="0" /><Point X="277" Y="176" T="0" /><Point X="270" Y="175" T="0" /><Point X="267" Y="174" T="0" /><Point X="265" Y="174" T="0" /><Point X="264" Y="174" T="0" /><Point X="264" Y="175" T="0" /><Point X="264" Y="176" T="0" /><Point X="264" Y="178" T="0" /><Point X="263" Y="182" T="0" /><Point X="263" Y="188" T="0" /><Point X="263" Y="192" T="0" /><Point X="262" Y="218" T="0" /><Point X="261" Y="239" T="0" /><Point X="260" Y="251" T="0" /><Point X="257" Y="284" T="0" /><Point X="256" Y="294" T="0" /><Point X="255" Y="303" T="0" /><Point X="253" Y="316" T="0" /><Point X="247" Y="355" T="0" /><Point X="246" Y="364" T="0" /><Point X="244" Y="374" T="0" /><Point X="241" Y="394" T="0" /><Point X="239" Y="406" T="0" /><Point X="238" Y="414" T="0" /><Point X="237" Y="431" T="0" /><Point X="237" Y="438" T="0" /><Point X="237" Y="443" T="0" /><Point X="237" Y="448" T="0" /><Point X="237" Y="456" T="0" /><Point X="237" Y="461" T="0" /><Point X="237" Y="466" T="0" /><Point X="237" Y="470" T="0" /><Point X="237" Y="476" T="0" /><Point X="237" Y="479" T="0" /><Point X="238" Y="483" T="0" /><Point X="238" Y="485" T="0" /><Point X="240" Y="491" T="0" /><Point X="240" Y="493" T="0" /><Point X="240" Y="494" T="0" /><Point X="240" Y="496" T="0" /><Point X="241" Y="500" T="0" /><Point X="241" Y="503" T="0" /><Point X="241" Y="505" T="0" /><Point X="242" Y="506" T="0" /><Point X="242" Y="510" T="0" /><Point X="243" Y="511" T="0" /><Point X="243" Y="512" T="0" /><Point X="243" Y="513" T="0" /><Point X="243" Y="514" T="0" /><Point X="244" Y="514" T="0" /><Point X="245" Y="514" T="0" /><Point X="248" Y="514" T="0" /><Point X="250" Y="514" T="0" /><Point X="264" Y="514" T="0" /><Point X="281" Y="513" T="0" /><Point X="292" Y="513" T="0" /><Point X="305" Y="512" T="0" /><Point X="313" Y="512" T="0" /><Point X="337" Y="512" T="0" /><Point X="344" Y="512" T="0" /><Point X="351" Y="512" T="0" /><Point X="355" Y="512" T="0" /><Point X="364" Y="512" T="0" /><Point X="365" Y="512" T="0" /><Point X="366" Y="512" T="0" /><Point X="366" Y="511" T="0" /></Gesture>