<Gesture Name="left-curly-brace" Subject="1" Number="1" NumPts="160" Millseconds="0" AppName="Gestures" AppVer="1.0" Date="Wednesday, March 01, 2023" TimeOfDay="13:04:14" ID="1"><Point X="363" Y="140" T="0" /><Point X="363" Y="139" T="0" /><Point X="363" Y="138" T="0" /><Point X="362" Y="137" T="0" /><Point X="362" Y="136" T="0" /><Point X="362" Y="135" T="0" /><Point X="361" Y="133" T="0" /><Point X="361" Y="132" T="0" /><Point X="361" Y="131" T="0" /><Point X="360" Y="130" T="0" /><Point X="358" Y="128" T="0" /><Point X="358" Y="127" T="0" /><Point X="357" Y="127" T="0" /><Point X="357" Y="126" T="0" /><Point X="355" Y="125" T="0" /><Point X="354" Y="125" T="0" /><Point X="354" Y="124" T="0" /><Point X="353" Y="124" T="0" /><Point X="352" Y="124" T="0" /><Point X="349" Y="123" T="0" /><Point X="348" Y="123" T="0" /><Point X="347" Y="123" T="0" /><Point X="346" Y="123" T="0" /><Point X="343" Y="124" T="0" /><Point X="342" Y="124" T="0" /><Point X="340" Y="125" T="0" /><Point X="333" Y="127" T="0" /><Point X="331" Y="127" T="0" /><Point X="330" Y="128" T="0" /><Point X="327" Y="129" T="0" /><Point X="321" Y="132" T="0" /><Point X="320" Y="133" T="0" /><Point X="318" Y="134" T="0" /><Point X="315" Y="136" T="0" /><Point X="311" Y="140" T="0" /><Point X="309" Y="142" T="0" /><Point X="307" Y="145" T="0" /><Point X="306" Y="147" T="0" /><Point X="303" Y="153" T="0" /><Point X="301" Y="157" T="0" /><Point X="301" Y="159" T="0" /><Point X="301" Y="161" T="0" /><Point X="300" Y="168" T="0" /><Point X="300" Y="171" T="0" /><Point X="300" Y="174" T="0" /><Point X="300" Y="176" T="0" /><Point X="300" Y="180" T="0" /><Point X="300" Y="188" T="0" /><Point X="300" Y="192" T="0" /><Point X="300" Y="195" T="0" /><Point X="300" Y="199" T="0" /><Point X="300" Y="209" T="0" /><Point X="300" Y="212" T="0" /><Point X="300" Y="217" T="0" /><Point X="300" Y="219" T="0" /><Point X="302" Y="231" T="0" /><Point X="303" Y="235" T="0" /><Point X="303" Y="238" T="0" /><Point X="303" Y="242" T="0" /><Point X="304" Y="249" T="0" /><Point X="305" Y="252" T="0" /><Point X="305" Y="253" T="0" /><Point X="305" Y="255" T="0" /><Point X="307" Y="262" T="0" /><Point X="307" Y="264" T="0" /><Point X="308" Y="267" T="0" /><Point X="309" Y="269" T="0" /><Point X="310" Y="275" T="0" /><Point X="311" Y="277" T="0" /><Point X="313" Y="280" T="0" /><Point X="314" Y="286" T="0" /><Point X="315" Y="287" T="0" /><Point X="315" Y="288" T="0" /><Point X="315" Y="289" T="0" /><Point X="314" Y="289" T="0" /><Point X="313" Y="289" T="0" /><Point X="311" Y="288" T="0" /><Point X="310" Y="288" T="0" /><Point X="310" Y="287" T="0" /><Point X="309" Y="286" T="0" /><Point X="306" Y="281" T="0" /><Point X="305" Y="278" T="0" /><Point X="303" Y="273" T="0" /><Point X="302" Y="265" T="0" /><Point X="302" Y="262" T="0" /><Point X="302" Y="260" T="0" /><Point X="302" Y="257" T="0" /><Point X="302" Y="250" T="0" /><Point X="301" Y="248" T="0" /><Point X="301" Y="247" T="0" /><Point X="301" Y="245" T="0" /><Point X="300" Y="245" T="0" /><Point X="299" Y="241" T="0" /><Point X="299" Y="240" T="0" /><Point X="298" Y="240" T="0" /><Point X="298" Y="239" T="0" /><Point X="297" Y="238" T="0" /><Point X="296" Y="239" T="0" /><Point X="296" Y="240" T="0" /><Point X="295" Y="241" T="0" /><Point X="293" Y="248" T="0" /><Point X="293" Y="249" T="0" /><Point X="293" Y="253" T="0" /><Point X="292" Y="261" T="0" /><Point X="292" Y="263" T="0" /><Point X="292" Y="265" T="0" /><Point X="292" Y="269" T="0" /><Point X="292" Y="271" T="0" /><Point X="292" Y="275" T="0" /><Point X="292" Y="277" T="0" /><Point X="292" Y="283" T="0" /><Point X="292" Y="285" T="0" /><Point X="292" Y="286" T="0" /><Point X="292" Y="289" T="0" /><Point X="292" Y="296" T="0" /><Point X="292" Y="297" T="0" /><Point X="291" Y="300" T="0" /><Point X="291" Y="301" T="0" /><Point X="291" Y="310" T="0" /><Point X="291" Y="313" T="0" /><Point X="291" Y="316" T="0" /><Point X="291" Y="322" T="0" /><Point X="291" Y="332" T="0" /><Point X="292" Y="335" T="0" /><Point X="292" Y="342" T="0" /><Point X="292" Y="346" T="0" /><Point X="293" Y="351" T="0" /><Point X="295" Y="362" T="0" /><Point X="296" Y="366" T="0" /><Point X="297" Y="373" T="0" /><Point X="297" Y="375" T="0" /><Point X="299" Y="384" T="0" /><Point X="300" Y="387" T="0" /><Point X="301" Y="390" T="0" /><Point X="302" Y="394" T="0" /><Point X="305" Y="401" T="0" /><Point X="306" Y="403" T="0" /><Point X="308" Y="406" T="0" /><Point X="311" Y="409" T="0" /><Point X="311" Y="410" T="0" /><Point X="312" Y="411" T="0" /><Point X="313" Y="412" T="0" /><Point X="314" Y="413" T="0" /><Point X="315" Y="413" T="0" /><Point X="317" Y="413" T="0" /><Point X="318" Y="413" T="0" /><Point X="319" Y="413" T="0" /><Point X="323" Y="409" T="0" /><Point X="325" Y="407" T="0" /><Point X="325" Y="406" T="0" /><Point X="326" Y="405" T="0" /><Point X="327" Y="404" T="0" /><Point X="329" Y="402" T="0" /><Point X="330" Y="401" T="0" /><Point X="331" Y="399" T="0" /><Point X="332" Y="398" T="0" /><Point X="334" Y="395" T="0" /><Point X="334" Y="394" T="0" /><Point X="335" Y="394" T="0" /><Point X="335" Y="392" T="0" /></Gesture>