<Gesture Name="left-square-bracket" Subject="1" Number="1" NumPts="77" Millseconds="0" AppName="Gestures" AppVer="1.0" Date="Wednesday, March 01, 2023" TimeOfDay="13:11:22" ID="8"><Point X="287" Y="69" T="0" /><Point X="288" Y="70" T="0" /><Point X="290" Y="72" T="0" /><Point X="294" Y="78" T="0" /><Point X="300" Y="92" T="0" /><Point X="308" Y="112" T="0" /><Point X="311" Y="122" T="0" /><Point X="324" Y="156" T="0" /><Point X="332" Y="173" T="0" /><Point X="339" Y="186" T="0" /><Point X="347" Y="200" T="0" /><Point X="369" Y="237" T="0" /><Point X="375" Y="248" T="0" /><Point X="381" Y="257" T="0" /><Point X="405" Y="293" T="0" /><Point X="414" Y="306" T="0" /><Point X="416" Y="309" T="0" /><Point X="426" Y="328" T="0" /><Point X="428" Y="331" T="0" /><Point X="430" Y="333" T="0" /><Point X="432" Y="336" T="0" /><Point X="435" Y="341" T="0" /><Point X="437" Y="343" T="0" /><Point X="438" Y="346" T="0" /><Point X="439" Y="348" T="0" /><Point X="444" Y="355" T="0" /><Point X="447" Y="361" T="0" /><Point X="454" Y="373" T="0" /><Point X="455" Y="376" T="0" /><Point X="459" Y="380" T="0" /><Point X="462" Y="384" T="0" /><Point X="462" Y="385" T="0" /><Point X="463" Y="386" T="0" /><Point X="464" Y="388" T="0" /><Point X="465" Y="389" T="0" /><Point X="466" Y="390" T="0" /><Point X="465" Y="390" T="0" /><Point X="463" Y="390" T="0" /><Point X="462" Y="390" T="0" /><Point X="455" Y="390" T="0" /><Point X="432" Y="390" T="0" /><Point X="419" Y="391" T="0" /><Point X="400" Y="391" T="0" /><Point X="348" Y="392" T="0" /><Point X="338" Y="393" T="0" /><Point X="325" Y="393" T="0" /><Point X="313" Y="393" T="0" /><Point X="295" Y="393" T="0" /><Point X="287" Y="393" T="0" /><Point X="285" Y="393" T="0" /><Point X="283" Y="393" T="0" /><Point X="282" Y="394" T="0" /><Point X="284" Y="391" T="0" /><Point X="286" Y="388" T="0" /><Point X="293" Y="379" T="0" /><Point X="302" Y="368" T="0" /><Point X="306" Y="362" T="0" /><Point X="331" Y="329" T="0" /><Point X="341" Y="317" T="0" /><Point X="350" Y="306" T="0" /><Point X="378" Y="274" T="0" /><Point X="388" Y="262" T="0" /><Point X="399" Y="251" T="0" /><Point X="408" Y="241" T="0" /><Point X="452" Y="198" T="0" /><Point X="464" Y="186" T="0" /><Point X="474" Y="177" T="0" /><Point X="490" Y="164" T="0" /><Point X="501" Y="153" T="0" /><Point X="531" Y="125" T="0" /><Point X="540" Y="117" T="0" /><Point X="547" Y="110" T="0" /><Point X="552" Y="106" T="0" /><Point X="561" Y="96" T="0" /><Point X="563" Y="93" T="0" /><Point X="564" Y="92" T="0" /><Point X="565" Y="92" T="0" /></Gesture>