<Gesture Name="left-curly-brace" Subject="1" Number="1" NumPts="120" Millseconds="0" AppName="Gestures" AppVer="1.0" Date="Wednesday, March 01, 2023" TimeOfDay="13:06:38" ID="3"><Point X="372" Y="192" T="0" /><Point X="372" Y="191" T="0" /><Point X="371" Y="189" T="0" /><Point X="371" Y="188" T="0" /><Point X="369" Y="186" T="0" /><Point X="368" Y="185" T="0" /><Point X="366" Y="183" T="0" /><Point X="365" Y="182" T="0" /><Point X="364" Y="182" T="0" /><Point X="363" Y="180" T="0" /><Point X="362" Y="179" T="0" /><Point X="361" Y="179" T="0" /><Point X="360" Y="179" T="0" /><Point X="358" Y="179" T="0" /><Point X="357" Y="179" T="0" /><Point X="356" Y="179" T="0" /><Point X="352" Y="182" T="0" /><Point X="350" Y="183" T="0" /><Point X="347" Y="185" T="0" /><Point X="344" Y="188" T="0" /><Point X="337" Y="194" T="0" /><Point X="335" Y="198" T="0" /><Point X="334" Y="199" T="0" /><Point X="332" Y="204" T="0" /><Point X="331" Y="208" T="0" /><Point X="329" Y="215" T="0" /><Point X="328" Y="218" T="0" /><Point X="328" Y="221" T="0" /><Point X="328" Y="224" T="0" /><Point X="328" Y="233" T="0" /><Point X="328" Y="235" T="0" /><Point X="329" Y="238" T="0" /><Point X="329" Y="240" T="0" /><Point X="332" Y="248" T="0" /><Point X="333" Y="252" T="0" /><Point X="334" Y="254" T="0" /><Point X="335" Y="259" T="0" /><Point X="337" Y="264" T="0" /><Point X="338" Y="267" T="0" /><Point X="339" Y="271" T="0" /><Point X="339" Y="276" T="0" /><Point X="340" Y="285" T="0" /><Point X="340" Y="288" T="0" /><Point X="340" Y="300" T="0" /><Point X="339" Y="306" T="0" /><Point X="339" Y="309" T="0" /><Point X="337" Y="317" T="0" /><Point X="336" Y="321" T="0" /><Point X="335" Y="324" T="0" /><Point X="333" Y="328" T="0" /><Point X="332" Y="333" T="0" /><Point X="329" Y="341" T="0" /><Point X="328" Y="346" T="0" /><Point X="328" Y="348" T="0" /><Point X="327" Y="350" T="0" /><Point X="324" Y="355" T="0" /><Point X="324" Y="356" T="0" /><Point X="323" Y="356" T="0" /><Point X="322" Y="357" T="0" /><Point X="321" Y="357" T="0" /><Point X="319" Y="357" T="0" /><Point X="318" Y="357" T="0" /><Point X="317" Y="357" T="0" /><Point X="315" Y="356" T="0" /><Point X="310" Y="352" T="0" /><Point X="309" Y="351" T="0" /><Point X="308" Y="350" T="0" /><Point X="307" Y="349" T="0" /><Point X="303" Y="344" T="0" /><Point X="302" Y="342" T="0" /><Point X="301" Y="341" T="0" /><Point X="301" Y="340" T="0" /><Point X="299" Y="338" T="0" /><Point X="299" Y="340" T="0" /><Point X="298" Y="344" T="0" /><Point X="298" Y="348" T="0" /><Point X="298" Y="352" T="0" /><Point X="297" Y="355" T="0" /><Point X="297" Y="363" T="0" /><Point X="297" Y="367" T="0" /><Point X="296" Y="379" T="0" /><Point X="295" Y="389" T="0" /><Point X="294" Y="397" T="0" /><Point X="294" Y="409" T="0" /><Point X="294" Y="415" T="0" /><Point X="294" Y="423" T="0" /><Point X="294" Y="430" T="0" /><Point X="296" Y="440" T="0" /><Point X="297" Y="447" T="0" /><Point X="298" Y="454" T="0" /><Point X="299" Y="458" T="0" /><Point X="300" Y="467" T="0" /><Point X="301" Y="470" T="0" /><Point X="302" Y="474" T="0" /><Point X="303" Y="479" T="0" /><Point X="304" Y="483" T="0" /><Point X="307" Y="490" T="0" /><Point X="309" Y="494" T="0" /><Point X="311" Y="499" T="0" /><Point X="313" Y="500" T="0" /><Point X="319" Y="508" T="0" /><Point X="320" Y="509" T="0" /><Point X="322" Y="511" T="0" /><Point X="326" Y="516" T="0" /><Point X="328" Y="518" T="0" /><Point X="330" Y="519" T="0" /><Point X="334" Y="520" T="0" /><Point X="335" Y="520" T="0" /><Point X="336" Y="520" T="0" /><Point X="339" Y="520" T="0" /><Point X="341" Y="520" T="0" /><Point X="343" Y="519" T="0" /><Point X="349" Y="514" T="0" /><Point X="353" Y="510" T="0" /><Point X="356" Y="507" T="0" /><Point X="358" Y="505" T="0" /><Point X="361" Y="501" T="0" /><Point X="362" Y="500" T="0" /><Point X="363" Y="498" T="0" /><Point X="364" Y="497" T="0" /></Gesture>