<Gesture Name="left-square-bracket" Subject="1" Number="1" NumPts="85" Millseconds="0" AppName="Gestures" AppVer="1.0" Date="Wednesday, March 01, 2023" TimeOfDay="13:05:12" ID="2"><Point X="373" Y="142" T="0" /><Point X="373" Y="141" T="0" /><Point X="372" Y="141" T="0" /><Point X="371" Y="141" T="0" /><Point X="370" Y="141" T="0" /><Point X="367" Y="141" T="0" /><Point X="355" Y="140" T="0" /><Point X="347" Y="140" T="0" /><Point X="338" Y="139" T="0" /><Point X="331" Y="139" T="0" /><Point X="304" Y="138" T="0" /><Point X="294" Y="137" T="0" /><Point X="286" Y="136" T="0" /><Point X="280" Y="136" T="0" /><Point X="265" Y="134" T="0" /><Point X="260" Y="133" T="0" /><Point X="257" Y="132" T="0" /><Point X="256" Y="132" T="0" /><Point X="257" Y="133" T="0" /><Point X="257" Y="134" T="0" /><Point X="258" Y="138" T="0" /><Point X="258" Y="141" T="0" /><Point X="259" Y="145" T="0" /><Point X="259" Y="153" T="0" /><Point X="259" Y="158" T="0" /><Point X="260" Y="176" T="0" /><Point X="260" Y="185" T="0" /><Point X="260" Y="192" T="0" /><Point X="260" Y="201" T="0" /><Point X="261" Y="221" T="0" /><Point X="261" Y="230" T="0" /><Point X="261" Y="239" T="0" /><Point X="261" Y="247" T="0" /><Point X="263" Y="265" T="0" /><Point X="263" Y="270" T="0" /><Point X="263" Y="275" T="0" /><Point X="263" Y="281" T="0" /><Point X="263" Y="284" T="0" /><Point X="263" Y="297" T="0" /><Point X="263" Y="303" T="0" /><Point X="263" Y="307" T="0" /><Point X="263" Y="314" T="0" /><Point X="263" Y="324" T="0" /><Point X="263" Y="332" T="0" /><Point X="263" Y="337" T="0" /><Point X="263" Y="342" T="0" /><Point X="263" Y="355" T="0" /><Point X="263" Y="364" T="0" /><Point X="264" Y="368" T="0" /><Point X="265" Y="376" T="0" /><Point X="265" Y="389" T="0" /><Point X="265" Y="397" T="0" /><Point X="266" Y="402" T="0" /><Point X="266" Y="406" T="0" /><Point X="267" Y="418" T="0" /><Point X="267" Y="424" T="0" /><Point X="267" Y="429" T="0" /><Point X="267" Y="433" T="0" /><Point X="267" Y="441" T="0" /><Point X="267" Y="444" T="0" /><Point X="267" Y="447" T="0" /><Point X="267" Y="452" T="0" /><Point X="267" Y="459" T="0" /><Point X="267" Y="461" T="0" /><Point X="267" Y="464" T="0" /><Point X="267" Y="466" T="0" /><Point X="267" Y="468" T="0" /><Point X="268" Y="474" T="0" /><Point X="268" Y="475" T="0" /><Point X="268" Y="476" T="0" /><Point X="268" Y="477" T="0" /><Point X="269" Y="477" T="0" /><Point X="270" Y="477" T="0" /><Point X="272" Y="477" T="0" /><Point X="274" Y="477" T="0" /><Point X="277" Y="477" T="0" /><Point X="283" Y="477" T="0" /><Point X="305" Y="477" T="0" /><Point X="318" Y="476" T="0" /><Point X="330" Y="475" T="0" /><Point X="377" Y="475" T="0" /><Point X="381" Y="475" T="0" /><Point X="394" Y="474" T="0" /><Point X="402" Y="473" T="0" /><Point X="403" Y="473" T="0" /></Gesture>