<Gesture Name="left-square-bracket" Subject="1" Number="1" NumPts="104" Millseconds="0" AppName="Gestures" AppVer="1.0" Date="Wednesday, March 01, 2023" TimeOfDay="13:04:00" ID="1"><Point X="298" Y="156" T="0" /><Point X="297" Y="156" T="0" /><Point X="296" Y="156" T="0" /><Point X="291" Y="156" T="0" /><Point X="286" Y="156" T="0" /><Point X="281" Y="156" T="0" /><Point X="271" Y="156" T="0" /><Point X="241" Y="156" T="0" /><Point X="229" Y="156" T="0" /><Point X="216" Y="156" T="0" /><Point X="204" Y="156" T="0" /><Point X="191" Y="156" T="0" /><Point X="176" Y="156" T="0" /><Point X="169" Y="156" T="0" /><Point X="165" Y="156" T="0" /><Point X="161" Y="155" T="0" /><Point X="156" Y="153" T="0" /><Point X="155" Y="153" T="0" /><Point X="154" Y="153" T="0" /><Point X="154" Y="152" T="0" /><Point X="154" Y="154" T="0" /><Point X="154" Y="156" T="0" /><Point X="154" Y="158" T="0" /><Point X="154" Y="159" T="0" /><Point X="154" Y="162" T="0" /><Point X="154" Y="167" T="0" /><Point X="156" Y="181" T="0" /><Point X="156" Y="187" T="0" /><Point X="156" Y="198" T="0" /><Point X="156" Y="204" T="0" /><Point X="157" Y="220" T="0" /><Point X="158" Y="230" T="0" /><Point X="160" Y="239" T="0" /><Point X="160" Y="246" T="0" /><Point X="163" Y="263" T="0" /><Point X="164" Y="273" T="0" /><Point X="164" Y="279" T="0" /><Point X="165" Y="287" T="0" /><Point X="166" Y="301" T="0" /><Point X="166" Y="307" T="0" /><Point X="167" Y="312" T="0" /><Point X="167" Y="317" T="0" /><Point X="168" Y="326" T="0" /><Point X="169" Y="329" T="0" /><Point X="169" Y="334" T="0" /><Point X="169" Y="338" T="0" /><Point X="171" Y="347" T="0" /><Point X="171" Y="351" T="0" /><Point X="171" Y="353" T="0" /><Point X="172" Y="357" T="0" /><Point X="173" Y="368" T="0" /><Point X="173" Y="372" T="0" /><Point X="173" Y="376" T="0" /><Point X="173" Y="377" T="0" /><Point X="173" Y="380" T="0" /><Point X="174" Y="390" T="0" /><Point X="174" Y="393" T="0" /><Point X="174" Y="397" T="0" /><Point X="174" Y="404" T="0" /><Point X="175" Y="407" T="0" /><Point X="175" Y="410" T="0" /><Point X="175" Y="412" T="0" /><Point X="175" Y="418" T="0" /><Point X="175" Y="422" T="0" /><Point X="175" Y="425" T="0" /><Point X="175" Y="428" T="0" /><Point X="176" Y="437" T="0" /><Point X="177" Y="440" T="0" /><Point X="177" Y="443" T="0" /><Point X="177" Y="447" T="0" /><Point X="177" Y="453" T="0" /><Point X="177" Y="457" T="0" /><Point X="177" Y="460" T="0" /><Point X="177" Y="461" T="0" /><Point X="178" Y="467" T="0" /><Point X="178" Y="468" T="0" /><Point X="178" Y="469" T="0" /><Point X="178" Y="471" T="0" /><Point X="178" Y="472" T="0" /><Point X="179" Y="472" T="0" /><Point X="179" Y="473" T="0" /><Point X="179" Y="474" T="0" /><Point X="179" Y="475" T="0" /><Point X="179" Y="476" T="0" /><Point X="180" Y="476" T="0" /><Point X="181" Y="476" T="0" /><Point X="182" Y="476" T="0" /><Point X="183" Y="476" T="0" /><Point X="187" Y="476" T="0" /><Point X="204" Y="476" T="0" /><Point X="215" Y="476" T="0" /><Point X="224" Y="476" T="0" /><Point X="234" Y="476" T="0" /><Point X="241" Y="476" T="0" /><Point X="259" Y="478" T="0" /><Point X="267" Y="478" T="0" /><Point X="273" Y="478" T="0" /><Point X="281" Y="478" T="0" /><Point X="297" Y="478" T="0" /><Point X="298" Y="478" T="0" /><Point X="301" Y="478" T="0" /><Point X="304" Y="478" T="0" /><Point X="306" Y="478" T="0" /><Point X="306" Y="477" T="0" /></Gesture>