<Gesture Name="left-square-bracket" Subject="1" Number="1" NumPts="117" Millseconds="0" AppName="Gestures" AppVer="1.0" Date="Wednesday, March 01, 2023" TimeOfDay="13:10:25" ID="7"><Point X="396" Y="151" T="0" /><Point X="396" Y="150" T="0" /><Point X="395" Y="149" T="0" /><Point X="393" Y="147" T="0" /><Point X="390" Y="143" T="0" /><Point X="388" Y="142" T="0" /><Point X="385" Y="140" T="0" /><Point X="374" Y="136" T="0" /><Point X="361" Y="135" T="0" /><Point X="353" Y="135" T="0" /><Point X="339" Y="138" T="0" /><Point X="336" Y="139" T="0" /><Point X="334" Y="141" T="0" /><Point X="331" Y="142" T="0" /><Point X="328" Y="146" T="0" /><Point X="327" Y="148" T="0" /><Point X="325" Y="151" T="0" /><Point X="323" Y="153" T="0" /><Point X="321" Y="159" T="0" /><Point X="318" Y="165" T="0" /><Point X="317" Y="168" T="0" /><Point X="317" Y="172" T="0" /><Point X="316" Y="176" T="0" /><Point X="315" Y="189" T="0" /><Point X="315" Y="193" T="0" /><Point X="315" Y="197" T="0" /><Point X="315" Y="200" T="0" /><Point X="315" Y="210" T="0" /><Point X="314" Y="214" T="0" /><Point X="314" Y="217" T="0" /><Point X="314" Y="221" T="0" /><Point X="315" Y="231" T="0" /><Point X="316" Y="235" T="0" /><Point X="316" Y="240" T="0" /><Point X="317" Y="246" T="0" /><Point X="317" Y="257" T="0" /><Point X="318" Y="262" T="0" /><Point X="319" Y="268" T="0" /><Point X="320" Y="274" T="0" /><Point X="323" Y="286" T="0" /><Point X="324" Y="289" T="0" /><Point X="327" Y="298" T="0" /><Point X="329" Y="302" T="0" /><Point X="334" Y="309" T="0" /><Point X="335" Y="311" T="0" /><Point X="337" Y="313" T="0" /><Point X="340" Y="316" T="0" /><Point X="347" Y="319" T="0" /><Point X="350" Y="320" T="0" /><Point X="353" Y="320" T="0" /><Point X="355" Y="320" T="0" /><Point X="357" Y="318" T="0" /><Point X="364" Y="313" T="0" /><Point X="366" Y="312" T="0" /><Point X="369" Y="309" T="0" /><Point X="372" Y="306" T="0" /><Point X="376" Y="301" T="0" /><Point X="377" Y="300" T="0" /><Point X="377" Y="299" T="0" /><Point X="378" Y="299" T="0" /><Point X="377" Y="299" T="0" /><Point X="377" Y="300" T="0" /><Point X="376" Y="300" T="0" /><Point X="375" Y="302" T="0" /><Point X="374" Y="304" T="0" /><Point X="372" Y="305" T="0" /><Point X="370" Y="307" T="0" /><Point X="366" Y="312" T="0" /><Point X="363" Y="314" T="0" /><Point X="361" Y="317" T="0" /><Point X="357" Y="321" T="0" /><Point X="354" Y="323" T="0" /><Point X="354" Y="324" T="0" /><Point X="353" Y="325" T="0" /><Point X="352" Y="326" T="0" /><Point X="348" Y="331" T="0" /><Point X="347" Y="333" T="0" /><Point X="346" Y="335" T="0" /><Point X="344" Y="337" T="0" /><Point X="340" Y="343" T="0" /><Point X="338" Y="346" T="0" /><Point X="335" Y="350" T="0" /><Point X="334" Y="352" T="0" /><Point X="330" Y="361" T="0" /><Point X="327" Y="366" T="0" /><Point X="325" Y="373" T="0" /><Point X="322" Y="390" T="0" /><Point X="321" Y="395" T="0" /><Point X="321" Y="400" T="0" /><Point X="320" Y="405" T="0" /><Point X="320" Y="418" T="0" /><Point X="320" Y="426" T="0" /><Point X="320" Y="432" T="0" /><Point X="320" Y="437" T="0" /><Point X="322" Y="451" T="0" /><Point X="324" Y="456" T="0" /><Point X="325" Y="460" T="0" /><Point X="327" Y="466" T="0" /><Point X="336" Y="480" T="0" /><Point X="338" Y="483" T="0" /><Point X="340" Y="484" T="0" /><Point X="343" Y="488" T="0" /><Point X="348" Y="493" T="0" /><Point X="350" Y="494" T="0" /><Point X="353" Y="496" T="0" /><Point X="355" Y="497" T="0" /><Point X="360" Y="500" T="0" /><Point X="362" Y="501" T="0" /><Point X="364" Y="502" T="0" /><Point X="366" Y="502" T="0" /><Point X="370" Y="503" T="0" /><Point X="371" Y="503" T="0" /><Point X="372" Y="503" T="0" /><Point X="374" Y="503" T="0" /><Point X="375" Y="503" T="0" /><Point X="377" Y="503" T="0" /><Point X="378" Y="503" T="0" /></Gesture>