<Gesture Name="left-curly-brace" Subject="1" Number="1" NumPts="145" Millseconds="0" AppName="Gestures" AppVer="1.0" Date="Wednesday, March 01, 2023" TimeOfDay="13:07:36" ID="4"><Point X="350" Y="142" T="0" /><Point X="350" Y="141" T="0" /><Point X="349" Y="139" T="0" /><Point X="349" Y="138" T="0" /><Point X="348" Y="138" T="0" /><Point X="347" Y="136" T="0" /><Point X="347" Y="135" T="0" /><Point X="346" Y="135" T="0" /><Point X="346" Y="134" T="0" /><Point X="345" Y="134" T="0" /><Point X="345" Y="133" T="0" /><Point X="344" Y="133" T="0" /><Point X="343" Y="133" T="0" /><Point X="343" Y="132" T="0" /><Point X="342" Y="132" T="0" /><Point X="338" Y="133" T="0" /><Point X="337" Y="133" T="0" /><Point X="336" Y="134" T="0" /><Point X="335" Y="134" T="0" /><Point X="334" Y="135" T="0" /><Point X="333" Y="135" T="0" /><Point X="331" Y="137" T="0" /><Point X="326" Y="141" T="0" /><Point X="325" Y="143" T="0" /><Point X="324" Y="146" T="0" /><Point X="322" Y="148" T="0" /><Point X="319" Y="152" T="0" /><Point X="317" Y="154" T="0" /><Point X="317" Y="155" T="0" /><Point X="316" Y="158" T="0" /><Point X="313" Y="165" T="0" /><Point X="311" Y="168" T="0" /><Point X="310" Y="171" T="0" /><Point X="309" Y="173" T="0" /><Point X="307" Y="181" T="0" /><Point X="306" Y="183" T="0" /><Point X="305" Y="185" T="0" /><Point X="304" Y="188" T="0" /><Point X="300" Y="197" T="0" /><Point X="299" Y="201" T="0" /><Point X="298" Y="204" T="0" /><Point X="297" Y="206" T="0" /><Point X="296" Y="212" T="0" /><Point X="295" Y="215" T="0" /><Point X="294" Y="218" T="0" /><Point X="294" Y="219" T="0" /><Point X="292" Y="227" T="0" /><Point X="291" Y="230" T="0" /><Point X="289" Y="236" T="0" /><Point X="289" Y="240" T="0" /><Point X="289" Y="242" T="0" /><Point X="289" Y="251" T="0" /><Point X="289" Y="254" T="0" /><Point X="289" Y="257" T="0" /><Point X="289" Y="261" T="0" /><Point X="290" Y="268" T="0" /><Point X="290" Y="271" T="0" /><Point X="290" Y="275" T="0" /><Point X="291" Y="278" T="0" /><Point X="292" Y="285" T="0" /><Point X="292" Y="287" T="0" /><Point X="293" Y="289" T="0" /><Point X="294" Y="290" T="0" /><Point X="296" Y="295" T="0" /><Point X="297" Y="297" T="0" /><Point X="298" Y="299" T="0" /><Point X="299" Y="301" T="0" /><Point X="301" Y="306" T="0" /><Point X="304" Y="309" T="0" /><Point X="304" Y="310" T="0" /><Point X="306" Y="311" T="0" /><Point X="306" Y="312" T="0" /><Point X="306" Y="313" T="0" /><Point X="306" Y="314" T="0" /><Point X="306" Y="316" T="0" /><Point X="306" Y="322" T="0" /><Point X="305" Y="324" T="0" /><Point X="304" Y="325" T="0" /><Point X="304" Y="326" T="0" /><Point X="300" Y="332" T="0" /><Point X="299" Y="334" T="0" /><Point X="298" Y="335" T="0" /><Point X="293" Y="339" T="0" /><Point X="292" Y="340" T="0" /><Point X="290" Y="340" T="0" /><Point X="289" Y="340" T="0" /><Point X="287" Y="339" T="0" /><Point X="286" Y="338" T="0" /><Point X="285" Y="337" T="0" /><Point X="284" Y="336" T="0" /><Point X="282" Y="335" T="0" /><Point X="281" Y="333" T="0" /><Point X="280" Y="332" T="0" /><Point X="279" Y="330" T="0" /><Point X="280" Y="330" T="0" /><Point X="280" Y="331" T="0" /><Point X="280" Y="332" T="0" /><Point X="280" Y="333" T="0" /><Point X="280" Y="334" T="0" /><Point X="280" Y="336" T="0" /><Point X="280" Y="338" T="0" /><Point X="279" Y="342" T="0" /><Point X="279" Y="348" T="0" /><Point X="279" Y="350" T="0" /><Point X="279" Y="353" T="0" /><Point X="279" Y="357" T="0" /><Point X="279" Y="364" T="0" /><Point X="279" Y="367" T="0" /><Point X="279" Y="369" T="0" /><Point X="279" Y="372" T="0" /><Point X="279" Y="380" T="0" /><Point X="279" Y="382" T="0" /><Point X="279" Y="384" T="0" /><Point X="279" Y="386" T="0" /><Point X="279" Y="394" T="0" /><Point X="279" Y="396" T="0" /><Point X="279" Y="398" T="0" /><Point X="280" Y="401" T="0" /><Point X="281" Y="407" T="0" /><Point X="282" Y="410" T="0" /><Point X="282" Y="414" T="0" /><Point X="284" Y="417" T="0" /><Point X="286" Y="422" T="0" /><Point X="287" Y="426" T="0" /><Point X="288" Y="428" T="0" /><Point X="289" Y="431" T="0" /><Point X="290" Y="434" T="0" /><Point X="292" Y="439" T="0" /><Point X="294" Y="442" T="0" /><Point X="295" Y="445" T="0" /><Point X="297" Y="448" T="0" /><Point X="302" Y="455" T="0" /><Point X="304" Y="458" T="0" /><Point X="306" Y="460" T="0" /><Point X="307" Y="462" T="0" /><Point X="310" Y="466" T="0" /><Point X="312" Y="469" T="0" /><Point X="315" Y="472" T="0" /><Point X="316" Y="474" T="0" /><Point X="321" Y="479" T="0" /><Point X="322" Y="480" T="0" /><Point X="325" Y="481" T="0" /><Point X="326" Y="482" T="0" /><Point X="327" Y="483" T="0" /><Point X="328" Y="483" T="0" /></Gesture>