<Gesture Name="left-curly-brace" Subject="1" Number="1" NumPts="121" Millseconds="0" AppName="Gestures" AppVer="1.0" Date="Wednesday, March 01, 2023" TimeOfDay="13:08:31" ID="5"><Point X="364" Y="145" T="0" /><Point X="364" Y="144" T="0" /><Point X="361" Y="141" T="0" /><Point X="360" Y="139" T="0" /><Point X="358" Y="137" T="0" /><Point X="355" Y="132" T="0" /><Point X="351" Y="127" T="0" /><Point X="349" Y="126" T="0" /><Point X="343" Y="120" T="0" /><Point X="341" Y="119" T="0" /><Point X="339" Y="117" T="0" /><Point X="337" Y="117" T="0" /><Point X="330" Y="116" T="0" /><Point X="327" Y="117" T="0" /><Point X="321" Y="119" T="0" /><Point X="316" Y="121" T="0" /><Point X="304" Y="129" T="0" /><Point X="298" Y="135" T="0" /><Point X="294" Y="139" T="0" /><Point X="292" Y="143" T="0" /><Point X="284" Y="154" T="0" /><Point X="280" Y="161" T="0" /><Point X="276" Y="168" T="0" /><Point X="273" Y="174" T="0" /><Point X="268" Y="185" T="0" /><Point X="266" Y="191" T="0" /><Point X="263" Y="200" T="0" /><Point X="262" Y="206" T="0" /><Point X="260" Y="211" T="0" /><Point X="257" Y="227" T="0" /><Point X="256" Y="234" T="0" /><Point X="256" Y="241" T="0" /><Point X="256" Y="247" T="0" /><Point X="255" Y="260" T="0" /><Point X="255" Y="263" T="0" /><Point X="255" Y="271" T="0" /><Point X="255" Y="275" T="0" /><Point X="258" Y="289" T="0" /><Point X="258" Y="293" T="0" /><Point X="260" Y="300" T="0" /><Point X="262" Y="307" T="0" /><Point X="265" Y="316" T="0" /><Point X="266" Y="320" T="0" /><Point X="267" Y="326" T="0" /><Point X="269" Y="330" T="0" /><Point X="270" Y="337" T="0" /><Point X="272" Y="342" T="0" /><Point X="273" Y="346" T="0" /><Point X="275" Y="351" T="0" /><Point X="277" Y="359" T="0" /><Point X="277" Y="362" T="0" /><Point X="277" Y="365" T="0" /><Point X="277" Y="367" T="0" /><Point X="276" Y="374" T="0" /><Point X="276" Y="377" T="0" /><Point X="275" Y="379" T="0" /><Point X="275" Y="381" T="0" /><Point X="275" Y="383" T="0" /><Point X="273" Y="387" T="0" /><Point X="272" Y="388" T="0" /><Point X="272" Y="389" T="0" /><Point X="271" Y="389" T="0" /><Point X="270" Y="389" T="0" /><Point X="266" Y="387" T="0" /><Point X="264" Y="386" T="0" /><Point X="261" Y="384" T="0" /><Point X="260" Y="383" T="0" /><Point X="256" Y="380" T="0" /><Point X="256" Y="379" T="0" /><Point X="255" Y="379" T="0" /><Point X="256" Y="379" T="0" /><Point X="256" Y="381" T="0" /><Point X="256" Y="382" T="0" /><Point X="256" Y="384" T="0" /><Point X="255" Y="396" T="0" /><Point X="254" Y="404" T="0" /><Point X="253" Y="407" T="0" /><Point X="252" Y="420" T="0" /><Point X="251" Y="424" T="0" /><Point X="251" Y="428" T="0" /><Point X="251" Y="440" T="0" /><Point X="251" Y="444" T="0" /><Point X="251" Y="447" T="0" /><Point X="251" Y="451" T="0" /><Point X="252" Y="461" T="0" /><Point X="252" Y="465" T="0" /><Point X="252" Y="469" T="0" /><Point X="252" Y="471" T="0" /><Point X="252" Y="482" T="0" /><Point X="252" Y="487" T="0" /><Point X="252" Y="490" T="0" /><Point X="253" Y="495" T="0" /><Point X="254" Y="504" T="0" /><Point X="256" Y="511" T="0" /><Point X="257" Y="516" T="0" /><Point X="258" Y="518" T="0" /><Point X="260" Y="522" T="0" /><Point X="264" Y="532" T="0" /><Point X="266" Y="537" T="0" /><Point X="268" Y="541" T="0" /><Point X="271" Y="546" T="0" /><Point X="274" Y="553" T="0" /><Point X="276" Y="556" T="0" /><Point X="279" Y="561" T="0" /><Point X="281" Y="564" T="0" /><Point X="288" Y="571" T="0" /><Point X="292" Y="573" T="0" /><Point X="295" Y="575" T="0" /><Point X="299" Y="577" T="0" /><Point X="306" Y="580" T="0" /><Point X="310" Y="581" T="0" /><Point X="312" Y="582" T="0" /><Point X="316" Y="582" T="0" /><Point X="323" Y="583" T="0" /><Point X="325" Y="583" T="0" /><Point X="328" Y="583" T="0" /><Point X="330" Y="583" T="0" /><Point X="335" Y="581" T="0" /><Point X="336" Y="581" T="0" /><Point X="337" Y="580" T="0" /><Point X="338" Y="580" T="0" /></Gesture>