<Gesture Name="left-curly-brace" Subject="1" Number="1" NumPts="93" Millseconds="0" AppName="Gestures" AppVer="1.0" Date="Wednesday, March 01, 2023" TimeOfDay="13:13:34" ID="10"><Point X="284" Y="387" T="0" /><Point X="290" Y="383" T="0" /><Point X="298" Y="379" T="0" /><Point X="303" Y="378" T="0" /><Point X="329" Y="368" T="0" /><Point X="344" Y="363" T="0" /><Point X="361" Y="358" T="0" /><Point X="404" Y="343" T="0" /><Point X="425" Y="335" T="0" /><Point X="438" Y="325" T="0" /><Point X="444" Y="319" T="0" /><Point X="446" Y="315" T="0" /><Point X="451" Y="305" T="0" /><Point X="453" Y="299" T="0" /><Point X="453" Y="296" T="0" /><Point X="454" Y="289" T="0" /><Point X="455" Y="278" T="0" /><Point X="456" Y="271" T="0" /><Point X="456" Y="267" T="0" /><Point X="456" Y="260" T="0" /><Point X="456" Y="248" T="0" /><Point X="456" Y="243" T="0" /><Point X="456" Y="236" T="0" /><Point X="457" Y="229" T="0" /><Point X="457" Y="210" T="0" /><Point X="457" Y="202" T="0" /><Point X="456" Y="198" T="0" /><Point X="454" Y="187" T="0" /><Point X="453" Y="185" T="0" /><Point X="453" Y="183" T="0" /><Point X="452" Y="181" T="0" /><Point X="451" Y="178" T="0" /><Point X="448" Y="175" T="0" /><Point X="443" Y="172" T="0" /><Point X="441" Y="171" T="0" /><Point X="439" Y="171" T="0" /><Point X="437" Y="171" T="0" /><Point X="428" Y="171" T="0" /><Point X="425" Y="171" T="0" /><Point X="419" Y="172" T="0" /><Point X="412" Y="173" T="0" /><Point X="396" Y="178" T="0" /><Point X="391" Y="181" T="0" /><Point X="387" Y="183" T="0" /><Point X="383" Y="186" T="0" /><Point X="375" Y="195" T="0" /><Point X="372" Y="200" T="0" /><Point X="367" Y="208" T="0" /><Point X="365" Y="211" T="0" /><Point X="359" Y="221" T="0" /><Point X="355" Y="228" T="0" /><Point X="353" Y="234" T="0" /><Point X="351" Y="240" T="0" /><Point X="348" Y="252" T="0" /><Point X="347" Y="260" T="0" /><Point X="347" Y="263" T="0" /><Point X="345" Y="270" T="0" /><Point X="344" Y="281" T="0" /><Point X="344" Y="284" T="0" /><Point X="344" Y="291" T="0" /><Point X="344" Y="296" T="0" /><Point X="345" Y="308" T="0" /><Point X="347" Y="315" T="0" /><Point X="349" Y="319" T="0" /><Point X="351" Y="324" T="0" /><Point X="357" Y="335" T="0" /><Point X="359" Y="339" T="0" /><Point X="362" Y="344" T="0" /><Point X="365" Y="348" T="0" /><Point X="374" Y="358" T="0" /><Point X="377" Y="361" T="0" /><Point X="383" Y="365" T="0" /><Point X="388" Y="368" T="0" /><Point X="400" Y="373" T="0" /><Point X="406" Y="375" T="0" /><Point X="414" Y="377" T="0" /><Point X="432" Y="381" T="0" /><Point X="454" Y="384" T="0" /><Point X="478" Y="385" T="0" /><Point X="523" Y="381" T="0" /><Point X="530" Y="380" T="0" /><Point X="546" Y="374" T="0" /><Point X="557" Y="368" T="0" /><Point X="561" Y="365" T="0" /><Point X="563" Y="363" T="0" /><Point X="567" Y="359" T="0" /><Point X="568" Y="358" T="0" /><Point X="569" Y="357" T="0" /><Point X="572" Y="354" T="0" /><Point X="573" Y="353" T="0" /><Point X="574" Y="352" T="0" /><Point X="575" Y="350" T="0" /><Point X="576" Y="349" T="0" /></Gesture>