<Gesture Name="left-curly-brace" Subject="1" Number="1" NumPts="131" Millseconds="0" AppName="Gestures" AppVer="1.0" Date="Wednesday, March 01, 2023" TimeOfDay="13:05:25" ID="2"><Point X="374" Y="129" T="0" /><Point X="373" Y="129" T="0" /><Point X="373" Y="128" T="0" /><Point X="372" Y="128" T="0" /><Point X="372" Y="127" T="0" /><Point X="370" Y="126" T="0" /><Point X="370" Y="125" T="0" /><Point X="369" Y="125" T="0" /><Point X="368" Y="123" T="0" /><Point X="365" Y="120" T="0" /><Point X="364" Y="120" T="0" /><Point X="362" Y="118" T="0" /><Point X="360" Y="118" T="0" /><Point X="359" Y="117" T="0" /><Point X="354" Y="117" T="0" /><Point X="351" Y="118" T="0" /><Point X="345" Y="120" T="0" /><Point X="338" Y="125" T="0" /><Point X="330" Y="132" T="0" /><Point X="318" Y="143" T="0" /><Point X="314" Y="148" T="0" /><Point X="307" Y="157" T="0" /><Point X="300" Y="170" T="0" /><Point X="298" Y="174" T="0" /><Point X="291" Y="193" T="0" /><Point X="289" Y="201" T="0" /><Point X="287" Y="210" T="0" /><Point X="286" Y="228" T="0" /><Point X="286" Y="235" T="0" /><Point X="288" Y="248" T="0" /><Point X="288" Y="252" T="0" /><Point X="290" Y="257" T="0" /><Point X="290" Y="261" T="0" /><Point X="292" Y="269" T="0" /><Point X="295" Y="279" T="0" /><Point X="296" Y="281" T="0" /><Point X="298" Y="286" T="0" /><Point X="299" Y="290" T="0" /><Point X="302" Y="299" T="0" /><Point X="303" Y="300" T="0" /><Point X="304" Y="304" T="0" /><Point X="305" Y="306" T="0" /><Point X="308" Y="311" T="0" /><Point X="308" Y="312" T="0" /><Point X="309" Y="313" T="0" /><Point X="311" Y="318" T="0" /><Point X="312" Y="319" T="0" /><Point X="313" Y="321" T="0" /><Point X="314" Y="323" T="0" /><Point X="316" Y="327" T="0" /><Point X="316" Y="328" T="0" /><Point X="317" Y="329" T="0" /><Point X="317" Y="331" T="0" /><Point X="317" Y="336" T="0" /><Point X="317" Y="338" T="0" /><Point X="317" Y="340" T="0" /><Point X="316" Y="342" T="0" /><Point X="315" Y="342" T="0" /><Point X="315" Y="343" T="0" /><Point X="314" Y="343" T="0" /><Point X="312" Y="343" T="0" /><Point X="311" Y="343" T="0" /><Point X="309" Y="343" T="0" /><Point X="307" Y="343" T="0" /><Point X="302" Y="341" T="0" /><Point X="301" Y="341" T="0" /><Point X="299" Y="340" T="0" /><Point X="296" Y="338" T="0" /><Point X="291" Y="333" T="0" /><Point X="290" Y="332" T="0" /><Point X="288" Y="329" T="0" /><Point X="287" Y="327" T="0" /><Point X="284" Y="320" T="0" /><Point X="283" Y="318" T="0" /><Point X="283" Y="317" T="0" /><Point X="283" Y="315" T="0" /><Point X="283" Y="313" T="0" /><Point X="283" Y="312" T="0" /><Point X="283" Y="308" T="0" /><Point X="283" Y="307" T="0" /><Point X="282" Y="306" T="0" /><Point X="282" Y="307" T="0" /><Point X="282" Y="309" T="0" /><Point X="282" Y="311" T="0" /><Point X="282" Y="319" T="0" /><Point X="282" Y="323" T="0" /><Point X="282" Y="327" T="0" /><Point X="282" Y="330" T="0" /><Point X="282" Y="340" T="0" /><Point X="281" Y="344" T="0" /><Point X="281" Y="349" T="0" /><Point X="281" Y="354" T="0" /><Point X="280" Y="363" T="0" /><Point X="280" Y="366" T="0" /><Point X="280" Y="371" T="0" /><Point X="280" Y="375" T="0" /><Point X="280" Y="384" T="0" /><Point X="280" Y="388" T="0" /><Point X="280" Y="394" T="0" /><Point X="280" Y="398" T="0" /><Point X="280" Y="406" T="0" /><Point X="280" Y="409" T="0" /><Point X="280" Y="414" T="0" /><Point X="280" Y="417" T="0" /><Point X="280" Y="420" T="0" /><Point X="280" Y="429" T="0" /><Point X="281" Y="436" T="0" /><Point X="282" Y="440" T="0" /><Point X="284" Y="444" T="0" /><Point X="288" Y="454" T="0" /><Point X="289" Y="459" T="0" /><Point X="290" Y="462" T="0" /><Point X="294" Y="469" T="0" /><Point X="300" Y="479" T="0" /><Point X="305" Y="486" T="0" /><Point X="309" Y="490" T="0" /><Point X="311" Y="493" T="0" /><Point X="321" Y="502" T="0" /><Point X="324" Y="505" T="0" /><Point X="326" Y="506" T="0" /><Point X="328" Y="508" T="0" /><Point X="331" Y="511" T="0" /><Point X="332" Y="511" T="0" /><Point X="333" Y="511" T="0" /><Point X="335" Y="511" T="0" /><Point X="336" Y="510" T="0" /><Point X="336" Y="509" T="0" /><Point X="337" Y="509" T="0" /><Point X="339" Y="506" T="0" /><Point X="339" Y="505" T="0" /><Point X="339" Y="504" T="0" /></Gesture>