<Gesture Name="left-square-bracket" Subject="1" Number="1" NumPts="90" Millseconds="0" AppName="Gestures" AppVer="1.0" Date="Wednesday, March 01, 2023" TimeOfDay="13:06:24" ID="3"><Point X="372" Y="111" T="0" /><Point X="372" Y="110" T="0" /><Point X="371" Y="110" T="0" /><Point X="369" Y="110" T="0" /><Point X="367" Y="109" T="0" /><Point X="365" Y="109" T="0" /><Point X="360" Y="109" T="0" /><Point X="348" Y="109" T="0" /><Point X="340" Y="108" T="0" /><Point X="332" Y="108" T="0" /><Point X="326" Y="108" T="0" /><Point X="314" Y="108" T="0" /><Point X="311" Y="108" T="0" /><Point X="303" Y="109" T="0" /><Point X="286" Y="109" T="0" /><Point X="282" Y="110" T="0" /><Point X="267" Y="111" T="0" /><Point X="255" Y="112" T="0" /><Point X="251" Y="112" T="0" /><Point X="245" Y="112" T="0" /><Point X="245" Y="113" T="0" /><Point X="245" Y="114" T="0" /><Point X="244" Y="116" T="0" /><Point X="244" Y="120" T="0" /><Point X="242" Y="124" T="0" /><Point X="242" Y="128" T="0" /><Point X="241" Y="135" T="0" /><Point X="238" Y="152" T="0" /><Point X="237" Y="161" T="0" /><Point X="236" Y="166" T="0" /><Point X="235" Y="179" T="0" /><Point X="234" Y="200" T="0" /><Point X="233" Y="208" T="0" /><Point X="233" Y="214" T="0" /><Point X="232" Y="223" T="0" /><Point X="232" Y="232" T="0" /><Point X="232" Y="248" T="0" /><Point X="232" Y="257" T="0" /><Point X="232" Y="261" T="0" /><Point X="232" Y="270" T="0" /><Point X="232" Y="283" T="0" /><Point X="232" Y="289" T="0" /><Point X="232" Y="294" T="0" /><Point X="233" Y="300" T="0" /><Point X="233" Y="314" T="0" /><Point X="233" Y="317" T="0" /><Point X="233" Y="324" T="0" /><Point X="233" Y="332" T="0" /><Point X="233" Y="343" T="0" /><Point X="233" Y="351" T="0" /><Point X="233" Y="358" T="0" /><Point X="234" Y="366" T="0" /><Point X="234" Y="378" T="0" /><Point X="234" Y="386" T="0" /><Point X="234" Y="392" T="0" /><Point X="234" Y="396" T="0" /><Point X="235" Y="412" T="0" /><Point X="235" Y="418" T="0" /><Point X="235" Y="422" T="0" /><Point X="235" Y="429" T="0" /><Point X="235" Y="431" T="0" /><Point X="235" Y="433" T="0" /><Point X="235" Y="436" T="0" /><Point X="236" Y="440" T="0" /><Point X="236" Y="445" T="0" /><Point X="236" Y="451" T="0" /><Point X="236" Y="454" T="0" /><Point X="237" Y="459" T="0" /><Point X="237" Y="461" T="0" /><Point X="237" Y="462" T="0" /><Point X="238" Y="465" T="0" /><Point X="238" Y="466" T="0" /><Point X="238" Y="467" T="0" /><Point X="238" Y="468" T="0" /><Point X="239" Y="468" T="0" /><Point X="242" Y="469" T="0" /><Point X="245" Y="469" T="0" /><Point X="257" Y="469" T="0" /><Point X="270" Y="469" T="0" /><Point X="296" Y="469" T="0" /><Point X="306" Y="469" T="0" /><Point X="339" Y="475" T="0" /><Point X="349" Y="478" T="0" /><Point X="358" Y="480" T="0" /><Point X="368" Y="483" T="0" /><Point X="384" Y="487" T="0" /><Point X="388" Y="487" T="0" /><Point X="393" Y="488" T="0" /><Point X="395" Y="488" T="0" /><Point X="397" Y="489" T="0" /></Gesture>