<Gesture Name="left-curly-brace" Subject="1" Number="1" NumPts="103" Millseconds="0" AppName="Gestures" AppVer="1.0" Date="Wednesday, March 01, 2023" TimeOfDay="13:11:36" ID="8"><Point X="233" Y="498" T="0" /><Point X="235" Y="497" T="0" /><Point X="240" Y="495" T="0" /><Point X="243" Y="493" T="0" /><Point X="250" Y="491" T="0" /><Point X="258" Y="487" T="0" /><Point X="268" Y="483" T="0" /><Point X="308" Y="469" T="0" /><Point X="323" Y="463" T="0" /><Point X="336" Y="459" T="0" /><Point X="348" Y="454" T="0" /><Point X="393" Y="436" T="0" /><Point X="401" Y="431" T="0" /><Point X="412" Y="426" T="0" /><Point X="419" Y="421" T="0" /><Point X="433" Y="410" T="0" /><Point X="438" Y="405" T="0" /><Point X="440" Y="402" T="0" /><Point X="445" Y="397" T="0" /><Point X="452" Y="385" T="0" /><Point X="454" Y="378" T="0" /><Point X="457" Y="371" T="0" /><Point X="458" Y="364" T="0" /><Point X="460" Y="352" T="0" /><Point X="461" Y="347" T="0" /><Point X="462" Y="338" T="0" /><Point X="462" Y="333" T="0" /><Point X="462" Y="331" T="0" /><Point X="459" Y="318" T="0" /><Point X="459" Y="316" T="0" /><Point X="457" Y="314" T="0" /><Point X="453" Y="309" T="0" /><Point X="452" Y="309" T="0" /><Point X="451" Y="308" T="0" /><Point X="450" Y="307" T="0" /><Point X="447" Y="306" T="0" /><Point X="445" Y="306" T="0" /><Point X="442" Y="305" T="0" /><Point X="440" Y="305" T="0" /><Point X="431" Y="305" T="0" /><Point X="425" Y="305" T="0" /><Point X="424" Y="305" T="0" /><Point X="417" Y="305" T="0" /><Point X="413" Y="305" T="0" /><Point X="411" Y="305" T="0" /><Point X="407" Y="306" T="0" /><Point X="396" Y="307" T="0" /><Point X="393" Y="308" T="0" /><Point X="391" Y="309" T="0" /><Point X="384" Y="313" T="0" /><Point X="381" Y="315" T="0" /><Point X="380" Y="316" T="0" /><Point X="377" Y="319" T="0" /><Point X="374" Y="324" T="0" /><Point X="368" Y="335" T="0" /><Point X="366" Y="340" T="0" /><Point X="365" Y="346" T="0" /><Point X="364" Y="351" T="0" /><Point X="364" Y="365" T="0" /><Point X="364" Y="369" T="0" /><Point X="364" Y="374" T="0" /><Point X="364" Y="381" T="0" /><Point X="366" Y="390" T="0" /><Point X="366" Y="394" T="0" /><Point X="367" Y="401" T="0" /><Point X="368" Y="405" T="0" /><Point X="371" Y="417" T="0" /><Point X="372" Y="421" T="0" /><Point X="374" Y="428" T="0" /><Point X="375" Y="432" T="0" /><Point X="377" Y="441" T="0" /><Point X="379" Y="445" T="0" /><Point X="380" Y="449" T="0" /><Point X="381" Y="451" T="0" /><Point X="386" Y="457" T="0" /><Point X="388" Y="459" T="0" /><Point X="389" Y="461" T="0" /><Point X="392" Y="463" T="0" /><Point X="411" Y="472" T="0" /><Point X="416" Y="473" T="0" /><Point X="423" Y="474" T="0" /><Point X="436" Y="475" T="0" /><Point X="465" Y="475" T="0" /><Point X="476" Y="475" T="0" /><Point X="486" Y="474" T="0" /><Point X="498" Y="473" T="0" /><Point X="527" Y="470" T="0" /><Point X="539" Y="467" T="0" /><Point X="549" Y="464" T="0" /><Point X="557" Y="462" T="0" /><Point X="579" Y="454" T="0" /><Point X="585" Y="451" T="0" /><Point X="594" Y="446" T="0" /><Point X="601" Y="441" T="0" /><Point X="603" Y="439" T="0" /><Point X="605" Y="437" T="0" /><Point X="608" Y="434" T="0" /><Point X="614" Y="429" T="0" /><Point X="616" Y="427" T="0" /><Point X="618" Y="426" T="0" /><Point X="618" Y="425" T="0" /><Point X="620" Y="424" T="0" /><Point X="620" Y="423" T="0" /></Gesture>