<Gesture Name="left-square-bracket" Subject="1" Number="1" NumPts="83" Millseconds="0" AppName="Gestures" AppVer="1.0" Date="Wednesday, March 01, 2023" TimeOfDay="13:07:22" ID="4"><Point X="351" Y="176" T="0" /><Point X="350" Y="176" T="0" /><Point X="349" Y="176" T="0" /><Point X="346" Y="175" T="0" /><Point X="343" Y="175" T="0" /><Point X="337" Y="174" T="0" /><Point X="318" Y="174" T="0" /><Point X="311" Y="174" T="0" /><Point X="298" Y="174" T="0" /><Point X="285" Y="175" T="0" /><Point X="269" Y="177" T="0" /><Point X="263" Y="177" T="0" /><Point X="261" Y="177" T="0" /><Point X="255" Y="178" T="0" /><Point X="252" Y="178" T="0" /><Point X="249" Y="178" T="0" /><Point X="248" Y="178" T="0" /><Point X="243" Y="178" T="0" /><Point X="241" Y="178" T="0" /><Point X="240" Y="178" T="0" /><Point X="238" Y="177" T="0" /><Point X="233" Y="177" T="0" /><Point X="231" Y="177" T="0" /><Point X="229" Y="177" T="0" /><Point X="228" Y="177" T="0" /><Point X="228" Y="179" T="0" /><Point X="228" Y="181" T="0" /><Point X="228" Y="182" T="0" /><Point X="226" Y="188" T="0" /><Point X="225" Y="194" T="0" /><Point X="224" Y="198" T="0" /><Point X="223" Y="205" T="0" /><Point X="222" Y="214" T="0" /><Point X="219" Y="234" T="0" /><Point X="218" Y="243" T="0" /><Point X="218" Y="250" T="0" /><Point X="217" Y="264" T="0" /><Point X="216" Y="287" T="0" /><Point X="216" Y="297" T="0" /><Point X="216" Y="310" T="0" /><Point X="216" Y="320" T="0" /><Point X="215" Y="340" T="0" /><Point X="215" Y="347" T="0" /><Point X="215" Y="362" T="0" /><Point X="215" Y="373" T="0" /><Point X="214" Y="380" T="0" /><Point X="213" Y="395" T="0" /><Point X="213" Y="397" T="0" /><Point X="212" Y="406" T="0" /><Point X="211" Y="415" T="0" /><Point X="211" Y="420" T="0" /><Point X="210" Y="425" T="0" /><Point X="210" Y="430" T="0" /><Point X="210" Y="435" T="0" /><Point X="210" Y="445" T="0" /><Point X="210" Y="449" T="0" /><Point X="210" Y="455" T="0" /><Point X="211" Y="459" T="0" /><Point X="211" Y="469" T="0" /><Point X="212" Y="476" T="0" /><Point X="212" Y="478" T="0" /><Point X="213" Y="486" T="0" /><Point X="213" Y="491" T="0" /><Point X="214" Y="494" T="0" /><Point X="214" Y="495" T="0" /><Point X="214" Y="496" T="0" /><Point X="214" Y="497" T="0" /><Point X="215" Y="500" T="0" /><Point X="215" Y="501" T="0" /><Point X="216" Y="501" T="0" /><Point X="218" Y="502" T="0" /><Point X="220" Y="502" T="0" /><Point X="223" Y="502" T="0" /><Point X="228" Y="502" T="0" /><Point X="231" Y="502" T="0" /><Point X="252" Y="502" T="0" /><Point X="270" Y="502" T="0" /><Point X="281" Y="502" T="0" /><Point X="308" Y="500" T="0" /><Point X="322" Y="500" T="0" /><Point X="332" Y="500" T="0" /><Point X="338" Y="500" T="0" /><Point X="348" Y="500" T="0" /></Gesture>