<Gesture Name="left-square-bracket" Subject="1" Number="1" NumPts="79" Millseconds="0" AppName="Gestures" AppVer="1.0" Date="Wednesday, March 01, 2023" TimeOfDay="13:13:19" ID="10"><Point X="321" Y="158" T="0" /><Point X="324" Y="164" T="0" /><Point X="326" Y="170" T="0" /><Point X="331" Y="179" T="0" /><Point X="336" Y="187" T="0" /><Point X="356" Y="216" T="0" /><Point X="365" Y="228" T="0" /><Point X="369" Y="233" T="0" /><Point X="377" Y="244" T="0" /><Point X="393" Y="262" T="0" /><Point X="400" Y="271" T="0" /><Point X="404" Y="275" T="0" /><Point X="409" Y="281" T="0" /><Point X="423" Y="297" T="0" /><Point X="431" Y="306" T="0" /><Point X="436" Y="312" T="0" /><Point X="440" Y="317" T="0" /><Point X="445" Y="322" T="0" /><Point X="452" Y="332" T="0" /><Point X="455" Y="337" T="0" /><Point X="459" Y="344" T="0" /><Point X="460" Y="345" T="0" /><Point X="465" Y="356" T="0" /><Point X="468" Y="359" T="0" /><Point X="469" Y="363" T="0" /><Point X="471" Y="366" T="0" /><Point X="474" Y="372" T="0" /><Point X="475" Y="375" T="0" /><Point X="475" Y="376" T="0" /><Point X="476" Y="377" T="0" /><Point X="476" Y="375" T="0" /><Point X="476" Y="372" T="0" /><Point X="476" Y="368" T="0" /><Point X="476" Y="361" T="0" /><Point X="476" Y="357" T="0" /><Point X="476" Y="338" T="0" /><Point X="476" Y="328" T="0" /><Point X="476" Y="315" T="0" /><Point X="476" Y="306" T="0" /><Point X="476" Y="292" T="0" /><Point X="477" Y="275" T="0" /><Point X="478" Y="261" T="0" /><Point X="478" Y="254" T="0" /><Point X="479" Y="245" T="0" /><Point X="482" Y="226" T="0" /><Point X="482" Y="221" T="0" /><Point X="484" Y="212" T="0" /><Point X="484" Y="207" T="0" /><Point X="488" Y="191" T="0" /><Point X="488" Y="187" T="0" /><Point X="489" Y="182" T="0" /><Point X="490" Y="178" T="0" /><Point X="490" Y="172" T="0" /><Point X="490" Y="171" T="0" /><Point X="490" Y="170" T="0" /><Point X="489" Y="171" T="0" /><Point X="488" Y="173" T="0" /><Point X="483" Y="177" T="0" /><Point X="480" Y="181" T="0" /><Point X="476" Y="185" T="0" /><Point X="465" Y="195" T="0" /><Point X="434" Y="219" T="0" /><Point X="420" Y="229" T="0" /><Point X="404" Y="240" T="0" /><Point X="390" Y="250" T="0" /><Point X="349" Y="282" T="0" /><Point X="334" Y="295" T="0" /><Point X="325" Y="303" T="0" /><Point X="317" Y="312" T="0" /><Point X="302" Y="327" T="0" /><Point X="300" Y="329" T="0" /><Point X="296" Y="334" T="0" /><Point X="293" Y="338" T="0" /><Point X="288" Y="345" T="0" /><Point X="286" Y="346" T="0" /><Point X="286" Y="347" T="0" /><Point X="285" Y="347" T="0" /><Point X="285" Y="348" T="0" /><Point X="286" Y="348" T="0" /></Gesture>