<Gesture Name="left-curly-brace" Subject="1" Number="1" NumPts="84" Millseconds="0" AppName="Gestures" AppVer="1.0" Date="Wednesday, March 01, 2023" TimeOfDay="13:12:30" ID="9"><Point X="189" Y="427" T="0" /><Point X="191" Y="427" T="0" /><Point X="203" Y="423" T="0" /><Point X="210" Y="421" T="0" /><Point X="238" Y="409" T="0" /><Point X="296" Y="388" T="0" /><Point X="318" Y="381" T="0" /><Point X="339" Y="374" T="0" /><Point X="361" Y="367" T="0" /><Point X="408" Y="349" T="0" /><Point X="422" Y="342" T="0" /><Point X="434" Y="336" T="0" /><Point X="441" Y="332" T="0" /><Point X="453" Y="320" T="0" /><Point X="457" Y="315" T="0" /><Point X="458" Y="312" T="0" /><Point X="462" Y="305" T="0" /><Point X="468" Y="294" T="0" /><Point X="470" Y="287" T="0" /><Point X="472" Y="278" T="0" /><Point X="473" Y="256" T="0" /><Point X="473" Y="247" T="0" /><Point X="472" Y="237" T="0" /><Point X="471" Y="211" T="0" /><Point X="471" Y="207" T="0" /><Point X="470" Y="197" T="0" /><Point X="466" Y="188" T="0" /><Point X="465" Y="187" T="0" /><Point X="464" Y="186" T="0" /><Point X="461" Y="185" T="0" /><Point X="459" Y="185" T="0" /><Point X="456" Y="185" T="0" /><Point X="452" Y="186" T="0" /><Point X="437" Y="190" T="0" /><Point X="426" Y="194" T="0" /><Point X="419" Y="196" T="0" /><Point X="392" Y="208" T="0" /><Point X="385" Y="211" T="0" /><Point X="378" Y="215" T="0" /><Point X="372" Y="218" T="0" /><Point X="362" Y="225" T="0" /><Point X="356" Y="230" T="0" /><Point X="352" Y="235" T="0" /><Point X="348" Y="239" T="0" /><Point X="340" Y="252" T="0" /><Point X="339" Y="256" T="0" /><Point X="338" Y="259" T="0" /><Point X="334" Y="270" T="0" /><Point X="333" Y="274" T="0" /><Point X="331" Y="280" T="0" /><Point X="331" Y="286" T="0" /><Point X="331" Y="291" T="0" /><Point X="331" Y="303" T="0" /><Point X="333" Y="313" T="0" /><Point X="334" Y="316" T="0" /><Point X="339" Y="331" T="0" /><Point X="343" Y="338" T="0" /><Point X="350" Y="348" T="0" /><Point X="358" Y="357" T="0" /><Point X="378" Y="375" T="0" /><Point X="382" Y="379" T="0" /><Point X="390" Y="385" T="0" /><Point X="397" Y="389" T="0" /><Point X="411" Y="397" T="0" /><Point X="419" Y="403" T="0" /><Point X="428" Y="406" T="0" /><Point X="438" Y="409" T="0" /><Point X="471" Y="415" T="0" /><Point X="478" Y="416" T="0" /><Point X="504" Y="415" T="0" /><Point X="526" Y="412" T="0" /><Point X="532" Y="411" T="0" /><Point X="535" Y="410" T="0" /><Point X="539" Y="408" T="0" /><Point X="539" Y="407" T="0" /><Point X="540" Y="406" T="0" /><Point X="542" Y="403" T="0" /><Point X="544" Y="402" T="0" /><Point X="545" Y="400" T="0" /><Point X="546" Y="400" T="0" /><Point X="549" Y="398" T="0" /><Point X="550" Y="398" T="0" /><Point X="551" Y="398" T="0" /><Point X="551" Y="397" T="0" /></Gesture>