<Gesture Name="left-curly-brace" Subject="1" Number="1" NumPts="83" Millseconds="0" AppName="Gestures" AppVer="1.0" Date="Wednesday, March 01, 2023" TimeOfDay="13:10:38" ID="7"><Point X="81" Y="385" T="0" /><Point X="83" Y="385" T="0" /><Point X="87" Y="385" T="0" /><Point X="94" Y="383" T="0" /><Point X="101" Y="381" T="0" /><Point X="115" Y="379" T="0" /><Point X="185" Y="365" T="0" /><Point X="203" Y="362" T="0" /><Point X="236" Y="356" T="0" /><Point X="304" Y="338" T="0" /><Point X="316" Y="333" T="0" /><Point X="369" Y="303" T="0" /><Point X="384" Y="289" T="0" /><Point X="390" Y="281" T="0" /><Point X="405" Y="260" T="0" /><Point X="414" Y="244" T="0" /><Point X="419" Y="230" T="0" /><Point X="421" Y="220" T="0" /><Point X="421" Y="200" T="0" /><Point X="421" Y="197" T="0" /><Point X="420" Y="186" T="0" /><Point X="416" Y="171" T="0" /><Point X="413" Y="167" T="0" /><Point X="410" Y="161" T="0" /><Point X="404" Y="154" T="0" /><Point X="402" Y="152" T="0" /><Point X="395" Y="147" T="0" /><Point X="392" Y="145" T="0" /><Point X="390" Y="144" T="0" /><Point X="383" Y="143" T="0" /><Point X="378" Y="143" T="0" /><Point X="367" Y="144" T="0" /><Point X="360" Y="146" T="0" /><Point X="355" Y="147" T="0" /><Point X="351" Y="149" T="0" /><Point X="341" Y="153" T="0" /><Point X="337" Y="156" T="0" /><Point X="333" Y="157" T="0" /><Point X="331" Y="159" T="0" /><Point X="319" Y="168" T="0" /><Point X="313" Y="172" T="0" /><Point X="310" Y="176" T="0" /><Point X="302" Y="183" T="0" /><Point X="292" Y="194" T="0" /><Point X="286" Y="202" T="0" /><Point X="282" Y="208" T="0" /><Point X="279" Y="213" T="0" /><Point X="276" Y="219" T="0" /><Point X="273" Y="229" T="0" /><Point X="272" Y="237" T="0" /><Point X="271" Y="242" T="0" /><Point X="271" Y="249" T="0" /><Point X="271" Y="260" T="0" /><Point X="272" Y="267" T="0" /><Point X="273" Y="274" T="0" /><Point X="274" Y="279" T="0" /><Point X="278" Y="293" T="0" /><Point X="280" Y="300" T="0" /><Point X="283" Y="306" T="0" /><Point X="285" Y="311" T="0" /><Point X="291" Y="325" T="0" /><Point X="294" Y="331" T="0" /><Point X="297" Y="335" T="0" /><Point X="301" Y="342" T="0" /><Point X="312" Y="357" T="0" /><Point X="317" Y="362" T="0" /><Point X="322" Y="367" T="0" /><Point X="328" Y="373" T="0" /><Point X="342" Y="381" T="0" /><Point X="352" Y="385" T="0" /><Point X="367" Y="388" T="0" /><Point X="382" Y="391" T="0" /><Point X="439" Y="393" T="0" /><Point X="451" Y="394" T="0" /><Point X="474" Y="394" T="0" /><Point X="487" Y="395" T="0" /><Point X="509" Y="395" T="0" /><Point X="535" Y="395" T="0" /><Point X="548" Y="394" T="0" /><Point X="552" Y="393" T="0" /><Point X="557" Y="391" T="0" /><Point X="560" Y="389" T="0" /><Point X="560" Y="388" T="0" /></Gesture>