<Gesture Name="left-square-bracket" Subject="1" Number="1" NumPts="83" Millseconds="0" AppName="Gestures" AppVer="1.0" Date="Wednesday, March 01, 2023" TimeOfDay="13:08:19" ID="5"><Point X="411" Y="185" T="0" /><Point X="410" Y="184" T="0" /><Point X="408" Y="184" T="0" /><Point X="405" Y="184" T="0" /><Point X="399" Y="184" T="0" /><Point X="382" Y="184" T="0" /><Point X="370" Y="185" T="0" /><Point X="363" Y="185" T="0" /><Point X="350" Y="187" T="0" /><Point X="339" Y="187" T="0" /><Point X="312" Y="187" T="0" /><Point X="300" Y="187" T="0" /><Point X="292" Y="187" T="0" /><Point X="282" Y="186" T="0" /><Point X="266" Y="183" T="0" /><Point X="262" Y="183" T="0" /><Point X="258" Y="181" T="0" /><Point X="257" Y="181" T="0" /><Point X="254" Y="180" T="0" /><Point X="254" Y="179" T="0" /><Point X="253" Y="179" T="0" /><Point X="253" Y="181" T="0" /><Point X="253" Y="185" T="0" /><Point X="253" Y="188" T="0" /><Point X="252" Y="199" T="0" /><Point X="250" Y="229" T="0" /><Point X="250" Y="237" T="0" /><Point X="249" Y="250" T="0" /><Point X="248" Y="269" T="0" /><Point X="248" Y="277" T="0" /><Point X="248" Y="284" T="0" /><Point X="248" Y="291" T="0" /><Point X="248" Y="305" T="0" /><Point X="248" Y="311" T="0" /><Point X="248" Y="317" T="0" /><Point X="248" Y="324" T="0" /><Point X="249" Y="340" T="0" /><Point X="249" Y="348" T="0" /><Point X="249" Y="360" T="0" /><Point X="249" Y="375" T="0" /><Point X="249" Y="384" T="0" /><Point X="249" Y="392" T="0" /><Point X="249" Y="403" T="0" /><Point X="249" Y="411" T="0" /><Point X="249" Y="414" T="0" /><Point X="249" Y="422" T="0" /><Point X="249" Y="427" T="0" /><Point X="249" Y="439" T="0" /><Point X="249" Y="442" T="0" /><Point X="249" Y="447" T="0" /><Point X="249" Y="451" T="0" /><Point X="249" Y="465" T="0" /><Point X="249" Y="469" T="0" /><Point X="249" Y="483" T="0" /><Point X="249" Y="488" T="0" /><Point X="249" Y="494" T="0" /><Point X="249" Y="505" T="0" /><Point X="250" Y="513" T="0" /><Point X="250" Y="520" T="0" /><Point X="250" Y="523" T="0" /><Point X="250" Y="526" T="0" /><Point X="250" Y="528" T="0" /><Point X="251" Y="530" T="0" /><Point X="251" Y="531" T="0" /><Point X="252" Y="531" T="0" /><Point X="254" Y="531" T="0" /><Point X="259" Y="533" T="0" /><Point X="260" Y="533" T="0" /><Point X="265" Y="534" T="0" /><Point X="270" Y="535" T="0" /><Point X="295" Y="537" T="0" /><Point X="305" Y="537" T="0" /><Point X="321" Y="538" T="0" /><Point X="334" Y="538" T="0" /><Point X="385" Y="541" T="0" /><Point X="398" Y="543" T="0" /><Point X="410" Y="543" T="0" /><Point X="418" Y="545" T="0" /><Point X="432" Y="546" T="0" /><Point X="435" Y="547" T="0" /><Point X="439" Y="547" T="0" /><Point X="440" Y="548" T="0" /><Point X="441" Y="548" T="0" /></Gesture>