<Gesture Name="left-square-bracket" Subject="1" Number="1" NumPts="47" Millseconds="0" AppName="Gestures" AppVer="1.0" Date="Wednesday, March 01, 2023" TimeOfDay="13:12:17" ID="9"><Point X="295" Y="303" T="0" /><Point X="296" Y="306" T="0" /><Point X="302" Y="322" T="0" /><Point X="312" Y="342" T="0" /><Point X="319" Y="355" T="0" /><Point X="350" Y="406" T="0" /><Point X="368" Y="437" T="0" /><Point X="387" Y="474" T="0" /><Point X="405" Y="503" T="0" /><Point X="437" Y="548" T="0" /><Point X="443" Y="556" T="0" /><Point X="450" Y="564" T="0" /><Point X="456" Y="569" T="0" /><Point X="455" Y="569" T="0" /><Point X="448" Y="568" T="0" /><Point X="429" Y="568" T="0" /><Point X="422" Y="568" T="0" /><Point X="401" Y="568" T="0" /><Point X="374" Y="568" T="0" /><Point X="368" Y="569" T="0" /><Point X="350" Y="569" T="0" /><Point X="346" Y="569" T="0" /><Point X="345" Y="569" T="0" /><Point X="340" Y="568" T="0" /><Point X="336" Y="568" T="0" /><Point X="332" Y="568" T="0" /><Point X="326" Y="568" T="0" /><Point X="325" Y="568" T="0" /><Point X="325" Y="567" T="0" /><Point X="325" Y="565" T="0" /><Point X="326" Y="560" T="0" /><Point X="332" Y="548" T="0" /><Point X="336" Y="541" T="0" /><Point X="354" Y="513" T="0" /><Point X="363" Y="499" T="0" /><Point X="372" Y="489" T="0" /><Point X="385" Y="473" T="0" /><Point X="442" Y="405" T="0" /><Point X="452" Y="392" T="0" /><Point X="475" Y="365" T="0" /><Point X="501" Y="332" T="0" /><Point X="507" Y="324" T="0" /><Point X="512" Y="317" T="0" /><Point X="515" Y="313" T="0" /><Point X="521" Y="303" T="0" /><Point X="523" Y="301" T="0" /><Point X="523" Y="300" T="0" /></Gesture>