<Gesture Name="left-curly-brace" Subject="1" Number="1" NumPts="112" Millseconds="0" AppName="Gestures" AppVer="1.0" Date="Wednesday, March 01, 2023" TimeOfDay="13:09:30" ID="6"><Point X="387" Y="190" T="0" /><Point X="387" Y="180" T="0" /><Point X="387" Y="176" T="0" /><Point X="386" Y="174" T="0" /><Point X="385" Y="171" T="0" /><Point X="384" Y="169" T="0" /><Point X="380" Y="161" T="0" /><Point X="380" Y="160" T="0" /><Point X="377" Y="158" T="0" /><Point X="376" Y="158" T="0" /><Point X="374" Y="158" T="0" /><Point X="372" Y="158" T="0" /><Point X="368" Y="158" T="0" /><Point X="366" Y="158" T="0" /><Point X="354" Y="162" T="0" /><Point X="349" Y="164" T="0" /><Point X="339" Y="170" T="0" /><Point X="328" Y="178" T="0" /><Point X="320" Y="187" T="0" /><Point X="317" Y="190" T="0" /><Point X="309" Y="204" T="0" /><Point X="305" Y="210" T="0" /><Point X="302" Y="218" T="0" /><Point X="300" Y="223" T="0" /><Point X="295" Y="243" T="0" /><Point X="295" Y="247" T="0" /><Point X="293" Y="258" T="0" /><Point X="291" Y="272" T="0" /><Point X="291" Y="280" T="0" /><Point X="290" Y="286" T="0" /><Point X="290" Y="290" T="0" /><Point X="290" Y="303" T="0" /><Point X="291" Y="314" T="0" /><Point X="292" Y="317" T="0" /><Point X="292" Y="326" T="0" /><Point X="293" Y="330" T="0" /><Point X="293" Y="332" T="0" /><Point X="294" Y="337" T="0" /><Point X="295" Y="344" T="0" /><Point X="296" Y="347" T="0" /><Point X="296" Y="349" T="0" /><Point X="296" Y="350" T="0" /><Point X="297" Y="356" T="0" /><Point X="297" Y="359" T="0" /><Point X="298" Y="362" T="0" /><Point X="298" Y="363" T="0" /><Point X="299" Y="371" T="0" /><Point X="299" Y="374" T="0" /><Point X="299" Y="375" T="0" /><Point X="299" Y="377" T="0" /><Point X="298" Y="379" T="0" /><Point X="297" Y="380" T="0" /><Point X="296" Y="380" T="0" /><Point X="295" Y="380" T="0" /><Point X="294" Y="380" T="0" /><Point X="293" Y="380" T="0" /><Point X="290" Y="378" T="0" /><Point X="289" Y="377" T="0" /><Point X="288" Y="375" T="0" /><Point X="286" Y="372" T="0" /><Point X="285" Y="369" T="0" /><Point X="285" Y="368" T="0" /><Point X="283" Y="364" T="0" /><Point X="283" Y="363" T="0" /><Point X="282" Y="362" T="0" /><Point X="282" Y="361" T="0" /><Point X="282" Y="362" T="0" /><Point X="282" Y="363" T="0" /><Point X="283" Y="364" T="0" /><Point X="283" Y="366" T="0" /><Point X="283" Y="369" T="0" /><Point X="283" Y="377" T="0" /><Point X="283" Y="379" T="0" /><Point X="282" Y="384" T="0" /><Point X="282" Y="386" T="0" /><Point X="280" Y="397" T="0" /><Point X="279" Y="402" T="0" /><Point X="279" Y="406" T="0" /><Point X="278" Y="410" T="0" /><Point X="278" Y="422" T="0" /><Point X="278" Y="425" T="0" /><Point X="278" Y="429" T="0" /><Point X="278" Y="433" T="0" /><Point X="278" Y="446" T="0" /><Point X="278" Y="449" T="0" /><Point X="278" Y="451" T="0" /><Point X="278" Y="456" T="0" /><Point X="279" Y="459" T="0" /><Point X="279" Y="462" T="0" /><Point X="280" Y="465" T="0" /><Point X="282" Y="471" T="0" /><Point X="283" Y="474" T="0" /><Point X="284" Y="476" T="0" /><Point X="286" Y="479" T="0" /><Point X="291" Y="489" T="0" /><Point X="294" Y="493" T="0" /><Point X="297" Y="497" T="0" /><Point X="302" Y="507" T="0" /><Point X="308" Y="517" T="0" /><Point X="312" Y="522" T="0" /><Point X="313" Y="525" T="0" /><Point X="319" Y="532" T="0" /><Point X="328" Y="542" T="0" /><Point X="328" Y="543" T="0" /><Point X="332" Y="546" T="0" /><Point X="335" Y="549" T="0" /><Point X="340" Y="554" T="0" /><Point X="341" Y="555" T="0" /><Point X="342" Y="555" T="0" /><Point X="343" Y="555" T="0" /><Point X="344" Y="555" T="0" /><Point X="344" Y="556" T="0" /></Gesture>