<Gesture Name="pigtail" Subject="1" Number="1" NumPts="116" Millseconds="0" AppName="Gestures" AppVer="1.0" Date="Wednesday, March 01, 2023" TimeOfDay="13:05:36" ID="2"><Point X="236" Y="341" T="0" /><Point X="237" Y="341" T="0" /><Point X="239" Y="340" T="0" /><Point X="242" Y="339" T="0" /><Point X="257" Y="333" T="0" /><Point X="265" Y="330" T="0" /><Point X="284" Y="320" T="0" /><Point X="291" Y="315" T="0" /><Point X="296" Y="313" T="0" /><Point X="301" Y="309" T="0" /><Point X="308" Y="302" T="0" /><Point X="312" Y="299" T="0" /><Point X="315" Y="295" T="0" /><Point X="323" Y="288" T="0" /><Point X="333" Y="277" T="0" /><Point X="337" Y="273" T="0" /><Point X="344" Y="265" T="0" /><Point X="348" Y="261" T="0" /><Point X="357" Y="250" T="0" /><Point X="360" Y="245" T="0" /><Point X="362" Y="243" T="0" /><Point X="368" Y="235" T="0" /><Point X="374" Y="226" T="0" /><Point X="377" Y="222" T="0" /><Point X="380" Y="216" T="0" /><Point X="383" Y="213" T="0" /><Point X="384" Y="210" T="0" /><Point X="388" Y="202" T="0" /><Point X="389" Y="199" T="0" /><Point X="390" Y="196" T="0" /><Point X="391" Y="192" T="0" /><Point X="393" Y="181" T="0" /><Point X="393" Y="179" T="0" /><Point X="393" Y="172" T="0" /><Point X="393" Y="169" T="0" /><Point X="393" Y="162" T="0" /><Point X="391" Y="159" T="0" /><Point X="390" Y="157" T="0" /><Point X="389" Y="156" T="0" /><Point X="387" Y="154" T="0" /><Point X="387" Y="153" T="0" /><Point X="386" Y="153" T="0" /><Point X="385" Y="152" T="0" /><Point X="384" Y="152" T="0" /><Point X="383" Y="152" T="0" /><Point X="382" Y="151" T="0" /><Point X="380" Y="151" T="0" /><Point X="375" Y="151" T="0" /><Point X="373" Y="151" T="0" /><Point X="371" Y="152" T="0" /><Point X="367" Y="152" T="0" /><Point X="358" Y="155" T="0" /><Point X="354" Y="157" T="0" /><Point X="351" Y="158" T="0" /><Point X="347" Y="159" T="0" /><Point X="345" Y="160" T="0" /><Point X="337" Y="164" T="0" /><Point X="334" Y="166" T="0" /><Point X="332" Y="167" T="0" /><Point X="328" Y="170" T="0" /><Point X="321" Y="175" T="0" /><Point X="318" Y="178" T="0" /><Point X="317" Y="178" T="0" /><Point X="314" Y="181" T="0" /><Point X="307" Y="188" T="0" /><Point X="306" Y="190" T="0" /><Point X="303" Y="193" T="0" /><Point X="301" Y="197" T="0" /><Point X="297" Y="204" T="0" /><Point X="297" Y="206" T="0" /><Point X="296" Y="209" T="0" /><Point X="295" Y="212" T="0" /><Point X="294" Y="218" T="0" /><Point X="294" Y="221" T="0" /><Point X="294" Y="224" T="0" /><Point X="294" Y="229" T="0" /><Point X="294" Y="239" T="0" /><Point X="294" Y="241" T="0" /><Point X="294" Y="245" T="0" /><Point X="295" Y="251" T="0" /><Point X="297" Y="262" T="0" /><Point X="298" Y="268" T="0" /><Point X="300" Y="272" T="0" /><Point X="302" Y="278" T="0" /><Point X="303" Y="282" T="0" /><Point X="306" Y="290" T="0" /><Point X="309" Y="296" T="0" /><Point X="311" Y="300" T="0" /><Point X="312" Y="305" T="0" /><Point X="317" Y="315" T="0" /><Point X="319" Y="320" T="0" /><Point X="322" Y="324" T="0" /><Point X="325" Y="329" T="0" /><Point X="332" Y="337" T="0" /><Point X="337" Y="342" T="0" /><Point X="340" Y="344" T="0" /><Point X="343" Y="347" T="0" /><Point X="352" Y="355" T="0" /><Point X="357" Y="359" T="0" /><Point X="363" Y="364" T="0" /><Point X="368" Y="367" T="0" /><Point X="381" Y="373" T="0" /><Point X="388" Y="375" T="0" /><Point X="397" Y="378" T="0" /><Point X="404" Y="380" T="0" /><Point X="429" Y="383" T="0" /><Point X="438" Y="385" T="0" /><Point X="446" Y="386" T="0" /><Point X="453" Y="387" T="0" /><Point X="461" Y="388" T="0" /><Point X="480" Y="390" T="0" /><Point X="487" Y="390" T="0" /><Point X="494" Y="389" T="0" /><Point X="495" Y="388" T="0" /><Point X="503" Y="385" T="0" /><Point X="504" Y="385" T="0" /></Gesture>