<Gesture Name="pigtail" Subject="1" Number="1" NumPts="95" Millseconds="0" AppName="Gestures" AppVer="1.0" Date="Wednesday, March 01, 2023" TimeOfDay="13:08:43" ID="5"><Point X="192" Y="300" T="0" /><Point X="193" Y="300" T="0" /><Point X="194" Y="300" T="0" /><Point X="198" Y="298" T="0" /><Point X="202" Y="297" T="0" /><Point X="209" Y="294" T="0" /><Point X="217" Y="290" T="0" /><Point X="248" Y="277" T="0" /><Point X="260" Y="272" T="0" /><Point X="269" Y="270" T="0" /><Point X="284" Y="265" T="0" /><Point X="298" Y="260" T="0" /><Point X="321" Y="253" T="0" /><Point X="333" Y="248" T="0" /><Point X="341" Y="244" T="0" /><Point X="350" Y="241" T="0" /><Point X="367" Y="229" T="0" /><Point X="374" Y="224" T="0" /><Point X="381" Y="217" T="0" /><Point X="387" Y="212" T="0" /><Point X="397" Y="200" T="0" /><Point X="400" Y="194" T="0" /><Point X="401" Y="191" T="0" /><Point X="402" Y="183" T="0" /><Point X="403" Y="179" T="0" /><Point X="403" Y="176" T="0" /><Point X="403" Y="173" T="0" /><Point X="402" Y="165" T="0" /><Point X="401" Y="163" T="0" /><Point X="401" Y="160" T="0" /><Point X="400" Y="157" T="0" /><Point X="398" Y="152" T="0" /><Point X="397" Y="150" T="0" /><Point X="396" Y="148" T="0" /><Point X="395" Y="148" T="0" /><Point X="394" Y="146" T="0" /><Point X="390" Y="143" T="0" /><Point X="388" Y="142" T="0" /><Point X="386" Y="141" T="0" /><Point X="378" Y="139" T="0" /><Point X="376" Y="139" T="0" /><Point X="374" Y="139" T="0" /><Point X="371" Y="138" T="0" /><Point X="362" Y="138" T="0" /><Point X="357" Y="138" T="0" /><Point X="353" Y="138" T="0" /><Point X="352" Y="138" T="0" /><Point X="341" Y="140" T="0" /><Point X="336" Y="142" T="0" /><Point X="333" Y="143" T="0" /><Point X="331" Y="144" T="0" /><Point X="327" Y="146" T="0" /><Point X="326" Y="148" T="0" /><Point X="325" Y="149" T="0" /><Point X="324" Y="151" T="0" /><Point X="321" Y="159" T="0" /><Point X="319" Y="163" T="0" /><Point X="318" Y="167" T="0" /><Point X="316" Y="172" T="0" /><Point X="312" Y="186" T="0" /><Point X="311" Y="190" T="0" /><Point X="310" Y="197" T="0" /><Point X="309" Y="203" T="0" /><Point X="308" Y="209" T="0" /><Point X="307" Y="225" T="0" /><Point X="307" Y="231" T="0" /><Point X="306" Y="237" T="0" /><Point X="306" Y="242" T="0" /><Point X="307" Y="254" T="0" /><Point X="308" Y="258" T="0" /><Point X="309" Y="264" T="0" /><Point X="311" Y="269" T="0" /><Point X="316" Y="279" T="0" /><Point X="318" Y="285" T="0" /><Point X="320" Y="288" T="0" /><Point X="323" Y="292" T="0" /><Point X="331" Y="302" T="0" /><Point X="336" Y="307" T="0" /><Point X="341" Y="312" T="0" /><Point X="345" Y="315" T="0" /><Point X="358" Y="322" T="0" /><Point X="364" Y="324" T="0" /><Point X="374" Y="326" T="0" /><Point X="382" Y="326" T="0" /><Point X="404" Y="325" T="0" /><Point X="417" Y="322" T="0" /><Point X="430" Y="319" T="0" /><Point X="443" Y="316" T="0" /><Point X="466" Y="308" T="0" /><Point X="475" Y="305" T="0" /><Point X="478" Y="303" T="0" /><Point X="487" Y="299" T="0" /><Point X="489" Y="298" T="0" /><Point X="492" Y="296" T="0" /><Point X="493" Y="295" T="0" /></Gesture>