<Gesture Name="pigtail" Subject="1" Number="1" NumPts="91" Millseconds="0" AppName="Gestures" AppVer="1.0" Date="Wednesday, March 01, 2023" TimeOfDay="13:11:51" ID="8"><Point X="235" Y="227" T="0" /><Point X="235" Y="232" T="0" /><Point X="235" Y="244" T="0" /><Point X="235" Y="257" T="0" /><Point X="235" Y="280" T="0" /><Point X="235" Y="320" T="0" /><Point X="235" Y="335" T="0" /><Point X="235" Y="356" T="0" /><Point X="235" Y="392" T="0" /><Point X="234" Y="403" T="0" /><Point X="233" Y="417" T="0" /><Point X="232" Y="435" T="0" /><Point X="232" Y="439" T="0" /><Point X="232" Y="449" T="0" /><Point X="232" Y="451" T="0" /><Point X="232" Y="455" T="0" /><Point X="232" Y="457" T="0" /><Point X="233" Y="458" T="0" /><Point X="238" Y="458" T="0" /><Point X="244" Y="458" T="0" /><Point X="283" Y="456" T="0" /><Point X="305" Y="456" T="0" /><Point X="319" Y="456" T="0" /><Point X="373" Y="458" T="0" /><Point X="386" Y="458" T="0" /><Point X="403" Y="459" T="0" /><Point X="416" Y="460" T="0" /><Point X="441" Y="462" T="0" /><Point X="455" Y="464" T="0" /><Point X="459" Y="465" T="0" /><Point X="469" Y="465" T="0" /><Point X="472" Y="465" T="0" /><Point X="474" Y="465" T="0" /><Point X="476" Y="464" T="0" /><Point X="482" Y="463" T="0" /><Point X="483" Y="462" T="0" /><Point X="486" Y="461" T="0" /><Point X="488" Y="461" T="0" /><Point X="493" Y="460" T="0" /><Point X="495" Y="459" T="0" /><Point X="496" Y="459" T="0" /><Point X="498" Y="459" T="0" /><Point X="500" Y="459" T="0" /><Point X="501" Y="459" T="0" /><Point X="501" Y="458" T="0" /><Point X="502" Y="458" T="0" /><Point X="501" Y="458" T="0" /><Point X="501" Y="457" T="0" /><Point X="501" Y="456" T="0" /><Point X="501" Y="453" T="0" /><Point X="500" Y="451" T="0" /><Point X="500" Y="443" T="0" /><Point X="500" Y="438" T="0" /><Point X="500" Y="432" T="0" /><Point X="500" Y="422" T="0" /><Point X="500" Y="406" T="0" /><Point X="500" Y="395" T="0" /><Point X="500" Y="386" T="0" /><Point X="500" Y="372" T="0" /><Point X="504" Y="333" T="0" /><Point X="507" Y="311" T="0" /><Point X="509" Y="301" T="0" /><Point X="517" Y="265" T="0" /><Point X="520" Y="251" T="0" /><Point X="522" Y="240" T="0" /><Point X="522" Y="236" T="0" /><Point X="523" Y="232" T="0" /><Point X="523" Y="230" T="0" /><Point X="524" Y="226" T="0" /><Point X="524" Y="225" T="0" /><Point X="524" Y="224" T="0" /><Point X="524" Y="223" T="0" /><Point X="523" Y="223" T="0" /><Point X="522" Y="223" T="0" /><Point X="520" Y="223" T="0" /><Point X="510" Y="225" T="0" /><Point X="504" Y="226" T="0" /><Point X="495" Y="227" T="0" /><Point X="482" Y="228" T="0" /><Point X="473" Y="229" T="0" /><Point X="423" Y="232" T="0" /><Point X="411" Y="232" T="0" /><Point X="398" Y="232" T="0" /><Point X="380" Y="232" T="0" /><Point X="337" Y="233" T="0" /><Point X="325" Y="233" T="0" /><Point X="314" Y="233" T="0" /><Point X="305" Y="233" T="0" /><Point X="288" Y="233" T="0" /><Point X="281" Y="233" T="0" /><Point X="276" Y="233" T="0" /></Gesture>