<Gesture Name="pigtail" Subject="1" Number="1" NumPts="128" Millseconds="0" AppName="Gestures" AppVer="1.0" Date="Wednesday, March 01, 2023" TimeOfDay="13:13:49" ID="10"><Point X="212" Y="197" T="0" /><Point X="211" Y="203" T="0" /><Point X="211" Y="209" T="0" /><Point X="210" Y="214" T="0" /><Point X="210" Y="222" T="0" /><Point X="209" Y="235" T="0" /><Point X="208" Y="248" T="0" /><Point X="208" Y="258" T="0" /><Point X="208" Y="267" T="0" /><Point X="208" Y="296" T="0" /><Point X="208" Y="302" T="0" /><Point X="208" Y="313" T="0" /><Point X="208" Y="322" T="0" /><Point X="208" Y="337" T="0" /><Point X="209" Y="344" T="0" /><Point X="210" Y="359" T="0" /><Point X="210" Y="371" T="0" /><Point X="210" Y="374" T="0" /><Point X="210" Y="381" T="0" /><Point X="210" Y="383" T="0" /><Point X="210" Y="386" T="0" /><Point X="210" Y="394" T="0" /><Point X="210" Y="397" T="0" /><Point X="210" Y="400" T="0" /><Point X="210" Y="403" T="0" /><Point X="210" Y="407" T="0" /><Point X="210" Y="410" T="0" /><Point X="210" Y="411" T="0" /><Point X="210" Y="414" T="0" /><Point X="211" Y="418" T="0" /><Point X="211" Y="419" T="0" /><Point X="212" Y="419" T="0" /><Point X="213" Y="419" T="0" /><Point X="214" Y="419" T="0" /><Point X="216" Y="419" T="0" /><Point X="220" Y="419" T="0" /><Point X="228" Y="419" T="0" /><Point X="237" Y="419" T="0" /><Point X="261" Y="419" T="0" /><Point X="274" Y="418" T="0" /><Point X="281" Y="418" T="0" /><Point X="294" Y="417" T="0" /><Point X="307" Y="417" T="0" /><Point X="343" Y="417" T="0" /><Point X="352" Y="418" T="0" /><Point X="364" Y="419" T="0" /><Point X="371" Y="419" T="0" /><Point X="409" Y="423" T="0" /><Point X="419" Y="423" T="0" /><Point X="427" Y="423" T="0" /><Point X="438" Y="423" T="0" /><Point X="452" Y="423" T="0" /><Point X="458" Y="423" T="0" /><Point X="461" Y="423" T="0" /><Point X="463" Y="422" T="0" /><Point X="470" Y="420" T="0" /><Point X="471" Y="420" T="0" /><Point X="472" Y="419" T="0" /><Point X="473" Y="418" T="0" /><Point X="474" Y="418" T="0" /><Point X="474" Y="417" T="0" /><Point X="474" Y="416" T="0" /><Point X="474" Y="414" T="0" /><Point X="474" Y="410" T="0" /><Point X="474" Y="408" T="0" /><Point X="474" Y="406" T="0" /><Point X="474" Y="401" T="0" /><Point X="474" Y="392" T="0" /><Point X="474" Y="389" T="0" /><Point X="475" Y="381" T="0" /><Point X="475" Y="373" T="0" /><Point X="476" Y="354" T="0" /><Point X="476" Y="347" T="0" /><Point X="476" Y="333" T="0" /><Point X="476" Y="322" T="0" /><Point X="477" Y="295" T="0" /><Point X="478" Y="285" T="0" /><Point X="479" Y="272" T="0" /><Point X="480" Y="260" T="0" /><Point X="481" Y="240" T="0" /><Point X="481" Y="233" T="0" /><Point X="481" Y="228" T="0" /><Point X="481" Y="220" T="0" /><Point X="481" Y="211" T="0" /><Point X="481" Y="207" T="0" /><Point X="481" Y="205" T="0" /><Point X="481" Y="203" T="0" /><Point X="482" Y="199" T="0" /><Point X="482" Y="198" T="0" /><Point X="482" Y="197" T="0" /><Point X="483" Y="193" T="0" /><Point X="483" Y="191" T="0" /><Point X="483" Y="190" T="0" /><Point X="484" Y="186" T="0" /><Point X="484" Y="184" T="0" /><Point X="484" Y="183" T="0" /><Point X="483" Y="181" T="0" /><Point X="482" Y="179" T="0" /><Point X="481" Y="178" T="0" /><Point X="480" Y="178" T="0" /><Point X="475" Y="175" T="0" /><Point X="473" Y="174" T="0" /><Point X="468" Y="173" T="0" /><Point X="464" Y="173" T="0" /><Point X="449" Y="171" T="0" /><Point X="436" Y="171" T="0" /><Point X="425" Y="171" T="0" /><Point X="417" Y="171" T="0" /><Point X="367" Y="176" T="0" /><Point X="354" Y="177" T="0" /><Point X="340" Y="179" T="0" /><Point X="328" Y="179" T="0" /><Point X="286" Y="180" T="0" /><Point X="274" Y="179" T="0" /><Point X="267" Y="178" T="0" /><Point X="256" Y="176" T="0" /><Point X="250" Y="175" T="0" /><Point X="247" Y="175" T="0" /><Point X="244" Y="174" T="0" /><Point X="233" Y="173" T="0" /><Point X="225" Y="173" T="0" /><Point X="219" Y="172" T="0" /><Point X="215" Y="171" T="0" /><Point X="202" Y="171" T="0" /><Point X="195" Y="170" T="0" /><Point X="192" Y="170" T="0" /><Point X="189" Y="170" T="0" /><Point X="187" Y="169" T="0" /></Gesture>