<Gesture Name="pigtail" Subject="1" Number="1" NumPts="143" Millseconds="0" AppName="Gestures" AppVer="1.0" Date="Wednesday, March 01, 2023" TimeOfDay="13:04:32" ID="1"><Point X="275" Y="498" T="0" /><Point X="276" Y="497" T="0" /><Point X="280" Y="494" T="0" /><Point X="282" Y="493" T="0" /><Point X="285" Y="491" T="0" /><Point X="293" Y="486" T="0" /><Point X="307" Y="478" T="0" /><Point X="313" Y="474" T="0" /><Point X="316" Y="472" T="0" /><Point X="329" Y="462" T="0" /><Point X="332" Y="459" T="0" /><Point X="338" Y="454" T="0" /><Point X="343" Y="449" T="0" /><Point X="351" Y="441" T="0" /><Point X="357" Y="435" T="0" /><Point X="359" Y="432" T="0" /><Point X="364" Y="427" T="0" /><Point X="371" Y="418" T="0" /><Point X="373" Y="415" T="0" /><Point X="377" Y="409" T="0" /><Point X="379" Y="404" T="0" /><Point X="384" Y="394" T="0" /><Point X="385" Y="391" T="0" /><Point X="388" Y="384" T="0" /><Point X="389" Y="382" T="0" /><Point X="391" Y="373" T="0" /><Point X="392" Y="369" T="0" /><Point X="392" Y="366" T="0" /><Point X="392" Y="362" T="0" /><Point X="392" Y="354" T="0" /><Point X="392" Y="350" T="0" /><Point X="392" Y="347" T="0" /><Point X="392" Y="343" T="0" /><Point X="392" Y="339" T="0" /><Point X="392" Y="330" T="0" /><Point X="391" Y="326" T="0" /><Point X="390" Y="320" T="0" /><Point X="389" Y="316" T="0" /><Point X="387" Y="307" T="0" /><Point X="386" Y="304" T="0" /><Point X="384" Y="300" T="0" /><Point X="382" Y="297" T="0" /><Point X="378" Y="288" T="0" /><Point X="376" Y="286" T="0" /><Point X="376" Y="284" T="0" /><Point X="375" Y="282" T="0" /><Point X="372" Y="278" T="0" /><Point X="371" Y="277" T="0" /><Point X="369" Y="275" T="0" /><Point X="366" Y="272" T="0" /><Point X="365" Y="271" T="0" /><Point X="364" Y="271" T="0" /><Point X="364" Y="270" T="0" /><Point X="361" Y="269" T="0" /><Point X="360" Y="269" T="0" /><Point X="359" Y="269" T="0" /><Point X="359" Y="268" T="0" /><Point X="357" Y="268" T="0" /><Point X="356" Y="268" T="0" /><Point X="355" Y="269" T="0" /><Point X="354" Y="269" T="0" /><Point X="351" Y="271" T="0" /><Point X="349" Y="272" T="0" /><Point X="348" Y="273" T="0" /><Point X="347" Y="274" T="0" /><Point X="342" Y="279" T="0" /><Point X="340" Y="281" T="0" /><Point X="339" Y="282" T="0" /><Point X="335" Y="286" T="0" /><Point X="331" Y="290" T="0" /><Point X="330" Y="292" T="0" /><Point X="328" Y="294" T="0" /><Point X="324" Y="299" T="0" /><Point X="323" Y="301" T="0" /><Point X="321" Y="303" T="0" /><Point X="320" Y="309" T="0" /><Point X="320" Y="310" T="0" /><Point X="320" Y="311" T="0" /><Point X="320" Y="313" T="0" /><Point X="320" Y="318" T="0" /><Point X="320" Y="322" T="0" /><Point X="321" Y="325" T="0" /><Point X="321" Y="327" T="0" /><Point X="321" Y="329" T="0" /><Point X="322" Y="336" T="0" /><Point X="323" Y="339" T="0" /><Point X="324" Y="342" T="0" /><Point X="325" Y="345" T="0" /><Point X="327" Y="351" T="0" /><Point X="329" Y="354" T="0" /><Point X="329" Y="356" T="0" /><Point X="330" Y="358" T="0" /><Point X="333" Y="363" T="0" /><Point X="333" Y="365" T="0" /><Point X="335" Y="367" T="0" /><Point X="336" Y="369" T="0" /><Point X="340" Y="373" T="0" /><Point X="341" Y="375" T="0" /><Point X="343" Y="376" T="0" /><Point X="345" Y="378" T="0" /><Point X="349" Y="383" T="0" /><Point X="352" Y="384" T="0" /><Point X="354" Y="385" T="0" /><Point X="356" Y="387" T="0" /><Point X="361" Y="391" T="0" /><Point X="365" Y="392" T="0" /><Point X="367" Y="393" T="0" /><Point X="370" Y="394" T="0" /><Point X="378" Y="395" T="0" /><Point X="382" Y="395" T="0" /><Point X="387" Y="395" T="0" /><Point X="395" Y="396" T="0" /><Point X="401" Y="396" T="0" /><Point X="412" Y="396" T="0" /><Point X="421" Y="396" T="0" /><Point X="427" Y="396" T="0" /><Point X="435" Y="396" T="0" /><Point X="447" Y="394" T="0" /><Point X="456" Y="393" T="0" /><Point X="460" Y="392" T="0" /><Point X="465" Y="391" T="0" /><Point X="475" Y="386" T="0" /><Point X="477" Y="385" T="0" /><Point X="484" Y="382" T="0" /><Point X="486" Y="381" T="0" /><Point X="496" Y="374" T="0" /><Point X="499" Y="372" T="0" /><Point X="504" Y="368" T="0" /><Point X="507" Y="366" T="0" /><Point X="517" Y="357" T="0" /><Point X="521" Y="354" T="0" /><Point X="524" Y="351" T="0" /><Point X="529" Y="347" T="0" /><Point X="535" Y="342" T="0" /><Point X="538" Y="339" T="0" /><Point X="542" Y="335" T="0" /><Point X="545" Y="332" T="0" /><Point X="551" Y="326" T="0" /><Point X="553" Y="324" T="0" /><Point X="553" Y="323" T="0" /><Point X="554" Y="322" T="0" /><Point X="554" Y="321" T="0" /><Point X="555" Y="321" T="0" /></Gesture>