<Gesture Name="pigtail" Subject="1" Number="1" NumPts="109" Millseconds="0" AppName="Gestures" AppVer="1.0" Date="Wednesday, March 01, 2023" TimeOfDay="13:06:48" ID="3"><Point X="215" Y="389" T="0" /><Point X="216" Y="388" T="0" /><Point X="220" Y="387" T="0" /><Point X="225" Y="386" T="0" /><Point X="233" Y="384" T="0" /><Point X="254" Y="378" T="0" /><Point X="260" Y="377" T="0" /><Point X="273" Y="374" T="0" /><Point X="285" Y="372" T="0" /><Point X="308" Y="368" T="0" /><Point X="320" Y="365" T="0" /><Point X="339" Y="359" T="0" /><Point X="364" Y="351" T="0" /><Point X="375" Y="345" T="0" /><Point X="390" Y="332" T="0" /><Point X="394" Y="326" T="0" /><Point X="396" Y="323" T="0" /><Point X="399" Y="317" T="0" /><Point X="405" Y="307" T="0" /><Point X="408" Y="298" T="0" /><Point X="412" Y="290" T="0" /><Point X="414" Y="283" T="0" /><Point X="418" Y="272" T="0" /><Point X="419" Y="268" T="0" /><Point X="419" Y="266" T="0" /><Point X="420" Y="261" T="0" /><Point X="421" Y="252" T="0" /><Point X="421" Y="250" T="0" /><Point X="421" Y="245" T="0" /><Point X="421" Y="241" T="0" /><Point X="421" Y="238" T="0" /><Point X="421" Y="228" T="0" /><Point X="420" Y="223" T="0" /><Point X="419" Y="219" T="0" /><Point X="418" Y="216" T="0" /><Point X="414" Y="207" T="0" /><Point X="413" Y="203" T="0" /><Point X="412" Y="200" T="0" /><Point X="410" Y="198" T="0" /><Point X="407" Y="194" T="0" /><Point X="404" Y="191" T="0" /><Point X="400" Y="189" T="0" /><Point X="398" Y="187" T="0" /><Point X="388" Y="183" T="0" /><Point X="383" Y="181" T="0" /><Point X="378" Y="180" T="0" /><Point X="374" Y="180" T="0" /><Point X="367" Y="179" T="0" /><Point X="363" Y="179" T="0" /><Point X="359" Y="180" T="0" /><Point X="355" Y="181" T="0" /><Point X="349" Y="185" T="0" /><Point X="344" Y="188" T="0" /><Point X="341" Y="191" T="0" /><Point X="338" Y="194" T="0" /><Point X="334" Y="201" T="0" /><Point X="332" Y="204" T="0" /><Point X="331" Y="208" T="0" /><Point X="330" Y="211" T="0" /><Point X="329" Y="214" T="0" /><Point X="326" Y="222" T="0" /><Point X="325" Y="225" T="0" /><Point X="325" Y="229" T="0" /><Point X="324" Y="232" T="0" /><Point X="324" Y="245" T="0" /><Point X="324" Y="249" T="0" /><Point X="324" Y="254" T="0" /><Point X="326" Y="261" T="0" /><Point X="326" Y="270" T="0" /><Point X="326" Y="275" T="0" /><Point X="327" Y="280" T="0" /><Point X="327" Y="285" T="0" /><Point X="328" Y="301" T="0" /><Point X="329" Y="304" T="0" /><Point X="330" Y="312" T="0" /><Point X="331" Y="317" T="0" /><Point X="332" Y="328" T="0" /><Point X="333" Y="332" T="0" /><Point X="334" Y="338" T="0" /><Point X="335" Y="342" T="0" /><Point X="340" Y="353" T="0" /><Point X="341" Y="355" T="0" /><Point X="343" Y="359" T="0" /><Point X="346" Y="364" T="0" /><Point X="353" Y="370" T="0" /><Point X="356" Y="372" T="0" /><Point X="358" Y="374" T="0" /><Point X="363" Y="377" T="0" /><Point X="366" Y="379" T="0" /><Point X="380" Y="383" T="0" /><Point X="388" Y="384" T="0" /><Point X="396" Y="385" T="0" /><Point X="404" Y="385" T="0" /><Point X="424" Y="386" T="0" /><Point X="437" Y="387" T="0" /><Point X="444" Y="387" T="0" /><Point X="457" Y="387" T="0" /><Point X="483" Y="386" T="0" /><Point X="498" Y="384" T="0" /><Point X="507" Y="382" T="0" /><Point X="519" Y="377" T="0" /><Point X="535" Y="370" T="0" /><Point X="544" Y="366" T="0" /><Point X="550" Y="363" T="0" /><Point X="556" Y="360" T="0" /><Point X="563" Y="356" T="0" /><Point X="564" Y="355" T="0" /><Point X="565" Y="354" T="0" /><Point X="566" Y="354" T="0" /></Gesture>