<Gesture Name="pigtail" Subject="1" Number="1" NumPts="87" Millseconds="0" AppName="Gestures" AppVer="1.0" Date="Wednesday, March 01, 2023" TimeOfDay="13:09:42" ID="6"><Point X="186" Y="351" T="0" /><Point X="190" Y="351" T="0" /><Point X="198" Y="349" T="0" /><Point X="211" Y="346" T="0" /><Point X="226" Y="343" T="0" /><Point X="238" Y="339" T="0" /><Point X="306" Y="315" T="0" /><Point X="329" Y="307" T="0" /><Point X="367" Y="293" T="0" /><Point X="386" Y="287" T="0" /><Point X="433" Y="270" T="0" /><Point X="444" Y="266" T="0" /><Point X="450" Y="262" T="0" /><Point X="459" Y="257" T="0" /><Point X="478" Y="244" T="0" /><Point X="484" Y="238" T="0" /><Point X="489" Y="232" T="0" /><Point X="492" Y="226" T="0" /><Point X="498" Y="215" T="0" /><Point X="498" Y="210" T="0" /><Point X="499" Y="205" T="0" /><Point X="499" Y="201" T="0" /><Point X="499" Y="193" T="0" /><Point X="499" Y="179" T="0" /><Point X="499" Y="173" T="0" /><Point X="498" Y="166" T="0" /><Point X="495" Y="159" T="0" /><Point X="489" Y="145" T="0" /><Point X="487" Y="141" T="0" /><Point X="483" Y="135" T="0" /><Point X="480" Y="131" T="0" /><Point X="473" Y="124" T="0" /><Point X="470" Y="121" T="0" /><Point X="467" Y="119" T="0" /><Point X="464" Y="118" T="0" /><Point X="454" Y="114" T="0" /><Point X="450" Y="114" T="0" /><Point X="446" Y="114" T="0" /><Point X="443" Y="114" T="0" /><Point X="429" Y="116" T="0" /><Point X="424" Y="117" T="0" /><Point X="418" Y="118" T="0" /><Point X="409" Y="121" T="0" /><Point X="393" Y="128" T="0" /><Point X="387" Y="132" T="0" /><Point X="382" Y="135" T="0" /><Point X="377" Y="138" T="0" /><Point X="370" Y="144" T="0" /><Point X="365" Y="149" T="0" /><Point X="363" Y="152" T="0" /><Point X="360" Y="159" T="0" /><Point X="358" Y="164" T="0" /><Point X="354" Y="182" T="0" /><Point X="354" Y="187" T="0" /><Point X="353" Y="197" T="0" /><Point X="353" Y="204" T="0" /><Point X="354" Y="212" T="0" /><Point X="354" Y="221" T="0" /><Point X="356" Y="231" T="0" /><Point X="360" Y="248" T="0" /><Point X="362" Y="258" T="0" /><Point X="365" Y="266" T="0" /><Point X="367" Y="274" T="0" /><Point X="372" Y="289" T="0" /><Point X="378" Y="299" T="0" /><Point X="380" Y="304" T="0" /><Point X="384" Y="311" T="0" /><Point X="393" Y="326" T="0" /><Point X="397" Y="331" T="0" /><Point X="402" Y="337" T="0" /><Point X="406" Y="341" T="0" /><Point X="418" Y="350" T="0" /><Point X="430" Y="354" T="0" /><Point X="439" Y="356" T="0" /><Point X="447" Y="356" T="0" /><Point X="471" Y="355" T="0" /><Point X="478" Y="354" T="0" /><Point X="482" Y="353" T="0" /><Point X="488" Y="352" T="0" /><Point X="491" Y="351" T="0" /><Point X="499" Y="349" T="0" /><Point X="501" Y="349" T="0" /><Point X="502" Y="348" T="0" /><Point X="504" Y="347" T="0" /><Point X="506" Y="345" T="0" /><Point X="508" Y="344" T="0" /><Point X="510" Y="343" T="0" /></Gesture>