<Gesture Name="pigtail" Subject="1" Number="1" NumPts="78" Millseconds="0" AppName="Gestures" AppVer="1.0" Date="Wednesday, March 01, 2023" TimeOfDay="13:10:54" ID="7"><Point X="195" Y="184" T="0" /><Point X="195" Y="185" T="0" /><Point X="195" Y="189" T="0" /><Point X="196" Y="192" T="0" /><Point X="196" Y="196" T="0" /><Point X="196" Y="205" T="0" /><Point X="196" Y="220" T="0" /><Point X="196" Y="253" T="0" /><Point X="196" Y="262" T="0" /><Point X="196" Y="276" T="0" /><Point X="196" Y="285" T="0" /><Point X="199" Y="327" T="0" /><Point X="200" Y="339" T="0" /><Point X="201" Y="348" T="0" /><Point X="201" Y="359" T="0" /><Point X="202" Y="368" T="0" /><Point X="203" Y="384" T="0" /><Point X="204" Y="387" T="0" /><Point X="205" Y="394" T="0" /><Point X="205" Y="398" T="0" /><Point X="206" Y="408" T="0" /><Point X="206" Y="411" T="0" /><Point X="206" Y="412" T="0" /><Point X="207" Y="415" T="0" /><Point X="208" Y="422" T="0" /><Point X="208" Y="423" T="0" /><Point X="208" Y="425" T="0" /><Point X="208" Y="427" T="0" /><Point X="209" Y="430" T="0" /><Point X="209" Y="431" T="0" /><Point X="209" Y="432" T="0" /><Point X="210" Y="432" T="0" /><Point X="212" Y="432" T="0" /><Point X="218" Y="432" T="0" /><Point X="222" Y="433" T="0" /><Point X="232" Y="433" T="0" /><Point X="242" Y="434" T="0" /><Point X="305" Y="434" T="0" /><Point X="329" Y="434" T="0" /><Point X="351" Y="434" T="0" /><Point X="384" Y="433" T="0" /><Point X="462" Y="433" T="0" /><Point X="481" Y="434" T="0" /><Point X="505" Y="437" T="0" /><Point X="517" Y="438" T="0" /><Point X="548" Y="441" T="0" /><Point X="561" Y="442" T="0" /><Point X="563" Y="442" T="0" /><Point X="564" Y="441" T="0" /><Point X="563" Y="441" T="0" /><Point X="563" Y="440" T="0" /><Point X="562" Y="436" T="0" /><Point X="561" Y="432" T="0" /><Point X="561" Y="419" T="0" /><Point X="561" Y="393" T="0" /><Point X="561" Y="384" T="0" /><Point X="562" Y="371" T="0" /><Point X="563" Y="364" T="0" /><Point X="568" Y="318" T="0" /><Point X="571" Y="297" T="0" /><Point X="574" Y="283" T="0" /><Point X="585" Y="236" T="0" /><Point X="590" Y="216" T="0" /><Point X="593" Y="199" T="0" /><Point X="593" Y="190" T="0" /><Point X="593" Y="185" T="0" /><Point X="593" Y="184" T="0" /><Point X="592" Y="184" T="0" /><Point X="544" Y="183" T="0" /><Point X="487" Y="187" T="0" /><Point X="405" Y="192" T="0" /><Point X="356" Y="196" T="0" /><Point X="274" Y="198" T="0" /><Point X="258" Y="198" T="0" /><Point X="228" Y="198" T="0" /><Point X="194" Y="198" T="0" /><Point X="189" Y="198" T="0" /><Point X="188" Y="198" T="0" /></Gesture>