<Gesture Name="pigtail" Subject="1" Number="1" NumPts="99" Millseconds="0" AppName="Gestures" AppVer="1.0" Date="Wednesday, March 01, 2023" TimeOfDay="13:07:46" ID="4"><Point X="201" Y="359" T="0" /><Point X="202" Y="359" T="0" /><Point X="203" Y="359" T="0" /><Point X="204" Y="359" T="0" /><Point X="205" Y="358" T="0" /><Point X="215" Y="354" T="0" /><Point X="220" Y="352" T="0" /><Point X="224" Y="350" T="0" /><Point X="228" Y="349" T="0" /><Point X="244" Y="342" T="0" /><Point X="247" Y="339" T="0" /><Point X="253" Y="336" T="0" /><Point X="261" Y="333" T="0" /><Point X="276" Y="324" T="0" /><Point X="284" Y="320" T="0" /><Point X="291" Y="315" T="0" /><Point X="296" Y="312" T="0" /><Point X="310" Y="303" T="0" /><Point X="317" Y="298" T="0" /><Point X="322" Y="294" T="0" /><Point X="325" Y="292" T="0" /><Point X="334" Y="283" T="0" /><Point X="340" Y="278" T="0" /><Point X="344" Y="275" T="0" /><Point X="349" Y="270" T="0" /><Point X="355" Y="262" T="0" /><Point X="358" Y="257" T="0" /><Point X="360" Y="254" T="0" /><Point X="361" Y="252" T="0" /><Point X="363" Y="249" T="0" /><Point X="364" Y="242" T="0" /><Point X="365" Y="237" T="0" /><Point X="366" Y="233" T="0" /><Point X="367" Y="229" T="0" /><Point X="367" Y="221" T="0" /><Point X="367" Y="216" T="0" /><Point X="367" Y="213" T="0" /><Point X="366" Y="209" T="0" /><Point X="363" Y="199" T="0" /><Point X="362" Y="196" T="0" /><Point X="361" Y="191" T="0" /><Point X="360" Y="188" T="0" /><Point X="356" Y="181" T="0" /><Point X="354" Y="180" T="0" /><Point X="352" Y="178" T="0" /><Point X="345" Y="173" T="0" /><Point X="342" Y="172" T="0" /><Point X="336" Y="171" T="0" /><Point X="324" Y="171" T="0" /><Point X="322" Y="171" T="0" /><Point X="313" Y="175" T="0" /><Point X="308" Y="178" T="0" /><Point X="306" Y="180" T="0" /><Point X="298" Y="186" T="0" /><Point X="293" Y="190" T="0" /><Point X="292" Y="190" T="0" /><Point X="289" Y="193" T="0" /><Point X="282" Y="200" T="0" /><Point X="278" Y="204" T="0" /><Point X="276" Y="208" T="0" /><Point X="274" Y="211" T="0" /><Point X="270" Y="221" T="0" /><Point X="270" Y="225" T="0" /><Point X="270" Y="229" T="0" /><Point X="269" Y="242" T="0" /><Point X="269" Y="245" T="0" /><Point X="269" Y="255" T="0" /><Point X="269" Y="267" T="0" /><Point X="269" Y="273" T="0" /><Point X="270" Y="277" T="0" /><Point X="271" Y="283" T="0" /><Point X="275" Y="293" T="0" /><Point X="276" Y="300" T="0" /><Point X="278" Y="303" T="0" /><Point X="279" Y="308" T="0" /><Point X="286" Y="319" T="0" /><Point X="289" Y="323" T="0" /><Point X="295" Y="330" T="0" /><Point X="301" Y="337" T="0" /><Point X="314" Y="350" T="0" /><Point X="322" Y="357" T="0" /><Point X="333" Y="366" T="0" /><Point X="337" Y="369" T="0" /><Point X="342" Y="372" T="0" /><Point X="350" Y="376" T="0" /><Point X="366" Y="382" T="0" /><Point X="375" Y="384" T="0" /><Point X="385" Y="386" T="0" /><Point X="393" Y="387" T="0" /><Point X="406" Y="389" T="0" /><Point X="416" Y="390" T="0" /><Point X="421" Y="390" T="0" /><Point X="429" Y="390" T="0" /><Point X="441" Y="390" T="0" /><Point X="443" Y="390" T="0" /><Point X="445" Y="389" T="0" /><Point X="446" Y="389" T="0" /><Point X="446" Y="388" T="0" /><Point X="447" Y="388" T="0" /></Gesture>