<Gesture Name="pigtail" Subject="1" Number="1" NumPts="119" Millseconds="0" AppName="Gestures" AppVer="1.0" Date="Wednesday, March 01, 2023" TimeOfDay="13:12:49" ID="9"><Point X="187" Y="177" T="0" /><Point X="188" Y="180" T="0" /><Point X="188" Y="184" T="0" /><Point X="189" Y="187" T="0" /><Point X="190" Y="191" T="0" /><Point X="193" Y="207" T="0" /><Point X="194" Y="214" T="0" /><Point X="195" Y="224" T="0" /><Point X="195" Y="233" T="0" /><Point X="197" Y="246" T="0" /><Point X="198" Y="265" T="0" /><Point X="198" Y="270" T="0" /><Point X="199" Y="282" T="0" /><Point X="199" Y="287" T="0" /><Point X="200" Y="298" T="0" /><Point X="200" Y="303" T="0" /><Point X="200" Y="308" T="0" /><Point X="200" Y="312" T="0" /><Point X="200" Y="320" T="0" /><Point X="200" Y="324" T="0" /><Point X="200" Y="329" T="0" /><Point X="200" Y="333" T="0" /><Point X="201" Y="340" T="0" /><Point X="201" Y="343" T="0" /><Point X="201" Y="345" T="0" /><Point X="201" Y="350" T="0" /><Point X="201" Y="358" T="0" /><Point X="201" Y="360" T="0" /><Point X="202" Y="365" T="0" /><Point X="202" Y="367" T="0" /><Point X="202" Y="378" T="0" /><Point X="202" Y="380" T="0" /><Point X="202" Y="383" T="0" /><Point X="202" Y="386" T="0" /><Point X="202" Y="389" T="0" /><Point X="203" Y="396" T="0" /><Point X="203" Y="399" T="0" /><Point X="203" Y="400" T="0" /><Point X="203" Y="403" T="0" /><Point X="204" Y="407" T="0" /><Point X="204" Y="408" T="0" /><Point X="204" Y="410" T="0" /><Point X="204" Y="411" T="0" /><Point X="204" Y="414" T="0" /><Point X="204" Y="415" T="0" /><Point X="204" Y="416" T="0" /><Point X="205" Y="416" T="0" /><Point X="207" Y="416" T="0" /><Point X="212" Y="416" T="0" /><Point X="217" Y="415" T="0" /><Point X="228" Y="414" T="0" /><Point X="240" Y="414" T="0" /><Point X="259" Y="411" T="0" /><Point X="325" Y="408" T="0" /><Point X="343" Y="408" T="0" /><Point X="365" Y="407" T="0" /><Point X="380" Y="407" T="0" /><Point X="429" Y="407" T="0" /><Point X="441" Y="407" T="0" /><Point X="454" Y="407" T="0" /><Point X="464" Y="406" T="0" /><Point X="477" Y="405" T="0" /><Point X="484" Y="403" T="0" /><Point X="487" Y="402" T="0" /><Point X="490" Y="401" T="0" /><Point X="494" Y="399" T="0" /><Point X="494" Y="398" T="0" /><Point X="495" Y="398" T="0" /><Point X="496" Y="397" T="0" /><Point X="495" Y="395" T="0" /><Point X="495" Y="392" T="0" /><Point X="495" Y="387" T="0" /><Point X="495" Y="373" T="0" /><Point X="495" Y="363" T="0" /><Point X="496" Y="350" T="0" /><Point X="497" Y="342" T="0" /><Point X="499" Y="297" T="0" /><Point X="500" Y="271" T="0" /><Point X="500" Y="258" T="0" /><Point X="501" Y="223" T="0" /><Point X="502" Y="202" T="0" /><Point X="502" Y="194" T="0" /><Point X="502" Y="181" T="0" /><Point X="501" Y="174" T="0" /><Point X="501" Y="169" T="0" /><Point X="500" Y="168" T="0" /><Point X="500" Y="162" T="0" /><Point X="500" Y="161" T="0" /><Point X="500" Y="160" T="0" /><Point X="500" Y="158" T="0" /><Point X="500" Y="157" T="0" /><Point X="500" Y="156" T="0" /><Point X="499" Y="154" T="0" /><Point X="498" Y="154" T="0" /><Point X="497" Y="154" T="0" /><Point X="492" Y="153" T="0" /><Point X="482" Y="153" T="0" /><Point X="431" Y="153" T="0" /><Point X="418" Y="153" T="0" /><Point X="373" Y="153" T="0" /><Point X="286" Y="153" T="0" /><Point X="274" Y="153" T="0" /><Point X="262" Y="154" T="0" /><Point X="239" Y="154" T="0" /><Point X="235" Y="154" T="0" /><Point X="232" Y="154" T="0" /><Point X="230" Y="154" T="0" /><Point X="229" Y="154" T="0" /><Point X="228" Y="154" T="0" /><Point X="226" Y="154" T="0" /><Point X="224" Y="154" T="0" /><Point X="223" Y="154" T="0" /><Point X="216" Y="155" T="0" /><Point X="212" Y="156" T="0" /><Point X="204" Y="158" T="0" /><Point X="203" Y="159" T="0" /><Point X="202" Y="158" T="0" /><Point X="202" Y="159" T="0" /><Point X="201" Y="159" T="0" /></Gesture>