<Gesture Name="rectangle" Subject="1" Number="1" NumPts="46" Millseconds="0" AppName="Gestures" AppVer="1.0" Date="Wednesday, March 01, 2023" TimeOfDay="13:11:02" ID="8"><Point X="220" Y="477" T="0" /><Point X="221" Y="473" T="0" /><Point X="222" Y="467" T="0" /><Point X="223" Y="465" T="0" /><Point X="226" Y="457" T="0" /><Point X="230" Y="449" T="0" /><Point X="252" Y="413" T="0" /><Point X="258" Y="403" T="0" /><Point X="263" Y="396" T="0" /><Point X="270" Y="384" T="0" /><Point X="295" Y="344" T="0" /><Point X="300" Y="337" T="0" /><Point X="308" Y="325" T="0" /><Point X="316" Y="312" T="0" /><Point X="331" Y="287" T="0" /><Point X="341" Y="267" T="0" /><Point X="344" Y="261" T="0" /><Point X="360" Y="234" T="0" /><Point X="364" Y="226" T="0" /><Point X="367" Y="222" T="0" /><Point X="372" Y="211" T="0" /><Point X="373" Y="208" T="0" /><Point X="374" Y="207" T="0" /><Point X="377" Y="201" T="0" /><Point X="378" Y="201" T="0" /><Point X="378" Y="200" T="0" /><Point X="378" Y="199" T="0" /><Point X="379" Y="199" T="0" /><Point X="384" Y="207" T="0" /><Point X="391" Y="220" T="0" /><Point X="399" Y="236" T="0" /><Point X="406" Y="248" T="0" /><Point X="428" Y="285" T="0" /><Point X="442" Y="307" T="0" /><Point X="462" Y="337" T="0" /><Point X="474" Y="355" T="0" /><Point X="495" Y="387" T="0" /><Point X="500" Y="394" T="0" /><Point X="510" Y="408" T="0" /><Point X="526" Y="432" T="0" /><Point X="529" Y="437" T="0" /><Point X="533" Y="442" T="0" /><Point X="538" Y="449" T="0" /><Point X="539" Y="453" T="0" /><Point X="542" Y="456" T="0" /><Point X="543" Y="458" T="0" /></Gesture>