<Gesture Name="rectangle" Subject="1" Number="1" NumPts="138" Millseconds="0" AppName="Gestures" AppVer="1.0" Date="Wednesday, March 01, 2023" TimeOfDay="13:07:03" ID="4"><Point X="237" Y="129" T="0" /><Point X="237" Y="131" T="0" /><Point X="237" Y="133" T="0" /><Point X="237" Y="136" T="0" /><Point X="237" Y="140" T="0" /><Point X="237" Y="144" T="0" /><Point X="237" Y="156" T="0" /><Point X="237" Y="163" T="0" /><Point X="237" Y="167" T="0" /><Point X="235" Y="210" T="0" /><Point X="235" Y="221" T="0" /><Point X="233" Y="250" T="0" /><Point X="233" Y="295" T="0" /><Point X="233" Y="304" T="0" /><Point X="233" Y="334" T="0" /><Point X="233" Y="341" T="0" /><Point X="233" Y="345" T="0" /><Point X="233" Y="351" T="0" /><Point X="233" Y="364" T="0" /><Point X="233" Y="368" T="0" /><Point X="233" Y="372" T="0" /><Point X="233" Y="376" T="0" /><Point X="233" Y="383" T="0" /><Point X="233" Y="387" T="0" /><Point X="233" Y="389" T="0" /><Point X="233" Y="393" T="0" /><Point X="233" Y="395" T="0" /><Point X="233" Y="400" T="0" /><Point X="233" Y="401" T="0" /><Point X="233" Y="402" T="0" /><Point X="234" Y="402" T="0" /><Point X="235" Y="402" T="0" /><Point X="237" Y="402" T="0" /><Point X="241" Y="402" T="0" /><Point X="251" Y="401" T="0" /><Point X="259" Y="401" T="0" /><Point X="293" Y="399" T="0" /><Point X="319" Y="399" T="0" /><Point X="332" Y="398" T="0" /><Point X="354" Y="398" T="0" /><Point X="408" Y="398" T="0" /><Point X="421" Y="398" T="0" /><Point X="439" Y="399" T="0" /><Point X="452" Y="399" T="0" /><Point X="488" Y="399" T="0" /><Point X="496" Y="398" T="0" /><Point X="508" Y="397" T="0" /><Point X="515" Y="395" T="0" /><Point X="518" Y="394" T="0" /><Point X="529" Y="391" T="0" /><Point X="531" Y="390" T="0" /><Point X="534" Y="389" T="0" /><Point X="535" Y="389" T="0" /><Point X="538" Y="388" T="0" /><Point X="540" Y="387" T="0" /><Point X="542" Y="387" T="0" /><Point X="544" Y="387" T="0" /><Point X="551" Y="386" T="0" /><Point X="553" Y="386" T="0" /><Point X="554" Y="385" T="0" /><Point X="553" Y="384" T="0" /><Point X="553" Y="383" T="0" /><Point X="553" Y="382" T="0" /><Point X="553" Y="379" T="0" /><Point X="552" Y="366" T="0" /><Point X="552" Y="360" T="0" /><Point X="552" Y="349" T="0" /><Point X="552" Y="340" T="0" /><Point X="553" Y="316" T="0" /><Point X="554" Y="302" T="0" /><Point X="555" Y="288" T="0" /><Point X="557" Y="279" T="0" /><Point X="559" Y="264" T="0" /><Point X="563" Y="226" T="0" /><Point X="564" Y="217" T="0" /><Point X="566" Y="204" T="0" /><Point X="566" Y="196" T="0" /><Point X="566" Y="178" T="0" /><Point X="566" Y="172" T="0" /><Point X="566" Y="167" T="0" /><Point X="567" Y="164" T="0" /><Point X="567" Y="160" T="0" /><Point X="567" Y="159" T="0" /><Point X="567" Y="158" T="0" /><Point X="567" Y="157" T="0" /><Point X="567" Y="156" T="0" /><Point X="566" Y="153" T="0" /><Point X="565" Y="152" T="0" /><Point X="563" Y="150" T="0" /><Point X="562" Y="149" T="0" /><Point X="560" Y="148" T="0" /><Point X="556" Y="145" T="0" /><Point X="554" Y="145" T="0" /><Point X="551" Y="144" T="0" /><Point X="547" Y="143" T="0" /><Point X="539" Y="141" T="0" /><Point X="510" Y="140" T="0" /><Point X="492" Y="139" T="0" /><Point X="468" Y="139" T="0" /><Point X="453" Y="139" T="0" /><Point X="397" Y="139" T="0" /><Point X="379" Y="140" T="0" /><Point X="365" Y="142" T="0" /><Point X="353" Y="144" T="0" /><Point X="327" Y="147" T="0" /><Point X="320" Y="148" T="0" /><Point X="317" Y="149" T="0" /><Point X="314" Y="149" T="0" /><Point X="312" Y="149" T="0" /><Point X="311" Y="149" T="0" /><Point X="311" Y="150" T="0" /><Point X="310" Y="150" T="0" /><Point X="309" Y="150" T="0" /><Point X="307" Y="150" T="0" /><Point X="306" Y="150" T="0" /><Point X="300" Y="150" T="0" /><Point X="297" Y="150" T="0" /><Point X="292" Y="150" T="0" /><Point X="288" Y="150" T="0" /><Point X="279" Y="150" T="0" /><Point X="273" Y="150" T="0" /><Point X="272" Y="151" T="0" /><Point X="269" Y="151" T="0" /><Point X="265" Y="152" T="0" /><Point X="264" Y="152" T="0" /><Point X="262" Y="152" T="0" /><Point X="258" Y="153" T="0" /><Point X="257" Y="153" T="0" /><Point X="257" Y="154" T="0" /><Point X="256" Y="154" T="0" /><Point X="255" Y="154" T="0" /><Point X="254" Y="154" T="0" /><Point X="253" Y="154" T="0" /><Point X="252" Y="154" T="0" /><Point X="248" Y="154" T="0" /><Point X="246" Y="154" T="0" /><Point X="245" Y="154" T="0" /><Point X="244" Y="154" T="0" /></Gesture>