<Gesture Name="rectangle" Subject="1" Number="1" NumPts="63" Millseconds="0" AppName="Gestures" AppVer="1.0" Date="Wednesday, March 01, 2023" TimeOfDay="13:12:58" ID="10"><Point X="205" Y="397" T="0" /><Point X="205" Y="394" T="0" /><Point X="206" Y="392" T="0" /><Point X="207" Y="385" T="0" /><Point X="209" Y="378" T="0" /><Point X="212" Y="360" T="0" /><Point X="216" Y="347" T="0" /><Point X="219" Y="336" T="0" /><Point X="223" Y="323" T="0" /><Point X="232" Y="299" T="0" /><Point X="235" Y="286" T="0" /><Point X="237" Y="280" T="0" /><Point X="239" Y="272" T="0" /><Point X="243" Y="259" T="0" /><Point X="249" Y="236" T="0" /><Point X="251" Y="228" T="0" /><Point X="256" Y="215" T="0" /><Point X="258" Y="206" T="0" /><Point X="265" Y="184" T="0" /><Point X="267" Y="178" T="0" /><Point X="270" Y="169" T="0" /><Point X="272" Y="163" T="0" /><Point X="277" Y="150" T="0" /><Point X="278" Y="145" T="0" /><Point X="282" Y="138" T="0" /><Point X="283" Y="135" T="0" /><Point X="290" Y="121" T="0" /><Point X="292" Y="117" T="0" /><Point X="293" Y="113" T="0" /><Point X="295" Y="111" T="0" /><Point X="298" Y="107" T="0" /><Point X="298" Y="106" T="0" /><Point X="299" Y="105" T="0" /><Point X="299" Y="104" T="0" /><Point X="300" Y="105" T="0" /><Point X="301" Y="107" T="0" /><Point X="302" Y="110" T="0" /><Point X="306" Y="118" T="0" /><Point X="310" Y="125" T="0" /><Point X="314" Y="132" T="0" /><Point X="321" Y="143" T="0" /><Point X="334" Y="166" T="0" /><Point X="340" Y="177" T="0" /><Point X="348" Y="189" T="0" /><Point X="356" Y="200" T="0" /><Point X="382" Y="236" T="0" /><Point X="390" Y="246" T="0" /><Point X="398" Y="255" T="0" /><Point X="406" Y="266" T="0" /><Point X="422" Y="286" T="0" /><Point X="427" Y="293" T="0" /><Point X="431" Y="301" T="0" /><Point X="435" Y="307" T="0" /><Point X="437" Y="310" T="0" /><Point X="443" Y="321" T="0" /><Point X="446" Y="327" T="0" /><Point X="448" Y="330" T="0" /><Point X="450" Y="334" T="0" /><Point X="451" Y="337" T="0" /><Point X="452" Y="338" T="0" /><Point X="452" Y="339" T="0" /><Point X="453" Y="341" T="0" /><Point X="454" Y="342" T="0" /></Gesture>