<Gesture Name="rectangle" Subject="1" Number="1" NumPts="128" Millseconds="0" AppName="Gestures" AppVer="1.0" Date="Wednesday, March 01, 2023" TimeOfDay="13:08:57" ID="6"><Point X="201" Y="193" T="0" /><Point X="201" Y="197" T="0" /><Point X="201" Y="199" T="0" /><Point X="200" Y="204" T="0" /><Point X="199" Y="210" T="0" /><Point X="199" Y="214" T="0" /><Point X="199" Y="224" T="0" /><Point X="199" Y="244" T="0" /><Point X="199" Y="253" T="0" /><Point X="199" Y="266" T="0" /><Point X="200" Y="302" T="0" /><Point X="201" Y="311" T="0" /><Point X="202" Y="322" T="0" /><Point X="202" Y="335" T="0" /><Point X="203" Y="356" T="0" /><Point X="203" Y="364" T="0" /><Point X="204" Y="369" T="0" /><Point X="204" Y="377" T="0" /><Point X="204" Y="387" T="0" /><Point X="204" Y="391" T="0" /><Point X="204" Y="394" T="0" /><Point X="203" Y="398" T="0" /><Point X="203" Y="399" T="0" /><Point X="202" Y="407" T="0" /><Point X="201" Y="409" T="0" /><Point X="201" Y="411" T="0" /><Point X="201" Y="413" T="0" /><Point X="201" Y="418" T="0" /><Point X="201" Y="420" T="0" /><Point X="201" Y="422" T="0" /><Point X="201" Y="424" T="0" /><Point X="201" Y="425" T="0" /><Point X="201" Y="426" T="0" /><Point X="201" Y="429" T="0" /><Point X="201" Y="430" T="0" /><Point X="202" Y="430" T="0" /><Point X="203" Y="430" T="0" /><Point X="204" Y="430" T="0" /><Point X="208" Y="430" T="0" /><Point X="212" Y="430" T="0" /><Point X="218" Y="430" T="0" /><Point X="226" Y="428" T="0" /><Point X="233" Y="428" T="0" /><Point X="275" Y="421" T="0" /><Point X="290" Y="419" T="0" /><Point X="303" Y="418" T="0" /><Point X="316" Y="416" T="0" /><Point X="359" Y="410" T="0" /><Point X="372" Y="408" T="0" /><Point X="385" Y="406" T="0" /><Point X="399" Y="405" T="0" /><Point X="419" Y="403" T="0" /><Point X="431" Y="402" T="0" /><Point X="438" Y="402" T="0" /><Point X="450" Y="401" T="0" /><Point X="465" Y="401" T="0" /><Point X="471" Y="401" T="0" /><Point X="477" Y="401" T="0" /><Point X="481" Y="401" T="0" /><Point X="491" Y="401" T="0" /><Point X="495" Y="401" T="0" /><Point X="498" Y="401" T="0" /><Point X="501" Y="401" T="0" /><Point X="504" Y="401" T="0" /><Point X="505" Y="401" T="0" /><Point X="504" Y="400" T="0" /><Point X="504" Y="397" T="0" /><Point X="504" Y="396" T="0" /><Point X="503" Y="393" T="0" /><Point X="503" Y="388" T="0" /><Point X="503" Y="376" T="0" /><Point X="503" Y="368" T="0" /><Point X="503" Y="355" T="0" /><Point X="503" Y="346" T="0" /><Point X="503" Y="315" T="0" /><Point X="503" Y="305" T="0" /><Point X="503" Y="296" T="0" /><Point X="503" Y="286" T="0" /><Point X="503" Y="259" T="0" /><Point X="503" Y="249" T="0" /><Point X="503" Y="240" T="0" /><Point X="503" Y="233" T="0" /><Point X="503" Y="224" T="0" /><Point X="503" Y="219" T="0" /><Point X="503" Y="215" T="0" /><Point X="503" Y="211" T="0" /><Point X="503" Y="210" T="0" /><Point X="503" Y="205" T="0" /><Point X="503" Y="204" T="0" /><Point X="503" Y="203" T="0" /><Point X="503" Y="201" T="0" /><Point X="503" Y="200" T="0" /><Point X="503" Y="198" T="0" /><Point X="503" Y="196" T="0" /><Point X="502" Y="195" T="0" /><Point X="502" Y="194" T="0" /><Point X="501" Y="193" T="0" /><Point X="500" Y="192" T="0" /><Point X="499" Y="192" T="0" /><Point X="494" Y="191" T="0" /><Point X="491" Y="191" T="0" /><Point X="484" Y="191" T="0" /><Point X="479" Y="192" T="0" /><Point X="463" Y="194" T="0" /><Point X="455" Y="195" T="0" /><Point X="448" Y="195" T="0" /><Point X="435" Y="196" T="0" /><Point X="398" Y="196" T="0" /><Point X="391" Y="196" T="0" /><Point X="378" Y="196" T="0" /><Point X="365" Y="196" T="0" /><Point X="355" Y="195" T="0" /><Point X="333" Y="193" T="0" /><Point X="325" Y="193" T="0" /><Point X="318" Y="192" T="0" /><Point X="309" Y="192" T="0" /><Point X="295" Y="192" T="0" /><Point X="289" Y="192" T="0" /><Point X="285" Y="191" T="0" /><Point X="281" Y="191" T="0" /><Point X="275" Y="190" T="0" /><Point X="270" Y="190" T="0" /><Point X="269" Y="190" T="0" /><Point X="266" Y="190" T="0" /><Point X="265" Y="190" T="0" /><Point X="264" Y="190" T="0" /><Point X="263" Y="190" T="0" /><Point X="262" Y="190" T="0" /></Gesture>