<Gesture Name="rectangle" Subject="1" Number="1" NumPts="50" Millseconds="0" AppName="Gestures" AppVer="1.0" Date="Wednesday, March 01, 2023" TimeOfDay="13:11:58" ID="9"><Point X="244" Y="455" T="0" /><Point X="244" Y="453" T="0" /><Point X="245" Y="450" T="0" /><Point X="253" Y="434" T="0" /><Point X="265" Y="412" T="0" /><Point X="273" Y="395" T="0" /><Point X="296" Y="350" T="0" /><Point X="302" Y="337" T="0" /><Point X="307" Y="328" T="0" /><Point X="313" Y="316" T="0" /><Point X="328" Y="288" T="0" /><Point X="339" Y="266" T="0" /><Point X="359" Y="236" T="0" /><Point X="363" Y="230" T="0" /><Point X="367" Y="224" T="0" /><Point X="371" Y="217" T="0" /><Point X="378" Y="207" T="0" /><Point X="380" Y="204" T="0" /><Point X="381" Y="201" T="0" /><Point X="383" Y="198" T="0" /><Point X="386" Y="194" T="0" /><Point X="387" Y="192" T="0" /><Point X="388" Y="191" T="0" /><Point X="391" Y="186" T="0" /><Point X="392" Y="185" T="0" /><Point X="395" Y="188" T="0" /><Point X="396" Y="191" T="0" /><Point X="398" Y="195" T="0" /><Point X="403" Y="205" T="0" /><Point X="413" Y="229" T="0" /><Point X="416" Y="237" T="0" /><Point X="422" Y="250" T="0" /><Point X="428" Y="263" T="0" /><Point X="448" Y="300" T="0" /><Point X="459" Y="325" T="0" /><Point X="464" Y="335" T="0" /><Point X="477" Y="366" T="0" /><Point X="481" Y="373" T="0" /><Point X="486" Y="387" T="0" /><Point X="490" Y="395" T="0" /><Point X="495" Y="405" T="0" /><Point X="504" Y="426" T="0" /><Point X="507" Y="434" T="0" /><Point X="509" Y="438" T="0" /><Point X="510" Y="445" T="0" /><Point X="514" Y="456" T="0" /><Point X="514" Y="458" T="0" /><Point X="515" Y="459" T="0" /><Point X="515" Y="460" T="0" /><Point X="515" Y="461" T="0" /></Gesture>