<Gesture Name="rectangle" Subject="1" Number="1" NumPts="120" Millseconds="0" AppName="Gestures" AppVer="1.0" Date="Wednesday, March 01, 2023" TimeOfDay="13:07:59" ID="5"><Point X="186" Y="138" T="0" /><Point X="186" Y="141" T="0" /><Point X="186" Y="145" T="0" /><Point X="186" Y="148" T="0" /><Point X="186" Y="156" T="0" /><Point X="186" Y="166" T="0" /><Point X="185" Y="194" T="0" /><Point X="185" Y="207" T="0" /><Point X="186" Y="217" T="0" /><Point X="187" Y="249" T="0" /><Point X="187" Y="262" T="0" /><Point X="187" Y="272" T="0" /><Point X="187" Y="276" T="0" /><Point X="187" Y="293" T="0" /><Point X="187" Y="300" T="0" /><Point X="187" Y="309" T="0" /><Point X="187" Y="313" T="0" /><Point X="187" Y="323" T="0" /><Point X="187" Y="327" T="0" /><Point X="186" Y="331" T="0" /><Point X="186" Y="335" T="0" /><Point X="185" Y="343" T="0" /><Point X="185" Y="344" T="0" /><Point X="185" Y="347" T="0" /><Point X="185" Y="352" T="0" /><Point X="185" Y="359" T="0" /><Point X="185" Y="363" T="0" /><Point X="185" Y="366" T="0" /><Point X="185" Y="370" T="0" /><Point X="185" Y="372" T="0" /><Point X="186" Y="388" T="0" /><Point X="187" Y="391" T="0" /><Point X="187" Y="395" T="0" /><Point X="189" Y="401" T="0" /><Point X="189" Y="402" T="0" /><Point X="189" Y="404" T="0" /><Point X="190" Y="404" T="0" /><Point X="191" Y="406" T="0" /><Point X="192" Y="407" T="0" /><Point X="194" Y="407" T="0" /><Point X="195" Y="407" T="0" /><Point X="208" Y="408" T="0" /><Point X="227" Y="410" T="0" /><Point X="238" Y="410" T="0" /><Point X="311" Y="414" T="0" /><Point X="334" Y="414" T="0" /><Point X="434" Y="415" T="0" /><Point X="489" Y="415" T="0" /><Point X="511" Y="415" T="0" /><Point X="571" Y="414" T="0" /><Point X="588" Y="413" T="0" /><Point X="591" Y="413" T="0" /><Point X="599" Y="411" T="0" /><Point X="599" Y="410" T="0" /><Point X="598" Y="410" T="0" /><Point X="598" Y="409" T="0" /><Point X="597" Y="409" T="0" /><Point X="596" Y="407" T="0" /><Point X="595" Y="405" T="0" /><Point X="593" Y="401" T="0" /><Point X="590" Y="385" T="0" /><Point X="588" Y="368" T="0" /><Point X="588" Y="353" T="0" /><Point X="588" Y="315" T="0" /><Point X="587" Y="304" T="0" /><Point X="587" Y="290" T="0" /><Point X="587" Y="277" T="0" /><Point X="586" Y="263" T="0" /><Point X="582" Y="225" T="0" /><Point X="581" Y="212" T="0" /><Point X="580" Y="203" T="0" /><Point X="578" Y="193" T="0" /><Point X="576" Y="177" T="0" /><Point X="576" Y="173" T="0" /><Point X="575" Y="166" T="0" /><Point X="575" Y="162" T="0" /><Point X="575" Y="156" T="0" /><Point X="574" Y="153" T="0" /><Point X="574" Y="150" T="0" /><Point X="574" Y="147" T="0" /><Point X="573" Y="140" T="0" /><Point X="573" Y="137" T="0" /><Point X="572" Y="135" T="0" /><Point X="572" Y="133" T="0" /><Point X="570" Y="129" T="0" /><Point X="569" Y="127" T="0" /><Point X="568" Y="127" T="0" /><Point X="567" Y="126" T="0" /><Point X="564" Y="123" T="0" /><Point X="563" Y="123" T="0" /><Point X="562" Y="123" T="0" /><Point X="561" Y="123" T="0" /><Point X="558" Y="123" T="0" /><Point X="551" Y="123" T="0" /><Point X="547" Y="124" T="0" /><Point X="537" Y="126" T="0" /><Point X="527" Y="126" T="0" /><Point X="493" Y="130" T="0" /><Point X="477" Y="132" T="0" /><Point X="464" Y="132" T="0" /><Point X="442" Y="134" T="0" /><Point X="386" Y="136" T="0" /><Point X="364" Y="136" T="0" /><Point X="346" Y="136" T="0" /><Point X="331" Y="136" T="0" /><Point X="277" Y="136" T="0" /><Point X="266" Y="136" T="0" /><Point X="258" Y="135" T="0" /><Point X="248" Y="134" T="0" /><Point X="238" Y="134" T="0" /><Point X="235" Y="134" T="0" /><Point X="234" Y="134" T="0" /><Point X="231" Y="134" T="0" /><Point X="230" Y="134" T="0" /><Point X="229" Y="134" T="0" /><Point X="227" Y="134" T="0" /><Point X="223" Y="134" T="0" /><Point X="222" Y="134" T="0" /><Point X="222" Y="135" T="0" /><Point X="221" Y="135" T="0" /></Gesture>