<Gesture Name="rectangle" Subject="1" Number="1" NumPts="113" Millseconds="0" AppName="Gestures" AppVer="1.0" Date="Wednesday, March 01, 2023" TimeOfDay="13:03:38" ID="1"><Point X="271" Y="131" T="0" /><Point X="271" Y="133" T="0" /><Point X="271" Y="137" T="0" /><Point X="271" Y="142" T="0" /><Point X="271" Y="147" T="0" /><Point X="271" Y="154" T="0" /><Point X="271" Y="162" T="0" /><Point X="271" Y="179" T="0" /><Point X="271" Y="187" T="0" /><Point X="271" Y="196" T="0" /><Point X="270" Y="209" T="0" /><Point X="268" Y="240" T="0" /><Point X="267" Y="252" T="0" /><Point X="266" Y="261" T="0" /><Point X="266" Y="275" T="0" /><Point X="266" Y="301" T="0" /><Point X="266" Y="316" T="0" /><Point X="267" Y="319" T="0" /><Point X="267" Y="335" T="0" /><Point X="267" Y="341" T="0" /><Point X="267" Y="345" T="0" /><Point X="268" Y="345" T="0" /><Point X="268" Y="346" T="0" /><Point X="269" Y="346" T="0" /><Point X="269" Y="347" T="0" /><Point X="270" Y="347" T="0" /><Point X="271" Y="347" T="0" /><Point X="272" Y="347" T="0" /><Point X="273" Y="347" T="0" /><Point X="276" Y="347" T="0" /><Point X="283" Y="347" T="0" /><Point X="313" Y="347" T="0" /><Point X="326" Y="347" T="0" /><Point X="339" Y="347" T="0" /><Point X="352" Y="347" T="0" /><Point X="406" Y="345" T="0" /><Point X="418" Y="344" T="0" /><Point X="432" Y="343" T="0" /><Point X="444" Y="343" T="0" /><Point X="463" Y="341" T="0" /><Point X="470" Y="339" T="0" /><Point X="474" Y="338" T="0" /><Point X="485" Y="333" T="0" /><Point X="488" Y="333" T="0" /><Point X="491" Y="331" T="0" /><Point X="498" Y="330" T="0" /><Point X="500" Y="330" T="0" /><Point X="507" Y="330" T="0" /><Point X="515" Y="330" T="0" /><Point X="518" Y="330" T="0" /><Point X="519" Y="330" T="0" /><Point X="519" Y="329" T="0" /><Point X="518" Y="329" T="0" /><Point X="518" Y="328" T="0" /><Point X="517" Y="326" T="0" /><Point X="516" Y="325" T="0" /><Point X="516" Y="323" T="0" /><Point X="514" Y="319" T="0" /><Point X="512" Y="309" T="0" /><Point X="510" Y="305" T="0" /><Point X="509" Y="297" T="0" /><Point X="509" Y="286" T="0" /><Point X="508" Y="262" T="0" /><Point X="508" Y="254" T="0" /><Point X="508" Y="245" T="0" /><Point X="508" Y="232" T="0" /><Point X="509" Y="211" T="0" /><Point X="510" Y="204" T="0" /><Point X="510" Y="198" T="0" /><Point X="510" Y="193" T="0" /><Point X="511" Y="186" T="0" /><Point X="512" Y="178" T="0" /><Point X="513" Y="176" T="0" /><Point X="513" Y="174" T="0" /><Point X="514" Y="171" T="0" /><Point X="516" Y="165" T="0" /><Point X="516" Y="164" T="0" /><Point X="517" Y="162" T="0" /><Point X="517" Y="160" T="0" /><Point X="518" Y="156" T="0" /><Point X="519" Y="155" T="0" /><Point X="519" Y="154" T="0" /><Point X="519" Y="152" T="0" /><Point X="519" Y="151" T="0" /><Point X="518" Y="151" T="0" /><Point X="518" Y="149" T="0" /><Point X="517" Y="148" T="0" /><Point X="516" Y="148" T="0" /><Point X="514" Y="147" T="0" /><Point X="513" Y="147" T="0" /><Point X="512" Y="146" T="0" /><Point X="508" Y="146" T="0" /><Point X="500" Y="146" T="0" /><Point X="494" Y="146" T="0" /><Point X="490" Y="146" T="0" /><Point X="483" Y="146" T="0" /><Point X="476" Y="146" T="0" /><Point X="460" Y="146" T="0" /><Point X="451" Y="146" T="0" /><Point X="443" Y="146" T="0" /><Point X="435" Y="146" T="0" /><Point X="408" Y="147" T="0" /><Point X="400" Y="148" T="0" /><Point X="387" Y="149" T="0" /><Point X="378" Y="149" T="0" /><Point X="351" Y="149" T="0" /><Point X="341" Y="149" T="0" /><Point X="328" Y="149" T="0" /><Point X="322" Y="149" T="0" /><Point X="302" Y="149" T="0" /><Point X="296" Y="149" T="0" /><Point X="291" Y="149" T="0" /><Point X="287" Y="149" T="0" /></Gesture>