<Gesture Name="rectangle" Subject="1" Number="1" NumPts="122" Millseconds="0" AppName="Gestures" AppVer="1.0" Date="Wednesday, March 01, 2023" TimeOfDay="13:10:03" ID="7"><Point X="260" Y="189" T="0" /><Point X="260" Y="191" T="0" /><Point X="260" Y="192" T="0" /><Point X="260" Y="194" T="0" /><Point X="260" Y="198" T="0" /><Point X="260" Y="205" T="0" /><Point X="260" Y="210" T="0" /><Point X="261" Y="221" T="0" /><Point X="262" Y="247" T="0" /><Point X="262" Y="256" T="0" /><Point X="262" Y="268" T="0" /><Point X="263" Y="281" T="0" /><Point X="264" Y="290" T="0" /><Point X="266" Y="331" T="0" /><Point X="267" Y="345" T="0" /><Point X="268" Y="354" T="0" /><Point X="269" Y="362" T="0" /><Point X="271" Y="381" T="0" /><Point X="272" Y="386" T="0" /><Point X="272" Y="390" T="0" /><Point X="272" Y="396" T="0" /><Point X="273" Y="403" T="0" /><Point X="274" Y="406" T="0" /><Point X="274" Y="408" T="0" /><Point X="275" Y="411" T="0" /><Point X="275" Y="412" T="0" /><Point X="275" Y="413" T="0" /><Point X="276" Y="415" T="0" /><Point X="276" Y="416" T="0" /><Point X="277" Y="416" T="0" /><Point X="278" Y="417" T="0" /><Point X="283" Y="419" T="0" /><Point X="288" Y="421" T="0" /><Point X="296" Y="423" T="0" /><Point X="301" Y="423" T="0" /><Point X="316" Y="424" T="0" /><Point X="370" Y="424" T="0" /><Point X="389" Y="424" T="0" /><Point X="405" Y="424" T="0" /><Point X="425" Y="424" T="0" /><Point X="481" Y="424" T="0" /><Point X="494" Y="424" T="0" /><Point X="511" Y="424" T="0" /><Point X="524" Y="424" T="0" /><Point X="562" Y="423" T="0" /><Point X="570" Y="422" T="0" /><Point X="579" Y="421" T="0" /><Point X="585" Y="420" T="0" /><Point X="591" Y="418" T="0" /><Point X="592" Y="417" T="0" /><Point X="592" Y="416" T="0" /><Point X="592" Y="415" T="0" /><Point X="591" Y="412" T="0" /><Point X="591" Y="409" T="0" /><Point X="589" Y="404" T="0" /><Point X="589" Y="398" T="0" /><Point X="589" Y="389" T="0" /><Point X="589" Y="383" T="0" /><Point X="589" Y="364" T="0" /><Point X="589" Y="355" T="0" /><Point X="589" Y="345" T="0" /><Point X="592" Y="330" T="0" /><Point X="596" Y="299" T="0" /><Point X="599" Y="288" T="0" /><Point X="601" Y="280" T="0" /><Point X="603" Y="267" T="0" /><Point X="607" Y="249" T="0" /><Point X="607" Y="242" T="0" /><Point X="608" Y="238" T="0" /><Point X="609" Y="230" T="0" /><Point X="611" Y="216" T="0" /><Point X="612" Y="213" T="0" /><Point X="614" Y="206" T="0" /><Point X="614" Y="201" T="0" /><Point X="616" Y="191" T="0" /><Point X="617" Y="188" T="0" /><Point X="617" Y="187" T="0" /><Point X="617" Y="185" T="0" /><Point X="617" Y="181" T="0" /><Point X="617" Y="180" T="0" /><Point X="617" Y="179" T="0" /><Point X="617" Y="178" T="0" /><Point X="618" Y="176" T="0" /><Point X="618" Y="170" T="0" /><Point X="618" Y="168" T="0" /><Point X="618" Y="167" T="0" /><Point X="617" Y="164" T="0" /><Point X="617" Y="163" T="0" /><Point X="616" Y="162" T="0" /><Point X="615" Y="162" T="0" /><Point X="614" Y="162" T="0" /><Point X="611" Y="162" T="0" /><Point X="597" Y="162" T="0" /><Point X="589" Y="162" T="0" /><Point X="578" Y="163" T="0" /><Point X="563" Y="164" T="0" /><Point X="509" Y="164" T="0" /><Point X="481" Y="164" T="0" /><Point X="463" Y="164" T="0" /><Point X="439" Y="164" T="0" /><Point X="372" Y="164" T="0" /><Point X="359" Y="164" T="0" /><Point X="331" Y="162" T="0" /><Point X="326" Y="161" T="0" /><Point X="323" Y="161" T="0" /><Point X="321" Y="161" T="0" /><Point X="320" Y="161" T="0" /><Point X="318" Y="162" T="0" /><Point X="317" Y="162" T="0" /><Point X="310" Y="164" T="0" /><Point X="307" Y="165" T="0" /><Point X="304" Y="166" T="0" /><Point X="302" Y="166" T="0" /><Point X="297" Y="167" T="0" /><Point X="296" Y="167" T="0" /><Point X="295" Y="167" T="0" /><Point X="294" Y="167" T="0" /><Point X="293" Y="167" T="0" /><Point X="287" Y="167" T="0" /><Point X="285" Y="167" T="0" /><Point X="284" Y="168" T="0" /><Point X="282" Y="168" T="0" /></Gesture>