<Gesture Name="rectangle" Subject="1" Number="1" NumPts="117" Millseconds="0" AppName="Gestures" AppVer="1.0" Date="Wednesday, March 01, 2023" TimeOfDay="13:06:05" ID="3"><Point X="222" Y="145" T="0" /><Point X="222" Y="146" T="0" /><Point X="222" Y="147" T="0" /><Point X="222" Y="149" T="0" /><Point X="222" Y="151" T="0" /><Point X="220" Y="168" T="0" /><Point X="220" Y="172" T="0" /><Point X="219" Y="186" T="0" /><Point X="219" Y="195" T="0" /><Point X="219" Y="228" T="0" /><Point X="219" Y="242" T="0" /><Point X="219" Y="253" T="0" /><Point X="221" Y="266" T="0" /><Point X="223" Y="297" T="0" /><Point X="223" Y="301" T="0" /><Point X="223" Y="308" T="0" /><Point X="223" Y="316" T="0" /><Point X="225" Y="327" T="0" /><Point X="225" Y="331" T="0" /><Point X="226" Y="333" T="0" /><Point X="226" Y="335" T="0" /><Point X="227" Y="337" T="0" /><Point X="228" Y="341" T="0" /><Point X="228" Y="342" T="0" /><Point X="228" Y="343" T="0" /><Point X="229" Y="346" T="0" /><Point X="229" Y="347" T="0" /><Point X="229" Y="348" T="0" /><Point X="230" Y="349" T="0" /><Point X="230" Y="350" T="0" /><Point X="231" Y="350" T="0" /><Point X="231" Y="351" T="0" /><Point X="232" Y="351" T="0" /><Point X="233" Y="351" T="0" /><Point X="234" Y="352" T="0" /><Point X="235" Y="352" T="0" /><Point X="242" Y="354" T="0" /><Point X="245" Y="355" T="0" /><Point X="280" Y="357" T="0" /><Point X="295" Y="357" T="0" /><Point X="310" Y="357" T="0" /><Point X="329" Y="356" T="0" /><Point X="345" Y="355" T="0" /><Point X="401" Y="353" T="0" /><Point X="415" Y="353" T="0" /><Point X="428" Y="353" T="0" /><Point X="441" Y="353" T="0" /><Point X="463" Y="353" T="0" /><Point X="475" Y="353" T="0" /><Point X="485" Y="353" T="0" /><Point X="489" Y="353" T="0" /><Point X="503" Y="352" T="0" /><Point X="505" Y="352" T="0" /><Point X="507" Y="352" T="0" /><Point X="507" Y="351" T="0" /><Point X="508" Y="351" T="0" /><Point X="507" Y="351" T="0" /><Point X="507" Y="349" T="0" /><Point X="507" Y="348" T="0" /><Point X="507" Y="345" T="0" /><Point X="507" Y="342" T="0" /><Point X="507" Y="331" T="0" /><Point X="508" Y="323" T="0" /><Point X="509" Y="315" T="0" /><Point X="509" Y="309" T="0" /><Point X="511" Y="297" T="0" /><Point X="512" Y="276" T="0" /><Point X="512" Y="262" T="0" /><Point X="512" Y="252" T="0" /><Point X="512" Y="244" T="0" /><Point X="512" Y="213" T="0" /><Point X="512" Y="205" T="0" /><Point X="512" Y="197" T="0" /><Point X="512" Y="186" T="0" /><Point X="512" Y="174" T="0" /><Point X="512" Y="168" T="0" /><Point X="512" Y="167" T="0" /><Point X="513" Y="162" T="0" /><Point X="513" Y="156" T="0" /><Point X="513" Y="154" T="0" /><Point X="514" Y="151" T="0" /><Point X="515" Y="148" T="0" /><Point X="515" Y="142" T="0" /><Point X="515" Y="139" T="0" /><Point X="515" Y="138" T="0" /><Point X="515" Y="133" T="0" /><Point X="515" Y="131" T="0" /><Point X="515" Y="128" T="0" /><Point X="515" Y="127" T="0" /><Point X="515" Y="122" T="0" /><Point X="514" Y="121" T="0" /><Point X="513" Y="121" T="0" /><Point X="512" Y="121" T="0" /><Point X="505" Y="122" T="0" /><Point X="502" Y="123" T="0" /><Point X="494" Y="125" T="0" /><Point X="489" Y="126" T="0" /><Point X="465" Y="129" T="0" /><Point X="451" Y="131" T="0" /><Point X="438" Y="132" T="0" /><Point X="421" Y="134" T="0" /><Point X="374" Y="138" T="0" /><Point X="357" Y="140" T="0" /><Point X="344" Y="140" T="0" /><Point X="329" Y="142" T="0" /><Point X="290" Y="144" T="0" /><Point X="277" Y="145" T="0" /><Point X="269" Y="145" T="0" /><Point X="256" Y="147" T="0" /><Point X="239" Y="147" T="0" /><Point X="232" Y="147" T="0" /><Point X="227" Y="148" T="0" /><Point X="223" Y="148" T="0" /><Point X="217" Y="148" T="0" /><Point X="216" Y="148" T="0" /><Point X="214" Y="148" T="0" /><Point X="213" Y="148" T="0" /></Gesture>