<Gesture Name="rectangle" Subject="1" Number="1" NumPts="125" Millseconds="0" AppName="Gestures" AppVer="1.0" Date="Wednesday, March 01, 2023" TimeOfDay="13:04:53" ID="2"><Point X="260" Y="158" T="0" /><Point X="260" Y="160" T="0" /><Point X="260" Y="161" T="0" /><Point X="260" Y="169" T="0" /><Point X="260" Y="175" T="0" /><Point X="260" Y="182" T="0" /><Point X="259" Y="188" T="0" /><Point X="259" Y="204" T="0" /><Point X="259" Y="212" T="0" /><Point X="260" Y="221" T="0" /><Point X="261" Y="231" T="0" /><Point X="262" Y="239" T="0" /><Point X="264" Y="257" T="0" /><Point X="264" Y="266" T="0" /><Point X="265" Y="273" T="0" /><Point X="265" Y="280" T="0" /><Point X="265" Y="296" T="0" /><Point X="265" Y="306" T="0" /><Point X="265" Y="311" T="0" /><Point X="265" Y="317" T="0" /><Point X="266" Y="328" T="0" /><Point X="266" Y="333" T="0" /><Point X="266" Y="337" T="0" /><Point X="266" Y="339" T="0" /><Point X="267" Y="348" T="0" /><Point X="267" Y="351" T="0" /><Point X="267" Y="354" T="0" /><Point X="267" Y="357" T="0" /><Point X="267" Y="364" T="0" /><Point X="267" Y="366" T="0" /><Point X="267" Y="369" T="0" /><Point X="267" Y="370" T="0" /><Point X="267" Y="374" T="0" /><Point X="267" Y="375" T="0" /><Point X="268" Y="375" T="0" /><Point X="269" Y="375" T="0" /><Point X="273" Y="375" T="0" /><Point X="276" Y="375" T="0" /><Point X="283" Y="375" T="0" /><Point X="298" Y="375" T="0" /><Point X="362" Y="371" T="0" /><Point X="379" Y="371" T="0" /><Point X="397" Y="370" T="0" /><Point X="414" Y="370" T="0" /><Point X="458" Y="370" T="0" /><Point X="471" Y="370" T="0" /><Point X="485" Y="370" T="0" /><Point X="497" Y="370" T="0" /><Point X="528" Y="369" T="0" /><Point X="536" Y="367" T="0" /><Point X="542" Y="367" T="0" /><Point X="551" Y="365" T="0" /><Point X="562" Y="363" T="0" /><Point X="563" Y="362" T="0" /><Point X="565" Y="362" T="0" /><Point X="566" Y="361" T="0" /><Point X="566" Y="359" T="0" /><Point X="566" Y="358" T="0" /><Point X="567" Y="355" T="0" /><Point X="567" Y="350" T="0" /><Point X="567" Y="345" T="0" /><Point X="568" Y="340" T="0" /><Point X="569" Y="331" T="0" /><Point X="570" Y="324" T="0" /><Point X="571" Y="314" T="0" /><Point X="573" Y="296" T="0" /><Point X="574" Y="284" T="0" /><Point X="576" Y="270" T="0" /><Point X="576" Y="261" T="0" /><Point X="579" Y="232" T="0" /><Point X="581" Y="221" T="0" /><Point X="581" Y="209" T="0" /><Point X="582" Y="201" T="0" /><Point X="583" Y="181" T="0" /><Point X="583" Y="172" T="0" /><Point X="583" Y="166" T="0" /><Point X="583" Y="160" T="0" /><Point X="583" Y="155" T="0" /><Point X="583" Y="148" T="0" /><Point X="583" Y="145" T="0" /><Point X="583" Y="143" T="0" /><Point X="583" Y="141" T="0" /><Point X="583" Y="137" T="0" /><Point X="583" Y="136" T="0" /><Point X="583" Y="135" T="0" /><Point X="582" Y="133" T="0" /><Point X="582" Y="129" T="0" /><Point X="582" Y="128" T="0" /><Point X="582" Y="127" T="0" /><Point X="582" Y="126" T="0" /><Point X="581" Y="124" T="0" /><Point X="580" Y="124" T="0" /><Point X="580" Y="123" T="0" /><Point X="579" Y="123" T="0" /><Point X="578" Y="123" T="0" /><Point X="573" Y="123" T="0" /><Point X="572" Y="123" T="0" /><Point X="566" Y="123" T="0" /><Point X="563" Y="123" T="0" /><Point X="542" Y="124" T="0" /><Point X="529" Y="125" T="0" /><Point X="517" Y="125" T="0" /><Point X="503" Y="127" T="0" /><Point X="490" Y="128" T="0" /><Point X="448" Y="129" T="0" /><Point X="430" Y="129" T="0" /><Point X="417" Y="129" T="0" /><Point X="400" Y="129" T="0" /><Point X="361" Y="129" T="0" /><Point X="348" Y="129" T="0" /><Point X="335" Y="129" T="0" /><Point X="326" Y="129" T="0" /><Point X="310" Y="129" T="0" /><Point X="308" Y="129" T="0" /><Point X="304" Y="129" T="0" /><Point X="302" Y="129" T="0" /><Point X="299" Y="130" T="0" /><Point X="298" Y="130" T="0" /><Point X="296" Y="130" T="0" /><Point X="294" Y="130" T="0" /><Point X="287" Y="131" T="0" /><Point X="283" Y="131" T="0" /><Point X="280" Y="132" T="0" /><Point X="276" Y="132" T="0" /><Point X="274" Y="133" T="0" /></Gesture>