<Gesture Name="right-curly-brace" Subject="1" Number="1" NumPts="121" Millseconds="0" AppName="Gestures" AppVer="1.0" Date="Wednesday, March 01, 2023" TimeOfDay="13:05:29" ID="2"><Point X="346" Y="99" T="0" /><Point X="348" Y="94" T="0" /><Point X="350" Y="93" T="0" /><Point X="351" Y="91" T="0" /><Point X="355" Y="87" T="0" /><Point X="356" Y="85" T="0" /><Point X="361" Y="83" T="0" /><Point X="362" Y="83" T="0" /><Point X="363" Y="83" T="0" /><Point X="366" Y="83" T="0" /><Point X="367" Y="83" T="0" /><Point X="368" Y="84" T="0" /><Point X="371" Y="85" T="0" /><Point X="372" Y="86" T="0" /><Point X="379" Y="89" T="0" /><Point X="382" Y="90" T="0" /><Point X="384" Y="92" T="0" /><Point X="386" Y="94" T="0" /><Point X="390" Y="98" T="0" /><Point X="392" Y="102" T="0" /><Point X="394" Y="105" T="0" /><Point X="396" Y="106" T="0" /><Point X="400" Y="116" T="0" /><Point X="401" Y="120" T="0" /><Point X="402" Y="123" T="0" /><Point X="404" Y="127" T="0" /><Point X="404" Y="136" T="0" /><Point X="405" Y="140" T="0" /><Point X="405" Y="143" T="0" /><Point X="405" Y="160" T="0" /><Point X="405" Y="166" T="0" /><Point X="405" Y="174" T="0" /><Point X="403" Y="190" T="0" /><Point X="403" Y="193" T="0" /><Point X="402" Y="201" T="0" /><Point X="400" Y="206" T="0" /><Point X="398" Y="219" T="0" /><Point X="396" Y="226" T="0" /><Point X="395" Y="230" T="0" /><Point X="394" Y="238" T="0" /><Point X="393" Y="243" T="0" /><Point X="392" Y="253" T="0" /><Point X="391" Y="258" T="0" /><Point X="390" Y="263" T="0" /><Point X="389" Y="268" T="0" /><Point X="387" Y="280" T="0" /><Point X="386" Y="283" T="0" /><Point X="385" Y="287" T="0" /><Point X="385" Y="290" T="0" /><Point X="384" Y="299" T="0" /><Point X="383" Y="303" T="0" /><Point X="382" Y="306" T="0" /><Point X="382" Y="309" T="0" /><Point X="382" Y="318" T="0" /><Point X="382" Y="320" T="0" /><Point X="383" Y="322" T="0" /><Point X="383" Y="323" T="0" /><Point X="386" Y="327" T="0" /><Point X="388" Y="328" T="0" /><Point X="391" Y="329" T="0" /><Point X="397" Y="331" T="0" /><Point X="401" Y="332" T="0" /><Point X="403" Y="332" T="0" /><Point X="407" Y="332" T="0" /><Point X="418" Y="330" T="0" /><Point X="421" Y="329" T="0" /><Point X="424" Y="327" T="0" /><Point X="426" Y="326" T="0" /><Point X="430" Y="322" T="0" /><Point X="431" Y="321" T="0" /><Point X="431" Y="320" T="0" /><Point X="431" Y="321" T="0" /><Point X="431" Y="322" T="0" /><Point X="430" Y="325" T="0" /><Point X="429" Y="326" T="0" /><Point X="428" Y="329" T="0" /><Point X="428" Y="330" T="0" /><Point X="427" Y="333" T="0" /><Point X="425" Y="343" T="0" /><Point X="425" Y="350" T="0" /><Point X="424" Y="354" T="0" /><Point X="423" Y="358" T="0" /><Point X="421" Y="373" T="0" /><Point X="420" Y="378" T="0" /><Point X="420" Y="383" T="0" /><Point X="419" Y="387" T="0" /><Point X="418" Y="394" T="0" /><Point X="418" Y="404" T="0" /><Point X="418" Y="408" T="0" /><Point X="417" Y="415" T="0" /><Point X="417" Y="418" T="0" /><Point X="415" Y="428" T="0" /><Point X="415" Y="432" T="0" /><Point X="414" Y="434" T="0" /><Point X="409" Y="446" T="0" /><Point X="409" Y="447" T="0" /><Point X="407" Y="453" T="0" /><Point X="405" Y="456" T="0" /><Point X="403" Y="463" T="0" /><Point X="401" Y="465" T="0" /><Point X="400" Y="467" T="0" /><Point X="399" Y="468" T="0" /><Point X="396" Y="473" T="0" /><Point X="395" Y="474" T="0" /><Point X="395" Y="475" T="0" /><Point X="393" Y="477" T="0" /><Point X="391" Y="479" T="0" /><Point X="390" Y="479" T="0" /><Point X="389" Y="480" T="0" /><Point X="388" Y="480" T="0" /><Point X="387" Y="481" T="0" /><Point X="386" Y="481" T="0" /><Point X="385" Y="481" T="0" /><Point X="382" Y="480" T="0" /><Point X="379" Y="480" T="0" /><Point X="378" Y="479" T="0" /><Point X="376" Y="478" T="0" /><Point X="372" Y="476" T="0" /><Point X="371" Y="476" T="0" /><Point X="371" Y="475" T="0" /><Point X="370" Y="475" T="0" /></Gesture>