<Gesture Name="right-square-bracket" Subject="1" Number="1" NumPts="90" Millseconds="0" AppName="Gestures" AppVer="1.0" Date="Wednesday, March 01, 2023" TimeOfDay="13:09:21" ID="6"><Point X="316" Y="177" T="0" /><Point X="320" Y="177" T="0" /><Point X="322" Y="177" T="0" /><Point X="329" Y="177" T="0" /><Point X="334" Y="177" T="0" /><Point X="376" Y="177" T="0" /><Point X="387" Y="178" T="0" /><Point X="400" Y="178" T="0" /><Point X="413" Y="178" T="0" /><Point X="431" Y="179" T="0" /><Point X="438" Y="179" T="0" /><Point X="444" Y="180" T="0" /><Point X="446" Y="180" T="0" /><Point X="448" Y="180" T="0" /><Point X="449" Y="180" T="0" /><Point X="449" Y="181" T="0" /><Point X="449" Y="182" T="0" /><Point X="450" Y="186" T="0" /><Point X="451" Y="189" T="0" /><Point X="451" Y="193" T="0" /><Point X="451" Y="196" T="0" /><Point X="453" Y="211" T="0" /><Point X="453" Y="218" T="0" /><Point X="454" Y="223" T="0" /><Point X="455" Y="233" T="0" /><Point X="455" Y="249" T="0" /><Point X="456" Y="257" T="0" /><Point X="456" Y="260" T="0" /><Point X="457" Y="270" T="0" /><Point X="457" Y="291" T="0" /><Point X="457" Y="298" T="0" /><Point X="457" Y="303" T="0" /><Point X="457" Y="308" T="0" /><Point X="457" Y="314" T="0" /><Point X="457" Y="326" T="0" /><Point X="457" Y="332" T="0" /><Point X="457" Y="336" T="0" /><Point X="457" Y="343" T="0" /><Point X="456" Y="355" T="0" /><Point X="456" Y="360" T="0" /><Point X="456" Y="366" T="0" /><Point X="456" Y="370" T="0" /><Point X="455" Y="388" T="0" /><Point X="455" Y="391" T="0" /><Point X="453" Y="410" T="0" /><Point X="453" Y="421" T="0" /><Point X="453" Y="424" T="0" /><Point X="453" Y="437" T="0" /><Point X="453" Y="442" T="0" /><Point X="453" Y="447" T="0" /><Point X="454" Y="450" T="0" /><Point X="455" Y="455" T="0" /><Point X="456" Y="460" T="0" /><Point X="457" Y="463" T="0" /><Point X="459" Y="470" T="0" /><Point X="459" Y="472" T="0" /><Point X="460" Y="474" T="0" /><Point X="461" Y="477" T="0" /><Point X="461" Y="478" T="0" /><Point X="461" Y="479" T="0" /><Point X="461" Y="480" T="0" /><Point X="460" Y="480" T="0" /><Point X="459" Y="480" T="0" /><Point X="458" Y="480" T="0" /><Point X="456" Y="480" T="0" /><Point X="453" Y="481" T="0" /><Point X="449" Y="482" T="0" /><Point X="444" Y="484" T="0" /><Point X="440" Y="485" T="0" /><Point X="430" Y="488" T="0" /><Point X="428" Y="489" T="0" /><Point X="423" Y="490" T="0" /><Point X="419" Y="491" T="0" /><Point X="408" Y="493" T="0" /><Point X="404" Y="494" T="0" /><Point X="400" Y="495" T="0" /><Point X="397" Y="495" T="0" /><Point X="390" Y="496" T="0" /><Point X="387" Y="496" T="0" /><Point X="385" Y="496" T="0" /><Point X="381" Y="497" T="0" /><Point X="373" Y="498" T="0" /><Point X="369" Y="499" T="0" /><Point X="366" Y="500" T="0" /><Point X="364" Y="501" T="0" /><Point X="356" Y="503" T="0" /><Point X="355" Y="504" T="0" /><Point X="347" Y="505" T="0" /><Point X="346" Y="505" T="0" /><Point X="344" Y="505" T="0" /></Gesture>