<Gesture Name="right-square-bracket" Subject="1" Number="1" NumPts="73" Millseconds="0" AppName="Gestures" AppVer="1.0" Date="Wednesday, March 01, 2023" TimeOfDay="13:10:28" ID="7"><Point X="319" Y="193" T="0" /><Point X="320" Y="197" T="0" /><Point X="324" Y="203" T="0" /><Point X="328" Y="209" T="0" /><Point X="346" Y="235" T="0" /><Point X="350" Y="242" T="0" /><Point X="358" Y="250" T="0" /><Point X="363" Y="256" T="0" /><Point X="385" Y="279" T="0" /><Point X="390" Y="284" T="0" /><Point X="398" Y="292" T="0" /><Point X="404" Y="297" T="0" /><Point X="424" Y="314" T="0" /><Point X="431" Y="320" T="0" /><Point X="437" Y="325" T="0" /><Point X="440" Y="328" T="0" /><Point X="451" Y="338" T="0" /><Point X="454" Y="342" T="0" /><Point X="457" Y="344" T="0" /><Point X="461" Y="349" T="0" /><Point X="467" Y="356" T="0" /><Point X="469" Y="358" T="0" /><Point X="470" Y="359" T="0" /><Point X="471" Y="361" T="0" /><Point X="474" Y="365" T="0" /><Point X="476" Y="367" T="0" /><Point X="476" Y="368" T="0" /><Point X="477" Y="369" T="0" /><Point X="478" Y="371" T="0" /><Point X="477" Y="368" T="0" /><Point X="476" Y="362" T="0" /><Point X="476" Y="358" T="0" /><Point X="476" Y="350" T="0" /><Point X="476" Y="342" T="0" /><Point X="477" Y="331" T="0" /><Point X="478" Y="321" T="0" /><Point X="480" Y="310" T="0" /><Point X="484" Y="277" T="0" /><Point X="486" Y="262" T="0" /><Point X="488" Y="251" T="0" /><Point X="491" Y="238" T="0" /><Point X="498" Y="209" T="0" /><Point X="500" Y="196" T="0" /><Point X="502" Y="189" T="0" /><Point X="506" Y="176" T="0" /><Point X="510" Y="162" T="0" /><Point X="513" Y="153" T="0" /><Point X="514" Y="150" T="0" /><Point X="515" Y="148" T="0" /><Point X="515" Y="145" T="0" /><Point X="514" Y="146" T="0" /><Point X="512" Y="147" T="0" /><Point X="510" Y="150" T="0" /><Point X="506" Y="153" T="0" /><Point X="502" Y="156" T="0" /><Point X="489" Y="168" T="0" /><Point X="474" Y="181" T="0" /><Point X="464" Y="190" T="0" /><Point X="419" Y="227" T="0" /><Point X="407" Y="237" T="0" /><Point X="395" Y="246" T="0" /><Point X="355" Y="280" T="0" /><Point X="344" Y="290" T="0" /><Point X="335" Y="299" T="0" /><Point X="325" Y="308" T="0" /><Point X="318" Y="315" T="0" /><Point X="306" Y="328" T="0" /><Point X="302" Y="333" T="0" /><Point X="297" Y="340" T="0" /><Point X="295" Y="342" T="0" /><Point X="290" Y="348" T="0" /><Point X="289" Y="349" T="0" /><Point X="288" Y="349" T="0" /></Gesture>