<Gesture Name="right-curly-brace" Subject="1" Number="1" NumPts="77" Millseconds="0" AppName="Gestures" AppVer="1.0" Date="Wednesday, March 01, 2023" TimeOfDay="13:10:47" ID="7"><Point X="387" Y="176" T="0" /><Point X="385" Y="178" T="0" /><Point X="376" Y="189" T="0" /><Point X="372" Y="194" T="0" /><Point X="363" Y="204" T="0" /><Point X="359" Y="208" T="0" /><Point X="341" Y="231" T="0" /><Point X="332" Y="243" T="0" /><Point X="327" Y="249" T="0" /><Point X="308" Y="279" T="0" /><Point X="304" Y="286" T="0" /><Point X="299" Y="293" T="0" /><Point X="296" Y="299" T="0" /><Point X="291" Y="307" T="0" /><Point X="285" Y="318" T="0" /><Point X="281" Y="323" T="0" /><Point X="277" Y="330" T="0" /><Point X="270" Y="343" T="0" /><Point X="269" Y="347" T="0" /><Point X="264" Y="355" T="0" /><Point X="260" Y="362" T="0" /><Point X="260" Y="363" T="0" /><Point X="257" Y="371" T="0" /><Point X="256" Y="373" T="0" /><Point X="256" Y="374" T="0" /><Point X="255" Y="375" T="0" /><Point X="256" Y="376" T="0" /><Point X="257" Y="376" T="0" /><Point X="261" Y="376" T="0" /><Point X="271" Y="376" T="0" /><Point X="282" Y="376" T="0" /><Point X="295" Y="376" T="0" /><Point X="308" Y="377" T="0" /><Point X="325" Y="378" T="0" /><Point X="365" Y="382" T="0" /><Point X="377" Y="383" T="0" /><Point X="393" Y="384" T="0" /><Point X="406" Y="384" T="0" /><Point X="456" Y="383" T="0" /><Point X="473" Y="381" T="0" /><Point X="500" Y="378" T="0" /><Point X="527" Y="377" T="0" /><Point X="534" Y="377" T="0" /><Point X="540" Y="377" T="0" /><Point X="544" Y="377" T="0" /><Point X="545" Y="376" T="0" /><Point X="546" Y="376" T="0" /><Point X="547" Y="376" T="0" /><Point X="548" Y="376" T="0" /><Point X="548" Y="375" T="0" /><Point X="547" Y="375" T="0" /><Point X="547" Y="374" T="0" /><Point X="545" Y="372" T="0" /><Point X="544" Y="371" T="0" /><Point X="541" Y="367" T="0" /><Point X="537" Y="360" T="0" /><Point X="533" Y="353" T="0" /><Point X="529" Y="344" T="0" /><Point X="508" Y="307" T="0" /><Point X="505" Y="299" T="0" /><Point X="500" Y="286" T="0" /><Point X="480" Y="239" T="0" /><Point X="475" Y="227" T="0" /><Point X="472" Y="219" T="0" /><Point X="467" Y="206" T="0" /><Point X="459" Y="190" T="0" /><Point X="456" Y="185" T="0" /><Point X="453" Y="180" T="0" /><Point X="451" Y="178" T="0" /><Point X="451" Y="177" T="0" /><Point X="451" Y="176" T="0" /><Point X="450" Y="176" T="0" /><Point X="450" Y="174" T="0" /><Point X="450" Y="173" T="0" /><Point X="450" Y="172" T="0" /><Point X="448" Y="168" T="0" /><Point X="448" Y="166" T="0" /></Gesture>