<Gesture Name="right-square-bracket" Subject="1" Number="1" NumPts="91" Millseconds="0" AppName="Gestures" AppVer="1.0" Date="Wednesday, March 01, 2023" TimeOfDay="13:06:27" ID="3"><Point X="301" Y="79" T="0" /><Point X="302" Y="79" T="0" /><Point X="304" Y="80" T="0" /><Point X="309" Y="81" T="0" /><Point X="316" Y="82" T="0" /><Point X="322" Y="83" T="0" /><Point X="330" Y="84" T="0" /><Point X="337" Y="85" T="0" /><Point X="355" Y="86" T="0" /><Point X="363" Y="87" T="0" /><Point X="376" Y="88" T="0" /><Point X="390" Y="88" T="0" /><Point X="411" Y="88" T="0" /><Point X="415" Y="88" T="0" /><Point X="418" Y="88" T="0" /><Point X="419" Y="88" T="0" /><Point X="420" Y="88" T="0" /><Point X="420" Y="89" T="0" /><Point X="421" Y="90" T="0" /><Point X="421" Y="92" T="0" /><Point X="421" Y="93" T="0" /><Point X="422" Y="96" T="0" /><Point X="422" Y="107" T="0" /><Point X="422" Y="112" T="0" /><Point X="422" Y="121" T="0" /><Point X="422" Y="126" T="0" /><Point X="422" Y="143" T="0" /><Point X="422" Y="152" T="0" /><Point X="422" Y="163" T="0" /><Point X="422" Y="170" T="0" /><Point X="422" Y="188" T="0" /><Point X="422" Y="197" T="0" /><Point X="422" Y="204" T="0" /><Point X="423" Y="214" T="0" /><Point X="424" Y="231" T="0" /><Point X="425" Y="236" T="0" /><Point X="425" Y="244" T="0" /><Point X="425" Y="249" T="0" /><Point X="426" Y="266" T="0" /><Point X="426" Y="271" T="0" /><Point X="426" Y="277" T="0" /><Point X="427" Y="282" T="0" /><Point X="427" Y="295" T="0" /><Point X="427" Y="301" T="0" /><Point X="427" Y="305" T="0" /><Point X="427" Y="311" T="0" /><Point X="427" Y="319" T="0" /><Point X="428" Y="324" T="0" /><Point X="428" Y="329" T="0" /><Point X="428" Y="332" T="0" /><Point X="428" Y="335" T="0" /><Point X="429" Y="346" T="0" /><Point X="430" Y="351" T="0" /><Point X="431" Y="357" T="0" /><Point X="432" Y="360" T="0" /><Point X="433" Y="367" T="0" /><Point X="434" Y="368" T="0" /><Point X="434" Y="370" T="0" /><Point X="434" Y="371" T="0" /><Point X="436" Y="376" T="0" /><Point X="436" Y="378" T="0" /><Point X="437" Y="379" T="0" /><Point X="437" Y="380" T="0" /><Point X="437" Y="381" T="0" /><Point X="436" Y="382" T="0" /><Point X="435" Y="382" T="0" /><Point X="434" Y="382" T="0" /><Point X="432" Y="383" T="0" /><Point X="423" Y="386" T="0" /><Point X="417" Y="388" T="0" /><Point X="414" Y="389" T="0" /><Point X="406" Y="391" T="0" /><Point X="391" Y="395" T="0" /><Point X="386" Y="396" T="0" /><Point X="381" Y="398" T="0" /><Point X="372" Y="399" T="0" /><Point X="361" Y="400" T="0" /><Point X="352" Y="401" T="0" /><Point X="347" Y="402" T="0" /><Point X="343" Y="402" T="0" /><Point X="334" Y="403" T="0" /><Point X="331" Y="404" T="0" /><Point X="327" Y="405" T="0" /><Point X="325" Y="405" T="0" /><Point X="317" Y="406" T="0" /><Point X="314" Y="406" T="0" /><Point X="312" Y="407" T="0" /><Point X="310" Y="407" T="0" /><Point X="304" Y="408" T="0" /><Point X="301" Y="408" T="0" /><Point X="300" Y="408" T="0" /></Gesture>