<Gesture Name="right-curly-brace" Subject="1" Number="1" NumPts="58" Millseconds="0" AppName="Gestures" AppVer="1.0" Date="Wednesday, March 01, 2023" TimeOfDay="13:11:44" ID="8"><Point X="361" Y="154" T="0" /><Point X="358" Y="158" T="0" /><Point X="355" Y="161" T="0" /><Point X="351" Y="166" T="0" /><Point X="338" Y="185" T="0" /><Point X="331" Y="196" T="0" /><Point X="324" Y="208" T="0" /><Point X="308" Y="232" T="0" /><Point X="279" Y="275" T="0" /><Point X="260" Y="300" T="0" /><Point X="253" Y="310" T="0" /><Point X="233" Y="341" T="0" /><Point X="226" Y="352" T="0" /><Point X="223" Y="358" T="0" /><Point X="219" Y="366" T="0" /><Point X="209" Y="388" T="0" /><Point X="207" Y="392" T="0" /><Point X="203" Y="403" T="0" /><Point X="202" Y="407" T="0" /><Point X="201" Y="408" T="0" /><Point X="200" Y="409" T="0" /><Point X="200" Y="410" T="0" /><Point X="201" Y="410" T="0" /><Point X="202" Y="411" T="0" /><Point X="206" Y="412" T="0" /><Point X="209" Y="413" T="0" /><Point X="224" Y="416" T="0" /><Point X="229" Y="417" T="0" /><Point X="242" Y="420" T="0" /><Point X="256" Y="421" T="0" /><Point X="329" Y="425" T="0" /><Point X="367" Y="426" T="0" /><Point X="390" Y="426" T="0" /><Point X="424" Y="427" T="0" /><Point X="494" Y="428" T="0" /><Point X="508" Y="428" T="0" /><Point X="521" Y="428" T="0" /><Point X="531" Y="428" T="0" /><Point X="538" Y="428" T="0" /><Point X="540" Y="427" T="0" /><Point X="540" Y="426" T="0" /><Point X="539" Y="426" T="0" /><Point X="537" Y="424" T="0" /><Point X="536" Y="422" T="0" /><Point X="531" Y="413" T="0" /><Point X="523" Y="389" T="0" /><Point X="519" Y="379" T="0" /><Point X="497" Y="327" T="0" /><Point X="483" Y="296" T="0" /><Point X="475" Y="282" T="0" /><Point X="442" Y="214" T="0" /><Point X="429" Y="186" T="0" /><Point X="401" Y="133" T="0" /><Point X="386" Y="109" T="0" /><Point X="364" Y="80" T="0" /><Point X="359" Y="74" T="0" /><Point X="356" Y="71" T="0" /><Point X="356" Y="70" T="0" /></Gesture>