<Gesture Name="right-curly-brace" Subject="1" Number="1" NumPts="77" Millseconds="0" AppName="Gestures" AppVer="1.0" Date="Wednesday, March 01, 2023" TimeOfDay="13:13:42" ID="10"><Point X="348" Y="174" T="0" /><Point X="342" Y="187" T="0" /><Point X="339" Y="193" T="0" /><Point X="330" Y="209" T="0" /><Point X="325" Y="218" T="0" /><Point X="319" Y="227" T="0" /><Point X="315" Y="233" T="0" /><Point X="298" Y="261" T="0" /><Point X="292" Y="270" T="0" /><Point X="287" Y="280" T="0" /><Point X="278" Y="294" T="0" /><Point X="272" Y="307" T="0" /><Point X="267" Y="315" T="0" /><Point X="265" Y="319" T="0" /><Point X="262" Y="323" T="0" /><Point X="258" Y="332" T="0" /><Point X="255" Y="337" T="0" /><Point X="253" Y="341" T="0" /><Point X="251" Y="345" T="0" /><Point X="247" Y="353" T="0" /><Point X="246" Y="357" T="0" /><Point X="245" Y="359" T="0" /><Point X="244" Y="361" T="0" /><Point X="243" Y="364" T="0" /><Point X="242" Y="365" T="0" /><Point X="242" Y="366" T="0" /><Point X="242" Y="367" T="0" /><Point X="243" Y="367" T="0" /><Point X="244" Y="367" T="0" /><Point X="246" Y="367" T="0" /><Point X="251" Y="367" T="0" /><Point X="255" Y="367" T="0" /><Point X="259" Y="367" T="0" /><Point X="268" Y="367" T="0" /><Point X="284" Y="368" T="0" /><Point X="297" Y="369" T="0" /><Point X="303" Y="369" T="0" /><Point X="317" Y="371" T="0" /><Point X="351" Y="377" T="0" /><Point X="359" Y="378" T="0" /><Point X="381" Y="380" T="0" /><Point X="430" Y="381" T="0" /><Point X="443" Y="381" T="0" /><Point X="488" Y="379" T="0" /><Point X="501" Y="377" T="0" /><Point X="505" Y="377" T="0" /><Point X="511" Y="376" T="0" /><Point X="512" Y="376" T="0" /><Point X="512" Y="375" T="0" /><Point X="511" Y="375" T="0" /><Point X="510" Y="374" T="0" /><Point X="509" Y="374" T="0" /><Point X="508" Y="372" T="0" /><Point X="507" Y="370" T="0" /><Point X="506" Y="368" T="0" /><Point X="504" Y="364" T="0" /><Point X="500" Y="354" T="0" /><Point X="495" Y="342" T="0" /><Point X="492" Y="336" T="0" /><Point X="488" Y="329" T="0" /><Point X="486" Y="324" T="0" /><Point X="467" Y="290" T="0" /><Point X="463" Y="282" T="0" /><Point X="457" Y="270" T="0" /><Point X="450" Y="260" T="0" /><Point X="440" Y="238" T="0" /><Point X="433" Y="226" T="0" /><Point X="429" Y="220" T="0" /><Point X="424" Y="213" T="0" /><Point X="415" Y="198" T="0" /><Point X="411" Y="191" T="0" /><Point X="407" Y="185" T="0" /><Point X="405" Y="180" T="0" /><Point X="401" Y="174" T="0" /><Point X="401" Y="173" T="0" /><Point X="401" Y="172" T="0" /><Point X="400" Y="172" T="0" /></Gesture>