<Gesture Name="right-square-bracket" Subject="1" Number="1" NumPts="97" Millseconds="0" AppName="Gestures" AppVer="1.0" Date="Wednesday, March 01, 2023" TimeOfDay="13:12:20" ID="9"><Point X="395" Y="252" T="0" /><Point X="396" Y="247" T="0" /><Point X="396" Y="238" T="0" /><Point X="396" Y="235" T="0" /><Point X="395" Y="230" T="0" /><Point X="392" Y="224" T="0" /><Point X="392" Y="223" T="0" /><Point X="390" Y="221" T="0" /><Point X="387" Y="220" T="0" /><Point X="384" Y="219" T="0" /><Point X="379" Y="219" T="0" /><Point X="374" Y="221" T="0" /><Point X="368" Y="222" T="0" /><Point X="352" Y="228" T="0" /><Point X="348" Y="230" T="0" /><Point X="338" Y="234" T="0" /><Point X="333" Y="238" T="0" /><Point X="320" Y="247" T="0" /><Point X="318" Y="249" T="0" /><Point X="313" Y="254" T="0" /><Point X="311" Y="258" T="0" /><Point X="306" Y="268" T="0" /><Point X="305" Y="274" T="0" /><Point X="304" Y="278" T="0" /><Point X="303" Y="284" T="0" /><Point X="302" Y="300" T="0" /><Point X="302" Y="309" T="0" /><Point X="302" Y="316" T="0" /><Point X="303" Y="328" T="0" /><Point X="306" Y="346" T="0" /><Point X="307" Y="353" T="0" /><Point X="310" Y="362" T="0" /><Point X="312" Y="366" T="0" /><Point X="318" Y="377" T="0" /><Point X="321" Y="379" T="0" /><Point X="324" Y="381" T="0" /><Point X="327" Y="383" T="0" /><Point X="329" Y="384" T="0" /><Point X="338" Y="388" T="0" /><Point X="340" Y="388" T="0" /><Point X="343" Y="389" T="0" /><Point X="345" Y="390" T="0" /><Point X="350" Y="393" T="0" /><Point X="351" Y="393" T="0" /><Point X="352" Y="394" T="0" /><Point X="353" Y="395" T="0" /><Point X="356" Y="399" T="0" /><Point X="356" Y="400" T="0" /><Point X="356" Y="401" T="0" /><Point X="355" Y="401" T="0" /><Point X="354" Y="401" T="0" /><Point X="353" Y="401" T="0" /><Point X="349" Y="402" T="0" /><Point X="346" Y="403" T="0" /><Point X="344" Y="405" T="0" /><Point X="342" Y="406" T="0" /><Point X="334" Y="412" T="0" /><Point X="330" Y="416" T="0" /><Point X="326" Y="419" T="0" /><Point X="322" Y="423" T="0" /><Point X="320" Y="426" T="0" /><Point X="311" Y="437" T="0" /><Point X="309" Y="441" T="0" /><Point X="306" Y="446" T="0" /><Point X="303" Y="450" T="0" /><Point X="298" Y="462" T="0" /><Point X="297" Y="467" T="0" /><Point X="294" Y="476" T="0" /><Point X="293" Y="482" T="0" /><Point X="291" Y="496" T="0" /><Point X="291" Y="502" T="0" /><Point X="291" Y="507" T="0" /><Point X="291" Y="514" T="0" /><Point X="291" Y="527" T="0" /><Point X="293" Y="534" T="0" /><Point X="294" Y="538" T="0" /><Point X="295" Y="542" T="0" /><Point X="301" Y="556" T="0" /><Point X="302" Y="560" T="0" /><Point X="304" Y="563" T="0" /><Point X="305" Y="567" T="0" /><Point X="311" Y="573" T="0" /><Point X="313" Y="575" T="0" /><Point X="314" Y="576" T="0" /><Point X="315" Y="576" T="0" /><Point X="320" Y="579" T="0" /><Point X="325" Y="579" T="0" /><Point X="328" Y="579" T="0" /><Point X="333" Y="578" T="0" /><Point X="346" Y="575" T="0" /><Point X="350" Y="575" T="0" /><Point X="353" Y="574" T="0" /><Point X="359" Y="573" T="0" /><Point X="369" Y="571" T="0" /><Point X="371" Y="571" T="0" /><Point X="372" Y="571" T="0" /><Point X="373" Y="571" T="0" /></Gesture>