<Gesture Name="right-square-bracket" Subject="1" Number="1" NumPts="83" Millseconds="0" AppName="Gestures" AppVer="1.0" Date="Wednesday, March 01, 2023" TimeOfDay="13:11:26" ID="8"><Point X="364" Y="116" T="0" /><Point X="363" Y="116" T="0" /><Point X="362" Y="118" T="0" /><Point X="360" Y="119" T="0" /><Point X="357" Y="124" T="0" /><Point X="356" Y="127" T="0" /><Point X="354" Y="129" T="0" /><Point X="352" Y="132" T="0" /><Point X="348" Y="142" T="0" /><Point X="347" Y="146" T="0" /><Point X="345" Y="154" T="0" /><Point X="344" Y="167" T="0" /><Point X="343" Y="171" T="0" /><Point X="343" Y="178" T="0" /><Point X="342" Y="182" T="0" /><Point X="341" Y="191" T="0" /><Point X="340" Y="197" T="0" /><Point X="339" Y="201" T="0" /><Point X="339" Y="205" T="0" /><Point X="338" Y="215" T="0" /><Point X="338" Y="219" T="0" /><Point X="338" Y="226" T="0" /><Point X="338" Y="231" T="0" /><Point X="339" Y="242" T="0" /><Point X="339" Y="245" T="0" /><Point X="340" Y="253" T="0" /><Point X="340" Y="256" T="0" /><Point X="343" Y="270" T="0" /><Point X="343" Y="273" T="0" /><Point X="345" Y="277" T="0" /><Point X="348" Y="283" T="0" /><Point X="351" Y="290" T="0" /><Point X="353" Y="291" T="0" /><Point X="354" Y="293" T="0" /><Point X="356" Y="295" T="0" /><Point X="358" Y="296" T="0" /><Point X="358" Y="295" T="0" /><Point X="357" Y="295" T="0" /><Point X="356" Y="295" T="0" /><Point X="355" Y="295" T="0" /><Point X="350" Y="295" T="0" /><Point X="344" Y="297" T="0" /><Point X="339" Y="298" T="0" /><Point X="337" Y="300" T="0" /><Point X="324" Y="307" T="0" /><Point X="319" Y="310" T="0" /><Point X="316" Y="312" T="0" /><Point X="310" Y="316" T="0" /><Point X="302" Y="323" T="0" /><Point X="299" Y="325" T="0" /><Point X="298" Y="328" T="0" /><Point X="297" Y="328" T="0" /><Point X="296" Y="330" T="0" /><Point X="295" Y="335" T="0" /><Point X="294" Y="337" T="0" /><Point X="294" Y="342" T="0" /><Point X="294" Y="345" T="0" /><Point X="294" Y="352" T="0" /><Point X="294" Y="358" T="0" /><Point X="294" Y="362" T="0" /><Point X="294" Y="368" T="0" /><Point X="298" Y="385" T="0" /><Point X="299" Y="390" T="0" /><Point X="301" Y="399" T="0" /><Point X="305" Y="418" T="0" /><Point X="307" Y="425" T="0" /><Point X="309" Y="432" T="0" /><Point X="311" Y="438" T="0" /><Point X="316" Y="449" T="0" /><Point X="318" Y="453" T="0" /><Point X="320" Y="457" T="0" /><Point X="323" Y="461" T="0" /><Point X="330" Y="472" T="0" /><Point X="333" Y="476" T="0" /><Point X="334" Y="477" T="0" /><Point X="338" Y="480" T="0" /><Point X="342" Y="481" T="0" /><Point X="343" Y="481" T="0" /><Point X="344" Y="481" T="0" /><Point X="345" Y="481" T="0" /><Point X="346" Y="481" T="0" /><Point X="350" Y="481" T="0" /><Point X="351" Y="481" T="0" /></Gesture>