<Gesture Name="right-square-bracket" Subject="1" Number="1" NumPts="79" Millseconds="0" AppName="Gestures" AppVer="1.0" Date="Wednesday, March 01, 2023" TimeOfDay="13:13:22" ID="10"><Point X="419" Y="188" T="0" /><Point X="418" Y="188" T="0" /><Point X="415" Y="189" T="0" /><Point X="413" Y="190" T="0" /><Point X="410" Y="192" T="0" /><Point X="405" Y="195" T="0" /><Point X="388" Y="205" T="0" /><Point X="385" Y="207" T="0" /><Point X="380" Y="211" T="0" /><Point X="374" Y="216" T="0" /><Point X="366" Y="224" T="0" /><Point X="363" Y="228" T="0" /><Point X="359" Y="231" T="0" /><Point X="356" Y="235" T="0" /><Point X="352" Y="243" T="0" /><Point X="351" Y="244" T="0" /><Point X="350" Y="250" T="0" /><Point X="349" Y="254" T="0" /><Point X="346" Y="267" T="0" /><Point X="345" Y="276" T="0" /><Point X="344" Y="284" T="0" /><Point X="343" Y="287" T="0" /><Point X="341" Y="318" T="0" /><Point X="341" Y="327" T="0" /><Point X="343" Y="339" T="0" /><Point X="344" Y="345" T="0" /><Point X="350" Y="376" T="0" /><Point X="352" Y="386" T="0" /><Point X="355" Y="390" T="0" /><Point X="365" Y="401" T="0" /><Point X="366" Y="401" T="0" /><Point X="368" Y="401" T="0" /><Point X="371" Y="400" T="0" /><Point X="373" Y="400" T="0" /><Point X="373" Y="399" T="0" /><Point X="373" Y="398" T="0" /><Point X="372" Y="398" T="0" /><Point X="371" Y="398" T="0" /><Point X="368" Y="399" T="0" /><Point X="365" Y="401" T="0" /><Point X="362" Y="402" T="0" /><Point X="351" Y="408" T="0" /><Point X="347" Y="410" T="0" /><Point X="343" Y="413" T="0" /><Point X="338" Y="416" T="0" /><Point X="328" Y="422" T="0" /><Point X="324" Y="426" T="0" /><Point X="321" Y="429" T="0" /><Point X="317" Y="434" T="0" /><Point X="309" Y="443" T="0" /><Point X="306" Y="447" T="0" /><Point X="304" Y="450" T="0" /><Point X="301" Y="455" T="0" /><Point X="299" Y="459" T="0" /><Point X="294" Y="467" T="0" /><Point X="293" Y="472" T="0" /><Point X="291" Y="476" T="0" /><Point X="290" Y="480" T="0" /><Point X="289" Y="492" T="0" /><Point X="288" Y="497" T="0" /><Point X="288" Y="501" T="0" /><Point X="288" Y="505" T="0" /><Point X="289" Y="514" T="0" /><Point X="290" Y="521" T="0" /><Point X="291" Y="525" T="0" /><Point X="292" Y="531" T="0" /><Point X="296" Y="542" T="0" /><Point X="299" Y="548" T="0" /><Point X="301" Y="552" T="0" /><Point X="306" Y="560" T="0" /><Point X="315" Y="570" T="0" /><Point X="320" Y="576" T="0" /><Point X="326" Y="580" T="0" /><Point X="334" Y="585" T="0" /><Point X="336" Y="586" T="0" /><Point X="342" Y="589" T="0" /><Point X="344" Y="590" T="0" /><Point X="345" Y="590" T="0" /><Point X="346" Y="590" T="0" /></Gesture>