<Gesture Name="right-square-bracket" Subject="1" Number="1" NumPts="85" Millseconds="0" AppName="Gestures" AppVer="1.0" Date="Wednesday, March 01, 2023" TimeOfDay="13:07:25" ID="4"><Point X="326" Y="113" T="0" /><Point X="327" Y="113" T="0" /><Point X="328" Y="113" T="0" /><Point X="334" Y="113" T="0" /><Point X="349" Y="113" T="0" /><Point X="358" Y="113" T="0" /><Point X="370" Y="113" T="0" /><Point X="378" Y="113" T="0" /><Point X="422" Y="115" T="0" /><Point X="435" Y="115" T="0" /><Point X="447" Y="116" T="0" /><Point X="459" Y="117" T="0" /><Point X="467" Y="117" T="0" /><Point X="481" Y="119" T="0" /><Point X="482" Y="119" T="0" /><Point X="483" Y="120" T="0" /><Point X="483" Y="121" T="0" /><Point X="483" Y="122" T="0" /><Point X="483" Y="124" T="0" /><Point X="483" Y="125" T="0" /><Point X="483" Y="130" T="0" /><Point X="483" Y="133" T="0" /><Point X="483" Y="142" T="0" /><Point X="483" Y="145" T="0" /><Point X="483" Y="153" T="0" /><Point X="483" Y="160" T="0" /><Point X="483" Y="173" T="0" /><Point X="483" Y="182" T="0" /><Point X="483" Y="191" T="0" /><Point X="483" Y="199" T="0" /><Point X="483" Y="221" T="0" /><Point X="484" Y="225" T="0" /><Point X="484" Y="233" T="0" /><Point X="484" Y="242" T="0" /><Point X="484" Y="249" T="0" /><Point X="484" Y="262" T="0" /><Point X="484" Y="272" T="0" /><Point X="484" Y="281" T="0" /><Point X="485" Y="288" T="0" /><Point X="485" Y="301" T="0" /><Point X="487" Y="316" T="0" /><Point X="488" Y="333" T="0" /><Point X="488" Y="341" T="0" /><Point X="488" Y="349" T="0" /><Point X="488" Y="352" T="0" /><Point X="488" Y="368" T="0" /><Point X="489" Y="373" T="0" /><Point X="489" Y="376" T="0" /><Point X="489" Y="380" T="0" /><Point X="490" Y="388" T="0" /><Point X="490" Y="389" T="0" /><Point X="490" Y="391" T="0" /><Point X="490" Y="394" T="0" /><Point X="490" Y="395" T="0" /><Point X="490" Y="396" T="0" /><Point X="491" Y="398" T="0" /><Point X="491" Y="399" T="0" /><Point X="492" Y="403" T="0" /><Point X="493" Y="404" T="0" /><Point X="494" Y="405" T="0" /><Point X="494" Y="408" T="0" /><Point X="494" Y="409" T="0" /><Point X="495" Y="410" T="0" /><Point X="495" Y="411" T="0" /><Point X="495" Y="413" T="0" /><Point X="495" Y="414" T="0" /><Point X="494" Y="414" T="0" /><Point X="493" Y="415" T="0" /><Point X="491" Y="416" T="0" /><Point X="489" Y="417" T="0" /><Point X="483" Y="419" T="0" /><Point X="470" Y="422" T="0" /><Point X="460" Y="424" T="0" /><Point X="452" Y="425" T="0" /><Point X="439" Y="426" T="0" /><Point X="428" Y="427" T="0" /><Point X="400" Y="428" T="0" /><Point X="388" Y="428" T="0" /><Point X="375" Y="428" T="0" /><Point X="364" Y="427" T="0" /><Point X="350" Y="424" T="0" /><Point X="346" Y="423" T="0" /><Point X="343" Y="423" T="0" /><Point X="341" Y="422" T="0" /><Point X="339" Y="422" T="0" /></Gesture>