<Gesture Name="right-square-bracket" Subject="1" Number="1" NumPts="78" Millseconds="0" AppName="Gestures" AppVer="1.0" Date="Wednesday, March 01, 2023" TimeOfDay="13:05:16" ID="2"><Point X="345" Y="110" T="0" /><Point X="348" Y="110" T="0" /><Point X="351" Y="110" T="0" /><Point X="354" Y="111" T="0" /><Point X="364" Y="111" T="0" /><Point X="373" Y="111" T="0" /><Point X="386" Y="111" T="0" /><Point X="427" Y="113" T="0" /><Point X="445" Y="113" T="0" /><Point X="457" Y="113" T="0" /><Point X="473" Y="114" T="0" /><Point X="504" Y="115" T="0" /><Point X="512" Y="115" T="0" /><Point X="519" Y="115" T="0" /><Point X="522" Y="115" T="0" /><Point X="526" Y="115" T="0" /><Point X="526" Y="116" T="0" /><Point X="526" Y="117" T="0" /><Point X="526" Y="119" T="0" /><Point X="526" Y="122" T="0" /><Point X="526" Y="125" T="0" /><Point X="526" Y="128" T="0" /><Point X="526" Y="136" T="0" /><Point X="527" Y="159" T="0" /><Point X="528" Y="165" T="0" /><Point X="528" Y="176" T="0" /><Point X="528" Y="185" T="0" /><Point X="530" Y="216" T="0" /><Point X="530" Y="226" T="0" /><Point X="531" Y="238" T="0" /><Point X="531" Y="247" T="0" /><Point X="531" Y="281" T="0" /><Point X="531" Y="290" T="0" /><Point X="531" Y="303" T="0" /><Point X="531" Y="309" T="0" /><Point X="531" Y="331" T="0" /><Point X="531" Y="339" T="0" /><Point X="531" Y="346" T="0" /><Point X="531" Y="351" T="0" /><Point X="531" Y="367" T="0" /><Point X="530" Y="373" T="0" /><Point X="530" Y="379" T="0" /><Point X="530" Y="384" T="0" /><Point X="530" Y="393" T="0" /><Point X="530" Y="397" T="0" /><Point X="530" Y="400" T="0" /><Point X="530" Y="401" T="0" /><Point X="530" Y="411" T="0" /><Point X="530" Y="415" T="0" /><Point X="530" Y="419" T="0" /><Point X="530" Y="422" T="0" /><Point X="530" Y="427" T="0" /><Point X="530" Y="428" T="0" /><Point X="530" Y="429" T="0" /><Point X="531" Y="429" T="0" /><Point X="531" Y="430" T="0" /><Point X="532" Y="430" T="0" /><Point X="532" Y="431" T="0" /><Point X="531" Y="431" T="0" /><Point X="531" Y="432" T="0" /><Point X="528" Y="432" T="0" /><Point X="524" Y="433" T="0" /><Point X="518" Y="433" T="0" /><Point X="511" Y="434" T="0" /><Point X="490" Y="434" T="0" /><Point X="479" Y="434" T="0" /><Point X="471" Y="434" T="0" /><Point X="466" Y="434" T="0" /><Point X="449" Y="434" T="0" /><Point X="442" Y="434" T="0" /><Point X="432" Y="434" T="0" /><Point X="424" Y="434" T="0" /><Point X="412" Y="434" T="0" /><Point X="405" Y="434" T="0" /><Point X="402" Y="434" T="0" /><Point X="399" Y="434" T="0" /><Point X="394" Y="434" T="0" /><Point X="393" Y="434" T="0" /></Gesture>