<Gesture Name="right-curly-brace" Subject="1" Number="1" NumPts="137" Millseconds="0" AppName="Gestures" AppVer="1.0" Date="Wednesday, March 01, 2023" TimeOfDay="13:08:34" ID="5"><Point X="353" Y="125" T="0" /><Point X="353" Y="124" T="0" /><Point X="353" Y="122" T="0" /><Point X="353" Y="120" T="0" /><Point X="356" Y="116" T="0" /><Point X="361" Y="106" T="0" /><Point X="363" Y="103" T="0" /><Point X="366" Y="100" T="0" /><Point X="368" Y="98" T="0" /><Point X="374" Y="94" T="0" /><Point X="378" Y="92" T="0" /><Point X="382" Y="90" T="0" /><Point X="385" Y="90" T="0" /><Point X="391" Y="89" T="0" /><Point X="392" Y="89" T="0" /><Point X="395" Y="90" T="0" /><Point X="399" Y="92" T="0" /><Point X="407" Y="97" T="0" /><Point X="412" Y="100" T="0" /><Point X="416" Y="103" T="0" /><Point X="420" Y="106" T="0" /><Point X="430" Y="114" T="0" /><Point X="433" Y="118" T="0" /><Point X="436" Y="121" T="0" /><Point X="438" Y="125" T="0" /><Point X="440" Y="130" T="0" /><Point X="444" Y="139" T="0" /><Point X="445" Y="142" T="0" /><Point X="445" Y="146" T="0" /><Point X="446" Y="152" T="0" /><Point X="447" Y="163" T="0" /><Point X="448" Y="169" T="0" /><Point X="448" Y="175" T="0" /><Point X="448" Y="179" T="0" /><Point X="448" Y="191" T="0" /><Point X="448" Y="196" T="0" /><Point X="448" Y="199" T="0" /><Point X="448" Y="203" T="0" /><Point X="446" Y="216" T="0" /><Point X="445" Y="220" T="0" /><Point X="445" Y="227" T="0" /><Point X="444" Y="230" T="0" /><Point X="443" Y="243" T="0" /><Point X="442" Y="247" T="0" /><Point X="442" Y="252" T="0" /><Point X="441" Y="254" T="0" /><Point X="439" Y="267" T="0" /><Point X="439" Y="268" T="0" /><Point X="438" Y="273" T="0" /><Point X="437" Y="276" T="0" /><Point X="435" Y="288" T="0" /><Point X="434" Y="292" T="0" /><Point X="433" Y="295" T="0" /><Point X="432" Y="300" T="0" /><Point X="430" Y="309" T="0" /><Point X="428" Y="315" T="0" /><Point X="426" Y="327" T="0" /><Point X="426" Y="330" T="0" /><Point X="426" Y="331" T="0" /><Point X="427" Y="334" T="0" /><Point X="427" Y="335" T="0" /><Point X="429" Y="336" T="0" /><Point X="432" Y="338" T="0" /><Point X="434" Y="338" T="0" /><Point X="435" Y="339" T="0" /><Point X="439" Y="339" T="0" /><Point X="447" Y="339" T="0" /><Point X="452" Y="339" T="0" /><Point X="460" Y="336" T="0" /><Point X="466" Y="333" T="0" /><Point X="468" Y="331" T="0" /><Point X="470" Y="329" T="0" /><Point X="470" Y="328" T="0" /><Point X="470" Y="329" T="0" /><Point X="469" Y="330" T="0" /><Point X="469" Y="331" T="0" /><Point X="468" Y="333" T="0" /><Point X="468" Y="335" T="0" /><Point X="467" Y="337" T="0" /><Point X="466" Y="340" T="0" /><Point X="463" Y="348" T="0" /><Point X="461" Y="354" T="0" /><Point X="460" Y="356" T="0" /><Point X="459" Y="362" T="0" /><Point X="457" Y="370" T="0" /><Point X="457" Y="374" T="0" /><Point X="456" Y="377" T="0" /><Point X="455" Y="381" T="0" /><Point X="454" Y="391" T="0" /><Point X="454" Y="394" T="0" /><Point X="453" Y="398" T="0" /><Point X="452" Y="402" T="0" /><Point X="450" Y="409" T="0" /><Point X="450" Y="412" T="0" /><Point X="448" Y="415" T="0" /><Point X="447" Y="420" T="0" /><Point X="446" Y="424" T="0" /><Point X="442" Y="431" T="0" /><Point X="441" Y="434" T="0" /><Point X="440" Y="437" T="0" /><Point X="439" Y="440" T="0" /><Point X="436" Y="447" T="0" /><Point X="434" Y="452" T="0" /><Point X="432" Y="455" T="0" /><Point X="431" Y="457" T="0" /><Point X="427" Y="467" T="0" /><Point X="426" Y="470" T="0" /><Point X="424" Y="473" T="0" /><Point X="423" Y="476" T="0" /><Point X="419" Y="481" T="0" /><Point X="417" Y="483" T="0" /><Point X="414" Y="485" T="0" /><Point X="410" Y="489" T="0" /><Point X="409" Y="490" T="0" /><Point X="408" Y="491" T="0" /><Point X="407" Y="491" T="0" /><Point X="405" Y="491" T="0" /><Point X="404" Y="491" T="0" /><Point X="403" Y="491" T="0" /><Point X="402" Y="490" T="0" /><Point X="398" Y="488" T="0" /><Point X="398" Y="487" T="0" /><Point X="396" Y="487" T="0" /><Point X="396" Y="486" T="0" /><Point X="394" Y="484" T="0" /><Point X="393" Y="484" T="0" /><Point X="390" Y="478" T="0" /><Point X="390" Y="476" T="0" /><Point X="389" Y="476" T="0" /><Point X="388" Y="474" T="0" /><Point X="386" Y="471" T="0" /><Point X="385" Y="471" T="0" /><Point X="385" Y="470" T="0" /><Point X="383" Y="469" T="0" /><Point X="382" Y="468" T="0" /><Point X="377" Y="465" T="0" /><Point X="376" Y="465" T="0" /></Gesture>