<Gesture Name="right-curly-brace" Subject="1" Number="1" NumPts="91" Millseconds="0" AppName="Gestures" AppVer="1.0" Date="Wednesday, March 01, 2023" TimeOfDay="13:09:34" ID="6"><Point X="330" Y="155" T="0" /><Point X="330" Y="153" T="0" /><Point X="331" Y="150" T="0" /><Point X="332" Y="147" T="0" /><Point X="336" Y="140" T="0" /><Point X="337" Y="139" T="0" /><Point X="340" Y="136" T="0" /><Point X="342" Y="134" T="0" /><Point X="344" Y="132" T="0" /><Point X="345" Y="132" T="0" /><Point X="346" Y="133" T="0" /><Point X="346" Y="134" T="0" /><Point X="348" Y="135" T="0" /><Point X="351" Y="138" T="0" /><Point X="361" Y="145" T="0" /><Point X="362" Y="147" T="0" /><Point X="364" Y="149" T="0" /><Point X="368" Y="157" T="0" /><Point X="370" Y="160" T="0" /><Point X="370" Y="162" T="0" /><Point X="374" Y="174" T="0" /><Point X="376" Y="180" T="0" /><Point X="377" Y="185" T="0" /><Point X="377" Y="191" T="0" /><Point X="379" Y="203" T="0" /><Point X="379" Y="207" T="0" /><Point X="379" Y="211" T="0" /><Point X="379" Y="219" T="0" /><Point X="379" Y="231" T="0" /><Point X="379" Y="242" T="0" /><Point X="379" Y="245" T="0" /><Point X="378" Y="260" T="0" /><Point X="378" Y="262" T="0" /><Point X="378" Y="275" T="0" /><Point X="378" Y="279" T="0" /><Point X="376" Y="295" T="0" /><Point X="375" Y="298" T="0" /><Point X="375" Y="302" T="0" /><Point X="373" Y="310" T="0" /><Point X="373" Y="313" T="0" /><Point X="373" Y="314" T="0" /><Point X="372" Y="318" T="0" /><Point X="372" Y="324" T="0" /><Point X="372" Y="325" T="0" /><Point X="372" Y="328" T="0" /><Point X="373" Y="331" T="0" /><Point X="375" Y="337" T="0" /><Point X="376" Y="339" T="0" /><Point X="380" Y="345" T="0" /><Point X="384" Y="347" T="0" /><Point X="386" Y="349" T="0" /><Point X="388" Y="351" T="0" /><Point X="394" Y="353" T="0" /><Point X="395" Y="354" T="0" /><Point X="397" Y="354" T="0" /><Point X="399" Y="354" T="0" /><Point X="402" Y="354" T="0" /><Point X="403" Y="354" T="0" /><Point X="404" Y="354" T="0" /><Point X="404" Y="353" T="0" /><Point X="404" Y="354" T="0" /><Point X="404" Y="355" T="0" /><Point X="404" Y="358" T="0" /><Point X="404" Y="360" T="0" /><Point X="403" Y="364" T="0" /><Point X="402" Y="372" T="0" /><Point X="401" Y="378" T="0" /><Point X="399" Y="391" T="0" /><Point X="398" Y="407" T="0" /><Point X="397" Y="423" T="0" /><Point X="397" Y="435" T="0" /><Point X="396" Y="439" T="0" /><Point X="395" Y="454" T="0" /><Point X="394" Y="458" T="0" /><Point X="393" Y="461" T="0" /><Point X="392" Y="466" T="0" /><Point X="391" Y="471" T="0" /><Point X="389" Y="479" T="0" /><Point X="388" Y="483" T="0" /><Point X="385" Y="488" T="0" /><Point X="380" Y="496" T="0" /><Point X="379" Y="497" T="0" /><Point X="371" Y="506" T="0" /><Point X="368" Y="509" T="0" /><Point X="367" Y="511" T="0" /><Point X="364" Y="512" T="0" /><Point X="363" Y="512" T="0" /><Point X="362" Y="512" T="0" /><Point X="360" Y="511" T="0" /><Point X="359" Y="511" T="0" /><Point X="359" Y="510" T="0" /></Gesture>