<Gesture Name="right-curly-brace" Subject="1" Number="1" NumPts="117" Millseconds="0" AppName="Gestures" AppVer="1.0" Date="Wednesday, March 01, 2023" TimeOfDay="13:06:41" ID="3"><Point X="341" Y="189" T="0" /><Point X="341" Y="188" T="0" /><Point X="342" Y="188" T="0" /><Point X="343" Y="187" T="0" /><Point X="345" Y="187" T="0" /><Point X="346" Y="187" T="0" /><Point X="347" Y="187" T="0" /><Point X="349" Y="187" T="0" /><Point X="351" Y="190" T="0" /><Point X="352" Y="190" T="0" /><Point X="352" Y="191" T="0" /><Point X="352" Y="192" T="0" /><Point X="355" Y="200" T="0" /><Point X="356" Y="203" T="0" /><Point X="357" Y="206" T="0" /><Point X="358" Y="210" T="0" /><Point X="360" Y="218" T="0" /><Point X="361" Y="222" T="0" /><Point X="361" Y="226" T="0" /><Point X="362" Y="229" T="0" /><Point X="363" Y="236" T="0" /><Point X="365" Y="250" T="0" /><Point X="365" Y="254" T="0" /><Point X="365" Y="265" T="0" /><Point X="365" Y="268" T="0" /><Point X="365" Y="272" T="0" /><Point X="364" Y="278" T="0" /><Point X="364" Y="280" T="0" /><Point X="363" Y="282" T="0" /><Point X="362" Y="290" T="0" /><Point X="361" Y="293" T="0" /><Point X="360" Y="296" T="0" /><Point X="358" Y="300" T="0" /><Point X="356" Y="309" T="0" /><Point X="355" Y="314" T="0" /><Point X="354" Y="317" T="0" /><Point X="354" Y="319" T="0" /><Point X="352" Y="326" T="0" /><Point X="352" Y="329" T="0" /><Point X="352" Y="333" T="0" /><Point X="351" Y="336" T="0" /><Point X="351" Y="342" T="0" /><Point X="350" Y="346" T="0" /><Point X="350" Y="347" T="0" /><Point X="350" Y="349" T="0" /><Point X="350" Y="357" T="0" /><Point X="350" Y="358" T="0" /><Point X="351" Y="359" T="0" /><Point X="351" Y="360" T="0" /><Point X="353" Y="363" T="0" /><Point X="354" Y="363" T="0" /><Point X="355" Y="364" T="0" /><Point X="356" Y="364" T="0" /><Point X="359" Y="365" T="0" /><Point X="360" Y="365" T="0" /><Point X="362" Y="365" T="0" /><Point X="366" Y="365" T="0" /><Point X="373" Y="364" T="0" /><Point X="375" Y="364" T="0" /><Point X="377" Y="363" T="0" /><Point X="377" Y="362" T="0" /><Point X="378" Y="362" T="0" /><Point X="379" Y="362" T="0" /><Point X="379" Y="363" T="0" /><Point X="379" Y="365" T="0" /><Point X="378" Y="366" T="0" /><Point X="378" Y="369" T="0" /><Point X="377" Y="372" T="0" /><Point X="376" Y="374" T="0" /><Point X="375" Y="380" T="0" /><Point X="372" Y="387" T="0" /><Point X="371" Y="392" T="0" /><Point X="370" Y="396" T="0" /><Point X="369" Y="402" T="0" /><Point X="367" Y="413" T="0" /><Point X="367" Y="418" T="0" /><Point X="367" Y="420" T="0" /><Point X="366" Y="425" T="0" /><Point X="365" Y="432" T="0" /><Point X="365" Y="436" T="0" /><Point X="364" Y="439" T="0" /><Point X="364" Y="442" T="0" /><Point X="363" Y="447" T="0" /><Point X="363" Y="450" T="0" /><Point X="361" Y="454" T="0" /><Point X="361" Y="457" T="0" /><Point X="359" Y="464" T="0" /><Point X="359" Y="466" T="0" /><Point X="357" Y="470" T="0" /><Point X="357" Y="472" T="0" /><Point X="355" Y="476" T="0" /><Point X="352" Y="483" T="0" /><Point X="351" Y="485" T="0" /><Point X="350" Y="486" T="0" /><Point X="347" Y="491" T="0" /><Point X="345" Y="493" T="0" /><Point X="345" Y="494" T="0" /><Point X="344" Y="494" T="0" /><Point X="342" Y="498" T="0" /><Point X="341" Y="498" T="0" /><Point X="341" Y="499" T="0" /><Point X="338" Y="499" T="0" /><Point X="337" Y="499" T="0" /><Point X="336" Y="499" T="0" /><Point X="335" Y="499" T="0" /><Point X="333" Y="499" T="0" /><Point X="332" Y="499" T="0" /><Point X="331" Y="499" T="0" /><Point X="330" Y="499" T="0" /><Point X="326" Y="497" T="0" /><Point X="323" Y="496" T="0" /><Point X="322" Y="495" T="0" /><Point X="320" Y="495" T="0" /><Point X="315" Y="493" T="0" /><Point X="315" Y="492" T="0" /><Point X="314" Y="492" T="0" /><Point X="315" Y="492" T="0" /></Gesture>