<Gesture Name="right-curly-brace" Subject="1" Number="1" NumPts="109" Millseconds="0" AppName="Gestures" AppVer="1.0" Date="Wednesday, March 01, 2023" TimeOfDay="13:07:39" ID="4"><Point X="316" Y="151" T="0" /><Point X="317" Y="150" T="0" /><Point X="318" Y="147" T="0" /><Point X="321" Y="143" T="0" /><Point X="322" Y="141" T="0" /><Point X="323" Y="140" T="0" /><Point X="330" Y="134" T="0" /><Point X="350" Y="130" T="0" /><Point X="373" Y="137" T="0" /><Point X="378" Y="140" T="0" /><Point X="385" Y="148" T="0" /><Point X="385" Y="149" T="0" /><Point X="388" Y="157" T="0" /><Point X="389" Y="162" T="0" /><Point X="389" Y="163" T="0" /><Point X="389" Y="166" T="0" /><Point X="389" Y="175" T="0" /><Point X="388" Y="201" T="0" /><Point X="387" Y="208" T="0" /><Point X="386" Y="212" T="0" /><Point X="385" Y="221" T="0" /><Point X="384" Y="223" T="0" /><Point X="384" Y="228" T="0" /><Point X="383" Y="232" T="0" /><Point X="382" Y="240" T="0" /><Point X="381" Y="245" T="0" /><Point X="381" Y="250" T="0" /><Point X="380" Y="252" T="0" /><Point X="378" Y="263" T="0" /><Point X="378" Y="267" T="0" /><Point X="377" Y="271" T="0" /><Point X="377" Y="273" T="0" /><Point X="375" Y="283" T="0" /><Point X="375" Y="287" T="0" /><Point X="374" Y="290" T="0" /><Point X="372" Y="297" T="0" /><Point X="370" Y="305" T="0" /><Point X="369" Y="307" T="0" /><Point X="368" Y="309" T="0" /><Point X="367" Y="312" T="0" /><Point X="366" Y="315" T="0" /><Point X="364" Y="323" T="0" /><Point X="363" Y="327" T="0" /><Point X="362" Y="330" T="0" /><Point X="361" Y="332" T="0" /><Point X="358" Y="338" T="0" /><Point X="357" Y="341" T="0" /><Point X="356" Y="345" T="0" /><Point X="352" Y="353" T="0" /><Point X="352" Y="355" T="0" /><Point X="350" Y="360" T="0" /><Point X="350" Y="364" T="0" /><Point X="350" Y="365" T="0" /><Point X="350" Y="366" T="0" /><Point X="350" Y="367" T="0" /><Point X="350" Y="370" T="0" /><Point X="350" Y="371" T="0" /><Point X="350" Y="372" T="0" /><Point X="350" Y="373" T="0" /><Point X="353" Y="376" T="0" /><Point X="353" Y="377" T="0" /><Point X="354" Y="377" T="0" /><Point X="355" Y="378" T="0" /><Point X="356" Y="379" T="0" /><Point X="359" Y="380" T="0" /><Point X="360" Y="380" T="0" /><Point X="361" Y="380" T="0" /><Point X="363" Y="380" T="0" /><Point X="365" Y="379" T="0" /><Point X="368" Y="377" T="0" /><Point X="369" Y="376" T="0" /><Point X="370" Y="376" T="0" /><Point X="373" Y="373" T="0" /><Point X="373" Y="372" T="0" /><Point X="374" Y="372" T="0" /><Point X="374" Y="373" T="0" /><Point X="375" Y="373" T="0" /><Point X="375" Y="375" T="0" /><Point X="375" Y="377" T="0" /><Point X="375" Y="380" T="0" /><Point X="375" Y="385" T="0" /><Point X="375" Y="388" T="0" /><Point X="375" Y="391" T="0" /><Point X="375" Y="394" T="0" /><Point X="375" Y="397" T="0" /><Point X="374" Y="405" T="0" /><Point X="373" Y="408" T="0" /><Point X="372" Y="411" T="0" /><Point X="371" Y="414" T="0" /><Point X="370" Y="421" T="0" /><Point X="370" Y="423" T="0" /><Point X="369" Y="426" T="0" /><Point X="368" Y="429" T="0" /><Point X="367" Y="434" T="0" /><Point X="366" Y="436" T="0" /><Point X="366" Y="437" T="0" /><Point X="365" Y="438" T="0" /><Point X="363" Y="444" T="0" /><Point X="362" Y="445" T="0" /><Point X="362" Y="446" T="0" /><Point X="362" Y="447" T="0" /><Point X="359" Y="451" T="0" /><Point X="358" Y="452" T="0" /><Point X="358" Y="453" T="0" /><Point X="356" Y="455" T="0" /><Point X="353" Y="459" T="0" /><Point X="352" Y="460" T="0" /><Point X="351" Y="461" T="0" /><Point X="349" Y="463" T="0" /></Gesture>