<Gesture Name="right-curly-brace" Subject="1" Number="1" NumPts="86" Millseconds="0" AppName="Gestures" AppVer="1.0" Date="Wednesday, March 01, 2023" TimeOfDay="13:12:42" ID="9"><Point X="345" Y="182" T="0" /><Point X="345" Y="183" T="0" /><Point X="342" Y="187" T="0" /><Point X="339" Y="193" T="0" /><Point X="336" Y="197" T="0" /><Point X="327" Y="210" T="0" /><Point X="305" Y="245" T="0" /><Point X="297" Y="258" T="0" /><Point X="287" Y="273" T="0" /><Point X="281" Y="285" T="0" /><Point X="258" Y="326" T="0" /><Point X="248" Y="346" T="0" /><Point X="244" Y="354" T="0" /><Point X="235" Y="371" T="0" /><Point X="232" Y="377" T="0" /><Point X="231" Y="380" T="0" /><Point X="227" Y="386" T="0" /><Point X="223" Y="397" T="0" /><Point X="222" Y="400" T="0" /><Point X="221" Y="404" T="0" /><Point X="220" Y="407" T="0" /><Point X="217" Y="415" T="0" /><Point X="216" Y="420" T="0" /><Point X="214" Y="425" T="0" /><Point X="210" Y="435" T="0" /><Point X="208" Y="439" T="0" /><Point X="207" Y="443" T="0" /><Point X="205" Y="446" T="0" /><Point X="204" Y="449" T="0" /><Point X="202" Y="456" T="0" /><Point X="201" Y="458" T="0" /><Point X="201" Y="460" T="0" /><Point X="200" Y="462" T="0" /><Point X="198" Y="467" T="0" /><Point X="198" Y="468" T="0" /><Point X="197" Y="469" T="0" /><Point X="197" Y="470" T="0" /><Point X="197" Y="471" T="0" /><Point X="198" Y="471" T="0" /><Point X="200" Y="471" T="0" /><Point X="201" Y="471" T="0" /><Point X="204" Y="472" T="0" /><Point X="211" Y="472" T="0" /><Point X="219" Y="472" T="0" /><Point X="276" Y="472" T="0" /><Point X="304" Y="471" T="0" /><Point X="326" Y="471" T="0" /><Point X="361" Y="471" T="0" /><Point X="381" Y="473" T="0" /><Point X="428" Y="478" T="0" /><Point X="442" Y="480" T="0" /><Point X="451" Y="482" T="0" /><Point X="460" Y="482" T="0" /><Point X="473" Y="482" T="0" /><Point X="475" Y="481" T="0" /><Point X="477" Y="480" T="0" /><Point X="479" Y="479" T="0" /><Point X="480" Y="479" T="0" /><Point X="480" Y="478" T="0" /><Point X="481" Y="478" T="0" /><Point X="483" Y="478" T="0" /><Point X="486" Y="476" T="0" /><Point X="486" Y="475" T="0" /><Point X="486" Y="474" T="0" /><Point X="485" Y="472" T="0" /><Point X="484" Y="472" T="0" /><Point X="479" Y="462" T="0" /><Point X="477" Y="459" T="0" /><Point X="474" Y="452" T="0" /><Point X="470" Y="446" T="0" /><Point X="466" Y="438" T="0" /><Point X="452" Y="414" T="0" /><Point X="445" Y="401" T="0" /><Point X="438" Y="389" T="0" /><Point X="430" Y="372" T="0" /><Point X="406" Y="323" T="0" /><Point X="398" Y="304" T="0" /><Point X="392" Y="289" T="0" /><Point X="387" Y="280" T="0" /><Point X="369" Y="244" T="0" /><Point X="366" Y="237" T="0" /><Point X="362" Y="228" T="0" /><Point X="360" Y="222" T="0" /><Point X="357" Y="214" T="0" /><Point X="357" Y="213" T="0" /><Point X="357" Y="212" T="0" /></Gesture>