<Gesture Name="right-curly-brace" Subject="1" Number="1" NumPts="128" Millseconds="0" AppName="Gestures" AppVer="1.0" Date="Wednesday, March 01, 2023" TimeOfDay="13:04:17" ID="1"><Point X="305" Y="119" T="0" /><Point X="306" Y="119" T="0" /><Point X="306" Y="118" T="0" /><Point X="306" Y="117" T="0" /><Point X="307" Y="117" T="0" /><Point X="307" Y="116" T="0" /><Point X="309" Y="116" T="0" /><Point X="314" Y="113" T="0" /><Point X="317" Y="112" T="0" /><Point X="318" Y="111" T="0" /><Point X="319" Y="111" T="0" /><Point X="323" Y="111" T="0" /><Point X="325" Y="111" T="0" /><Point X="327" Y="111" T="0" /><Point X="329" Y="112" T="0" /><Point X="334" Y="116" T="0" /><Point X="335" Y="117" T="0" /><Point X="336" Y="118" T="0" /><Point X="337" Y="119" T="0" /><Point X="338" Y="121" T="0" /><Point X="341" Y="126" T="0" /><Point X="342" Y="129" T="0" /><Point X="343" Y="132" T="0" /><Point X="346" Y="137" T="0" /><Point X="348" Y="145" T="0" /><Point X="349" Y="151" T="0" /><Point X="351" Y="167" T="0" /><Point X="351" Y="170" T="0" /><Point X="352" Y="174" T="0" /><Point X="352" Y="181" T="0" /><Point X="352" Y="191" T="0" /><Point X="352" Y="198" T="0" /><Point X="352" Y="202" T="0" /><Point X="352" Y="207" T="0" /><Point X="352" Y="215" T="0" /><Point X="352" Y="219" T="0" /><Point X="352" Y="225" T="0" /><Point X="352" Y="230" T="0" /><Point X="352" Y="239" T="0" /><Point X="352" Y="242" T="0" /><Point X="352" Y="244" T="0" /><Point X="352" Y="248" T="0" /><Point X="352" Y="256" T="0" /><Point X="352" Y="262" T="0" /><Point X="351" Y="265" T="0" /><Point X="351" Y="267" T="0" /><Point X="351" Y="273" T="0" /><Point X="350" Y="278" T="0" /><Point X="349" Y="283" T="0" /><Point X="349" Y="286" T="0" /><Point X="349" Y="288" T="0" /><Point X="349" Y="296" T="0" /><Point X="350" Y="300" T="0" /><Point X="350" Y="303" T="0" /><Point X="351" Y="306" T="0" /><Point X="352" Y="316" T="0" /><Point X="352" Y="319" T="0" /><Point X="353" Y="323" T="0" /><Point X="354" Y="326" T="0" /><Point X="356" Y="333" T="0" /><Point X="358" Y="334" T="0" /><Point X="360" Y="335" T="0" /><Point X="362" Y="336" T="0" /><Point X="366" Y="338" T="0" /><Point X="369" Y="338" T="0" /><Point X="370" Y="338" T="0" /><Point X="374" Y="336" T="0" /><Point X="378" Y="334" T="0" /><Point X="380" Y="333" T="0" /><Point X="382" Y="331" T="0" /><Point X="383" Y="331" T="0" /><Point X="386" Y="327" T="0" /><Point X="388" Y="325" T="0" /><Point X="388" Y="324" T="0" /><Point X="389" Y="323" T="0" /><Point X="389" Y="322" T="0" /><Point X="391" Y="319" T="0" /><Point X="392" Y="318" T="0" /><Point X="392" Y="317" T="0" /><Point X="392" Y="318" T="0" /><Point X="392" Y="320" T="0" /><Point X="393" Y="320" T="0" /><Point X="393" Y="323" T="0" /><Point X="393" Y="326" T="0" /><Point X="392" Y="330" T="0" /><Point X="391" Y="338" T="0" /><Point X="391" Y="342" T="0" /><Point X="390" Y="346" T="0" /><Point X="390" Y="348" T="0" /><Point X="389" Y="359" T="0" /><Point X="387" Y="363" T="0" /><Point X="387" Y="366" T="0" /><Point X="386" Y="373" T="0" /><Point X="384" Y="382" T="0" /><Point X="383" Y="386" T="0" /><Point X="382" Y="390" T="0" /><Point X="381" Y="393" T="0" /><Point X="380" Y="398" T="0" /><Point X="379" Y="406" T="0" /><Point X="378" Y="410" T="0" /><Point X="378" Y="413" T="0" /><Point X="378" Y="417" T="0" /><Point X="376" Y="424" T="0" /><Point X="375" Y="427" T="0" /><Point X="374" Y="431" T="0" /><Point X="374" Y="435" T="0" /><Point X="371" Y="446" T="0" /><Point X="371" Y="448" T="0" /><Point X="369" Y="456" T="0" /><Point X="368" Y="459" T="0" /><Point X="365" Y="473" T="0" /><Point X="364" Y="476" T="0" /><Point X="360" Y="486" T="0" /><Point X="358" Y="488" T="0" /><Point X="357" Y="490" T="0" /><Point X="356" Y="492" T="0" /><Point X="354" Y="493" T="0" /><Point X="354" Y="494" T="0" /><Point X="353" Y="494" T="0" /><Point X="353" Y="495" T="0" /><Point X="352" Y="495" T="0" /><Point X="351" Y="495" T="0" /><Point X="350" Y="495" T="0" /><Point X="348" Y="495" T="0" /><Point X="347" Y="495" T="0" /><Point X="346" Y="494" T="0" /><Point X="345" Y="494" T="0" /><Point X="343" Y="493" T="0" /></Gesture>