<Gesture Name="right-square-bracket" Subject="1" Number="1" NumPts="97" Millseconds="0" AppName="Gestures" AppVer="1.0" Date="Wednesday, March 01, 2023" TimeOfDay="13:08:22" ID="5"><Point X="299" Y="136" T="0" /><Point X="299" Y="135" T="0" /><Point X="303" Y="135" T="0" /><Point X="306" Y="134" T="0" /><Point X="310" Y="133" T="0" /><Point X="323" Y="131" T="0" /><Point X="337" Y="130" T="0" /><Point X="341" Y="130" T="0" /><Point X="352" Y="130" T="0" /><Point X="365" Y="130" T="0" /><Point X="372" Y="130" T="0" /><Point X="378" Y="130" T="0" /><Point X="387" Y="131" T="0" /><Point X="395" Y="132" T="0" /><Point X="411" Y="132" T="0" /><Point X="418" Y="132" T="0" /><Point X="426" Y="132" T="0" /><Point X="430" Y="132" T="0" /><Point X="441" Y="130" T="0" /><Point X="442" Y="130" T="0" /><Point X="443" Y="130" T="0" /><Point X="444" Y="131" T="0" /><Point X="444" Y="132" T="0" /><Point X="444" Y="133" T="0" /><Point X="444" Y="135" T="0" /><Point X="444" Y="138" T="0" /><Point X="444" Y="142" T="0" /><Point X="443" Y="154" T="0" /><Point X="443" Y="159" T="0" /><Point X="442" Y="166" T="0" /><Point X="442" Y="174" T="0" /><Point X="442" Y="184" T="0" /><Point X="442" Y="203" T="0" /><Point X="442" Y="212" T="0" /><Point X="442" Y="222" T="0" /><Point X="442" Y="233" T="0" /><Point X="442" Y="249" T="0" /><Point X="442" Y="257" T="0" /><Point X="442" Y="265" T="0" /><Point X="443" Y="272" T="0" /><Point X="443" Y="285" T="0" /><Point X="443" Y="298" T="0" /><Point X="443" Y="302" T="0" /><Point X="443" Y="311" T="0" /><Point X="443" Y="329" T="0" /><Point X="443" Y="335" T="0" /><Point X="443" Y="341" T="0" /><Point X="444" Y="349" T="0" /><Point X="445" Y="367" T="0" /><Point X="445" Y="375" T="0" /><Point X="445" Y="380" T="0" /><Point X="445" Y="387" T="0" /><Point X="446" Y="401" T="0" /><Point X="446" Y="407" T="0" /><Point X="446" Y="413" T="0" /><Point X="447" Y="419" T="0" /><Point X="447" Y="422" T="0" /><Point X="447" Y="430" T="0" /><Point X="447" Y="434" T="0" /><Point X="447" Y="437" T="0" /><Point X="447" Y="439" T="0" /><Point X="447" Y="440" T="0" /><Point X="447" Y="441" T="0" /><Point X="446" Y="441" T="0" /><Point X="446" Y="442" T="0" /><Point X="445" Y="442" T="0" /><Point X="445" Y="443" T="0" /><Point X="442" Y="446" T="0" /><Point X="440" Y="446" T="0" /><Point X="439" Y="447" T="0" /><Point X="437" Y="448" T="0" /><Point X="433" Y="449" T="0" /><Point X="423" Y="450" T="0" /><Point X="416" Y="450" T="0" /><Point X="407" Y="451" T="0" /><Point X="400" Y="451" T="0" /><Point X="383" Y="453" T="0" /><Point X="380" Y="454" T="0" /><Point X="373" Y="454" T="0" /><Point X="370" Y="455" T="0" /><Point X="361" Y="456" T="0" /><Point X="359" Y="456" T="0" /><Point X="357" Y="456" T="0" /><Point X="356" Y="456" T="0" /><Point X="350" Y="456" T="0" /><Point X="348" Y="456" T="0" /><Point X="345" Y="456" T="0" /><Point X="341" Y="456" T="0" /><Point X="331" Y="457" T="0" /><Point X="328" Y="457" T="0" /><Point X="324" Y="458" T="0" /><Point X="321" Y="458" T="0" /><Point X="317" Y="458" T="0" /><Point X="316" Y="458" T="0" /><Point X="315" Y="458" T="0" /><Point X="315" Y="459" T="0" /><Point X="314" Y="459" T="0" /></Gesture>