<Gesture Name="right-square-bracket" Subject="1" Number="1" NumPts="102" Millseconds="0" AppName="Gestures" AppVer="1.0" Date="Wednesday, March 01, 2023" TimeOfDay="13:04:03" ID="1"><Point X="277" Y="144" T="0" /><Point X="279" Y="144" T="0" /><Point X="284" Y="145" T="0" /><Point X="293" Y="145" T="0" /><Point X="301" Y="145" T="0" /><Point X="314" Y="146" T="0" /><Point X="327" Y="146" T="0" /><Point X="345" Y="147" T="0" /><Point X="390" Y="149" T="0" /><Point X="411" Y="151" T="0" /><Point X="424" Y="151" T="0" /><Point X="441" Y="151" T="0" /><Point X="467" Y="151" T="0" /><Point X="476" Y="151" T="0" /><Point X="482" Y="151" T="0" /><Point X="484" Y="151" T="0" /><Point X="484" Y="152" T="0" /><Point X="484" Y="153" T="0" /><Point X="484" Y="156" T="0" /><Point X="485" Y="159" T="0" /><Point X="486" Y="163" T="0" /><Point X="486" Y="166" T="0" /><Point X="487" Y="173" T="0" /><Point X="489" Y="187" T="0" /><Point X="490" Y="193" T="0" /><Point X="490" Y="202" T="0" /><Point X="491" Y="210" T="0" /><Point X="492" Y="228" T="0" /><Point X="492" Y="238" T="0" /><Point X="492" Y="246" T="0" /><Point X="493" Y="255" T="0" /><Point X="496" Y="286" T="0" /><Point X="496" Y="295" T="0" /><Point X="497" Y="303" T="0" /><Point X="497" Y="311" T="0" /><Point X="498" Y="333" T="0" /><Point X="498" Y="336" T="0" /><Point X="498" Y="345" T="0" /><Point X="498" Y="352" T="0" /><Point X="498" Y="357" T="0" /><Point X="496" Y="368" T="0" /><Point X="496" Y="370" T="0" /><Point X="495" Y="376" T="0" /><Point X="495" Y="379" T="0" /><Point X="494" Y="387" T="0" /><Point X="494" Y="391" T="0" /><Point X="493" Y="394" T="0" /><Point X="493" Y="398" T="0" /><Point X="493" Y="407" T="0" /><Point X="493" Y="410" T="0" /><Point X="493" Y="412" T="0" /><Point X="493" Y="415" T="0" /><Point X="493" Y="420" T="0" /><Point X="493" Y="422" T="0" /><Point X="493" Y="425" T="0" /><Point X="493" Y="427" T="0" /><Point X="493" Y="433" T="0" /><Point X="493" Y="435" T="0" /><Point X="493" Y="437" T="0" /><Point X="493" Y="438" T="0" /><Point X="493" Y="444" T="0" /><Point X="493" Y="446" T="0" /><Point X="494" Y="448" T="0" /><Point X="494" Y="449" T="0" /><Point X="495" Y="455" T="0" /><Point X="495" Y="456" T="0" /><Point X="495" Y="458" T="0" /><Point X="495" Y="460" T="0" /><Point X="496" Y="462" T="0" /><Point X="497" Y="468" T="0" /><Point X="498" Y="470" T="0" /><Point X="498" Y="471" T="0" /><Point X="498" Y="473" T="0" /><Point X="499" Y="475" T="0" /><Point X="499" Y="476" T="0" /><Point X="498" Y="476" T="0" /><Point X="497" Y="476" T="0" /><Point X="497" Y="477" T="0" /><Point X="492" Y="478" T="0" /><Point X="479" Y="481" T="0" /><Point X="472" Y="483" T="0" /><Point X="456" Y="486" T="0" /><Point X="419" Y="489" T="0" /><Point X="410" Y="490" T="0" /><Point X="389" Y="490" T="0" /><Point X="372" Y="490" T="0" /><Point X="367" Y="490" T="0" /><Point X="364" Y="490" T="0" /><Point X="360" Y="491" T="0" /><Point X="358" Y="491" T="0" /><Point X="356" Y="492" T="0" /><Point X="354" Y="492" T="0" /><Point X="346" Y="492" T="0" /><Point X="342" Y="493" T="0" /><Point X="338" Y="493" T="0" /><Point X="333" Y="493" T="0" /><Point X="323" Y="494" T="0" /><Point X="320" Y="494" T="0" /><Point X="317" Y="494" T="0" /><Point X="314" Y="494" T="0" /><Point X="313" Y="494" T="0" /><Point X="312" Y="494" T="0" /></Gesture>