<Gesture Name="star" Subject="1" Number="1" NumPts="132" Millseconds="0" AppName="Gestures" AppVer="1.0" Date="Wednesday, March 01, 2023" TimeOfDay="13:06:45" ID="3"><Point X="288" Y="374" T="0" /><Point X="290" Y="369" T="0" /><Point X="291" Y="363" T="0" /><Point X="295" Y="354" T="0" /><Point X="297" Y="347" T="0" /><Point X="316" Y="300" T="0" /><Point X="321" Y="288" T="0" /><Point X="327" Y="275" T="0" /><Point X="331" Y="262" T="0" /><Point X="344" Y="230" T="0" /><Point X="350" Y="217" T="0" /><Point X="353" Y="209" T="0" /><Point X="359" Y="197" T="0" /><Point X="362" Y="191" T="0" /><Point X="376" Y="166" T="0" /><Point X="379" Y="160" T="0" /><Point X="381" Y="157" T="0" /><Point X="384" Y="151" T="0" /><Point X="388" Y="145" T="0" /><Point X="389" Y="144" T="0" /><Point X="389" Y="145" T="0" /><Point X="389" Y="147" T="0" /><Point X="390" Y="153" T="0" /><Point X="393" Y="164" T="0" /><Point X="395" Y="171" T="0" /><Point X="397" Y="178" T="0" /><Point X="399" Y="186" T="0" /><Point X="401" Y="194" T="0" /><Point X="408" Y="218" T="0" /><Point X="410" Y="225" T="0" /><Point X="413" Y="236" T="0" /><Point X="415" Y="245" T="0" /><Point X="416" Y="250" T="0" /><Point X="421" Y="267" T="0" /><Point X="422" Y="273" T="0" /><Point X="424" Y="278" T="0" /><Point X="426" Y="285" T="0" /><Point X="430" Y="296" T="0" /><Point X="431" Y="300" T="0" /><Point X="432" Y="302" T="0" /><Point X="433" Y="304" T="0" /><Point X="436" Y="310" T="0" /><Point X="436" Y="312" T="0" /><Point X="436" Y="313" T="0" /><Point X="437" Y="313" T="0" /><Point X="437" Y="316" T="0" /><Point X="437" Y="317" T="0" /><Point X="438" Y="317" T="0" /><Point X="438" Y="318" T="0" /><Point X="439" Y="322" T="0" /><Point X="439" Y="323" T="0" /><Point X="439" Y="324" T="0" /><Point X="439" Y="325" T="0" /><Point X="440" Y="326" T="0" /><Point X="440" Y="327" T="0" /><Point X="441" Y="328" T="0" /><Point X="441" Y="329" T="0" /><Point X="441" Y="330" T="0" /><Point X="440" Y="329" T="0" /><Point X="439" Y="329" T="0" /><Point X="437" Y="327" T="0" /><Point X="435" Y="325" T="0" /><Point X="432" Y="321" T="0" /><Point X="428" Y="318" T="0" /><Point X="418" Y="305" T="0" /><Point X="411" Y="299" T="0" /><Point X="405" Y="293" T="0" /><Point X="395" Y="284" T="0" /><Point X="374" Y="266" T="0" /><Point X="364" Y="258" T="0" /><Point X="357" Y="253" T="0" /><Point X="343" Y="244" T="0" /><Point X="318" Y="228" T="0" /><Point X="311" Y="224" T="0" /><Point X="302" Y="218" T="0" /><Point X="295" Y="214" T="0" /><Point X="286" Y="207" T="0" /><Point X="281" Y="203" T="0" /><Point X="278" Y="200" T="0" /><Point X="275" Y="198" T="0" /><Point X="273" Y="196" T="0" /><Point X="266" Y="190" T="0" /><Point X="263" Y="188" T="0" /><Point X="261" Y="187" T="0" /><Point X="260" Y="185" T="0" /><Point X="257" Y="183" T="0" /><Point X="255" Y="181" T="0" /><Point X="254" Y="179" T="0" /><Point X="253" Y="177" T="0" /><Point X="255" Y="177" T="0" /><Point X="257" Y="178" T="0" /><Point X="258" Y="178" T="0" /><Point X="265" Y="179" T="0" /><Point X="286" Y="180" T="0" /><Point X="301" Y="182" T="0" /><Point X="328" Y="184" T="0" /><Point X="375" Y="187" T="0" /><Point X="466" Y="191" T="0" /><Point X="509" Y="193" T="0" /><Point X="526" Y="194" T="0" /><Point X="559" Y="197" T="0" /><Point X="565" Y="198" T="0" /><Point X="569" Y="198" T="0" /><Point X="571" Y="198" T="0" /><Point X="571" Y="199" T="0" /><Point X="569" Y="200" T="0" /><Point X="566" Y="202" T="0" /><Point X="564" Y="204" T="0" /><Point X="556" Y="208" T="0" /><Point X="550" Y="212" T="0" /><Point X="545" Y="216" T="0" /><Point X="536" Y="223" T="0" /><Point X="511" Y="243" T="0" /><Point X="504" Y="249" T="0" /><Point X="487" Y="260" T="0" /><Point X="459" Y="275" T="0" /><Point X="452" Y="279" T="0" /><Point X="445" Y="283" T="0" /><Point X="434" Y="289" T="0" /><Point X="419" Y="297" T="0" /><Point X="408" Y="303" T="0" /><Point X="399" Y="307" T="0" /><Point X="392" Y="310" T="0" /><Point X="381" Y="315" T="0" /><Point X="377" Y="318" T="0" /><Point X="372" Y="321" T="0" /><Point X="365" Y="324" T="0" /><Point X="364" Y="325" T="0" /><Point X="363" Y="325" T="0" /><Point X="363" Y="326" T="0" /><Point X="362" Y="326" T="0" /><Point X="362" Y="327" T="0" /></Gesture>