<Gesture Name="star" Subject="1" Number="1" NumPts="191" Millseconds="0" AppName="Gestures" AppVer="1.0" Date="Wednesday, March 01, 2023" TimeOfDay="13:05:33" ID="2"><Point X="232" Y="379" T="0" /><Point X="233" Y="378" T="0" /><Point X="236" Y="372" T="0" /><Point X="237" Y="369" T="0" /><Point X="242" Y="357" T="0" /><Point X="247" Y="348" T="0" /><Point X="251" Y="337" T="0" /><Point X="255" Y="329" T="0" /><Point X="261" Y="317" T="0" /><Point X="281" Y="280" T="0" /><Point X="287" Y="268" T="0" /><Point X="293" Y="256" T="0" /><Point X="299" Y="243" T="0" /><Point X="319" Y="201" T="0" /><Point X="325" Y="188" T="0" /><Point X="329" Y="178" T="0" /><Point X="333" Y="168" T="0" /><Point X="344" Y="146" T="0" /><Point X="347" Y="140" T="0" /><Point X="350" Y="135" T="0" /><Point X="353" Y="130" T="0" /><Point X="357" Y="123" T="0" /><Point X="359" Y="121" T="0" /><Point X="360" Y="119" T="0" /><Point X="361" Y="118" T="0" /><Point X="361" Y="117" T="0" /><Point X="363" Y="114" T="0" /><Point X="364" Y="113" T="0" /><Point X="365" Y="112" T="0" /><Point X="365" Y="111" T="0" /><Point X="368" Y="105" T="0" /><Point X="368" Y="104" T="0" /><Point X="369" Y="103" T="0" /><Point X="370" Y="105" T="0" /><Point X="371" Y="107" T="0" /><Point X="371" Y="113" T="0" /><Point X="372" Y="117" T="0" /><Point X="373" Y="121" T="0" /><Point X="379" Y="139" T="0" /><Point X="382" Y="146" T="0" /><Point X="384" Y="154" T="0" /><Point X="386" Y="160" T="0" /><Point X="390" Y="171" T="0" /><Point X="396" Y="191" T="0" /><Point X="399" Y="199" T="0" /><Point X="403" Y="211" T="0" /><Point X="406" Y="220" T="0" /><Point X="411" Y="237" T="0" /><Point X="411" Y="242" T="0" /><Point X="414" Y="249" T="0" /><Point X="416" Y="257" T="0" /><Point X="419" Y="267" T="0" /><Point X="421" Y="272" T="0" /><Point X="423" Y="279" T="0" /><Point X="424" Y="283" T="0" /><Point X="426" Y="290" T="0" /><Point X="426" Y="293" T="0" /><Point X="427" Y="297" T="0" /><Point X="429" Y="302" T="0" /><Point X="431" Y="309" T="0" /><Point X="433" Y="313" T="0" /><Point X="435" Y="318" T="0" /><Point X="435" Y="320" T="0" /><Point X="437" Y="327" T="0" /><Point X="438" Y="328" T="0" /><Point X="439" Y="331" T="0" /><Point X="440" Y="333" T="0" /><Point X="442" Y="339" T="0" /><Point X="443" Y="342" T="0" /><Point X="444" Y="343" T="0" /><Point X="445" Y="345" T="0" /><Point X="445" Y="347" T="0" /><Point X="447" Y="350" T="0" /><Point X="448" Y="353" T="0" /><Point X="448" Y="354" T="0" /><Point X="449" Y="355" T="0" /><Point X="450" Y="358" T="0" /><Point X="450" Y="359" T="0" /><Point X="450" Y="360" T="0" /><Point X="449" Y="360" T="0" /><Point X="449" Y="359" T="0" /><Point X="447" Y="358" T="0" /><Point X="446" Y="357" T="0" /><Point X="444" Y="355" T="0" /><Point X="438" Y="345" T="0" /><Point X="434" Y="340" T="0" /><Point X="428" Y="332" T="0" /><Point X="420" Y="323" T="0" /><Point X="405" Y="308" T="0" /><Point X="396" Y="297" T="0" /><Point X="387" Y="287" T="0" /><Point X="382" Y="281" T="0" /><Point X="374" Y="273" T="0" /><Point X="356" Y="254" T="0" /><Point X="350" Y="248" T="0" /><Point X="346" Y="244" T="0" /><Point X="343" Y="240" T="0" /><Point X="334" Y="231" T="0" /><Point X="330" Y="228" T="0" /><Point X="327" Y="225" T="0" /><Point X="325" Y="223" T="0" /><Point X="316" Y="218" T="0" /><Point X="312" Y="215" T="0" /><Point X="310" Y="213" T="0" /><Point X="305" Y="210" T="0" /><Point X="295" Y="203" T="0" /><Point X="289" Y="198" T="0" /><Point X="283" Y="194" T="0" /><Point X="277" Y="189" T="0" /><Point X="252" Y="174" T="0" /><Point X="241" Y="168" T="0" /><Point X="236" Y="165" T="0" /><Point X="227" Y="160" T="0" /><Point X="214" Y="152" T="0" /><Point X="209" Y="148" T="0" /><Point X="207" Y="147" T="0" /><Point X="206" Y="146" T="0" /><Point X="207" Y="146" T="0" /><Point X="210" Y="146" T="0" /><Point X="221" Y="146" T="0" /><Point X="227" Y="145" T="0" /><Point X="235" Y="144" T="0" /><Point X="248" Y="143" T="0" /><Point X="272" Y="140" T="0" /><Point X="286" Y="139" T="0" /><Point X="299" Y="138" T="0" /><Point X="311" Y="137" T="0" /><Point X="358" Y="132" T="0" /><Point X="371" Y="132" T="0" /><Point X="385" Y="132" T="0" /><Point X="398" Y="132" T="0" /><Point X="431" Y="132" T="0" /><Point X="441" Y="132" T="0" /><Point X="449" Y="133" T="0" /><Point X="455" Y="134" T="0" /><Point X="459" Y="135" T="0" /><Point X="476" Y="137" T="0" /><Point X="483" Y="137" T="0" /><Point X="489" Y="138" T="0" /><Point X="495" Y="138" T="0" /><Point X="505" Y="138" T="0" /><Point X="508" Y="138" T="0" /><Point X="511" Y="138" T="0" /><Point X="515" Y="138" T="0" /><Point X="526" Y="138" T="0" /><Point X="528" Y="138" T="0" /><Point X="531" Y="138" T="0" /><Point X="532" Y="138" T="0" /><Point X="533" Y="137" T="0" /><Point X="532" Y="138" T="0" /><Point X="531" Y="138" T="0" /><Point X="527" Y="142" T="0" /><Point X="522" Y="146" T="0" /><Point X="518" Y="150" T="0" /><Point X="515" Y="153" T="0" /><Point X="502" Y="165" T="0" /><Point X="496" Y="172" T="0" /><Point X="489" Y="178" T="0" /><Point X="481" Y="186" T="0" /><Point X="468" Y="198" T="0" /><Point X="464" Y="201" T="0" /><Point X="457" Y="209" T="0" /><Point X="453" Y="212" T="0" /><Point X="445" Y="220" T="0" /><Point X="441" Y="225" T="0" /><Point X="437" Y="227" T="0" /><Point X="433" Y="232" T="0" /><Point X="424" Y="240" T="0" /><Point X="418" Y="245" T="0" /><Point X="415" Y="248" T="0" /><Point X="409" Y="252" T="0" /><Point X="397" Y="262" T="0" /><Point X="393" Y="266" T="0" /><Point X="389" Y="269" T="0" /><Point X="383" Y="274" T="0" /><Point X="381" Y="276" T="0" /><Point X="369" Y="286" T="0" /><Point X="365" Y="289" T="0" /><Point X="361" Y="292" T="0" /><Point X="355" Y="295" T="0" /><Point X="345" Y="302" T="0" /><Point X="341" Y="304" T="0" /><Point X="338" Y="306" T="0" /><Point X="333" Y="309" T="0" /><Point X="323" Y="315" T="0" /><Point X="319" Y="317" T="0" /><Point X="316" Y="319" T="0" /><Point X="313" Y="321" T="0" /><Point X="309" Y="325" T="0" /><Point X="308" Y="325" T="0" /><Point X="309" Y="325" T="0" /></Gesture>