<Gesture Name="star" Subject="1" Number="1" NumPts="103" Millseconds="0" AppName="Gestures" AppVer="1.0" Date="Wednesday, March 01, 2023" TimeOfDay="13:08:40" ID="5"><Point X="255" Y="394" T="0" /><Point X="258" Y="387" T="0" /><Point X="261" Y="381" T="0" /><Point X="268" Y="368" T="0" /><Point X="280" Y="345" T="0" /><Point X="289" Y="331" T="0" /><Point X="332" Y="262" T="0" /><Point X="342" Y="246" T="0" /><Point X="349" Y="236" T="0" /><Point X="379" Y="184" T="0" /><Point X="384" Y="175" T="0" /><Point X="392" Y="160" T="0" /><Point X="396" Y="153" T="0" /><Point X="406" Y="132" T="0" /><Point X="411" Y="123" T="0" /><Point X="412" Y="121" T="0" /><Point X="414" Y="117" T="0" /><Point X="415" Y="117" T="0" /><Point X="415" Y="116" T="0" /><Point X="415" Y="115" T="0" /><Point X="416" Y="115" T="0" /><Point X="416" Y="117" T="0" /><Point X="417" Y="121" T="0" /><Point X="418" Y="127" T="0" /><Point X="419" Y="134" T="0" /><Point X="421" Y="140" T="0" /><Point X="430" Y="185" T="0" /><Point X="434" Y="200" T="0" /><Point X="440" Y="221" T="0" /><Point X="450" Y="259" T="0" /><Point X="453" Y="267" T="0" /><Point X="455" Y="280" T="0" /><Point X="459" Y="296" T="0" /><Point X="461" Y="301" T="0" /><Point X="463" Y="308" T="0" /><Point X="465" Y="315" T="0" /><Point X="468" Y="323" T="0" /><Point X="470" Y="328" T="0" /><Point X="470" Y="330" T="0" /><Point X="473" Y="336" T="0" /><Point X="473" Y="337" T="0" /><Point X="474" Y="339" T="0" /><Point X="474" Y="343" T="0" /><Point X="475" Y="345" T="0" /><Point X="475" Y="347" T="0" /><Point X="475" Y="348" T="0" /><Point X="476" Y="349" T="0" /><Point X="475" Y="349" T="0" /><Point X="474" Y="349" T="0" /><Point X="473" Y="349" T="0" /><Point X="472" Y="348" T="0" /><Point X="462" Y="340" T="0" /><Point X="449" Y="330" T="0" /><Point X="438" Y="321" T="0" /><Point X="390" Y="278" T="0" /><Point X="363" Y="252" T="0" /><Point X="322" Y="212" T="0" /><Point X="305" Y="196" T="0" /><Point X="286" Y="177" T="0" /><Point X="283" Y="174" T="0" /><Point X="281" Y="172" T="0" /><Point X="280" Y="172" T="0" /><Point X="281" Y="172" T="0" /><Point X="282" Y="172" T="0" /><Point X="284" Y="172" T="0" /><Point X="289" Y="173" T="0" /><Point X="293" Y="173" T="0" /><Point X="309" Y="173" T="0" /><Point X="327" Y="173" T="0" /><Point X="400" Y="171" T="0" /><Point X="428" Y="171" T="0" /><Point X="468" Y="170" T="0" /><Point X="495" Y="170" T="0" /><Point X="582" Y="169" T="0" /><Point X="603" Y="169" T="0" /><Point X="616" Y="169" T="0" /><Point X="630" Y="169" T="0" /><Point X="646" Y="170" T="0" /><Point X="648" Y="170" T="0" /><Point X="646" Y="172" T="0" /><Point X="643" Y="174" T="0" /><Point X="639" Y="177" T="0" /><Point X="630" Y="183" T="0" /><Point X="623" Y="187" T="0" /><Point X="611" Y="194" T="0" /><Point X="555" Y="231" T="0" /><Point X="544" Y="238" T="0" /><Point X="484" Y="276" T="0" /><Point X="457" Y="292" T="0" /><Point X="443" Y="299" T="0" /><Point X="409" Y="321" T="0" /><Point X="394" Y="331" T="0" /><Point X="390" Y="334" T="0" /><Point X="381" Y="341" T="0" /><Point X="376" Y="344" T="0" /><Point X="372" Y="347" T="0" /><Point X="368" Y="350" T="0" /><Point X="361" Y="353" T="0" /><Point X="360" Y="354" T="0" /><Point X="359" Y="354" T="0" /><Point X="359" Y="355" T="0" /><Point X="358" Y="355" T="0" /><Point X="359" Y="355" T="0" /></Gesture>