<Gesture Name="star" Subject="1" Number="1" NumPts="58" Millseconds="0" AppName="Gestures" AppVer="1.0" Date="Wednesday, March 01, 2023" TimeOfDay="13:13:45" ID="10"><Point X="282" Y="195" T="0" /><Point X="285" Y="199" T="0" /><Point X="288" Y="201" T="0" /><Point X="292" Y="208" T="0" /><Point X="296" Y="213" T="0" /><Point X="299" Y="217" T="0" /><Point X="317" Y="242" T="0" /><Point X="325" Y="253" T="0" /><Point X="330" Y="260" T="0" /><Point X="342" Y="273" T="0" /><Point X="385" Y="317" T="0" /><Point X="409" Y="337" T="0" /><Point X="436" Y="356" T="0" /><Point X="449" Y="364" T="0" /><Point X="452" Y="367" T="0" /><Point X="458" Y="372" T="0" /><Point X="459" Y="372" T="0" /><Point X="459" Y="373" T="0" /><Point X="459" Y="372" T="0" /><Point X="459" Y="371" T="0" /><Point X="459" Y="368" T="0" /><Point X="459" Y="363" T="0" /><Point X="463" Y="345" T="0" /><Point X="467" Y="322" T="0" /><Point X="468" Y="313" T="0" /><Point X="472" Y="275" T="0" /><Point X="474" Y="264" T="0" /><Point X="474" Y="257" T="0" /><Point X="474" Y="244" T="0" /><Point X="476" Y="217" T="0" /><Point X="476" Y="209" T="0" /><Point X="477" Y="193" T="0" /><Point X="477" Y="192" T="0" /><Point X="477" Y="191" T="0" /><Point X="477" Y="190" T="0" /><Point X="477" Y="189" T="0" /><Point X="476" Y="189" T="0" /><Point X="470" Y="193" T="0" /><Point X="467" Y="196" T="0" /><Point X="463" Y="200" T="0" /><Point X="455" Y="206" T="0" /><Point X="448" Y="211" T="0" /><Point X="415" Y="237" T="0" /><Point X="399" Y="250" T="0" /><Point X="388" Y="261" T="0" /><Point X="366" Y="285" T="0" /><Point X="356" Y="298" T="0" /><Point X="352" Y="303" T="0" /><Point X="342" Y="313" T="0" /><Point X="338" Y="319" T="0" /><Point X="335" Y="322" T="0" /><Point X="329" Y="329" T="0" /><Point X="327" Y="332" T="0" /><Point X="323" Y="335" T="0" /><Point X="317" Y="342" T="0" /><Point X="315" Y="343" T="0" /><Point X="314" Y="344" T="0" /><Point X="313" Y="345" T="0" /></Gesture>