<Gesture Name="star" Subject="1" Number="1" NumPts="72" Millseconds="0" AppName="Gestures" AppVer="1.0" Date="Wednesday, March 01, 2023" TimeOfDay="13:12:46" ID="9"><Point X="248" Y="73" T="0" /><Point X="251" Y="76" T="0" /><Point X="254" Y="78" T="0" /><Point X="264" Y="86" T="0" /><Point X="271" Y="92" T="0" /><Point X="306" Y="119" T="0" /><Point X="315" Y="126" T="0" /><Point X="322" Y="132" T="0" /><Point X="329" Y="139" T="0" /><Point X="349" Y="158" T="0" /><Point X="354" Y="165" T="0" /><Point X="358" Y="171" T="0" /><Point X="365" Y="181" T="0" /><Point X="383" Y="204" T="0" /><Point X="398" Y="222" T="0" /><Point X="407" Y="233" T="0" /><Point X="431" Y="260" T="0" /><Point X="441" Y="274" T="0" /><Point X="450" Y="285" T="0" /><Point X="453" Y="289" T="0" /><Point X="456" Y="293" T="0" /><Point X="457" Y="294" T="0" /><Point X="461" Y="299" T="0" /><Point X="467" Y="307" T="0" /><Point X="470" Y="311" T="0" /><Point X="473" Y="314" T="0" /><Point X="480" Y="319" T="0" /><Point X="481" Y="320" T="0" /><Point X="482" Y="320" T="0" /><Point X="482" Y="321" T="0" /><Point X="485" Y="322" T="0" /><Point X="486" Y="323" T="0" /><Point X="487" Y="323" T="0" /><Point X="487" Y="324" T="0" /><Point X="486" Y="324" T="0" /><Point X="485" Y="325" T="0" /><Point X="482" Y="326" T="0" /><Point X="474" Y="329" T="0" /><Point X="468" Y="331" T="0" /><Point X="460" Y="335" T="0" /><Point X="448" Y="339" T="0" /><Point X="435" Y="344" T="0" /><Point X="374" Y="359" T="0" /><Point X="358" Y="361" T="0" /><Point X="344" Y="363" T="0" /><Point X="328" Y="364" T="0" /><Point X="303" Y="367" T="0" /><Point X="299" Y="367" T="0" /><Point X="297" Y="367" T="0" /><Point X="296" Y="367" T="0" /><Point X="297" Y="367" T="0" /><Point X="298" Y="366" T="0" /><Point X="300" Y="362" T="0" /><Point X="303" Y="357" T="0" /><Point X="310" Y="347" T="0" /><Point X="337" Y="301" T="0" /><Point X="347" Y="286" T="0" /><Point X="356" Y="272" T="0" /><Point X="372" Y="249" T="0" /><Point X="410" Y="194" T="0" /><Point X="417" Y="183" T="0" /><Point X="424" Y="170" T="0" /><Point X="432" Y="156" T="0" /><Point X="440" Y="143" T="0" /><Point X="453" Y="117" T="0" /><Point X="458" Y="106" T="0" /><Point X="462" Y="99" T="0" /><Point X="464" Y="95" T="0" /><Point X="468" Y="87" T="0" /><Point X="469" Y="86" T="0" /><Point X="469" Y="85" T="0" /><Point X="470" Y="84" T="0" /></Gesture>