<Gesture Name="star" Subject="1" Number="1" NumPts="183" Millseconds="0" AppName="Gestures" AppVer="1.0" Date="Wednesday, March 01, 2023" TimeOfDay="13:04:25" ID="1"><Point X="230" Y="355" T="0" /><Point X="231" Y="354" T="0" /><Point X="231" Y="353" T="0" /><Point X="233" Y="350" T="0" /><Point X="236" Y="343" T="0" /><Point X="239" Y="335" T="0" /><Point X="249" Y="311" T="0" /><Point X="253" Y="301" T="0" /><Point X="256" Y="294" T="0" /><Point X="261" Y="280" T="0" /><Point X="277" Y="239" T="0" /><Point X="283" Y="229" T="0" /><Point X="291" Y="212" T="0" /><Point X="308" Y="182" T="0" /><Point X="315" Y="170" T="0" /><Point X="320" Y="160" T="0" /><Point X="324" Y="152" T="0" /><Point X="334" Y="130" T="0" /><Point X="337" Y="124" T="0" /><Point X="342" Y="116" T="0" /><Point X="343" Y="113" T="0" /><Point X="349" Y="100" T="0" /><Point X="352" Y="97" T="0" /><Point X="354" Y="92" T="0" /><Point X="356" Y="89" T="0" /><Point X="360" Y="83" T="0" /><Point X="361" Y="81" T="0" /><Point X="362" Y="80" T="0" /><Point X="362" Y="79" T="0" /><Point X="363" Y="78" T="0" /><Point X="364" Y="79" T="0" /><Point X="366" Y="82" T="0" /><Point X="368" Y="86" T="0" /><Point X="370" Y="90" T="0" /><Point X="375" Y="105" T="0" /><Point X="377" Y="114" T="0" /><Point X="382" Y="132" T="0" /><Point X="389" Y="165" T="0" /><Point X="393" Y="184" T="0" /><Point X="399" Y="220" T="0" /><Point X="401" Y="229" T="0" /><Point X="402" Y="238" T="0" /><Point X="403" Y="244" T="0" /><Point X="406" Y="262" T="0" /><Point X="407" Y="268" T="0" /><Point X="409" Y="276" T="0" /><Point X="410" Y="282" T="0" /><Point X="413" Y="292" T="0" /><Point X="413" Y="296" T="0" /><Point X="414" Y="299" T="0" /><Point X="415" Y="302" T="0" /><Point X="415" Y="304" T="0" /><Point X="417" Y="311" T="0" /><Point X="418" Y="314" T="0" /><Point X="419" Y="316" T="0" /><Point X="420" Y="318" T="0" /><Point X="420" Y="319" T="0" /><Point X="420" Y="320" T="0" /><Point X="421" Y="321" T="0" /><Point X="421" Y="322" T="0" /><Point X="421" Y="323" T="0" /><Point X="422" Y="324" T="0" /><Point X="422" Y="326" T="0" /><Point X="422" Y="328" T="0" /><Point X="423" Y="330" T="0" /><Point X="423" Y="331" T="0" /><Point X="424" Y="333" T="0" /><Point X="425" Y="335" T="0" /><Point X="425" Y="336" T="0" /><Point X="425" Y="337" T="0" /><Point X="426" Y="338" T="0" /><Point X="426" Y="339" T="0" /><Point X="426" Y="340" T="0" /><Point X="426" Y="341" T="0" /><Point X="426" Y="342" T="0" /><Point X="426" Y="343" T="0" /><Point X="427" Y="343" T="0" /><Point X="427" Y="344" T="0" /><Point X="426" Y="344" T="0" /><Point X="425" Y="343" T="0" /><Point X="424" Y="343" T="0" /><Point X="423" Y="343" T="0" /><Point X="421" Y="342" T="0" /><Point X="419" Y="341" T="0" /><Point X="418" Y="341" T="0" /><Point X="417" Y="340" T="0" /><Point X="412" Y="336" T="0" /><Point X="410" Y="334" T="0" /><Point X="408" Y="332" T="0" /><Point X="407" Y="330" T="0" /><Point X="401" Y="321" T="0" /><Point X="397" Y="315" T="0" /><Point X="395" Y="312" T="0" /><Point X="392" Y="307" T="0" /><Point X="383" Y="294" T="0" /><Point X="381" Y="292" T="0" /><Point X="377" Y="286" T="0" /><Point X="373" Y="281" T="0" /><Point X="366" Y="273" T="0" /><Point X="363" Y="270" T="0" /><Point X="358" Y="267" T="0" /><Point X="355" Y="263" T="0" /><Point X="350" Y="259" T="0" /><Point X="340" Y="251" T="0" /><Point X="337" Y="249" T="0" /><Point X="331" Y="244" T="0" /><Point X="327" Y="240" T="0" /><Point X="316" Y="231" T="0" /><Point X="310" Y="225" T="0" /><Point X="304" Y="221" T="0" /><Point X="298" Y="216" T="0" /><Point X="288" Y="208" T="0" /><Point X="280" Y="202" T="0" /><Point X="276" Y="200" T="0" /><Point X="272" Y="197" T="0" /><Point X="266" Y="191" T="0" /><Point X="264" Y="189" T="0" /><Point X="262" Y="188" T="0" /><Point X="262" Y="187" T="0" /><Point X="260" Y="186" T="0" /><Point X="260" Y="185" T="0" /><Point X="261" Y="185" T="0" /><Point X="262" Y="185" T="0" /><Point X="264" Y="184" T="0" /><Point X="270" Y="183" T="0" /><Point X="273" Y="182" T="0" /><Point X="282" Y="180" T="0" /><Point X="291" Y="178" T="0" /><Point X="307" Y="174" T="0" /><Point X="320" Y="172" T="0" /><Point X="333" Y="170" T="0" /><Point X="344" Y="169" T="0" /><Point X="403" Y="163" T="0" /><Point X="421" Y="162" T="0" /><Point X="438" Y="161" T="0" /><Point X="451" Y="161" T="0" /><Point X="468" Y="161" T="0" /><Point X="533" Y="161" T="0" /><Point X="548" Y="161" T="0" /><Point X="559" Y="161" T="0" /><Point X="572" Y="161" T="0" /><Point X="596" Y="162" T="0" /><Point X="604" Y="162" T="0" /><Point X="608" Y="162" T="0" /><Point X="610" Y="162" T="0" /><Point X="609" Y="162" T="0" /><Point X="608" Y="162" T="0" /><Point X="604" Y="164" T="0" /><Point X="602" Y="166" T="0" /><Point X="600" Y="167" T="0" /><Point X="593" Y="170" T="0" /><Point X="579" Y="176" T="0" /><Point X="570" Y="179" T="0" /><Point X="563" Y="182" T="0" /><Point X="556" Y="186" T="0" /><Point X="548" Y="189" T="0" /><Point X="528" Y="198" T="0" /><Point X="518" Y="203" T="0" /><Point X="511" Y="206" T="0" /><Point X="500" Y="212" T="0" /><Point X="474" Y="222" T="0" /><Point X="466" Y="226" T="0" /><Point X="455" Y="231" T="0" /><Point X="448" Y="234" T="0" /><Point X="428" Y="244" T="0" /><Point X="422" Y="246" T="0" /><Point X="415" Y="251" T="0" /><Point X="406" Y="254" T="0" /><Point X="394" Y="259" T="0" /><Point X="387" Y="263" T="0" /><Point X="381" Y="266" T="0" /><Point X="375" Y="268" T="0" /><Point X="356" Y="276" T="0" /><Point X="349" Y="280" T="0" /><Point X="345" Y="281" T="0" /><Point X="339" Y="284" T="0" /><Point X="327" Y="290" T="0" /><Point X="324" Y="291" T="0" /><Point X="319" Y="294" T="0" /><Point X="317" Y="295" T="0" /><Point X="315" Y="296" T="0" /><Point X="315" Y="297" T="0" /><Point X="314" Y="297" T="0" /></Gesture>