<Gesture Name="star" Subject="1" Number="1" NumPts="65" Millseconds="0" AppName="Gestures" AppVer="1.0" Date="Wednesday, March 01, 2023" TimeOfDay="13:11:47" ID="8"><Point X="307" Y="219" T="0" /><Point X="308" Y="220" T="0" /><Point X="309" Y="222" T="0" /><Point X="311" Y="226" T="0" /><Point X="314" Y="231" T="0" /><Point X="318" Y="238" T="0" /><Point X="322" Y="245" T="0" /><Point X="328" Y="255" T="0" /><Point X="348" Y="284" T="0" /><Point X="356" Y="294" T="0" /><Point X="365" Y="305" T="0" /><Point X="375" Y="315" T="0" /><Point X="403" Y="343" T="0" /><Point X="414" Y="352" T="0" /><Point X="431" Y="368" T="0" /><Point X="442" Y="378" T="0" /><Point X="447" Y="383" T="0" /><Point X="452" Y="389" T="0" /><Point X="456" Y="393" T="0" /><Point X="463" Y="399" T="0" /><Point X="465" Y="401" T="0" /><Point X="467" Y="402" T="0" /><Point X="467" Y="403" T="0" /><Point X="467" Y="402" T="0" /><Point X="466" Y="402" T="0" /><Point X="466" Y="400" T="0" /><Point X="466" Y="394" T="0" /><Point X="466" Y="390" T="0" /><Point X="467" Y="383" T="0" /><Point X="469" Y="376" T="0" /><Point X="472" Y="352" T="0" /><Point X="473" Y="342" T="0" /><Point X="475" Y="328" T="0" /><Point X="476" Y="315" T="0" /><Point X="479" Y="264" T="0" /><Point X="479" Y="256" T="0" /><Point X="479" Y="242" T="0" /><Point X="479" Y="234" T="0" /><Point X="478" Y="215" T="0" /><Point X="478" Y="210" T="0" /><Point X="477" Y="205" T="0" /><Point X="477" Y="202" T="0" /><Point X="476" Y="198" T="0" /><Point X="475" Y="198" T="0" /><Point X="473" Y="200" T="0" /><Point X="470" Y="202" T="0" /><Point X="466" Y="206" T="0" /><Point X="462" Y="210" T="0" /><Point X="456" Y="216" T="0" /><Point X="439" Y="231" T="0" /><Point X="433" Y="238" T="0" /><Point X="422" Y="247" T="0" /><Point X="414" Y="255" T="0" /><Point X="377" Y="288" T="0" /><Point X="366" Y="299" T="0" /><Point X="355" Y="309" T="0" /><Point X="346" Y="319" T="0" /><Point X="337" Y="328" T="0" /><Point X="307" Y="358" T="0" /><Point X="297" Y="367" T="0" /><Point X="291" Y="374" T="0" /><Point X="285" Y="380" T="0" /><Point X="271" Y="393" T="0" /><Point X="268" Y="396" T="0" /><Point X="268" Y="397" T="0" /></Gesture>