<Gesture Name="star" Subject="1" Number="1" NumPts="55" Millseconds="0" AppName="Gestures" AppVer="1.0" Date="Wednesday, March 01, 2023" TimeOfDay="13:10:51" ID="7"><Point X="272" Y="143" T="0" /><Point X="282" Y="156" T="0" /><Point X="288" Y="165" T="0" /><Point X="306" Y="190" T="0" /><Point X="330" Y="222" T="0" /><Point X="342" Y="237" T="0" /><Point X="353" Y="249" T="0" /><Point X="362" Y="258" T="0" /><Point X="395" Y="293" T="0" /><Point X="401" Y="299" T="0" /><Point X="410" Y="309" T="0" /><Point X="413" Y="312" T="0" /><Point X="421" Y="322" T="0" /><Point X="423" Y="324" T="0" /><Point X="424" Y="325" T="0" /><Point X="424" Y="321" T="0" /><Point X="424" Y="318" T="0" /><Point X="424" Y="312" T="0" /><Point X="425" Y="304" T="0" /><Point X="427" Y="297" T="0" /><Point X="429" Y="282" T="0" /><Point X="430" Y="274" T="0" /><Point X="440" Y="217" T="0" /><Point X="442" Y="208" T="0" /><Point X="444" Y="194" T="0" /><Point X="449" Y="158" T="0" /><Point X="449" Y="149" T="0" /><Point X="450" Y="140" T="0" /><Point X="451" Y="135" T="0" /><Point X="452" Y="119" T="0" /><Point X="453" Y="112" T="0" /><Point X="453" Y="109" T="0" /><Point X="454" Y="106" T="0" /><Point X="454" Y="102" T="0" /><Point X="454" Y="101" T="0" /><Point X="454" Y="102" T="0" /><Point X="452" Y="103" T="0" /><Point X="448" Y="107" T="0" /><Point X="446" Y="109" T="0" /><Point X="440" Y="114" T="0" /><Point X="437" Y="117" T="0" /><Point X="428" Y="126" T="0" /><Point X="404" Y="147" T="0" /><Point X="388" Y="160" T="0" /><Point X="375" Y="171" T="0" /><Point X="363" Y="181" T="0" /><Point X="332" Y="210" T="0" /><Point X="323" Y="219" T="0" /><Point X="304" Y="237" T="0" /><Point X="288" Y="254" T="0" /><Point X="283" Y="259" T="0" /><Point X="278" Y="265" T="0" /><Point X="275" Y="268" T="0" /><Point X="272" Y="272" T="0" /><Point X="272" Y="273" T="0" /></Gesture>