<Gesture Name="star" Subject="1" Number="1" NumPts="119" Millseconds="0" AppName="Gestures" AppVer="1.0" Date="Wednesday, March 01, 2023" TimeOfDay="13:07:43" ID="4"><Point X="215" Y="361" T="0" /><Point X="216" Y="357" T="0" /><Point X="217" Y="354" T="0" /><Point X="221" Y="346" T="0" /><Point X="223" Y="343" T="0" /><Point X="230" Y="329" T="0" /><Point X="237" Y="319" T="0" /><Point X="257" Y="286" T="0" /><Point X="265" Y="273" T="0" /><Point X="273" Y="259" T="0" /><Point X="279" Y="246" T="0" /><Point X="286" Y="234" T="0" /><Point X="301" Y="207" T="0" /><Point X="308" Y="193" T="0" /><Point X="314" Y="182" T="0" /><Point X="321" Y="171" T="0" /><Point X="331" Y="156" T="0" /><Point X="335" Y="149" T="0" /><Point X="337" Y="146" T="0" /><Point X="338" Y="145" T="0" /><Point X="340" Y="142" T="0" /><Point X="340" Y="141" T="0" /><Point X="341" Y="141" T="0" /><Point X="342" Y="141" T="0" /><Point X="344" Y="145" T="0" /><Point X="345" Y="150" T="0" /><Point X="346" Y="154" T="0" /><Point X="347" Y="159" T="0" /><Point X="350" Y="176" T="0" /><Point X="351" Y="186" T="0" /><Point X="353" Y="197" T="0" /><Point X="354" Y="206" T="0" /><Point X="359" Y="237" T="0" /><Point X="360" Y="247" T="0" /><Point X="362" Y="260" T="0" /><Point X="364" Y="268" T="0" /><Point X="371" Y="297" T="0" /><Point X="374" Y="305" T="0" /><Point X="377" Y="314" T="0" /><Point X="379" Y="320" T="0" /><Point X="384" Y="332" T="0" /><Point X="385" Y="334" T="0" /><Point X="386" Y="337" T="0" /><Point X="387" Y="340" T="0" /><Point X="389" Y="345" T="0" /><Point X="390" Y="346" T="0" /><Point X="390" Y="347" T="0" /><Point X="389" Y="347" T="0" /><Point X="388" Y="346" T="0" /><Point X="387" Y="346" T="0" /><Point X="384" Y="343" T="0" /><Point X="380" Y="340" T="0" /><Point X="370" Y="328" T="0" /><Point X="366" Y="323" T="0" /><Point X="357" Y="312" T="0" /><Point X="348" Y="302" T="0" /><Point X="322" Y="272" T="0" /><Point X="313" Y="262" T="0" /><Point X="304" Y="253" T="0" /><Point X="299" Y="246" T="0" /><Point X="278" Y="224" T="0" /><Point X="271" Y="216" T="0" /><Point X="267" Y="212" T="0" /><Point X="263" Y="205" T="0" /><Point X="254" Y="194" T="0" /><Point X="251" Y="192" T="0" /><Point X="249" Y="189" T="0" /><Point X="246" Y="186" T="0" /><Point X="244" Y="184" T="0" /><Point X="239" Y="179" T="0" /><Point X="237" Y="177" T="0" /><Point X="234" Y="176" T="0" /><Point X="232" Y="174" T="0" /><Point X="225" Y="169" T="0" /><Point X="224" Y="169" T="0" /><Point X="224" Y="168" T="0" /><Point X="223" Y="168" T="0" /><Point X="224" Y="168" T="0" /><Point X="225" Y="168" T="0" /><Point X="231" Y="168" T="0" /><Point X="237" Y="168" T="0" /><Point X="245" Y="168" T="0" /><Point X="258" Y="168" T="0" /><Point X="334" Y="168" T="0" /><Point X="356" Y="168" T="0" /><Point X="392" Y="170" T="0" /><Point X="470" Y="174" T="0" /><Point X="487" Y="175" T="0" /><Point X="499" Y="176" T="0" /><Point X="508" Y="177" T="0" /><Point X="517" Y="177" T="0" /><Point X="518" Y="177" T="0" /><Point X="517" Y="178" T="0" /><Point X="515" Y="180" T="0" /><Point X="511" Y="182" T="0" /><Point X="506" Y="186" T="0" /><Point X="503" Y="188" T="0" /><Point X="492" Y="194" T="0" /><Point X="443" Y="221" T="0" /><Point X="433" Y="228" T="0" /><Point X="408" Y="241" T="0" /><Point X="353" Y="271" T="0" /><Point X="340" Y="277" T="0" /><Point X="333" Y="282" T="0" /><Point X="304" Y="298" T="0" /><Point X="298" Y="302" T="0" /><Point X="293" Y="305" T="0" /><Point X="288" Y="308" T="0" /><Point X="274" Y="316" T="0" /><Point X="270" Y="319" T="0" /><Point X="267" Y="321" T="0" /><Point X="264" Y="322" T="0" /><Point X="257" Y="326" T="0" /><Point X="255" Y="327" T="0" /><Point X="252" Y="329" T="0" /><Point X="251" Y="329" T="0" /><Point X="251" Y="330" T="0" /><Point X="250" Y="330" T="0" /><Point X="251" Y="330" T="0" /></Gesture>