<Gesture Name="star" Subject="1" Number="1" NumPts="142" Millseconds="0" AppName="Gestures" AppVer="1.0" Date="Wednesday, March 01, 2023" TimeOfDay="13:09:39" ID="6"><Point X="284" Y="363" T="0" /><Point X="288" Y="356" T="0" /><Point X="294" Y="348" T="0" /><Point X="296" Y="345" T="0" /><Point X="304" Y="333" T="0" /><Point X="312" Y="322" T="0" /><Point X="318" Y="315" T="0" /><Point X="347" Y="277" T="0" /><Point X="353" Y="269" T="0" /><Point X="361" Y="258" T="0" /><Point X="369" Y="247" T="0" /><Point X="384" Y="223" T="0" /><Point X="391" Y="212" T="0" /><Point X="396" Y="205" T="0" /><Point X="400" Y="197" T="0" /><Point X="409" Y="183" T="0" /><Point X="412" Y="176" T="0" /><Point X="413" Y="173" T="0" /><Point X="416" Y="170" T="0" /><Point X="418" Y="165" T="0" /><Point X="418" Y="164" T="0" /><Point X="419" Y="164" T="0" /><Point X="419" Y="163" T="0" /><Point X="419" Y="164" T="0" /><Point X="420" Y="167" T="0" /><Point X="420" Y="170" T="0" /><Point X="421" Y="173" T="0" /><Point X="421" Y="178" T="0" /><Point X="422" Y="184" T="0" /><Point X="424" Y="189" T="0" /><Point X="431" Y="214" T="0" /><Point X="433" Y="220" T="0" /><Point X="437" Y="232" T="0" /><Point X="439" Y="241" T="0" /><Point X="444" Y="259" T="0" /><Point X="446" Y="271" T="0" /><Point X="448" Y="279" T="0" /><Point X="450" Y="286" T="0" /><Point X="451" Y="293" T="0" /><Point X="455" Y="309" T="0" /><Point X="456" Y="317" T="0" /><Point X="457" Y="323" T="0" /><Point X="457" Y="328" T="0" /><Point X="459" Y="340" T="0" /><Point X="461" Y="348" T="0" /><Point X="463" Y="353" T="0" /><Point X="463" Y="356" T="0" /><Point X="466" Y="367" T="0" /><Point X="468" Y="372" T="0" /><Point X="469" Y="376" T="0" /><Point X="470" Y="380" T="0" /><Point X="472" Y="384" T="0" /><Point X="471" Y="384" T="0" /><Point X="469" Y="382" T="0" /><Point X="467" Y="379" T="0" /><Point X="460" Y="370" T="0" /><Point X="454" Y="362" T="0" /><Point X="448" Y="355" T="0" /><Point X="442" Y="346" T="0" /><Point X="436" Y="339" T="0" /><Point X="407" Y="308" T="0" /><Point X="398" Y="299" T="0" /><Point X="390" Y="291" T="0" /><Point X="384" Y="285" T="0" /><Point X="367" Y="264" T="0" /><Point X="361" Y="258" T="0" /><Point X="351" Y="249" T="0" /><Point X="345" Y="244" T="0" /><Point X="331" Y="232" T="0" /><Point X="323" Y="225" T="0" /><Point X="317" Y="220" T="0" /><Point X="314" Y="218" T="0" /><Point X="306" Y="211" T="0" /><Point X="302" Y="208" T="0" /><Point X="300" Y="207" T="0" /><Point X="299" Y="206" T="0" /><Point X="298" Y="204" T="0" /><Point X="297" Y="204" T="0" /><Point X="298" Y="204" T="0" /><Point X="299" Y="204" T="0" /><Point X="301" Y="204" T="0" /><Point X="306" Y="204" T="0" /><Point X="309" Y="204" T="0" /><Point X="316" Y="204" T="0" /><Point X="326" Y="204" T="0" /><Point X="331" Y="203" T="0" /><Point X="353" Y="203" T="0" /><Point X="359" Y="202" T="0" /><Point X="372" Y="202" T="0" /><Point X="380" Y="201" T="0" /><Point X="415" Y="200" T="0" /><Point X="422" Y="200" T="0" /><Point X="435" Y="200" T="0" /><Point X="448" Y="199" T="0" /><Point X="465" Y="198" T="0" /><Point X="473" Y="198" T="0" /><Point X="480" Y="198" T="0" /><Point X="483" Y="198" T="0" /><Point X="493" Y="198" T="0" /><Point X="499" Y="198" T="0" /><Point X="503" Y="198" T="0" /><Point X="509" Y="198" T="0" /><Point X="513" Y="198" T="0" /><Point X="524" Y="199" T="0" /><Point X="527" Y="199" T="0" /><Point X="530" Y="199" T="0" /><Point X="534" Y="199" T="0" /><Point X="535" Y="199" T="0" /><Point X="536" Y="199" T="0" /><Point X="537" Y="199" T="0" /><Point X="537" Y="198" T="0" /><Point X="538" Y="198" T="0" /><Point X="537" Y="199" T="0" /><Point X="534" Y="201" T="0" /><Point X="531" Y="204" T="0" /><Point X="527" Y="208" T="0" /><Point X="525" Y="210" T="0" /><Point X="519" Y="217" T="0" /><Point X="514" Y="220" T="0" /><Point X="494" Y="239" T="0" /><Point X="483" Y="246" T="0" /><Point X="476" Y="252" T="0" /><Point X="463" Y="259" T="0" /><Point X="452" Y="265" T="0" /><Point X="421" Y="281" T="0" /><Point X="412" Y="287" T="0" /><Point X="405" Y="292" T="0" /><Point X="396" Y="298" T="0" /><Point X="384" Y="307" T="0" /><Point X="377" Y="313" T="0" /><Point X="372" Y="316" T="0" /><Point X="367" Y="321" T="0" /><Point X="358" Y="327" T="0" /><Point X="355" Y="330" T="0" /><Point X="352" Y="332" T="0" /><Point X="349" Y="334" T="0" /><Point X="343" Y="339" T="0" /><Point X="341" Y="340" T="0" /><Point X="337" Y="343" T="0" /><Point X="335" Y="344" T="0" /><Point X="331" Y="347" T="0" /><Point X="330" Y="348" T="0" /></Gesture>