<Gesture Name="triangle" Subject="1" Number="1" NumPts="89" Millseconds="0" AppName="Gestures" AppVer="1.0" Date="Wednesday, March 01, 2023" TimeOfDay="13:10:58" ID="8"><Point X="427" Y="133" T="0" /><Point X="427" Y="131" T="0" /><Point X="426" Y="129" T="0" /><Point X="425" Y="128" T="0" /><Point X="422" Y="124" T="0" /><Point X="420" Y="121" T="0" /><Point X="418" Y="118" T="0" /><Point X="414" Y="115" T="0" /><Point X="400" Y="108" T="0" /><Point X="380" Y="104" T="0" /><Point X="327" Y="102" T="0" /><Point X="308" Y="102" T="0" /><Point X="280" Y="104" T="0" /><Point X="246" Y="110" T="0" /><Point X="229" Y="115" T="0" /><Point X="222" Y="119" T="0" /><Point X="214" Y="126" T="0" /><Point X="210" Y="132" T="0" /><Point X="209" Y="135" T="0" /><Point X="205" Y="143" T="0" /><Point X="203" Y="149" T="0" /><Point X="199" Y="162" T="0" /><Point X="196" Y="169" T="0" /><Point X="194" Y="175" T="0" /><Point X="192" Y="181" T="0" /><Point X="189" Y="193" T="0" /><Point X="188" Y="198" T="0" /><Point X="187" Y="203" T="0" /><Point X="187" Y="209" T="0" /><Point X="186" Y="226" T="0" /><Point X="187" Y="231" T="0" /><Point X="190" Y="247" T="0" /><Point X="193" Y="260" T="0" /><Point X="195" Y="269" T="0" /><Point X="198" Y="277" T="0" /><Point X="200" Y="283" T="0" /><Point X="206" Y="300" T="0" /><Point X="208" Y="305" T="0" /><Point X="212" Y="315" T="0" /><Point X="215" Y="320" T="0" /><Point X="224" Y="335" T="0" /><Point X="232" Y="345" T="0" /><Point X="236" Y="348" T="0" /><Point X="245" Y="358" T="0" /><Point X="259" Y="370" T="0" /><Point X="266" Y="375" T="0" /><Point X="275" Y="380" T="0" /><Point X="282" Y="384" T="0" /><Point X="288" Y="385" T="0" /><Point X="318" Y="391" T="0" /><Point X="326" Y="391" T="0" /><Point X="335" Y="392" T="0" /><Point X="355" Y="392" T="0" /><Point X="359" Y="391" T="0" /><Point X="375" Y="388" T="0" /><Point X="400" Y="380" T="0" /><Point X="408" Y="376" T="0" /><Point X="413" Y="372" T="0" /><Point X="414" Y="370" T="0" /><Point X="416" Y="369" T="0" /><Point X="419" Y="365" T="0" /><Point X="426" Y="356" T="0" /><Point X="429" Y="352" T="0" /><Point X="434" Y="346" T="0" /><Point X="438" Y="339" T="0" /><Point X="442" Y="327" T="0" /><Point X="443" Y="322" T="0" /><Point X="443" Y="303" T="0" /><Point X="443" Y="289" T="0" /><Point X="443" Y="284" T="0" /><Point X="441" Y="259" T="0" /><Point X="439" Y="249" T="0" /><Point X="437" Y="242" T="0" /><Point X="435" Y="234" T="0" /><Point X="429" Y="217" T="0" /><Point X="427" Y="209" T="0" /><Point X="424" Y="201" T="0" /><Point X="422" Y="194" T="0" /><Point X="415" Y="176" T="0" /><Point X="411" Y="168" T="0" /><Point X="409" Y="161" T="0" /><Point X="406" Y="155" T="0" /><Point X="400" Y="143" T="0" /><Point X="398" Y="139" T="0" /><Point X="396" Y="136" T="0" /><Point X="394" Y="133" T="0" /><Point X="389" Y="127" T="0" /><Point X="389" Y="126" T="0" /><Point X="389" Y="127" T="0" /></Gesture>