<Gesture Name="triangle" Subject="1" Number="1" NumPts="73" Millseconds="0" AppName="Gestures" AppVer="1.0" Date="Wednesday, March 01, 2023" TimeOfDay="13:07:53" ID="5"><Point X="368" Y="167" T="0" /><Point X="367" Y="169" T="0" /><Point X="366" Y="171" T="0" /><Point X="363" Y="178" T="0" /><Point X="359" Y="183" T="0" /><Point X="353" Y="193" T="0" /><Point X="341" Y="212" T="0" /><Point X="333" Y="223" T="0" /><Point X="311" Y="259" T="0" /><Point X="305" Y="271" T="0" /><Point X="298" Y="283" T="0" /><Point X="294" Y="290" T="0" /><Point X="284" Y="312" T="0" /><Point X="278" Y="323" T="0" /><Point X="275" Y="330" T="0" /><Point X="271" Y="336" T="0" /><Point X="265" Y="345" T="0" /><Point X="263" Y="352" T="0" /><Point X="262" Y="355" T="0" /><Point X="261" Y="356" T="0" /><Point X="259" Y="365" T="0" /><Point X="259" Y="366" T="0" /><Point X="258" Y="367" T="0" /><Point X="258" Y="368" T="0" /><Point X="257" Y="369" T="0" /><Point X="258" Y="369" T="0" /><Point X="259" Y="369" T="0" /><Point X="260" Y="369" T="0" /><Point X="262" Y="369" T="0" /><Point X="272" Y="371" T="0" /><Point X="276" Y="371" T="0" /><Point X="289" Y="371" T="0" /><Point X="302" Y="371" T="0" /><Point X="357" Y="370" T="0" /><Point X="381" Y="369" T="0" /><Point X="396" Y="368" T="0" /><Point X="418" Y="368" T="0" /><Point X="474" Y="367" T="0" /><Point X="486" Y="367" T="0" /><Point X="496" Y="367" T="0" /><Point X="507" Y="367" T="0" /><Point X="515" Y="366" T="0" /><Point X="517" Y="365" T="0" /><Point X="516" Y="365" T="0" /><Point X="515" Y="365" T="0" /><Point X="513" Y="364" T="0" /><Point X="512" Y="363" T="0" /><Point X="511" Y="361" T="0" /><Point X="510" Y="360" T="0" /><Point X="505" Y="350" T="0" /><Point X="501" Y="341" T="0" /><Point X="497" Y="333" T="0" /><Point X="492" Y="322" T="0" /><Point X="479" Y="294" T="0" /><Point X="473" Y="281" T="0" /><Point X="453" Y="240" T="0" /><Point X="442" Y="221" T="0" /><Point X="436" Y="215" T="0" /><Point X="422" Y="197" T="0" /><Point X="416" Y="189" T="0" /><Point X="415" Y="187" T="0" /><Point X="412" Y="183" T="0" /><Point X="412" Y="182" T="0" /><Point X="410" Y="180" T="0" /><Point X="407" Y="177" T="0" /><Point X="405" Y="175" T="0" /><Point X="404" Y="173" T="0" /><Point X="402" Y="169" T="0" /><Point X="401" Y="167" T="0" /><Point X="401" Y="166" T="0" /><Point X="400" Y="163" T="0" /><Point X="399" Y="162" T="0" /><Point X="399" Y="161" T="0" /></Gesture>