<Gesture Name="triangle" Subject="1" Number="1" NumPts="97" Millseconds="0" AppName="Gestures" AppVer="1.0" Date="Wednesday, March 01, 2023" TimeOfDay="13:04:45" ID="2"><Point X="367" Y="119" T="0" /><Point X="364" Y="123" T="0" /><Point X="361" Y="126" T="0" /><Point X="358" Y="131" T="0" /><Point X="353" Y="138" T="0" /><Point X="349" Y="145" T="0" /><Point X="344" Y="152" T="0" /><Point X="325" Y="177" T="0" /><Point X="317" Y="187" T="0" /><Point X="307" Y="198" T="0" /><Point X="299" Y="207" T="0" /><Point X="279" Y="228" T="0" /><Point X="271" Y="240" T="0" /><Point X="264" Y="249" T="0" /><Point X="252" Y="264" T="0" /><Point X="238" Y="285" T="0" /><Point X="233" Y="294" T="0" /><Point X="229" Y="301" T="0" /><Point X="225" Y="307" T="0" /><Point X="219" Y="319" T="0" /><Point X="216" Y="325" T="0" /><Point X="213" Y="330" T="0" /><Point X="211" Y="334" T="0" /><Point X="205" Y="345" T="0" /><Point X="203" Y="348" T="0" /><Point X="201" Y="353" T="0" /><Point X="198" Y="357" T="0" /><Point X="195" Y="365" T="0" /><Point X="194" Y="368" T="0" /><Point X="193" Y="371" T="0" /><Point X="191" Y="374" T="0" /><Point X="189" Y="379" T="0" /><Point X="188" Y="381" T="0" /><Point X="188" Y="382" T="0" /><Point X="188" Y="384" T="0" /><Point X="187" Y="386" T="0" /><Point X="187" Y="387" T="0" /><Point X="186" Y="387" T="0" /><Point X="186" Y="388" T="0" /><Point X="187" Y="388" T="0" /><Point X="188" Y="388" T="0" /><Point X="189" Y="388" T="0" /><Point X="196" Y="390" T="0" /><Point X="201" Y="391" T="0" /><Point X="206" Y="392" T="0" /><Point X="218" Y="394" T="0" /><Point X="264" Y="400" T="0" /><Point X="283" Y="401" T="0" /><Point X="297" Y="403" T="0" /><Point X="314" Y="404" T="0" /><Point X="359" Y="406" T="0" /><Point X="376" Y="407" T="0" /><Point X="389" Y="407" T="0" /><Point X="402" Y="408" T="0" /><Point X="431" Y="408" T="0" /><Point X="439" Y="407" T="0" /><Point X="449" Y="406" T="0" /><Point X="457" Y="405" T="0" /><Point X="473" Y="402" T="0" /><Point X="477" Y="402" T="0" /><Point X="480" Y="401" T="0" /><Point X="488" Y="401" T="0" /><Point X="491" Y="400" T="0" /><Point X="493" Y="399" T="0" /><Point X="495" Y="399" T="0" /><Point X="496" Y="398" T="0" /><Point X="499" Y="396" T="0" /><Point X="499" Y="395" T="0" /><Point X="499" Y="394" T="0" /><Point X="499" Y="393" T="0" /><Point X="498" Y="387" T="0" /><Point X="497" Y="383" T="0" /><Point X="496" Y="380" T="0" /><Point X="494" Y="373" T="0" /><Point X="489" Y="361" T="0" /><Point X="486" Y="353" T="0" /><Point X="483" Y="344" T="0" /><Point X="481" Y="338" T="0" /><Point X="469" Y="311" T="0" /><Point X="465" Y="303" T="0" /><Point X="458" Y="287" T="0" /><Point X="452" Y="276" T="0" /><Point X="446" Y="263" T="0" /><Point X="433" Y="238" T="0" /><Point X="426" Y="226" T="0" /><Point X="419" Y="214" T="0" /><Point X="415" Y="204" T="0" /><Point X="404" Y="184" T="0" /><Point X="401" Y="180" T="0" /><Point X="398" Y="175" T="0" /><Point X="395" Y="169" T="0" /><Point X="391" Y="158" T="0" /><Point X="390" Y="155" T="0" /><Point X="389" Y="153" T="0" /><Point X="389" Y="152" T="0" /><Point X="388" Y="150" T="0" /><Point X="387" Y="149" T="0" /></Gesture>