<Gesture Name="triangle" Subject="1" Number="1" NumPts="123" Millseconds="0" AppName="Gestures" AppVer="1.0" Date="Wednesday, March 01, 2023" TimeOfDay="13:11:54" ID="9"><Point X="407" Y="190" T="0" /><Point X="406" Y="190" T="0" /><Point X="402" Y="189" T="0" /><Point X="400" Y="188" T="0" /><Point X="398" Y="188" T="0" /><Point X="388" Y="186" T="0" /><Point X="381" Y="186" T="0" /><Point X="375" Y="186" T="0" /><Point X="367" Y="186" T="0" /><Point X="352" Y="188" T="0" /><Point X="347" Y="190" T="0" /><Point X="330" Y="194" T="0" /><Point X="314" Y="199" T="0" /><Point X="311" Y="200" T="0" /><Point X="303" Y="203" T="0" /><Point X="298" Y="206" T="0" /><Point X="288" Y="211" T="0" /><Point X="285" Y="214" T="0" /><Point X="280" Y="217" T="0" /><Point X="277" Y="220" T="0" /><Point X="275" Y="222" T="0" /><Point X="267" Y="231" T="0" /><Point X="264" Y="233" T="0" /><Point X="260" Y="238" T="0" /><Point X="257" Y="242" T="0" /><Point X="250" Y="250" T="0" /><Point X="246" Y="255" T="0" /><Point X="244" Y="260" T="0" /><Point X="241" Y="265" T="0" /><Point X="235" Y="278" T="0" /><Point X="234" Y="280" T="0" /><Point X="230" Y="288" T="0" /><Point X="229" Y="291" T="0" /><Point X="223" Y="305" T="0" /><Point X="221" Y="310" T="0" /><Point X="219" Y="314" T="0" /><Point X="218" Y="319" T="0" /><Point X="216" Y="329" T="0" /><Point X="214" Y="335" T="0" /><Point X="214" Y="338" T="0" /><Point X="213" Y="345" T="0" /><Point X="212" Y="354" T="0" /><Point X="212" Y="362" T="0" /><Point X="213" Y="369" T="0" /><Point X="216" Y="383" T="0" /><Point X="219" Y="387" T="0" /><Point X="220" Y="389" T="0" /><Point X="222" Y="393" T="0" /><Point X="228" Y="403" T="0" /><Point X="236" Y="415" T="0" /><Point X="242" Y="424" T="0" /><Point X="249" Y="432" T="0" /><Point X="254" Y="438" T="0" /><Point X="267" Y="450" T="0" /><Point X="273" Y="455" T="0" /><Point X="279" Y="460" T="0" /><Point X="282" Y="463" T="0" /><Point X="304" Y="477" T="0" /><Point X="313" Y="482" T="0" /><Point X="317" Y="485" T="0" /><Point X="330" Y="490" T="0" /><Point X="354" Y="501" T="0" /><Point X="363" Y="503" T="0" /><Point X="383" Y="509" T="0" /><Point X="408" Y="513" T="0" /><Point X="417" Y="513" T="0" /><Point X="424" Y="513" T="0" /><Point X="437" Y="511" T="0" /><Point X="443" Y="509" T="0" /><Point X="447" Y="507" T="0" /><Point X="450" Y="506" T="0" /><Point X="455" Y="502" T="0" /><Point X="467" Y="492" T="0" /><Point X="470" Y="489" T="0" /><Point X="475" Y="484" T="0" /><Point X="480" Y="478" T="0" /><Point X="492" Y="461" T="0" /><Point X="495" Y="456" T="0" /><Point X="497" Y="452" T="0" /><Point X="501" Y="444" T="0" /><Point X="508" Y="428" T="0" /><Point X="511" Y="420" T="0" /><Point X="512" Y="417" T="0" /><Point X="515" Y="410" T="0" /><Point X="520" Y="392" T="0" /><Point X="522" Y="383" T="0" /><Point X="523" Y="376" T="0" /><Point X="524" Y="367" T="0" /><Point X="525" Y="353" T="0" /><Point X="525" Y="342" T="0" /><Point X="525" Y="337" T="0" /><Point X="525" Y="329" T="0" /><Point X="524" Y="312" T="0" /><Point X="523" Y="303" T="0" /><Point X="522" Y="298" T="0" /><Point X="521" Y="293" T="0" /><Point X="516" Y="278" T="0" /><Point X="515" Y="275" T="0" /><Point X="511" Y="268" T="0" /><Point X="509" Y="264" T="0" /><Point X="506" Y="260" T="0" /><Point X="498" Y="249" T="0" /><Point X="494" Y="245" T="0" /><Point X="491" Y="242" T="0" /><Point X="489" Y="240" T="0" /><Point X="476" Y="231" T="0" /><Point X="473" Y="228" T="0" /><Point X="466" Y="223" T="0" /><Point X="461" Y="219" T="0" /><Point X="450" Y="210" T="0" /><Point X="447" Y="206" T="0" /><Point X="440" Y="201" T="0" /><Point X="437" Y="198" T="0" /><Point X="422" Y="185" T="0" /><Point X="417" Y="181" T="0" /><Point X="411" Y="176" T="0" /><Point X="403" Y="169" T="0" /><Point X="400" Y="166" T="0" /><Point X="397" Y="164" T="0" /><Point X="395" Y="163" T="0" /><Point X="390" Y="159" T="0" /><Point X="389" Y="159" T="0" /><Point X="388" Y="158" T="0" /></Gesture>