<Gesture Name="triangle" Subject="1" Number="1" NumPts="87" Millseconds="0" AppName="Gestures" AppVer="1.0" Date="Wednesday, March 01, 2023" TimeOfDay="13:06:56" ID="4"><Point X="351" Y="135" T="0" /><Point X="351" Y="136" T="0" /><Point X="348" Y="140" T="0" /><Point X="345" Y="147" T="0" /><Point X="344" Y="149" T="0" /><Point X="339" Y="156" T="0" /><Point X="335" Y="163" T="0" /><Point X="326" Y="179" T="0" /><Point X="316" Y="195" T="0" /><Point X="312" Y="203" T="0" /><Point X="309" Y="209" T="0" /><Point X="304" Y="218" T="0" /><Point X="297" Y="232" T="0" /><Point X="294" Y="238" T="0" /><Point X="290" Y="246" T="0" /><Point X="287" Y="251" T="0" /><Point X="282" Y="261" T="0" /><Point X="279" Y="267" T="0" /><Point X="277" Y="272" T="0" /><Point X="276" Y="274" T="0" /><Point X="272" Y="284" T="0" /><Point X="271" Y="287" T="0" /><Point X="270" Y="290" T="0" /><Point X="268" Y="296" T="0" /><Point X="264" Y="307" T="0" /><Point X="263" Y="309" T="0" /><Point X="260" Y="319" T="0" /><Point X="257" Y="326" T="0" /><Point X="256" Y="330" T="0" /><Point X="254" Y="339" T="0" /><Point X="253" Y="341" T="0" /><Point X="253" Y="344" T="0" /><Point X="252" Y="347" T="0" /><Point X="252" Y="348" T="0" /><Point X="253" Y="348" T="0" /><Point X="254" Y="348" T="0" /><Point X="256" Y="348" T="0" /><Point X="258" Y="348" T="0" /><Point X="260" Y="348" T="0" /><Point X="265" Y="348" T="0" /><Point X="270" Y="348" T="0" /><Point X="283" Y="348" T="0" /><Point X="310" Y="346" T="0" /><Point X="333" Y="346" T="0" /><Point X="363" Y="348" T="0" /><Point X="376" Y="348" T="0" /><Point X="396" Y="349" T="0" /><Point X="405" Y="349" T="0" /><Point X="425" Y="347" T="0" /><Point X="431" Y="347" T="0" /><Point X="435" Y="346" T="0" /><Point X="439" Y="345" T="0" /><Point X="444" Y="343" T="0" /><Point X="445" Y="342" T="0" /><Point X="445" Y="341" T="0" /><Point X="446" Y="341" T="0" /><Point X="446" Y="339" T="0" /><Point X="447" Y="338" T="0" /><Point X="447" Y="337" T="0" /><Point X="447" Y="334" T="0" /><Point X="446" Y="332" T="0" /><Point X="446" Y="330" T="0" /><Point X="445" Y="327" T="0" /><Point X="442" Y="319" T="0" /><Point X="441" Y="313" T="0" /><Point X="439" Y="307" T="0" /><Point X="436" Y="299" T="0" /><Point X="429" Y="282" T="0" /><Point X="426" Y="274" T="0" /><Point X="422" Y="264" T="0" /><Point X="419" Y="255" T="0" /><Point X="416" Y="247" T="0" /><Point X="403" Y="216" T="0" /><Point X="400" Y="208" T="0" /><Point X="394" Y="196" T="0" /><Point X="390" Y="188" T="0" /><Point X="378" Y="163" T="0" /><Point X="374" Y="156" T="0" /><Point X="372" Y="152" T="0" /><Point X="368" Y="145" T="0" /><Point X="365" Y="136" T="0" /><Point X="364" Y="134" T="0" /><Point X="363" Y="130" T="0" /><Point X="362" Y="129" T="0" /><Point X="361" Y="126" T="0" /><Point X="361" Y="125" T="0" /><Point X="360" Y="123" T="0" /></Gesture>