<Gesture Name="triangle" Subject="1" Number="1" NumPts="118" Millseconds="0" AppName="Gestures" AppVer="1.0" Date="Wednesday, March 01, 2023" TimeOfDay="13:03:29" ID="1"><Point X="360" Y="129" T="0" /><Point X="359" Y="130" T="0" /><Point X="357" Y="131" T="0" /><Point X="351" Y="138" T="0" /><Point X="347" Y="142" T="0" /><Point X="343" Y="146" T="0" /><Point X="336" Y="153" T="0" /><Point X="330" Y="158" T="0" /><Point X="319" Y="170" T="0" /><Point X="309" Y="179" T="0" /><Point X="305" Y="184" T="0" /><Point X="297" Y="192" T="0" /><Point X="292" Y="199" T="0" /><Point X="283" Y="210" T="0" /><Point X="274" Y="222" T="0" /><Point X="272" Y="224" T="0" /><Point X="261" Y="240" T="0" /><Point X="256" Y="248" T="0" /><Point X="248" Y="257" T="0" /><Point X="241" Y="265" T="0" /><Point X="231" Y="276" T="0" /><Point X="227" Y="281" T="0" /><Point X="225" Y="284" T="0" /><Point X="220" Y="290" T="0" /><Point X="212" Y="299" T="0" /><Point X="211" Y="301" T="0" /><Point X="207" Y="308" T="0" /><Point X="205" Y="311" T="0" /><Point X="199" Y="319" T="0" /><Point X="199" Y="321" T="0" /><Point X="196" Y="324" T="0" /><Point X="196" Y="326" T="0" /><Point X="194" Y="328" T="0" /><Point X="191" Y="334" T="0" /><Point X="190" Y="336" T="0" /><Point X="190" Y="337" T="0" /><Point X="189" Y="338" T="0" /><Point X="187" Y="342" T="0" /><Point X="187" Y="344" T="0" /><Point X="186" Y="345" T="0" /><Point X="185" Y="346" T="0" /><Point X="184" Y="349" T="0" /><Point X="184" Y="350" T="0" /><Point X="184" Y="351" T="0" /><Point X="183" Y="351" T="0" /><Point X="183" Y="352" T="0" /><Point X="184" Y="352" T="0" /><Point X="185" Y="352" T="0" /><Point X="187" Y="352" T="0" /><Point X="189" Y="352" T="0" /><Point X="193" Y="352" T="0" /><Point X="198" Y="352" T="0" /><Point X="204" Y="351" T="0" /><Point X="219" Y="350" T="0" /><Point X="270" Y="346" T="0" /><Point X="292" Y="346" T="0" /><Point X="308" Y="346" T="0" /><Point X="329" Y="346" T="0" /><Point X="382" Y="349" T="0" /><Point X="401" Y="350" T="0" /><Point X="416" Y="351" T="0" /><Point X="434" Y="352" T="0" /><Point X="477" Y="353" T="0" /><Point X="495" Y="353" T="0" /><Point X="504" Y="353" T="0" /><Point X="516" Y="353" T="0" /><Point X="536" Y="354" T="0" /><Point X="542" Y="354" T="0" /><Point X="550" Y="354" T="0" /><Point X="556" Y="353" T="0" /><Point X="563" Y="351" T="0" /><Point X="564" Y="350" T="0" /><Point X="565" Y="350" T="0" /><Point X="565" Y="349" T="0" /><Point X="564" Y="349" T="0" /><Point X="563" Y="349" T="0" /><Point X="562" Y="349" T="0" /><Point X="559" Y="346" T="0" /><Point X="557" Y="343" T="0" /><Point X="555" Y="341" T="0" /><Point X="553" Y="336" T="0" /><Point X="547" Y="328" T="0" /><Point X="544" Y="322" T="0" /><Point X="538" Y="314" T="0" /><Point X="533" Y="307" T="0" /><Point X="525" Y="294" T="0" /><Point X="518" Y="282" T="0" /><Point X="514" Y="274" T="0" /><Point X="511" Y="270" T="0" /><Point X="497" Y="246" T="0" /><Point X="493" Y="240" T="0" /><Point X="489" Y="233" T="0" /><Point X="485" Y="226" T="0" /><Point X="478" Y="210" T="0" /><Point X="474" Y="204" T="0" /><Point X="472" Y="201" T="0" /><Point X="468" Y="193" T="0" /><Point X="460" Y="181" T="0" /><Point X="457" Y="175" T="0" /><Point X="453" Y="169" T="0" /><Point X="451" Y="167" T="0" /><Point X="443" Y="157" T="0" /><Point X="439" Y="152" T="0" /><Point X="434" Y="147" T="0" /><Point X="431" Y="143" T="0" /><Point X="429" Y="140" T="0" /><Point X="420" Y="131" T="0" /><Point X="415" Y="126" T="0" /><Point X="411" Y="122" T="0" /><Point X="407" Y="118" T="0" /><Point X="398" Y="109" T="0" /><Point X="395" Y="106" T="0" /><Point X="390" Y="101" T="0" /><Point X="385" Y="96" T="0" /><Point X="376" Y="89" T="0" /><Point X="373" Y="87" T="0" /><Point X="370" Y="85" T="0" /><Point X="369" Y="84" T="0" /></Gesture>