<Gesture Name="triangle" Subject="1" Number="1" NumPts="96" Millseconds="0" AppName="Gestures" AppVer="1.0" Date="Wednesday, March 01, 2023" TimeOfDay="13:08:50" ID="6"><Point X="379" Y="194" T="0" /><Point X="379" Y="195" T="0" /><Point X="378" Y="197" T="0" /><Point X="375" Y="201" T="0" /><Point X="370" Y="211" T="0" /><Point X="365" Y="221" T="0" /><Point X="348" Y="252" T="0" /><Point X="342" Y="263" T="0" /><Point X="332" Y="284" T="0" /><Point X="318" Y="309" T="0" /><Point X="313" Y="319" T="0" /><Point X="307" Y="331" T="0" /><Point X="295" Y="354" T="0" /><Point X="292" Y="359" T="0" /><Point X="285" Y="373" T="0" /><Point X="283" Y="378" T="0" /><Point X="281" Y="380" T="0" /><Point X="280" Y="382" T="0" /><Point X="275" Y="391" T="0" /><Point X="274" Y="393" T="0" /><Point X="271" Y="397" T="0" /><Point X="268" Y="404" T="0" /><Point X="267" Y="405" T="0" /><Point X="267" Y="407" T="0" /><Point X="267" Y="409" T="0" /><Point X="266" Y="411" T="0" /><Point X="266" Y="412" T="0" /><Point X="266" Y="413" T="0" /><Point X="267" Y="413" T="0" /><Point X="269" Y="413" T="0" /><Point X="270" Y="413" T="0" /><Point X="271" Y="413" T="0" /><Point X="275" Y="413" T="0" /><Point X="280" Y="413" T="0" /><Point X="283" Y="413" T="0" /><Point X="288" Y="412" T="0" /><Point X="304" Y="410" T="0" /><Point X="313" Y="409" T="0" /><Point X="324" Y="408" T="0" /><Point X="333" Y="407" T="0" /><Point X="391" Y="399" T="0" /><Point X="403" Y="398" T="0" /><Point X="416" Y="397" T="0" /><Point X="429" Y="395" T="0" /><Point X="449" Y="394" T="0" /><Point X="456" Y="393" T="0" /><Point X="463" Y="392" T="0" /><Point X="467" Y="391" T="0" /><Point X="477" Y="389" T="0" /><Point X="479" Y="388" T="0" /><Point X="481" Y="388" T="0" /><Point X="485" Y="387" T="0" /><Point X="487" Y="387" T="0" /><Point X="488" Y="387" T="0" /><Point X="489" Y="386" T="0" /><Point X="490" Y="386" T="0" /><Point X="494" Y="385" T="0" /><Point X="497" Y="384" T="0" /><Point X="499" Y="383" T="0" /><Point X="504" Y="382" T="0" /><Point X="505" Y="381" T="0" /><Point X="508" Y="379" T="0" /><Point X="508" Y="378" T="0" /><Point X="508" Y="376" T="0" /><Point X="506" Y="374" T="0" /><Point X="506" Y="372" T="0" /><Point X="504" Y="369" T="0" /><Point X="497" Y="356" T="0" /><Point X="495" Y="352" T="0" /><Point X="492" Y="347" T="0" /><Point X="484" Y="333" T="0" /><Point X="480" Y="325" T="0" /><Point X="476" Y="320" T="0" /><Point X="471" Y="310" T="0" /><Point X="455" Y="283" T="0" /><Point X="450" Y="276" T="0" /><Point X="440" Y="260" T="0" /><Point X="432" Y="248" T="0" /><Point X="422" Y="233" T="0" /><Point X="419" Y="229" T="0" /><Point X="415" Y="222" T="0" /><Point X="412" Y="218" T="0" /><Point X="408" Y="211" T="0" /><Point X="406" Y="207" T="0" /><Point X="405" Y="204" T="0" /><Point X="401" Y="199" T="0" /><Point X="400" Y="197" T="0" /><Point X="400" Y="196" T="0" /><Point X="399" Y="195" T="0" /><Point X="397" Y="191" T="0" /><Point X="396" Y="190" T="0" /><Point X="396" Y="189" T="0" /><Point X="395" Y="188" T="0" /><Point X="394" Y="187" T="0" /><Point X="394" Y="186" T="0" /><Point X="392" Y="184" T="0" /></Gesture>