<Gesture Name="triangle" Subject="1" Number="1" NumPts="134" Millseconds="0" AppName="Gestures" AppVer="1.0" Date="Wednesday, March 01, 2023" TimeOfDay="13:12:52" ID="10"><Point X="418" Y="128" T="0" /><Point X="414" Y="128" T="0" /><Point X="410" Y="127" T="0" /><Point X="407" Y="127" T="0" /><Point X="392" Y="127" T="0" /><Point X="383" Y="127" T="0" /><Point X="375" Y="128" T="0" /><Point X="362" Y="129" T="0" /><Point X="312" Y="134" T="0" /><Point X="299" Y="136" T="0" /><Point X="287" Y="138" T="0" /><Point X="279" Y="140" T="0" /><Point X="263" Y="145" T="0" /><Point X="253" Y="149" T="0" /><Point X="247" Y="152" T="0" /><Point X="240" Y="156" T="0" /><Point X="227" Y="165" T="0" /><Point X="223" Y="170" T="0" /><Point X="220" Y="173" T="0" /><Point X="217" Y="178" T="0" /><Point X="211" Y="187" T="0" /><Point X="210" Y="189" T="0" /><Point X="208" Y="193" T="0" /><Point X="205" Y="198" T="0" /><Point X="200" Y="209" T="0" /><Point X="198" Y="212" T="0" /><Point X="195" Y="219" T="0" /><Point X="194" Y="223" T="0" /><Point X="192" Y="229" T="0" /><Point X="189" Y="240" T="0" /><Point X="188" Y="244" T="0" /><Point X="187" Y="247" T="0" /><Point X="186" Y="251" T="0" /><Point X="184" Y="269" T="0" /><Point X="184" Y="274" T="0" /><Point X="184" Y="278" T="0" /><Point X="183" Y="291" T="0" /><Point X="183" Y="297" T="0" /><Point X="183" Y="302" T="0" /><Point X="183" Y="307" T="0" /><Point X="184" Y="318" T="0" /><Point X="185" Y="323" T="0" /><Point X="185" Y="325" T="0" /><Point X="187" Y="334" T="0" /><Point X="191" Y="345" T="0" /><Point X="193" Y="350" T="0" /><Point X="195" Y="355" T="0" /><Point X="197" Y="359" T="0" /><Point X="204" Y="370" T="0" /><Point X="207" Y="374" T="0" /><Point X="212" Y="381" T="0" /><Point X="216" Y="386" T="0" /><Point X="232" Y="399" T="0" /><Point X="238" Y="403" T="0" /><Point X="245" Y="408" T="0" /><Point X="259" Y="416" T="0" /><Point X="288" Y="429" T="0" /><Point X="301" Y="434" T="0" /><Point X="314" Y="437" T="0" /><Point X="348" Y="446" T="0" /><Point X="360" Y="449" T="0" /><Point X="368" Y="451" T="0" /><Point X="381" Y="455" T="0" /><Point X="412" Y="461" T="0" /><Point X="419" Y="463" T="0" /><Point X="432" Y="464" T="0" /><Point X="439" Y="464" T="0" /><Point X="464" Y="459" T="0" /><Point X="470" Y="455" T="0" /><Point X="477" Y="451" T="0" /><Point X="487" Y="443" T="0" /><Point X="493" Y="438" T="0" /><Point X="496" Y="433" T="0" /><Point X="498" Y="431" T="0" /><Point X="507" Y="421" T="0" /><Point X="514" Y="412" T="0" /><Point X="525" Y="399" T="0" /><Point X="533" Y="388" T="0" /><Point X="538" Y="381" T="0" /><Point X="541" Y="375" T="0" /><Point X="545" Y="367" T="0" /><Point X="547" Y="362" T="0" /><Point X="550" Y="351" T="0" /><Point X="552" Y="343" T="0" /><Point X="554" Y="335" T="0" /><Point X="555" Y="328" T="0" /><Point X="558" Y="313" T="0" /><Point X="559" Y="303" T="0" /><Point X="560" Y="295" T="0" /><Point X="560" Y="288" T="0" /><Point X="559" Y="273" T="0" /><Point X="558" Y="267" T="0" /><Point X="557" Y="261" T="0" /><Point X="556" Y="255" T="0" /><Point X="554" Y="247" T="0" /><Point X="553" Y="241" T="0" /><Point X="551" Y="237" T="0" /><Point X="550" Y="234" T="0" /><Point X="546" Y="226" T="0" /><Point X="544" Y="223" T="0" /><Point X="542" Y="220" T="0" /><Point X="540" Y="218" T="0" /><Point X="535" Y="209" T="0" /><Point X="533" Y="204" T="0" /><Point X="531" Y="201" T="0" /><Point X="531" Y="199" T="0" /><Point X="525" Y="188" T="0" /><Point X="524" Y="185" T="0" /><Point X="521" Y="181" T="0" /><Point X="519" Y="178" T="0" /><Point X="517" Y="175" T="0" /><Point X="511" Y="168" T="0" /><Point X="509" Y="166" T="0" /><Point X="506" Y="163" T="0" /><Point X="503" Y="159" T="0" /><Point X="498" Y="154" T="0" /><Point X="494" Y="149" T="0" /><Point X="491" Y="147" T="0" /><Point X="489" Y="145" T="0" /><Point X="481" Y="137" T="0" /><Point X="478" Y="135" T="0" /><Point X="475" Y="132" T="0" /><Point X="473" Y="130" T="0" /><Point X="463" Y="124" T="0" /><Point X="461" Y="122" T="0" /><Point X="459" Y="120" T="0" /><Point X="457" Y="119" T="0" /><Point X="453" Y="115" T="0" /><Point X="451" Y="114" T="0" /><Point X="448" Y="112" T="0" /><Point X="447" Y="111" T="0" /><Point X="444" Y="110" T="0" /><Point X="444" Y="109" T="0" /><Point X="443" Y="109" T="0" /></Gesture>