<Gesture Name="triangle" Subject="1" Number="1" NumPts="95" Millseconds="0" AppName="Gestures" AppVer="1.0" Date="Wednesday, March 01, 2023" TimeOfDay="13:05:57" ID="3"><Point X="356" Y="194" T="0" /><Point X="355" Y="197" T="0" /><Point X="352" Y="201" T="0" /><Point X="349" Y="205" T="0" /><Point X="345" Y="212" T="0" /><Point X="330" Y="233" T="0" /><Point X="325" Y="241" T="0" /><Point X="322" Y="247" T="0" /><Point X="315" Y="259" T="0" /><Point X="307" Y="271" T="0" /><Point X="288" Y="301" T="0" /><Point X="283" Y="308" T="0" /><Point X="276" Y="319" T="0" /><Point X="268" Y="330" T="0" /><Point X="252" Y="353" T="0" /><Point X="249" Y="357" T="0" /><Point X="240" Y="367" T="0" /><Point X="237" Y="371" T="0" /><Point X="230" Y="381" T="0" /><Point X="227" Y="384" T="0" /><Point X="226" Y="387" T="0" /><Point X="224" Y="389" T="0" /><Point X="222" Y="392" T="0" /><Point X="222" Y="393" T="0" /><Point X="222" Y="394" T="0" /><Point X="223" Y="394" T="0" /><Point X="224" Y="394" T="0" /><Point X="226" Y="394" T="0" /><Point X="231" Y="395" T="0" /><Point X="234" Y="396" T="0" /><Point X="241" Y="396" T="0" /><Point X="244" Y="396" T="0" /><Point X="280" Y="395" T="0" /><Point X="295" Y="394" T="0" /><Point X="310" Y="394" T="0" /><Point X="323" Y="393" T="0" /><Point X="377" Y="393" T="0" /><Point X="390" Y="393" T="0" /><Point X="402" Y="393" T="0" /><Point X="415" Y="393" T="0" /><Point X="438" Y="393" T="0" /><Point X="448" Y="392" T="0" /><Point X="455" Y="390" T="0" /><Point X="459" Y="389" T="0" /><Point X="469" Y="385" T="0" /><Point X="471" Y="384" T="0" /><Point X="472" Y="384" T="0" /><Point X="473" Y="383" T="0" /><Point X="478" Y="381" T="0" /><Point X="480" Y="380" T="0" /><Point X="486" Y="380" T="0" /><Point X="488" Y="380" T="0" /><Point X="490" Y="379" T="0" /><Point X="492" Y="379" T="0" /><Point X="493" Y="379" T="0" /><Point X="493" Y="378" T="0" /><Point X="493" Y="377" T="0" /><Point X="491" Y="376" T="0" /><Point X="489" Y="374" T="0" /><Point X="489" Y="373" T="0" /><Point X="481" Y="361" T="0" /><Point X="477" Y="355" T="0" /><Point X="474" Y="349" T="0" /><Point X="468" Y="340" T="0" /><Point X="461" Y="326" T="0" /><Point X="454" Y="314" T="0" /><Point X="451" Y="309" T="0" /><Point X="445" Y="296" T="0" /><Point X="438" Y="276" T="0" /><Point X="434" Y="266" T="0" /><Point X="431" Y="258" T="0" /><Point X="428" Y="249" T="0" /><Point X="423" Y="233" T="0" /><Point X="420" Y="222" T="0" /><Point X="416" Y="210" T="0" /><Point X="416" Y="208" T="0" /><Point X="415" Y="206" T="0" /><Point X="415" Y="205" T="0" /><Point X="414" Y="203" T="0" /><Point X="414" Y="202" T="0" /><Point X="414" Y="201" T="0" /><Point X="412" Y="199" T="0" /><Point X="412" Y="198" T="0" /><Point X="411" Y="198" T="0" /><Point X="411" Y="197" T="0" /><Point X="410" Y="196" T="0" /><Point X="410" Y="195" T="0" /><Point X="409" Y="195" T="0" /><Point X="409" Y="194" T="0" /><Point X="407" Y="192" T="0" /><Point X="407" Y="191" T="0" /><Point X="405" Y="190" T="0" /><Point X="402" Y="188" T="0" /><Point X="401" Y="186" T="0" /><Point X="400" Y="185" T="0" /></Gesture>