<Gesture Name="triangle" Subject="1" Number="1" NumPts="51" Millseconds="0" AppName="Gestures" AppVer="1.0" Date="Wednesday, March 01, 2023" TimeOfDay="13:09:55" ID="7"><Point X="351" Y="153" T="0" /><Point X="348" Y="159" T="0" /><Point X="343" Y="164" T="0" /><Point X="321" Y="192" T="0" /><Point X="313" Y="204" T="0" /><Point X="304" Y="216" T="0" /><Point X="293" Y="232" T="0" /><Point X="284" Y="245" T="0" /><Point X="254" Y="288" T="0" /><Point X="237" Y="310" T="0" /><Point X="229" Y="320" T="0" /><Point X="203" Y="355" T="0" /><Point X="198" Y="363" T="0" /><Point X="194" Y="371" T="0" /><Point X="194" Y="372" T="0" /><Point X="195" Y="372" T="0" /><Point X="196" Y="372" T="0" /><Point X="200" Y="373" T="0" /><Point X="215" Y="376" T="0" /><Point X="227" Y="377" T="0" /><Point X="301" Y="378" T="0" /><Point X="325" Y="378" T="0" /><Point X="363" Y="378" T="0" /><Point X="454" Y="377" T="0" /><Point X="473" Y="378" T="0" /><Point X="491" Y="378" T="0" /><Point X="521" Y="379" T="0" /><Point X="529" Y="379" T="0" /><Point X="531" Y="379" T="0" /><Point X="532" Y="378" T="0" /><Point X="533" Y="378" T="0" /><Point X="532" Y="378" T="0" /><Point X="532" Y="377" T="0" /><Point X="532" Y="376" T="0" /><Point X="526" Y="368" T="0" /><Point X="523" Y="363" T="0" /><Point X="511" Y="341" T="0" /><Point X="496" Y="314" T="0" /><Point X="467" Y="260" T="0" /><Point X="461" Y="248" T="0" /><Point X="447" Y="226" T="0" /><Point X="436" Y="210" T="0" /><Point X="408" Y="171" T="0" /><Point X="396" Y="154" T="0" /><Point X="387" Y="143" T="0" /><Point X="380" Y="133" T="0" /><Point X="362" Y="110" T="0" /><Point X="355" Y="101" T="0" /><Point X="351" Y="94" T="0" /><Point X="349" Y="91" T="0" /><Point X="348" Y="90" T="0" /></Gesture>