<Gesture Name="v" Subject="1" Number="1" NumPts="67" Millseconds="0" AppName="Gestures" AppVer="1.0" Date="Wednesday, March 01, 2023" TimeOfDay="13:04:06" ID="1"><Point X="270" Y="162" T="0" /><Point X="271" Y="162" T="0" /><Point X="273" Y="164" T="0" /><Point X="275" Y="166" T="0" /><Point X="276" Y="169" T="0" /><Point X="278" Y="172" T="0" /><Point X="280" Y="176" T="0" /><Point X="286" Y="188" T="0" /><Point X="288" Y="196" T="0" /><Point X="290" Y="202" T="0" /><Point X="294" Y="212" T="0" /><Point X="300" Y="227" T="0" /><Point X="302" Y="234" T="0" /><Point X="305" Y="243" T="0" /><Point X="315" Y="267" T="0" /><Point X="318" Y="275" T="0" /><Point X="323" Y="285" T="0" /><Point X="331" Y="299" T="0" /><Point X="333" Y="304" T="0" /><Point X="335" Y="308" T="0" /><Point X="336" Y="311" T="0" /><Point X="341" Y="319" T="0" /><Point X="342" Y="320" T="0" /><Point X="343" Y="323" T="0" /><Point X="345" Y="325" T="0" /><Point X="347" Y="328" T="0" /><Point X="351" Y="335" T="0" /><Point X="353" Y="338" T="0" /><Point X="354" Y="342" T="0" /><Point X="355" Y="344" T="0" /><Point X="358" Y="350" T="0" /><Point X="359" Y="353" T="0" /><Point X="360" Y="355" T="0" /><Point X="361" Y="357" T="0" /><Point X="363" Y="361" T="0" /><Point X="363" Y="364" T="0" /><Point X="364" Y="364" T="0" /><Point X="364" Y="365" T="0" /><Point X="364" Y="367" T="0" /><Point X="365" Y="368" T="0" /><Point X="365" Y="369" T="0" /><Point X="366" Y="368" T="0" /><Point X="368" Y="365" T="0" /><Point X="371" Y="361" T="0" /><Point X="373" Y="357" T="0" /><Point X="379" Y="349" T="0" /><Point X="395" Y="324" T="0" /><Point X="404" Y="311" T="0" /><Point X="409" Y="304" T="0" /><Point X="417" Y="292" T="0" /><Point X="443" Y="248" T="0" /><Point X="450" Y="237" T="0" /><Point X="456" Y="228" T="0" /><Point X="461" Y="217" T="0" /><Point X="474" Y="192" T="0" /><Point X="480" Y="182" T="0" /><Point X="484" Y="173" T="0" /><Point X="487" Y="167" T="0" /><Point X="495" Y="155" T="0" /><Point X="499" Y="148" T="0" /><Point X="500" Y="145" T="0" /><Point X="503" Y="141" T="0" /><Point X="506" Y="137" T="0" /><Point X="506" Y="136" T="0" /><Point X="507" Y="136" T="0" /><Point X="507" Y="135" T="0" /><Point X="507" Y="134" T="0" /></Gesture>