<Gesture Name="v" Subject="1" Number="1" NumPts="87" Millseconds="0" AppName="Gestures" AppVer="1.0" Date="Wednesday, March 01, 2023" TimeOfDay="13:13:26" ID="10"><Point X="383" Y="143" T="0" /><Point X="383" Y="142" T="0" /><Point X="383" Y="140" T="0" /><Point X="383" Y="133" T="0" /><Point X="387" Y="127" T="0" /><Point X="388" Y="125" T="0" /><Point X="392" Y="125" T="0" /><Point X="393" Y="126" T="0" /><Point X="394" Y="127" T="0" /><Point X="396" Y="128" T="0" /><Point X="401" Y="134" T="0" /><Point X="404" Y="137" T="0" /><Point X="406" Y="140" T="0" /><Point X="407" Y="142" T="0" /><Point X="412" Y="152" T="0" /><Point X="414" Y="155" T="0" /><Point X="414" Y="156" T="0" /><Point X="419" Y="169" T="0" /><Point X="420" Y="176" T="0" /><Point X="420" Y="187" T="0" /><Point X="420" Y="192" T="0" /><Point X="419" Y="203" T="0" /><Point X="416" Y="216" T="0" /><Point X="415" Y="220" T="0" /><Point X="413" Y="228" T="0" /><Point X="411" Y="235" T="0" /><Point X="407" Y="251" T="0" /><Point X="405" Y="256" T="0" /><Point X="403" Y="262" T="0" /><Point X="400" Y="271" T="0" /><Point X="397" Y="283" T="0" /><Point X="396" Y="289" T="0" /><Point X="393" Y="299" T="0" /><Point X="392" Y="306" T="0" /><Point X="389" Y="316" T="0" /><Point X="388" Y="326" T="0" /><Point X="388" Y="333" T="0" /><Point X="389" Y="336" T="0" /><Point X="390" Y="339" T="0" /><Point X="392" Y="341" T="0" /><Point X="396" Y="346" T="0" /><Point X="398" Y="347" T="0" /><Point X="400" Y="348" T="0" /><Point X="404" Y="348" T="0" /><Point X="418" Y="347" T="0" /><Point X="422" Y="346" T="0" /><Point X="435" Y="339" T="0" /><Point X="440" Y="335" T="0" /><Point X="441" Y="334" T="0" /><Point X="443" Y="331" T="0" /><Point X="444" Y="330" T="0" /><Point X="443" Y="331" T="0" /><Point X="442" Y="336" T="0" /><Point X="441" Y="340" T="0" /><Point X="439" Y="350" T="0" /><Point X="436" Y="370" T="0" /><Point X="435" Y="377" T="0" /><Point X="434" Y="381" T="0" /><Point X="431" Y="404" T="0" /><Point X="431" Y="410" T="0" /><Point X="429" Y="415" T="0" /><Point X="427" Y="426" T="0" /><Point X="426" Y="430" T="0" /><Point X="423" Y="435" T="0" /><Point X="422" Y="439" T="0" /><Point X="418" Y="448" T="0" /><Point X="417" Y="450" T="0" /><Point X="416" Y="454" T="0" /><Point X="415" Y="456" T="0" /><Point X="412" Y="462" T="0" /><Point X="411" Y="466" T="0" /><Point X="410" Y="469" T="0" /><Point X="409" Y="471" T="0" /><Point X="408" Y="472" T="0" /><Point X="405" Y="478" T="0" /><Point X="404" Y="480" T="0" /><Point X="401" Y="483" T="0" /><Point X="400" Y="484" T="0" /><Point X="398" Y="486" T="0" /><Point X="397" Y="486" T="0" /><Point X="394" Y="486" T="0" /><Point X="390" Y="485" T="0" /><Point X="388" Y="485" T="0" /><Point X="382" Y="485" T="0" /><Point X="380" Y="485" T="0" /><Point X="379" Y="485" T="0" /><Point X="379" Y="484" T="0" /></Gesture>