<Gesture Name="v" Subject="1" Number="1" NumPts="43" Millseconds="0" AppName="Gestures" AppVer="1.0" Date="Wednesday, March 01, 2023" TimeOfDay="13:05:19" ID="2"><Point X="224" Y="180" T="0" /><Point X="224" Y="181" T="0" /><Point X="227" Y="183" T="0" /><Point X="231" Y="188" T="0" /><Point X="235" Y="192" T="0" /><Point X="241" Y="198" T="0" /><Point X="252" Y="213" T="0" /><Point X="257" Y="221" T="0" /><Point X="263" Y="230" T="0" /><Point X="285" Y="263" T="0" /><Point X="290" Y="271" T="0" /><Point X="299" Y="286" T="0" /><Point X="308" Y="301" T="0" /><Point X="312" Y="308" T="0" /><Point X="315" Y="313" T="0" /><Point X="318" Y="317" T="0" /><Point X="325" Y="325" T="0" /><Point X="327" Y="327" T="0" /><Point X="329" Y="329" T="0" /><Point X="330" Y="331" T="0" /><Point X="331" Y="331" T="0" /><Point X="331" Y="332" T="0" /><Point X="332" Y="333" T="0" /><Point X="333" Y="337" T="0" /><Point X="333" Y="338" T="0" /><Point X="334" Y="338" T="0" /><Point X="337" Y="335" T="0" /><Point X="337" Y="334" T="0" /><Point X="343" Y="327" T="0" /><Point X="352" Y="314" T="0" /><Point X="370" Y="292" T="0" /><Point X="402" Y="255" T="0" /><Point X="425" Y="229" T="0" /><Point X="442" Y="211" T="0" /><Point X="464" Y="189" T="0" /><Point X="479" Y="171" T="0" /><Point X="486" Y="164" T="0" /><Point X="498" Y="150" T="0" /><Point X="500" Y="147" T="0" /><Point X="503" Y="144" T="0" /><Point X="504" Y="142" T="0" /><Point X="508" Y="137" T="0" /><Point X="509" Y="136" T="0" /></Gesture>