<Gesture Name="v" Subject="1" Number="1" NumPts="53" Millseconds="0" AppName="Gestures" AppVer="1.0" Date="Wednesday, March 01, 2023" TimeOfDay="13:06:30" ID="3"><Point X="273" Y="281" T="0" /><Point X="276" Y="286" T="0" /><Point X="278" Y="289" T="0" /><Point X="282" Y="297" T="0" /><Point X="287" Y="306" T="0" /><Point X="299" Y="332" T="0" /><Point X="303" Y="339" T="0" /><Point X="308" Y="352" T="0" /><Point X="314" Y="364" T="0" /><Point X="317" Y="370" T="0" /><Point X="329" Y="400" T="0" /><Point X="332" Y="407" T="0" /><Point X="334" Y="413" T="0" /><Point X="336" Y="417" T="0" /><Point X="340" Y="427" T="0" /><Point X="341" Y="430" T="0" /><Point X="344" Y="433" T="0" /><Point X="345" Y="437" T="0" /><Point X="349" Y="443" T="0" /><Point X="350" Y="444" T="0" /><Point X="350" Y="445" T="0" /><Point X="351" Y="446" T="0" /><Point X="353" Y="449" T="0" /><Point X="353" Y="450" T="0" /><Point X="353" Y="451" T="0" /><Point X="354" Y="452" T="0" /><Point X="356" Y="456" T="0" /><Point X="357" Y="459" T="0" /><Point X="358" Y="460" T="0" /><Point X="359" Y="462" T="0" /><Point X="360" Y="467" T="0" /><Point X="360" Y="468" T="0" /><Point X="361" Y="466" T="0" /><Point X="362" Y="462" T="0" /><Point X="364" Y="455" T="0" /><Point X="367" Y="449" T="0" /><Point X="370" Y="440" T="0" /><Point X="371" Y="435" T="0" /><Point X="381" Y="411" T="0" /><Point X="386" Y="398" T="0" /><Point X="391" Y="385" T="0" /><Point X="394" Y="378" T="0" /><Point X="412" Y="343" T="0" /><Point X="419" Y="331" T="0" /><Point X="424" Y="323" T="0" /><Point X="428" Y="315" T="0" /><Point X="438" Y="299" T="0" /><Point X="442" Y="292" T="0" /><Point X="446" Y="285" T="0" /><Point X="449" Y="280" T="0" /><Point X="454" Y="270" T="0" /><Point X="455" Y="267" T="0" /><Point X="455" Y="266" T="0" /></Gesture>