<Gesture Name="v" Subject="1" Number="1" NumPts="62" Millseconds="0" AppName="Gestures" AppVer="1.0" Date="Wednesday, March 01, 2023" TimeOfDay="13:07:28" ID="4"><Point X="249" Y="256" T="0" /><Point X="249" Y="257" T="0" /><Point X="251" Y="259" T="0" /><Point X="256" Y="267" T="0" /><Point X="259" Y="273" T="0" /><Point X="261" Y="276" T="0" /><Point X="264" Y="282" T="0" /><Point X="273" Y="301" T="0" /><Point X="276" Y="308" T="0" /><Point X="278" Y="315" T="0" /><Point X="283" Y="323" T="0" /><Point X="292" Y="340" T="0" /><Point X="294" Y="343" T="0" /><Point X="298" Y="349" T="0" /><Point X="300" Y="351" T="0" /><Point X="304" Y="358" T="0" /><Point X="306" Y="362" T="0" /><Point X="308" Y="368" T="0" /><Point X="310" Y="371" T="0" /><Point X="315" Y="383" T="0" /><Point X="318" Y="388" T="0" /><Point X="320" Y="391" T="0" /><Point X="326" Y="401" T="0" /><Point X="331" Y="411" T="0" /><Point X="334" Y="416" T="0" /><Point X="338" Y="426" T="0" /><Point X="339" Y="427" T="0" /><Point X="342" Y="432" T="0" /><Point X="343" Y="435" T="0" /><Point X="344" Y="435" T="0" /><Point X="344" Y="434" T="0" /><Point X="346" Y="432" T="0" /><Point X="348" Y="429" T="0" /><Point X="351" Y="426" T="0" /><Point X="356" Y="420" T="0" /><Point X="360" Y="416" T="0" /><Point X="376" Y="400" T="0" /><Point X="382" Y="394" T="0" /><Point X="392" Y="384" T="0" /><Point X="402" Y="375" T="0" /><Point X="412" Y="366" T="0" /><Point X="441" Y="338" T="0" /><Point X="447" Y="333" T="0" /><Point X="457" Y="323" T="0" /><Point X="465" Y="315" T="0" /><Point X="478" Y="302" T="0" /><Point X="486" Y="294" T="0" /><Point X="488" Y="291" T="0" /><Point X="493" Y="285" T="0" /><Point X="502" Y="274" T="0" /><Point X="503" Y="272" T="0" /><Point X="507" Y="267" T="0" /><Point X="512" Y="260" T="0" /><Point X="512" Y="259" T="0" /><Point X="513" Y="258" T="0" /><Point X="514" Y="256" T="0" /><Point X="517" Y="252" T="0" /><Point X="518" Y="251" T="0" /><Point X="518" Y="250" T="0" /><Point X="519" Y="248" T="0" /><Point X="520" Y="247" T="0" /><Point X="520" Y="246" T="0" /></Gesture>