<Gesture Name="v" Subject="1" Number="1" NumPts="45" Millseconds="0" AppName="Gestures" AppVer="1.0" Date="Wednesday, March 01, 2023" TimeOfDay="13:08:25" ID="5"><Point X="237" Y="260" T="0" /><Point X="238" Y="260" T="0" /><Point X="240" Y="263" T="0" /><Point X="242" Y="266" T="0" /><Point X="243" Y="269" T="0" /><Point X="246" Y="274" T="0" /><Point X="251" Y="284" T="0" /><Point X="265" Y="312" T="0" /><Point X="270" Y="322" T="0" /><Point X="276" Y="334" T="0" /><Point X="283" Y="347" T="0" /><Point X="304" Y="381" T="0" /><Point X="308" Y="388" T="0" /><Point X="315" Y="402" T="0" /><Point X="318" Y="408" T="0" /><Point X="326" Y="425" T="0" /><Point X="329" Y="432" T="0" /><Point X="331" Y="435" T="0" /><Point X="334" Y="441" T="0" /><Point X="339" Y="449" T="0" /><Point X="340" Y="451" T="0" /><Point X="342" Y="453" T="0" /><Point X="343" Y="455" T="0" /><Point X="344" Y="456" T="0" /><Point X="345" Y="457" T="0" /><Point X="345" Y="458" T="0" /><Point X="346" Y="458" T="0" /><Point X="348" Y="460" T="0" /><Point X="350" Y="458" T="0" /><Point X="354" Y="453" T="0" /><Point X="356" Y="449" T="0" /><Point X="363" Y="439" T="0" /><Point X="368" Y="432" T="0" /><Point X="376" Y="420" T="0" /><Point X="412" Y="369" T="0" /><Point X="424" Y="352" T="0" /><Point X="434" Y="338" T="0" /><Point X="447" Y="320" T="0" /><Point X="457" Y="307" T="0" /><Point X="491" Y="264" T="0" /><Point X="496" Y="258" T="0" /><Point X="507" Y="240" T="0" /><Point X="513" Y="230" T="0" /><Point X="513" Y="229" T="0" /><Point X="514" Y="229" T="0" /></Gesture>