<Gesture Name="v" Subject="1" Number="1" NumPts="83" Millseconds="0" AppName="Gestures" AppVer="1.0" Date="Wednesday, March 01, 2023" TimeOfDay="13:09:24" ID="6"><Point X="209" Y="199" T="0" /><Point X="210" Y="199" T="0" /><Point X="211" Y="199" T="0" /><Point X="213" Y="200" T="0" /><Point X="217" Y="205" T="0" /><Point X="220" Y="208" T="0" /><Point X="228" Y="222" T="0" /><Point X="235" Y="236" T="0" /><Point X="240" Y="245" T="0" /><Point X="244" Y="253" T="0" /><Point X="247" Y="259" T="0" /><Point X="258" Y="277" T="0" /><Point X="263" Y="285" T="0" /><Point X="270" Y="297" T="0" /><Point X="276" Y="307" T="0" /><Point X="293" Y="336" T="0" /><Point X="297" Y="344" T="0" /><Point X="301" Y="351" T="0" /><Point X="307" Y="365" T="0" /><Point X="309" Y="369" T="0" /><Point X="313" Y="377" T="0" /><Point X="314" Y="380" T="0" /><Point X="318" Y="393" T="0" /><Point X="320" Y="398" T="0" /><Point X="324" Y="408" T="0" /><Point X="326" Y="411" T="0" /><Point X="330" Y="420" T="0" /><Point X="331" Y="422" T="0" /><Point X="332" Y="424" T="0" /><Point X="333" Y="425" T="0" /><Point X="335" Y="430" T="0" /><Point X="336" Y="431" T="0" /><Point X="337" Y="433" T="0" /><Point X="337" Y="434" T="0" /><Point X="338" Y="436" T="0" /><Point X="338" Y="437" T="0" /><Point X="339" Y="437" T="0" /><Point X="341" Y="435" T="0" /><Point X="343" Y="432" T="0" /><Point X="346" Y="429" T="0" /><Point X="349" Y="424" T="0" /><Point X="355" Y="418" T="0" /><Point X="360" Y="412" T="0" /><Point X="375" Y="393" T="0" /><Point X="383" Y="383" T="0" /><Point X="388" Y="377" T="0" /><Point X="397" Y="365" T="0" /><Point X="417" Y="339" T="0" /><Point X="425" Y="329" T="0" /><Point X="431" Y="319" T="0" /><Point X="435" Y="314" T="0" /><Point X="460" Y="281" T="0" /><Point X="466" Y="272" T="0" /><Point X="470" Y="267" T="0" /><Point X="477" Y="259" T="0" /><Point X="479" Y="255" T="0" /><Point X="482" Y="251" T="0" /><Point X="484" Y="249" T="0" /><Point X="487" Y="244" T="0" /><Point X="488" Y="242" T="0" /><Point X="490" Y="239" T="0" /><Point X="494" Y="233" T="0" /><Point X="496" Y="229" T="0" /><Point X="499" Y="226" T="0" /><Point X="500" Y="224" T="0" /><Point X="505" Y="214" T="0" /><Point X="507" Y="212" T="0" /><Point X="508" Y="210" T="0" /><Point X="511" Y="206" T="0" /><Point X="513" Y="203" T="0" /><Point X="518" Y="196" T="0" /><Point X="520" Y="192" T="0" /><Point X="523" Y="188" T="0" /><Point X="524" Y="185" T="0" /><Point X="528" Y="179" T="0" /><Point X="528" Y="177" T="0" /><Point X="529" Y="175" T="0" /><Point X="530" Y="174" T="0" /><Point X="530" Y="173" T="0" /><Point X="531" Y="172" T="0" /><Point X="532" Y="171" T="0" /><Point X="532" Y="170" T="0" /><Point X="532" Y="169" T="0" /></Gesture>