<Gesture Name="v" Subject="1" Number="1" NumPts="101" Millseconds="0" AppName="Gestures" AppVer="1.0" Date="Wednesday, March 01, 2023" TimeOfDay="13:10:31" ID="7"><Point X="356" Y="158" T="0" /><Point X="356" Y="157" T="0" /><Point X="356" Y="156" T="0" /><Point X="357" Y="153" T="0" /><Point X="359" Y="151" T="0" /><Point X="368" Y="143" T="0" /><Point X="379" Y="138" T="0" /><Point X="386" Y="135" T="0" /><Point X="409" Y="131" T="0" /><Point X="415" Y="131" T="0" /><Point X="419" Y="131" T="0" /><Point X="427" Y="134" T="0" /><Point X="428" Y="134" T="0" /><Point X="429" Y="136" T="0" /><Point X="430" Y="137" T="0" /><Point X="433" Y="146" T="0" /><Point X="433" Y="148" T="0" /><Point X="434" Y="154" T="0" /><Point X="435" Y="158" T="0" /><Point X="435" Y="161" T="0" /><Point X="437" Y="182" T="0" /><Point X="437" Y="190" T="0" /><Point X="437" Y="196" T="0" /><Point X="437" Y="208" T="0" /><Point X="436" Y="218" T="0" /><Point X="435" Y="225" T="0" /><Point X="431" Y="236" T="0" /><Point X="428" Y="243" T="0" /><Point X="427" Y="249" T="0" /><Point X="425" Y="253" T="0" /><Point X="421" Y="265" T="0" /><Point X="419" Y="270" T="0" /><Point X="417" Y="275" T="0" /><Point X="409" Y="294" T="0" /><Point X="407" Y="299" T="0" /><Point X="406" Y="304" T="0" /><Point X="403" Y="309" T="0" /><Point X="399" Y="323" T="0" /><Point X="398" Y="328" T="0" /><Point X="397" Y="334" T="0" /><Point X="397" Y="339" T="0" /><Point X="397" Y="345" T="0" /><Point X="397" Y="355" T="0" /><Point X="397" Y="358" T="0" /><Point X="397" Y="361" T="0" /><Point X="398" Y="364" T="0" /><Point X="402" Y="369" T="0" /><Point X="403" Y="371" T="0" /><Point X="405" Y="372" T="0" /><Point X="407" Y="373" T="0" /><Point X="416" Y="374" T="0" /><Point X="419" Y="374" T="0" /><Point X="420" Y="374" T="0" /><Point X="423" Y="373" T="0" /><Point X="428" Y="369" T="0" /><Point X="431" Y="367" T="0" /><Point X="437" Y="362" T="0" /><Point X="443" Y="358" T="0" /><Point X="448" Y="354" T="0" /><Point X="450" Y="353" T="0" /><Point X="451" Y="352" T="0" /><Point X="452" Y="352" T="0" /><Point X="453" Y="352" T="0" /><Point X="453" Y="353" T="0" /><Point X="453" Y="358" T="0" /><Point X="453" Y="372" T="0" /><Point X="453" Y="377" T="0" /><Point X="448" Y="397" T="0" /><Point X="444" Y="408" T="0" /><Point X="442" Y="414" T="0" /><Point X="437" Y="429" T="0" /><Point X="436" Y="434" T="0" /><Point X="434" Y="439" T="0" /><Point X="432" Y="445" T="0" /><Point X="429" Y="458" T="0" /><Point X="427" Y="464" T="0" /><Point X="426" Y="468" T="0" /><Point X="422" Y="485" T="0" /><Point X="421" Y="488" T="0" /><Point X="419" Y="492" T="0" /><Point X="418" Y="496" T="0" /><Point X="415" Y="503" T="0" /><Point X="413" Y="505" T="0" /><Point X="412" Y="507" T="0" /><Point X="410" Y="512" T="0" /><Point X="404" Y="518" T="0" /><Point X="402" Y="520" T="0" /><Point X="400" Y="523" T="0" /><Point X="398" Y="525" T="0" /><Point X="396" Y="527" T="0" /><Point X="391" Y="530" T="0" /><Point X="389" Y="531" T="0" /><Point X="385" Y="532" T="0" /><Point X="381" Y="534" T="0" /><Point X="371" Y="537" T="0" /><Point X="369" Y="538" T="0" /><Point X="367" Y="539" T="0" /><Point X="364" Y="539" T="0" /><Point X="363" Y="539" T="0" /><Point X="362" Y="539" T="0" /><Point X="362" Y="538" T="0" /></Gesture>