<Gesture Name="v" Subject="1" Number="1" NumPts="99" Millseconds="0" AppName="Gestures" AppVer="1.0" Date="Wednesday, March 01, 2023" TimeOfDay="13:11:29" ID="8"><Point X="321" Y="149" T="0" /><Point X="321" Y="148" T="0" /><Point X="321" Y="147" T="0" /><Point X="321" Y="145" T="0" /><Point X="321" Y="143" T="0" /><Point X="326" Y="136" T="0" /><Point X="327" Y="135" T="0" /><Point X="329" Y="134" T="0" /><Point X="330" Y="133" T="0" /><Point X="337" Y="131" T="0" /><Point X="340" Y="130" T="0" /><Point X="342" Y="131" T="0" /><Point X="343" Y="132" T="0" /><Point X="345" Y="133" T="0" /><Point X="351" Y="141" T="0" /><Point X="355" Y="146" T="0" /><Point X="357" Y="149" T="0" /><Point X="360" Y="154" T="0" /><Point X="366" Y="164" T="0" /><Point X="369" Y="169" T="0" /><Point X="370" Y="172" T="0" /><Point X="373" Y="184" T="0" /><Point X="374" Y="191" T="0" /><Point X="374" Y="195" T="0" /><Point X="374" Y="198" T="0" /><Point X="374" Y="207" T="0" /><Point X="374" Y="211" T="0" /><Point X="374" Y="217" T="0" /><Point X="372" Y="230" T="0" /><Point X="370" Y="237" T="0" /><Point X="367" Y="249" T="0" /><Point X="362" Y="266" T="0" /><Point X="361" Y="270" T="0" /><Point X="357" Y="282" T="0" /><Point X="354" Y="288" T="0" /><Point X="353" Y="291" T="0" /><Point X="350" Y="300" T="0" /><Point X="349" Y="303" T="0" /><Point X="348" Y="306" T="0" /><Point X="348" Y="310" T="0" /><Point X="346" Y="317" T="0" /><Point X="345" Y="320" T="0" /><Point X="345" Y="322" T="0" /><Point X="345" Y="325" T="0" /><Point X="345" Y="332" T="0" /><Point X="345" Y="334" T="0" /><Point X="346" Y="336" T="0" /><Point X="347" Y="337" T="0" /><Point X="354" Y="341" T="0" /><Point X="358" Y="342" T="0" /><Point X="367" Y="341" T="0" /><Point X="375" Y="338" T="0" /><Point X="378" Y="336" T="0" /><Point X="380" Y="335" T="0" /><Point X="382" Y="333" T="0" /><Point X="385" Y="330" T="0" /><Point X="386" Y="329" T="0" /><Point X="387" Y="328" T="0" /><Point X="387" Y="330" T="0" /><Point X="387" Y="331" T="0" /><Point X="387" Y="333" T="0" /><Point X="386" Y="335" T="0" /><Point X="385" Y="338" T="0" /><Point X="384" Y="345" T="0" /><Point X="383" Y="352" T="0" /><Point X="382" Y="355" T="0" /><Point X="382" Y="359" T="0" /><Point X="377" Y="379" T="0" /><Point X="376" Y="386" T="0" /><Point X="374" Y="403" T="0" /><Point X="373" Y="413" T="0" /><Point X="372" Y="417" T="0" /><Point X="371" Y="430" T="0" /><Point X="371" Y="434" T="0" /><Point X="370" Y="437" T="0" /><Point X="369" Y="441" T="0" /><Point X="367" Y="448" T="0" /><Point X="367" Y="450" T="0" /><Point X="366" Y="453" T="0" /><Point X="365" Y="456" T="0" /><Point X="363" Y="464" T="0" /><Point X="362" Y="467" T="0" /><Point X="362" Y="468" T="0" /><Point X="361" Y="470" T="0" /><Point X="358" Y="476" T="0" /><Point X="357" Y="477" T="0" /><Point X="357" Y="478" T="0" /><Point X="355" Y="480" T="0" /><Point X="351" Y="484" T="0" /><Point X="349" Y="484" T="0" /><Point X="347" Y="485" T="0" /><Point X="343" Y="486" T="0" /><Point X="340" Y="486" T="0" /><Point X="339" Y="486" T="0" /><Point X="336" Y="485" T="0" /><Point X="331" Y="482" T="0" /><Point X="327" Y="479" T="0" /><Point X="323" Y="475" T="0" /><Point X="320" Y="473" T="0" /></Gesture>