<Gesture Name="v" Subject="1" Number="1" NumPts="90" Millseconds="0" AppName="Gestures" AppVer="1.0" Date="Wednesday, March 01, 2023" TimeOfDay="13:12:23" ID="9"><Point X="340" Y="291" T="0" /><Point X="341" Y="289" T="0" /><Point X="341" Y="287" T="0" /><Point X="342" Y="285" T="0" /><Point X="344" Y="281" T="0" /><Point X="346" Y="278" T="0" /><Point X="348" Y="276" T="0" /><Point X="353" Y="273" T="0" /><Point X="361" Y="268" T="0" /><Point X="373" Y="264" T="0" /><Point X="376" Y="263" T="0" /><Point X="382" Y="263" T="0" /><Point X="387" Y="263" T="0" /><Point X="390" Y="264" T="0" /><Point X="392" Y="265" T="0" /><Point X="397" Y="269" T="0" /><Point X="398" Y="271" T="0" /><Point X="399" Y="272" T="0" /><Point X="402" Y="282" T="0" /><Point X="403" Y="285" T="0" /><Point X="405" Y="290" T="0" /><Point X="405" Y="294" T="0" /><Point X="407" Y="303" T="0" /><Point X="408" Y="306" T="0" /><Point X="408" Y="312" T="0" /><Point X="408" Y="315" T="0" /><Point X="408" Y="317" T="0" /><Point X="408" Y="324" T="0" /><Point X="407" Y="327" T="0" /><Point X="406" Y="330" T="0" /><Point X="401" Y="347" T="0" /><Point X="398" Y="356" T="0" /><Point X="397" Y="361" T="0" /><Point X="392" Y="380" T="0" /><Point X="390" Y="388" T="0" /><Point X="387" Y="400" T="0" /><Point X="387" Y="406" T="0" /><Point X="385" Y="418" T="0" /><Point X="385" Y="422" T="0" /><Point X="386" Y="427" T="0" /><Point X="388" Y="434" T="0" /><Point X="388" Y="435" T="0" /><Point X="394" Y="437" T="0" /><Point X="395" Y="438" T="0" /><Point X="397" Y="438" T="0" /><Point X="407" Y="434" T="0" /><Point X="409" Y="434" T="0" /><Point X="412" Y="432" T="0" /><Point X="414" Y="431" T="0" /><Point X="415" Y="431" T="0" /><Point X="415" Y="432" T="0" /><Point X="416" Y="434" T="0" /><Point X="416" Y="436" T="0" /><Point X="415" Y="442" T="0" /><Point X="414" Y="451" T="0" /><Point X="412" Y="457" T="0" /><Point X="411" Y="461" T="0" /><Point X="408" Y="474" T="0" /><Point X="407" Y="478" T="0" /><Point X="405" Y="484" T="0" /><Point X="403" Y="492" T="0" /><Point X="401" Y="504" T="0" /><Point X="399" Y="510" T="0" /><Point X="397" Y="521" T="0" /><Point X="396" Y="526" T="0" /><Point X="393" Y="541" T="0" /><Point X="392" Y="547" T="0" /><Point X="389" Y="554" T="0" /><Point X="388" Y="556" T="0" /><Point X="388" Y="557" T="0" /><Point X="387" Y="558" T="0" /><Point X="385" Y="560" T="0" /><Point X="385" Y="561" T="0" /><Point X="384" Y="561" T="0" /><Point X="382" Y="562" T="0" /><Point X="380" Y="564" T="0" /><Point X="379" Y="565" T="0" /><Point X="378" Y="565" T="0" /><Point X="377" Y="565" T="0" /><Point X="372" Y="566" T="0" /><Point X="368" Y="566" T="0" /><Point X="363" Y="565" T="0" /><Point X="359" Y="564" T="0" /><Point X="351" Y="562" T="0" /><Point X="348" Y="562" T="0" /><Point X="344" Y="561" T="0" /><Point X="343" Y="560" T="0" /><Point X="340" Y="559" T="0" /><Point X="339" Y="559" T="0" /><Point X="338" Y="558" T="0" /></Gesture>