<Gesture Name="x" Subject="1" Number="1" NumPts="81" Millseconds="0" AppName="Gestures" AppVer="1.0" Date="Wednesday, March 01, 2023" TimeOfDay="13:03:33" ID="1"><Point X="231" Y="94" T="0" /><Point X="231" Y="95" T="0" /><Point X="233" Y="96" T="0" /><Point X="239" Y="104" T="0" /><Point X="253" Y="122" T="0" /><Point X="259" Y="129" T="0" /><Point X="284" Y="158" T="0" /><Point X="299" Y="175" T="0" /><Point X="308" Y="186" T="0" /><Point X="331" Y="210" T="0" /><Point X="337" Y="215" T="0" /><Point X="347" Y="226" T="0" /><Point X="353" Y="231" T="0" /><Point X="359" Y="236" T="0" /><Point X="370" Y="245" T="0" /><Point X="376" Y="249" T="0" /><Point X="379" Y="253" T="0" /><Point X="382" Y="254" T="0" /><Point X="390" Y="260" T="0" /><Point X="392" Y="262" T="0" /><Point X="394" Y="264" T="0" /><Point X="402" Y="271" T="0" /><Point X="405" Y="273" T="0" /><Point X="408" Y="276" T="0" /><Point X="410" Y="277" T="0" /><Point X="415" Y="282" T="0" /><Point X="416" Y="283" T="0" /><Point X="417" Y="283" T="0" /><Point X="417" Y="284" T="0" /><Point X="416" Y="284" T="0" /><Point X="412" Y="285" T="0" /><Point X="408" Y="285" T="0" /><Point X="404" Y="286" T="0" /><Point X="396" Y="289" T="0" /><Point X="389" Y="290" T="0" /><Point X="371" Y="295" T="0" /><Point X="358" Y="297" T="0" /><Point X="347" Y="299" T="0" /><Point X="335" Y="301" T="0" /><Point X="305" Y="305" T="0" /><Point X="293" Y="307" T="0" /><Point X="280" Y="307" T="0" /><Point X="268" Y="308" T="0" /><Point X="250" Y="309" T="0" /><Point X="242" Y="310" T="0" /><Point X="235" Y="311" T="0" /><Point X="232" Y="312" T="0" /><Point X="229" Y="313" T="0" /><Point X="230" Y="313" T="0" /><Point X="231" Y="313" T="0" /><Point X="232" Y="312" T="0" /><Point X="233" Y="311" T="0" /><Point X="235" Y="309" T="0" /><Point X="240" Y="303" T="0" /><Point X="264" Y="275" T="0" /><Point X="270" Y="268" T="0" /><Point X="276" Y="261" T="0" /><Point X="285" Y="250" T="0" /><Point X="307" Y="224" T="0" /><Point X="318" Y="211" T="0" /><Point X="325" Y="204" T="0" /><Point X="332" Y="196" T="0" /><Point X="351" Y="176" T="0" /><Point X="357" Y="170" T="0" /><Point X="363" Y="165" T="0" /><Point X="369" Y="161" T="0" /><Point X="375" Y="155" T="0" /><Point X="377" Y="153" T="0" /><Point X="379" Y="152" T="0" /><Point X="379" Y="151" T="0" /><Point X="380" Y="151" T="0" /><Point X="381" Y="150" T="0" /><Point X="382" Y="148" T="0" /><Point X="384" Y="146" T="0" /><Point X="384" Y="144" T="0" /><Point X="385" Y="144" T="0" /><Point X="385" Y="143" T="0" /><Point X="386" Y="141" T="0" /><Point X="386" Y="140" T="0" /><Point X="387" Y="137" T="0" /><Point X="387" Y="136" T="0" /></Gesture>