<Gesture Name="x" Subject="1" Number="1" NumPts="43" Millseconds="0" AppName="Gestures" AppVer="1.0" Date="Wednesday, March 01, 2023" TimeOfDay="13:12:55" ID="10"><Point X="288" Y="385" T="0" /><Point X="288" Y="386" T="0" /><Point X="290" Y="388" T="0" /><Point X="291" Y="392" T="0" /><Point X="294" Y="397" T="0" /><Point X="296" Y="402" T="0" /><Point X="302" Y="418" T="0" /><Point X="306" Y="426" T="0" /><Point X="310" Y="435" T="0" /><Point X="314" Y="440" T="0" /><Point X="317" Y="447" T="0" /><Point X="323" Y="457" T="0" /><Point X="325" Y="459" T="0" /><Point X="327" Y="463" T="0" /><Point X="328" Y="464" T="0" /><Point X="330" Y="467" T="0" /><Point X="330" Y="468" T="0" /><Point X="331" Y="468" T="0" /><Point X="331" Y="469" T="0" /><Point X="332" Y="469" T="0" /><Point X="334" Y="466" T="0" /><Point X="335" Y="464" T="0" /><Point X="340" Y="457" T="0" /><Point X="347" Y="449" T="0" /><Point X="356" Y="438" T="0" /><Point X="365" Y="428" T="0" /><Point X="378" Y="414" T="0" /><Point X="398" Y="392" T="0" /><Point X="410" Y="380" T="0" /><Point X="426" Y="365" T="0" /><Point X="489" Y="301" T="0" /><Point X="508" Y="283" T="0" /><Point X="529" Y="262" T="0" /><Point X="541" Y="250" T="0" /><Point X="587" Y="204" T="0" /><Point X="600" Y="191" T="0" /><Point X="608" Y="182" T="0" /><Point X="613" Y="176" T="0" /><Point X="624" Y="163" T="0" /><Point X="628" Y="157" T="0" /><Point X="628" Y="156" T="0" /><Point X="629" Y="156" T="0" /><Point X="629" Y="155" T="0" /></Gesture>