<Gesture Name="x" Subject="1" Number="1" NumPts="77" Millseconds="0" AppName="Gestures" AppVer="1.0" Date="Wednesday, March 01, 2023" TimeOfDay="13:04:49" ID="2"><Point X="325" Y="187" T="0" /><Point X="326" Y="187" T="0" /><Point X="329" Y="190" T="0" /><Point X="333" Y="194" T="0" /><Point X="337" Y="198" T="0" /><Point X="340" Y="201" T="0" /><Point X="346" Y="207" T="0" /><Point X="366" Y="232" T="0" /><Point X="373" Y="241" T="0" /><Point X="381" Y="252" T="0" /><Point X="391" Y="264" T="0" /><Point X="400" Y="274" T="0" /><Point X="434" Y="309" T="0" /><Point X="452" Y="326" T="0" /><Point X="460" Y="332" T="0" /><Point X="485" Y="352" T="0" /><Point X="490" Y="356" T="0" /><Point X="493" Y="359" T="0" /><Point X="496" Y="362" T="0" /><Point X="497" Y="362" T="0" /><Point X="496" Y="362" T="0" /><Point X="494" Y="363" T="0" /><Point X="489" Y="365" T="0" /><Point X="473" Y="368" T="0" /><Point X="455" Y="372" T="0" /><Point X="442" Y="375" T="0" /><Point X="403" Y="382" T="0" /><Point X="390" Y="384" T="0" /><Point X="377" Y="386" T="0" /><Point X="369" Y="387" T="0" /><Point X="343" Y="392" T="0" /><Point X="338" Y="393" T="0" /><Point X="329" Y="395" T="0" /><Point X="324" Y="397" T="0" /><Point X="315" Y="400" T="0" /><Point X="313" Y="401" T="0" /><Point X="311" Y="402" T="0" /><Point X="310" Y="402" T="0" /><Point X="305" Y="404" T="0" /><Point X="303" Y="405" T="0" /><Point X="300" Y="405" T="0" /><Point X="296" Y="406" T="0" /><Point X="296" Y="405" T="0" /><Point X="298" Y="403" T="0" /><Point X="300" Y="400" T="0" /><Point X="304" Y="393" T="0" /><Point X="306" Y="389" T="0" /><Point X="314" Y="375" T="0" /><Point X="317" Y="369" T="0" /><Point X="323" Y="357" T="0" /><Point X="327" Y="350" T="0" /><Point X="340" Y="325" T="0" /><Point X="347" Y="311" T="0" /><Point X="353" Y="298" T="0" /><Point X="359" Y="287" T="0" /><Point X="379" Y="248" T="0" /><Point X="383" Y="241" T="0" /><Point X="390" Y="227" T="0" /><Point X="395" Y="218" T="0" /><Point X="400" Y="210" T="0" /><Point X="412" Y="192" T="0" /><Point X="414" Y="189" T="0" /><Point X="418" Y="184" T="0" /><Point X="421" Y="181" T="0" /><Point X="426" Y="174" T="0" /><Point X="427" Y="173" T="0" /><Point X="429" Y="172" T="0" /><Point X="430" Y="170" T="0" /><Point X="440" Y="161" T="0" /><Point X="444" Y="157" T="0" /><Point X="447" Y="154" T="0" /><Point X="451" Y="150" T="0" /><Point X="458" Y="143" T="0" /><Point X="459" Y="142" T="0" /><Point X="459" Y="141" T="0" /><Point X="460" Y="141" T="0" /><Point X="460" Y="140" T="0" /></Gesture>