<Gesture Name="x" Subject="1" Number="1" NumPts="108" Millseconds="0" AppName="Gestures" AppVer="1.0" Date="Wednesday, March 01, 2023" TimeOfDay="13:06:01" ID="3"><Point X="271" Y="169" T="0" /><Point X="271" Y="171" T="0" /><Point X="272" Y="173" T="0" /><Point X="272" Y="176" T="0" /><Point X="273" Y="178" T="0" /><Point X="274" Y="181" T="0" /><Point X="276" Y="185" T="0" /><Point X="277" Y="191" T="0" /><Point X="282" Y="202" T="0" /><Point X="286" Y="211" T="0" /><Point X="289" Y="219" T="0" /><Point X="292" Y="225" T="0" /><Point X="305" Y="256" T="0" /><Point X="309" Y="264" T="0" /><Point X="316" Y="276" T="0" /><Point X="320" Y="283" T="0" /><Point X="338" Y="315" T="0" /><Point X="343" Y="323" T="0" /><Point X="349" Y="331" T="0" /><Point X="354" Y="339" T="0" /><Point X="363" Y="353" T="0" /><Point X="368" Y="359" T="0" /><Point X="370" Y="362" T="0" /><Point X="376" Y="369" T="0" /><Point X="381" Y="374" T="0" /><Point X="383" Y="377" T="0" /><Point X="385" Y="380" T="0" /><Point X="387" Y="381" T="0" /><Point X="390" Y="386" T="0" /><Point X="391" Y="386" T="0" /><Point X="391" Y="387" T="0" /><Point X="392" Y="387" T="0" /><Point X="394" Y="390" T="0" /><Point X="395" Y="391" T="0" /><Point X="396" Y="391" T="0" /><Point X="397" Y="392" T="0" /><Point X="400" Y="397" T="0" /><Point X="402" Y="398" T="0" /><Point X="402" Y="399" T="0" /><Point X="403" Y="400" T="0" /><Point X="407" Y="403" T="0" /><Point X="407" Y="404" T="0" /><Point X="409" Y="406" T="0" /><Point X="411" Y="407" T="0" /><Point X="415" Y="411" T="0" /><Point X="417" Y="412" T="0" /><Point X="418" Y="414" T="0" /><Point X="421" Y="416" T="0" /><Point X="423" Y="418" T="0" /><Point X="424" Y="418" T="0" /><Point X="423" Y="418" T="0" /><Point X="423" Y="417" T="0" /><Point X="422" Y="414" T="0" /><Point X="422" Y="411" T="0" /><Point X="422" Y="404" T="0" /><Point X="425" Y="386" T="0" /><Point X="427" Y="376" T="0" /><Point X="427" Y="368" T="0" /><Point X="429" Y="354" T="0" /><Point X="433" Y="328" T="0" /><Point X="434" Y="316" T="0" /><Point X="436" Y="303" T="0" /><Point X="436" Y="295" T="0" /><Point X="441" Y="262" T="0" /><Point X="443" Y="246" T="0" /><Point X="444" Y="238" T="0" /><Point X="447" Y="226" T="0" /><Point X="450" Y="209" T="0" /><Point X="451" Y="203" T="0" /><Point X="453" Y="193" T="0" /><Point X="454" Y="188" T="0" /><Point X="456" Y="177" T="0" /><Point X="456" Y="176" T="0" /><Point X="457" Y="172" T="0" /><Point X="457" Y="171" T="0" /><Point X="458" Y="169" T="0" /><Point X="457" Y="169" T="0" /><Point X="457" Y="170" T="0" /><Point X="456" Y="171" T="0" /><Point X="454" Y="174" T="0" /><Point X="453" Y="176" T="0" /><Point X="450" Y="180" T="0" /><Point X="446" Y="184" T="0" /><Point X="443" Y="188" T="0" /><Point X="430" Y="201" T="0" /><Point X="423" Y="208" T="0" /><Point X="416" Y="215" T="0" /><Point X="410" Y="221" T="0" /><Point X="392" Y="241" T="0" /><Point X="383" Y="252" T="0" /><Point X="378" Y="258" T="0" /><Point X="368" Y="269" T="0" /><Point X="362" Y="276" T="0" /><Point X="335" Y="307" T="0" /><Point X="329" Y="313" T="0" /><Point X="318" Y="324" T="0" /><Point X="311" Y="331" T="0" /><Point X="284" Y="355" T="0" /><Point X="277" Y="362" T="0" /><Point X="266" Y="370" T="0" /><Point X="255" Y="378" T="0" /><Point X="233" Y="395" T="0" /><Point X="226" Y="401" T="0" /><Point X="221" Y="405" T="0" /><Point X="218" Y="408" T="0" /><Point X="209" Y="416" T="0" /><Point X="209" Y="417" T="0" /><Point X="208" Y="418" T="0" /></Gesture>