<Gesture Name="x" Subject="1" Number="1" NumPts="85" Millseconds="0" AppName="Gestures" AppVer="1.0" Date="Wednesday, March 01, 2023" TimeOfDay="13:06:59" ID="4"><Point X="287" Y="145" T="0" /><Point X="287" Y="146" T="0" /><Point X="288" Y="150" T="0" /><Point X="289" Y="152" T="0" /><Point X="289" Y="153" T="0" /><Point X="290" Y="156" T="0" /><Point X="293" Y="163" T="0" /><Point X="294" Y="167" T="0" /><Point X="296" Y="170" T="0" /><Point X="298" Y="175" T="0" /><Point X="305" Y="185" T="0" /><Point X="308" Y="188" T="0" /><Point X="312" Y="194" T="0" /><Point X="316" Y="199" T="0" /><Point X="324" Y="210" T="0" /><Point X="330" Y="218" T="0" /><Point X="335" Y="225" T="0" /><Point X="342" Y="234" T="0" /><Point X="358" Y="255" T="0" /><Point X="362" Y="262" T="0" /><Point X="368" Y="268" T="0" /><Point X="373" Y="275" T="0" /><Point X="380" Y="286" T="0" /><Point X="397" Y="307" T="0" /><Point X="402" Y="313" T="0" /><Point X="405" Y="317" T="0" /><Point X="409" Y="322" T="0" /><Point X="418" Y="332" T="0" /><Point X="419" Y="334" T="0" /><Point X="421" Y="336" T="0" /><Point X="423" Y="338" T="0" /><Point X="426" Y="342" T="0" /><Point X="427" Y="344" T="0" /><Point X="428" Y="344" T="0" /><Point X="430" Y="345" T="0" /><Point X="430" Y="346" T="0" /><Point X="430" Y="345" T="0" /><Point X="430" Y="343" T="0" /><Point X="430" Y="337" T="0" /><Point X="432" Y="333" T="0" /><Point X="432" Y="329" T="0" /><Point X="434" Y="320" T="0" /><Point X="435" Y="313" T="0" /><Point X="438" Y="304" T="0" /><Point X="441" Y="294" T="0" /><Point X="451" Y="257" T="0" /><Point X="454" Y="246" T="0" /><Point X="457" Y="236" T="0" /><Point X="460" Y="225" T="0" /><Point X="464" Y="204" T="0" /><Point X="465" Y="197" T="0" /><Point X="467" Y="188" T="0" /><Point X="468" Y="180" T="0" /><Point X="470" Y="166" T="0" /><Point X="471" Y="158" T="0" /><Point X="472" Y="156" T="0" /><Point X="472" Y="150" T="0" /><Point X="473" Y="145" T="0" /><Point X="473" Y="143" T="0" /><Point X="473" Y="142" T="0" /><Point X="473" Y="141" T="0" /><Point X="473" Y="140" T="0" /><Point X="472" Y="140" T="0" /><Point X="471" Y="141" T="0" /><Point X="470" Y="143" T="0" /><Point X="467" Y="144" T="0" /><Point X="459" Y="149" T="0" /><Point X="452" Y="154" T="0" /><Point X="430" Y="167" T="0" /><Point X="418" Y="174" T="0" /><Point X="406" Y="183" T="0" /><Point X="398" Y="189" T="0" /><Point X="364" Y="213" T="0" /><Point X="356" Y="219" T="0" /><Point X="347" Y="227" T="0" /><Point X="337" Y="236" T="0" /><Point X="318" Y="252" T="0" /><Point X="309" Y="261" T="0" /><Point X="303" Y="267" T="0" /><Point X="297" Y="273" T="0" /><Point X="287" Y="283" T="0" /><Point X="284" Y="286" T="0" /><Point X="281" Y="289" T="0" /><Point X="278" Y="292" T="0" /><Point X="276" Y="295" T="0" /></Gesture>