<Gesture Name="x" Subject="1" Number="1" NumPts="71" Millseconds="0" AppName="Gestures" AppVer="1.0" Date="Wednesday, March 01, 2023" TimeOfDay="13:07:56" ID="5"><Point X="283" Y="139" T="0" /><Point X="284" Y="140" T="0" /><Point X="286" Y="144" T="0" /><Point X="290" Y="151" T="0" /><Point X="293" Y="155" T="0" /><Point X="300" Y="165" T="0" /><Point X="312" Y="184" T="0" /><Point X="318" Y="194" T="0" /><Point X="326" Y="205" T="0" /><Point X="335" Y="217" T="0" /><Point X="363" Y="253" T="0" /><Point X="371" Y="264" T="0" /><Point X="379" Y="275" T="0" /><Point X="388" Y="285" T="0" /><Point X="409" Y="310" T="0" /><Point X="417" Y="319" T="0" /><Point X="422" Y="325" T="0" /><Point X="428" Y="330" T="0" /><Point X="437" Y="339" T="0" /><Point X="440" Y="341" T="0" /><Point X="443" Y="343" T="0" /><Point X="444" Y="344" T="0" /><Point X="445" Y="344" T="0" /><Point X="444" Y="344" T="0" /><Point X="444" Y="343" T="0" /><Point X="443" Y="341" T="0" /><Point X="443" Y="334" T="0" /><Point X="443" Y="329" T="0" /><Point X="446" Y="312" T="0" /><Point X="448" Y="304" T="0" /><Point X="450" Y="296" T="0" /><Point X="451" Y="286" T="0" /><Point X="454" Y="257" T="0" /><Point X="457" Y="245" T="0" /><Point X="457" Y="237" T="0" /><Point X="459" Y="225" T="0" /><Point X="463" Y="199" T="0" /><Point X="463" Y="190" T="0" /><Point X="465" Y="182" T="0" /><Point X="465" Y="175" T="0" /><Point X="466" Y="163" T="0" /><Point X="466" Y="159" T="0" /><Point X="466" Y="155" T="0" /><Point X="466" Y="154" T="0" /><Point X="466" Y="153" T="0" /><Point X="465" Y="153" T="0" /><Point X="465" Y="152" T="0" /><Point X="464" Y="152" T="0" /><Point X="463" Y="153" T="0" /><Point X="462" Y="153" T="0" /><Point X="460" Y="154" T="0" /><Point X="457" Y="156" T="0" /><Point X="453" Y="159" T="0" /><Point X="449" Y="162" T="0" /><Point X="443" Y="167" T="0" /><Point X="431" Y="177" T="0" /><Point X="421" Y="185" T="0" /><Point X="410" Y="194" T="0" /><Point X="400" Y="202" T="0" /><Point X="368" Y="226" T="0" /><Point X="356" Y="236" T="0" /><Point X="344" Y="244" T="0" /><Point X="332" Y="253" T="0" /><Point X="318" Y="264" T="0" /><Point X="287" Y="286" T="0" /><Point X="280" Y="291" T="0" /><Point X="272" Y="298" T="0" /><Point X="265" Y="305" T="0" /><Point X="257" Y="313" T="0" /><Point X="254" Y="316" T="0" /><Point X="254" Y="317" T="0" /></Gesture>