<Gesture Name="x" Subject="1" Number="1" NumPts="74" Millseconds="0" AppName="Gestures" AppVer="1.0" Date="Wednesday, March 01, 2023" TimeOfDay="13:08:53" ID="6"><Point X="285" Y="178" T="0" /><Point X="286" Y="179" T="0" /><Point X="287" Y="180" T="0" /><Point X="290" Y="181" T="0" /><Point X="295" Y="184" T="0" /><Point X="299" Y="187" T="0" /><Point X="305" Y="192" T="0" /><Point X="324" Y="210" T="0" /><Point X="330" Y="216" T="0" /><Point X="341" Y="225" T="0" /><Point X="360" Y="239" T="0" /><Point X="408" Y="273" T="0" /><Point X="422" Y="282" T="0" /><Point X="436" Y="290" T="0" /><Point X="455" Y="303" T="0" /><Point X="466" Y="310" T="0" /><Point X="509" Y="337" T="0" /><Point X="518" Y="343" T="0" /><Point X="534" Y="351" T="0" /><Point X="535" Y="351" T="0" /><Point X="534" Y="350" T="0" /><Point X="533" Y="349" T="0" /><Point X="530" Y="341" T="0" /><Point X="529" Y="328" T="0" /><Point X="529" Y="319" T="0" /><Point X="530" Y="286" T="0" /><Point X="530" Y="278" T="0" /><Point X="530" Y="269" T="0" /><Point X="530" Y="252" T="0" /><Point X="529" Y="240" T="0" /><Point X="529" Y="230" T="0" /><Point X="529" Y="222" T="0" /><Point X="528" Y="204" T="0" /><Point X="528" Y="194" T="0" /><Point X="528" Y="186" T="0" /><Point X="528" Y="178" T="0" /><Point X="528" Y="169" T="0" /><Point X="528" Y="147" T="0" /><Point X="528" Y="141" T="0" /><Point X="528" Y="135" T="0" /><Point X="528" Y="128" T="0" /><Point X="527" Y="108" T="0" /><Point X="527" Y="104" T="0" /><Point X="527" Y="103" T="0" /><Point X="527" Y="97" T="0" /><Point X="527" Y="96" T="0" /><Point X="526" Y="96" T="0" /><Point X="525" Y="98" T="0" /><Point X="525" Y="99" T="0" /><Point X="523" Y="101" T="0" /><Point X="520" Y="104" T="0" /><Point X="518" Y="108" T="0" /><Point X="515" Y="112" T="0" /><Point X="506" Y="125" T="0" /><Point X="502" Y="130" T="0" /><Point X="497" Y="136" T="0" /><Point X="488" Y="145" T="0" /><Point X="466" Y="168" T="0" /><Point X="448" Y="187" T="0" /><Point X="442" Y="194" T="0" /><Point X="404" Y="234" T="0" /><Point X="393" Y="245" T="0" /><Point X="383" Y="254" T="0" /><Point X="353" Y="280" T="0" /><Point X="341" Y="290" T="0" /><Point X="330" Y="299" T="0" /><Point X="323" Y="304" T="0" /><Point X="302" Y="321" T="0" /><Point X="297" Y="326" T="0" /><Point X="289" Y="334" T="0" /><Point X="282" Y="341" T="0" /><Point X="281" Y="343" T="0" /><Point X="280" Y="343" T="0" /><Point X="280" Y="344" T="0" /></Gesture>