<Gesture Name="x" Subject="1" Number="1" NumPts="67" Millseconds="0" AppName="Gestures" AppVer="1.0" Date="Wednesday, March 01, 2023" TimeOfDay="13:10:00" ID="7"><Point X="338" Y="172" T="0" /><Point X="340" Y="174" T="0" /><Point X="345" Y="178" T="0" /><Point X="353" Y="186" T="0" /><Point X="359" Y="193" T="0" /><Point X="393" Y="236" T="0" /><Point X="403" Y="248" T="0" /><Point X="417" Y="264" T="0" /><Point X="428" Y="277" T="0" /><Point X="480" Y="333" T="0" /><Point X="492" Y="343" T="0" /><Point X="531" Y="371" T="0" /><Point X="536" Y="375" T="0" /><Point X="541" Y="378" T="0" /><Point X="544" Y="380" T="0" /><Point X="545" Y="380" T="0" /><Point X="549" Y="381" T="0" /><Point X="549" Y="382" T="0" /><Point X="550" Y="382" T="0" /><Point X="551" Y="382" T="0" /><Point X="550" Y="382" T="0" /><Point X="548" Y="382" T="0" /><Point X="545" Y="382" T="0" /><Point X="539" Y="382" T="0" /><Point X="530" Y="383" T="0" /><Point X="489" Y="386" T="0" /><Point X="468" Y="388" T="0" /><Point X="433" Y="391" T="0" /><Point X="419" Y="392" T="0" /><Point X="381" Y="394" T="0" /><Point X="369" Y="395" T="0" /><Point X="361" Y="395" T="0" /><Point X="355" Y="396" T="0" /><Point X="352" Y="397" T="0" /><Point X="352" Y="394" T="0" /><Point X="356" Y="388" T="0" /><Point X="359" Y="384" T="0" /><Point X="360" Y="380" T="0" /><Point X="365" Y="373" T="0" /><Point X="367" Y="367" T="0" /><Point X="369" Y="364" T="0" /><Point X="370" Y="362" T="0" /><Point X="373" Y="358" T="0" /><Point X="374" Y="356" T="0" /><Point X="374" Y="355" T="0" /><Point X="375" Y="355" T="0" /><Point X="375" Y="354" T="0" /><Point X="378" Y="350" T="0" /><Point X="381" Y="345" T="0" /><Point X="386" Y="337" T="0" /><Point X="405" Y="310" T="0" /><Point X="410" Y="302" T="0" /><Point X="417" Y="293" T="0" /><Point X="423" Y="283" T="0" /><Point X="436" Y="259" T="0" /><Point X="443" Y="246" T="0" /><Point X="446" Y="242" T="0" /><Point X="461" Y="220" T="0" /><Point X="467" Y="211" T="0" /><Point X="472" Y="204" T="0" /><Point X="477" Y="197" T="0" /><Point X="486" Y="186" T="0" /><Point X="489" Y="183" T="0" /><Point X="492" Y="179" T="0" /><Point X="495" Y="175" T="0" /><Point X="500" Y="169" T="0" /><Point X="501" Y="168" T="0" /></Gesture>