<Gesture Name="x" Subject="1" Number="1" NumPts="38" Millseconds="0" AppName="Gestures" AppVer="1.0" Date="Wednesday, March 01, 2023" TimeOfDay="13:11:00" ID="8"><Point X="271" Y="331" T="0" /><Point X="272" Y="331" T="0" /><Point X="273" Y="332" T="0" /><Point X="274" Y="334" T="0" /><Point X="275" Y="336" T="0" /><Point X="278" Y="343" T="0" /><Point X="281" Y="348" T="0" /><Point X="289" Y="364" T="0" /><Point X="293" Y="372" T="0" /><Point X="298" Y="382" T="0" /><Point X="313" Y="412" T="0" /><Point X="318" Y="419" T="0" /><Point X="321" Y="424" T="0" /><Point X="324" Y="428" T="0" /><Point X="332" Y="439" T="0" /><Point X="333" Y="441" T="0" /><Point X="334" Y="441" T="0" /><Point X="336" Y="439" T="0" /><Point X="337" Y="437" T="0" /><Point X="340" Y="434" T="0" /><Point X="344" Y="429" T="0" /><Point X="351" Y="422" T="0" /><Point X="382" Y="392" T="0" /><Point X="393" Y="383" T="0" /><Point X="405" Y="372" T="0" /><Point X="429" Y="352" T="0" /><Point X="474" Y="310" T="0" /><Point X="499" Y="287" T="0" /><Point X="513" Y="274" T="0" /><Point X="531" Y="255" T="0" /><Point X="564" Y="219" T="0" /><Point X="570" Y="212" T="0" /><Point X="574" Y="206" T="0" /><Point X="579" Y="199" T="0" /><Point X="585" Y="187" T="0" /><Point X="585" Y="185" T="0" /><Point X="586" Y="185" T="0" /><Point X="586" Y="184" T="0" /></Gesture>