<Gesture Name="x" Subject="1" Number="1" NumPts="39" Millseconds="0" AppName="Gestures" AppVer="1.0" Date="Wednesday, March 01, 2023" TimeOfDay="13:11:56" ID="9"><Point X="201" Y="312" T="0" /><Point X="202" Y="312" T="0" /><Point X="204" Y="317" T="0" /><Point X="211" Y="333" T="0" /><Point X="215" Y="341" T="0" /><Point X="219" Y="351" T="0" /><Point X="222" Y="359" T="0" /><Point X="235" Y="385" T="0" /><Point X="238" Y="392" T="0" /><Point X="244" Y="403" T="0" /><Point X="247" Y="408" T="0" /><Point X="260" Y="429" T="0" /><Point X="265" Y="438" T="0" /><Point X="268" Y="442" T="0" /><Point X="272" Y="449" T="0" /><Point X="273" Y="451" T="0" /><Point X="274" Y="451" T="0" /><Point X="277" Y="448" T="0" /><Point X="283" Y="441" T="0" /><Point X="285" Y="438" T="0" /><Point X="291" Y="432" T="0" /><Point X="295" Y="427" T="0" /><Point X="318" Y="403" T="0" /><Point X="330" Y="391" T="0" /><Point X="341" Y="381" T="0" /><Point X="353" Y="370" T="0" /><Point X="398" Y="326" T="0" /><Point X="424" Y="300" T="0" /><Point X="435" Y="289" T="0" /><Point X="501" Y="226" T="0" /><Point X="524" Y="202" T="0" /><Point X="558" Y="164" T="0" /><Point X="565" Y="157" T="0" /><Point X="570" Y="151" T="0" /><Point X="575" Y="144" T="0" /><Point X="580" Y="137" T="0" /><Point X="581" Y="136" T="0" /><Point X="581" Y="135" T="0" /><Point X="582" Y="135" T="0" /></Gesture>