<Gesture Name="zig-zig" Subject="1" Number="1" NumPts="118" Millseconds="0" AppName="Gestures" AppVer="1.0" Date="Wednesday, March 01, 2023" TimeOfDay="13:08:12" ID="5"><Point X="82" Y="419" T="0" /><Point X="85" Y="416" T="0" /><Point X="87" Y="413" T="0" /><Point X="110" Y="381" T="0" /><Point X="118" Y="372" T="0" /><Point X="124" Y="365" T="0" /><Point X="132" Y="356" T="0" /><Point X="142" Y="345" T="0" /><Point X="149" Y="335" T="0" /><Point X="154" Y="328" T="0" /><Point X="158" Y="321" T="0" /><Point X="166" Y="311" T="0" /><Point X="167" Y="309" T="0" /><Point X="170" Y="304" T="0" /><Point X="171" Y="301" T="0" /><Point X="175" Y="296" T="0" /><Point X="176" Y="294" T="0" /><Point X="176" Y="292" T="0" /><Point X="177" Y="291" T="0" /><Point X="178" Y="291" T="0" /><Point X="179" Y="291" T="0" /><Point X="179" Y="292" T="0" /><Point X="180" Y="293" T="0" /><Point X="181" Y="294" T="0" /><Point X="184" Y="298" T="0" /><Point X="191" Y="310" T="0" /><Point X="194" Y="316" T="0" /><Point X="197" Y="320" T="0" /><Point X="202" Y="328" T="0" /><Point X="212" Y="344" T="0" /><Point X="218" Y="354" T="0" /><Point X="220" Y="358" T="0" /><Point X="225" Y="366" T="0" /><Point X="234" Y="382" T="0" /><Point X="237" Y="388" T="0" /><Point X="242" Y="397" T="0" /><Point X="246" Y="402" T="0" /><Point X="252" Y="413" T="0" /><Point X="254" Y="415" T="0" /><Point X="257" Y="420" T="0" /><Point X="258" Y="422" T="0" /><Point X="261" Y="425" T="0" /><Point X="261" Y="426" T="0" /><Point X="262" Y="426" T="0" /><Point X="262" Y="427" T="0" /><Point X="263" Y="428" T="0" /><Point X="263" Y="429" T="0" /><Point X="264" Y="429" T="0" /><Point X="265" Y="428" T="0" /><Point X="266" Y="425" T="0" /><Point X="270" Y="419" T="0" /><Point X="274" Y="414" T="0" /><Point X="283" Y="403" T="0" /><Point X="296" Y="390" T="0" /><Point X="304" Y="380" T="0" /><Point X="310" Y="375" T="0" /><Point X="314" Y="370" T="0" /><Point X="330" Y="353" T="0" /><Point X="335" Y="348" T="0" /><Point X="340" Y="343" T="0" /><Point X="342" Y="339" T="0" /><Point X="352" Y="328" T="0" /><Point X="354" Y="326" T="0" /><Point X="360" Y="321" T="0" /><Point X="361" Y="319" T="0" /><Point X="364" Y="316" T="0" /><Point X="366" Y="313" T="0" /><Point X="367" Y="313" T="0" /><Point X="367" Y="312" T="0" /><Point X="368" Y="312" T="0" /><Point X="369" Y="313" T="0" /><Point X="370" Y="316" T="0" /><Point X="372" Y="321" T="0" /><Point X="373" Y="324" T="0" /><Point X="377" Y="331" T="0" /><Point X="379" Y="337" T="0" /><Point X="390" Y="357" T="0" /><Point X="395" Y="364" T="0" /><Point X="399" Y="371" T="0" /><Point X="406" Y="381" T="0" /><Point X="424" Y="405" T="0" /><Point X="431" Y="413" T="0" /><Point X="438" Y="421" T="0" /><Point X="443" Y="425" T="0" /><Point X="452" Y="435" T="0" /><Point X="464" Y="445" T="0" /><Point X="470" Y="450" T="0" /><Point X="474" Y="453" T="0" /><Point X="476" Y="455" T="0" /><Point X="479" Y="458" T="0" /><Point X="480" Y="458" T="0" /><Point X="480" Y="459" T="0" /><Point X="480" Y="458" T="0" /><Point X="481" Y="457" T="0" /><Point X="481" Y="456" T="0" /><Point X="484" Y="451" T="0" /><Point X="488" Y="445" T="0" /><Point X="490" Y="442" T="0" /><Point X="495" Y="437" T="0" /><Point X="499" Y="430" T="0" /><Point X="503" Y="425" T="0" /><Point X="513" Y="411" T="0" /><Point X="522" Y="400" T="0" /><Point X="526" Y="394" T="0" /><Point X="542" Y="372" T="0" /><Point X="547" Y="365" T="0" /><Point X="554" Y="353" T="0" /><Point X="561" Y="343" T="0" /><Point X="562" Y="342" T="0" /><Point X="564" Y="340" T="0" /><Point X="564" Y="339" T="0" /><Point X="565" Y="336" T="0" /><Point X="566" Y="336" T="0" /><Point X="566" Y="335" T="0" /><Point X="567" Y="335" T="0" /><Point X="568" Y="334" T="0" /><Point X="568" Y="333" T="0" /><Point X="569" Y="332" T="0" /></Gesture>