<Gesture Name="zig-zig" Subject="1" Number="1" NumPts="110" Millseconds="0" AppName="Gestures" AppVer="1.0" Date="Wednesday, March 01, 2023" TimeOfDay="13:06:17" ID="3"><Point X="131" Y="372" T="0" /><Point X="130" Y="372" T="0" /><Point X="131" Y="372" T="0" /><Point X="131" Y="371" T="0" /><Point X="133" Y="367" T="0" /><Point X="136" Y="363" T="0" /><Point X="139" Y="359" T="0" /><Point X="145" Y="352" T="0" /><Point X="149" Y="346" T="0" /><Point X="154" Y="339" T="0" /><Point X="159" Y="334" T="0" /><Point X="175" Y="316" T="0" /><Point X="181" Y="310" T="0" /><Point X="184" Y="306" T="0" /><Point X="188" Y="301" T="0" /><Point X="196" Y="289" T="0" /><Point X="198" Y="287" T="0" /><Point X="200" Y="284" T="0" /><Point X="201" Y="281" T="0" /><Point X="206" Y="275" T="0" /><Point X="208" Y="272" T="0" /><Point X="209" Y="271" T="0" /><Point X="209" Y="270" T="0" /><Point X="211" Y="268" T="0" /><Point X="213" Y="270" T="0" /><Point X="215" Y="272" T="0" /><Point X="218" Y="276" T="0" /><Point X="219" Y="278" T="0" /><Point X="224" Y="285" T="0" /><Point X="233" Y="298" T="0" /><Point X="237" Y="303" T="0" /><Point X="243" Y="311" T="0" /><Point X="248" Y="319" T="0" /><Point X="261" Y="335" T="0" /><Point X="268" Y="344" T="0" /><Point X="274" Y="350" T="0" /><Point X="280" Y="357" T="0" /><Point X="299" Y="375" T="0" /><Point X="303" Y="379" T="0" /><Point X="309" Y="385" T="0" /><Point X="310" Y="387" T="0" /><Point X="313" Y="390" T="0" /><Point X="318" Y="397" T="0" /><Point X="320" Y="399" T="0" /><Point X="321" Y="400" T="0" /><Point X="322" Y="401" T="0" /><Point X="322" Y="402" T="0" /><Point X="322" Y="401" T="0" /><Point X="323" Y="401" T="0" /><Point X="323" Y="400" T="0" /><Point X="325" Y="399" T="0" /><Point X="326" Y="397" T="0" /><Point X="328" Y="395" T="0" /><Point X="330" Y="393" T="0" /><Point X="333" Y="390" T="0" /><Point X="337" Y="386" T="0" /><Point X="350" Y="372" T="0" /><Point X="352" Y="369" T="0" /><Point X="355" Y="366" T="0" /><Point X="360" Y="360" T="0" /><Point X="367" Y="351" T="0" /><Point X="373" Y="343" T="0" /><Point X="375" Y="340" T="0" /><Point X="380" Y="334" T="0" /><Point X="383" Y="330" T="0" /><Point X="389" Y="322" T="0" /><Point X="391" Y="320" T="0" /><Point X="393" Y="318" T="0" /><Point X="398" Y="313" T="0" /><Point X="403" Y="310" T="0" /><Point X="404" Y="308" T="0" /><Point X="406" Y="307" T="0" /><Point X="409" Y="305" T="0" /><Point X="413" Y="303" T="0" /><Point X="414" Y="302" T="0" /><Point X="416" Y="300" T="0" /><Point X="417" Y="300" T="0" /><Point X="418" Y="300" T="0" /><Point X="420" Y="303" T="0" /><Point X="421" Y="305" T="0" /><Point X="427" Y="313" T="0" /><Point X="436" Y="326" T="0" /><Point X="445" Y="337" T="0" /><Point X="455" Y="351" T="0" /><Point X="462" Y="360" T="0" /><Point X="478" Y="378" T="0" /><Point X="491" Y="392" T="0" /><Point X="501" Y="401" T="0" /><Point X="506" Y="405" T="0" /><Point X="515" Y="410" T="0" /><Point X="517" Y="411" T="0" /><Point X="519" Y="412" T="0" /><Point X="521" Y="413" T="0" /><Point X="522" Y="413" T="0" /><Point X="523" Y="411" T="0" /><Point X="524" Y="410" T="0" /><Point X="526" Y="408" T="0" /><Point X="529" Y="403" T="0" /><Point X="531" Y="400" T="0" /><Point X="535" Y="395" T="0" /><Point X="559" Y="366" T="0" /><Point X="566" Y="359" T="0" /><Point X="580" Y="346" T="0" /><Point X="589" Y="336" T="0" /><Point X="613" Y="315" T="0" /><Point X="619" Y="310" T="0" /><Point X="625" Y="305" T="0" /><Point X="630" Y="300" T="0" /><Point X="637" Y="293" T="0" /><Point X="638" Y="292" T="0" /></Gesture>