<Gesture Name="zig-zig" Subject="1" Number="1" NumPts="77" Millseconds="0" AppName="Gestures" AppVer="1.0" Date="Wednesday, March 01, 2023" TimeOfDay="13:12:11" ID="9"><Point X="300" Y="154" T="0" /><Point X="302" Y="154" T="0" /><Point X="308" Y="153" T="0" /><Point X="313" Y="151" T="0" /><Point X="322" Y="149" T="0" /><Point X="328" Y="149" T="0" /><Point X="338" Y="148" T="0" /><Point X="346" Y="147" T="0" /><Point X="384" Y="145" T="0" /><Point X="394" Y="144" T="0" /><Point X="400" Y="144" T="0" /><Point X="412" Y="144" T="0" /><Point X="414" Y="145" T="0" /><Point X="415" Y="145" T="0" /><Point X="416" Y="145" T="0" /><Point X="416" Y="146" T="0" /><Point X="416" Y="147" T="0" /><Point X="417" Y="148" T="0" /><Point X="417" Y="149" T="0" /><Point X="417" Y="150" T="0" /><Point X="417" Y="153" T="0" /><Point X="417" Y="155" T="0" /><Point X="417" Y="159" T="0" /><Point X="417" Y="172" T="0" /><Point X="417" Y="180" T="0" /><Point X="417" Y="186" T="0" /><Point X="417" Y="191" T="0" /><Point X="417" Y="217" T="0" /><Point X="417" Y="223" T="0" /><Point X="417" Y="235" T="0" /><Point X="417" Y="243" T="0" /><Point X="417" Y="259" T="0" /><Point X="417" Y="269" T="0" /><Point X="417" Y="275" T="0" /><Point X="417" Y="286" T="0" /><Point X="417" Y="291" T="0" /><Point X="416" Y="308" T="0" /><Point X="416" Y="314" T="0" /><Point X="416" Y="323" T="0" /><Point X="415" Y="330" T="0" /><Point X="415" Y="345" T="0" /><Point X="415" Y="353" T="0" /><Point X="415" Y="366" T="0" /><Point X="415" Y="370" T="0" /><Point X="415" Y="374" T="0" /><Point X="416" Y="380" T="0" /><Point X="416" Y="382" T="0" /><Point X="417" Y="389" T="0" /><Point X="417" Y="394" T="0" /><Point X="417" Y="396" T="0" /><Point X="419" Y="404" T="0" /><Point X="419" Y="408" T="0" /><Point X="420" Y="414" T="0" /><Point X="420" Y="416" T="0" /><Point X="420" Y="420" T="0" /><Point X="420" Y="423" T="0" /><Point X="420" Y="425" T="0" /><Point X="419" Y="425" T="0" /><Point X="417" Y="426" T="0" /><Point X="413" Y="427" T="0" /><Point X="406" Y="428" T="0" /><Point X="399" Y="429" T="0" /><Point X="380" Y="431" T="0" /><Point X="372" Y="431" T="0" /><Point X="360" Y="431" T="0" /><Point X="353" Y="431" T="0" /><Point X="335" Y="431" T="0" /><Point X="331" Y="431" T="0" /><Point X="328" Y="431" T="0" /><Point X="326" Y="431" T="0" /><Point X="324" Y="431" T="0" /><Point X="323" Y="431" T="0" /><Point X="321" Y="430" T="0" /><Point X="318" Y="430" T="0" /><Point X="317" Y="430" T="0" /><Point X="316" Y="430" T="0" /><Point X="316" Y="431" T="0" /></Gesture>