<Gesture Name="zig-zig" Subject="1" Number="1" NumPts="136" Millseconds="0" AppName="Gestures" AppVer="1.0" Date="Wednesday, March 01, 2023" TimeOfDay="13:07:16" ID="4"><Point X="82" Y="456" T="0" /><Point X="86" Y="449" T="0" /><Point X="88" Y="445" T="0" /><Point X="93" Y="435" T="0" /><Point X="97" Y="427" T="0" /><Point X="101" Y="422" T="0" /><Point X="119" Y="391" T="0" /><Point X="125" Y="382" T="0" /><Point X="131" Y="372" T="0" /><Point X="138" Y="362" T="0" /><Point X="151" Y="339" T="0" /><Point X="156" Y="332" T="0" /><Point X="161" Y="323" T="0" /><Point X="166" Y="315" T="0" /><Point X="171" Y="305" T="0" /><Point X="180" Y="291" T="0" /><Point X="182" Y="287" T="0" /><Point X="188" Y="278" T="0" /><Point X="190" Y="275" T="0" /><Point X="194" Y="269" T="0" /><Point X="195" Y="268" T="0" /><Point X="196" Y="268" T="0" /><Point X="197" Y="269" T="0" /><Point X="198" Y="271" T="0" /><Point X="199" Y="272" T="0" /><Point X="205" Y="282" T="0" /><Point X="207" Y="286" T="0" /><Point X="210" Y="291" T="0" /><Point X="213" Y="296" T="0" /><Point X="222" Y="309" T="0" /><Point X="226" Y="314" T="0" /><Point X="231" Y="323" T="0" /><Point X="236" Y="330" T="0" /><Point X="246" Y="345" T="0" /><Point X="249" Y="350" T="0" /><Point X="253" Y="356" T="0" /><Point X="257" Y="362" T="0" /><Point X="260" Y="366" T="0" /><Point X="269" Y="380" T="0" /><Point X="271" Y="383" T="0" /><Point X="274" Y="387" T="0" /><Point X="277" Y="390" T="0" /><Point X="284" Y="400" T="0" /><Point X="285" Y="402" T="0" /><Point X="287" Y="404" T="0" /><Point X="288" Y="406" T="0" /><Point X="291" Y="411" T="0" /><Point X="291" Y="412" T="0" /><Point X="292" Y="414" T="0" /><Point X="293" Y="416" T="0" /><Point X="294" Y="419" T="0" /><Point X="294" Y="420" T="0" /><Point X="295" Y="420" T="0" /><Point X="295" Y="421" T="0" /><Point X="296" Y="421" T="0" /><Point X="297" Y="421" T="0" /><Point X="299" Y="419" T="0" /><Point X="301" Y="417" T="0" /><Point X="306" Y="412" T="0" /><Point X="310" Y="407" T="0" /><Point X="315" Y="400" T="0" /><Point X="321" Y="392" T="0" /><Point X="338" Y="372" T="0" /><Point X="344" Y="365" T="0" /><Point X="349" Y="359" T="0" /><Point X="358" Y="349" T="0" /><Point X="370" Y="335" T="0" /><Point X="374" Y="330" T="0" /><Point X="378" Y="325" T="0" /><Point X="383" Y="319" T="0" /><Point X="393" Y="305" T="0" /><Point X="396" Y="300" T="0" /><Point X="399" Y="295" T="0" /><Point X="401" Y="293" T="0" /><Point X="404" Y="289" T="0" /><Point X="404" Y="288" T="0" /><Point X="405" Y="287" T="0" /><Point X="406" Y="287" T="0" /><Point X="407" Y="289" T="0" /><Point X="408" Y="291" T="0" /><Point X="409" Y="293" T="0" /><Point X="412" Y="297" T="0" /><Point X="414" Y="301" T="0" /><Point X="419" Y="308" T="0" /><Point X="431" Y="325" T="0" /><Point X="437" Y="333" T="0" /><Point X="444" Y="341" T="0" /><Point X="450" Y="347" T="0" /><Point X="467" Y="365" T="0" /><Point X="476" Y="373" T="0" /><Point X="484" Y="380" T="0" /><Point X="491" Y="386" T="0" /><Point X="503" Y="398" T="0" /><Point X="508" Y="402" T="0" /><Point X="515" Y="410" T="0" /><Point X="518" Y="414" T="0" /><Point X="522" Y="418" T="0" /><Point X="526" Y="424" T="0" /><Point X="527" Y="425" T="0" /><Point X="527" Y="426" T="0" /><Point X="528" Y="427" T="0" /><Point X="528" Y="428" T="0" /><Point X="529" Y="430" T="0" /><Point X="530" Y="430" T="0" /><Point X="531" Y="431" T="0" /><Point X="535" Y="435" T="0" /><Point X="536" Y="436" T="0" /><Point X="537" Y="437" T="0" /><Point X="538" Y="438" T="0" /><Point X="542" Y="441" T="0" /><Point X="544" Y="443" T="0" /><Point X="544" Y="444" T="0" /><Point X="545" Y="444" T="0" /><Point X="546" Y="444" T="0" /><Point X="546" Y="445" T="0" /><Point X="547" Y="445" T="0" /><Point X="548" Y="446" T="0" /><Point X="549" Y="446" T="0" /><Point X="549" Y="445" T="0" /><Point X="552" Y="440" T="0" /><Point X="554" Y="436" T="0" /><Point X="560" Y="425" T="0" /><Point X="571" Y="405" T="0" /><Point X="591" Y="370" T="0" /><Point X="596" Y="360" T="0" /><Point X="601" Y="353" T="0" /><Point X="606" Y="342" T="0" /><Point X="614" Y="328" T="0" /><Point X="618" Y="322" T="0" /><Point X="621" Y="316" T="0" /><Point X="623" Y="314" T="0" /><Point X="625" Y="311" T="0" /><Point X="630" Y="304" T="0" /><Point X="631" Y="303" T="0" /><Point X="632" Y="303" T="0" /><Point X="632" Y="302" T="0" /></Gesture>