<Gesture Name="zig-zig" Subject="1" Number="1" NumPts="127" Millseconds="0" AppName="Gestures" AppVer="1.0" Date="Wednesday, March 01, 2023" TimeOfDay="13:09:11" ID="6"><Point X="89" Y="434" T="0" /><Point X="92" Y="429" T="0" /><Point X="102" Y="416" T="0" /><Point X="107" Y="410" T="0" /><Point X="114" Y="400" T="0" /><Point X="133" Y="374" T="0" /><Point X="140" Y="365" T="0" /><Point X="145" Y="357" T="0" /><Point X="170" Y="320" T="0" /><Point X="174" Y="315" T="0" /><Point X="183" Y="300" T="0" /><Point X="189" Y="286" T="0" /><Point X="191" Y="283" T="0" /><Point X="194" Y="279" T="0" /><Point X="195" Y="279" T="0" /><Point X="196" Y="280" T="0" /><Point X="201" Y="287" T="0" /><Point X="203" Y="290" T="0" /><Point X="211" Y="301" T="0" /><Point X="227" Y="325" T="0" /><Point X="235" Y="335" T="0" /><Point X="240" Y="341" T="0" /><Point X="254" Y="359" T="0" /><Point X="259" Y="364" T="0" /><Point X="263" Y="367" T="0" /><Point X="268" Y="373" T="0" /><Point X="274" Y="380" T="0" /><Point X="277" Y="383" T="0" /><Point X="280" Y="387" T="0" /><Point X="283" Y="390" T="0" /><Point X="283" Y="392" T="0" /><Point X="285" Y="394" T="0" /><Point X="286" Y="394" T="0" /><Point X="289" Y="397" T="0" /><Point X="290" Y="398" T="0" /><Point X="290" Y="399" T="0" /><Point X="291" Y="400" T="0" /><Point X="295" Y="404" T="0" /><Point X="296" Y="405" T="0" /><Point X="298" Y="407" T="0" /><Point X="300" Y="409" T="0" /><Point X="300" Y="410" T="0" /><Point X="301" Y="411" T="0" /><Point X="301" Y="412" T="0" /><Point X="302" Y="413" T="0" /><Point X="303" Y="413" T="0" /><Point X="303" Y="412" T="0" /><Point X="306" Y="405" T="0" /><Point X="315" Y="391" T="0" /><Point X="319" Y="383" T="0" /><Point X="323" Y="376" T="0" /><Point X="325" Y="374" T="0" /><Point X="334" Y="357" T="0" /><Point X="338" Y="351" T="0" /><Point X="342" Y="344" T="0" /><Point X="346" Y="338" T="0" /><Point X="356" Y="324" T="0" /><Point X="359" Y="320" T="0" /><Point X="363" Y="315" T="0" /><Point X="368" Y="308" T="0" /><Point X="375" Y="300" T="0" /><Point X="378" Y="296" T="0" /><Point X="380" Y="294" T="0" /><Point X="381" Y="292" T="0" /><Point X="382" Y="292" T="0" /><Point X="383" Y="293" T="0" /><Point X="383" Y="295" T="0" /><Point X="385" Y="297" T="0" /><Point X="386" Y="300" T="0" /><Point X="387" Y="303" T="0" /><Point X="389" Y="307" T="0" /><Point X="392" Y="312" T="0" /><Point X="398" Y="320" T="0" /><Point X="405" Y="332" T="0" /><Point X="410" Y="338" T="0" /><Point X="414" Y="346" T="0" /><Point X="418" Y="351" T="0" /><Point X="426" Y="364" T="0" /><Point X="430" Y="368" T="0" /><Point X="433" Y="372" T="0" /><Point X="435" Y="375" T="0" /><Point X="439" Y="379" T="0" /><Point X="443" Y="384" T="0" /><Point X="444" Y="386" T="0" /><Point X="446" Y="388" T="0" /><Point X="451" Y="392" T="0" /><Point X="452" Y="392" T="0" /><Point X="453" Y="393" T="0" /><Point X="454" Y="393" T="0" /><Point X="456" Y="394" T="0" /><Point X="457" Y="395" T="0" /><Point X="459" Y="395" T="0" /><Point X="460" Y="396" T="0" /><Point X="463" Y="398" T="0" /><Point X="463" Y="399" T="0" /><Point X="465" Y="399" T="0" /><Point X="466" Y="399" T="0" /><Point X="468" Y="400" T="0" /><Point X="468" Y="401" T="0" /><Point X="469" Y="401" T="0" /><Point X="471" Y="402" T="0" /><Point X="472" Y="403" T="0" /><Point X="473" Y="404" T="0" /><Point X="475" Y="405" T="0" /><Point X="475" Y="406" T="0" /><Point X="475" Y="407" T="0" /><Point X="476" Y="406" T="0" /><Point X="477" Y="403" T="0" /><Point X="478" Y="401" T="0" /><Point X="482" Y="395" T="0" /><Point X="485" Y="389" T="0" /><Point X="491" Y="381" T="0" /><Point X="493" Y="377" T="0" /><Point X="501" Y="365" T="0" /><Point X="510" Y="351" T="0" /><Point X="516" Y="343" T="0" /><Point X="523" Y="334" T="0" /><Point X="530" Y="327" T="0" /><Point X="549" Y="307" T="0" /><Point X="556" Y="300" T="0" /><Point X="562" Y="295" T="0" /><Point X="568" Y="290" T="0" /><Point X="577" Y="283" T="0" /><Point X="580" Y="279" T="0" /><Point X="583" Y="277" T="0" /><Point X="585" Y="275" T="0" /><Point X="587" Y="274" T="0" /></Gesture>