<Gesture Name="zig-zig" Subject="1" Number="1" NumPts="126" Millseconds="0" AppName="Gestures" AppVer="1.0" Date="Wednesday, March 01, 2023" TimeOfDay="13:10:15" ID="7"><Point X="54" Y="467" T="0" /><Point X="56" Y="465" T="0" /><Point X="59" Y="462" T="0" /><Point X="63" Y="454" T="0" /><Point X="68" Y="448" T="0" /><Point X="76" Y="435" T="0" /><Point X="79" Y="430" T="0" /><Point X="84" Y="421" T="0" /><Point X="88" Y="413" T="0" /><Point X="97" Y="396" T="0" /><Point X="101" Y="390" T="0" /><Point X="105" Y="383" T="0" /><Point X="110" Y="375" T="0" /><Point X="118" Y="360" T="0" /><Point X="123" Y="352" T="0" /><Point X="125" Y="349" T="0" /><Point X="129" Y="343" T="0" /><Point X="134" Y="333" T="0" /><Point X="136" Y="331" T="0" /><Point X="136" Y="330" T="0" /><Point X="137" Y="328" T="0" /><Point X="140" Y="324" T="0" /><Point X="141" Y="323" T="0" /><Point X="143" Y="325" T="0" /><Point X="144" Y="327" T="0" /><Point X="147" Y="332" T="0" /><Point X="150" Y="337" T="0" /><Point X="153" Y="343" T="0" /><Point X="156" Y="348" T="0" /><Point X="159" Y="355" T="0" /><Point X="178" Y="380" T="0" /><Point X="186" Y="389" T="0" /><Point X="192" Y="395" T="0" /><Point X="200" Y="403" T="0" /><Point X="212" Y="414" T="0" /><Point X="217" Y="419" T="0" /><Point X="224" Y="425" T="0" /><Point X="227" Y="428" T="0" /><Point X="235" Y="435" T="0" /><Point X="240" Y="439" T="0" /><Point X="244" Y="442" T="0" /><Point X="246" Y="444" T="0" /><Point X="255" Y="451" T="0" /><Point X="258" Y="453" T="0" /><Point X="260" Y="455" T="0" /><Point X="262" Y="457" T="0" /><Point X="267" Y="461" T="0" /><Point X="268" Y="463" T="0" /><Point X="270" Y="464" T="0" /><Point X="270" Y="465" T="0" /><Point X="272" Y="466" T="0" /><Point X="273" Y="466" T="0" /><Point X="275" Y="461" T="0" /><Point X="277" Y="458" T="0" /><Point X="280" Y="453" T="0" /><Point X="283" Y="448" T="0" /><Point X="286" Y="443" T="0" /><Point X="292" Y="435" T="0" /><Point X="299" Y="426" T="0" /><Point X="312" Y="410" T="0" /><Point X="317" Y="403" T="0" /><Point X="322" Y="397" T="0" /><Point X="325" Y="393" T="0" /><Point X="338" Y="377" T="0" /><Point X="342" Y="373" T="0" /><Point X="345" Y="370" T="0" /><Point X="349" Y="366" T="0" /><Point X="358" Y="357" T="0" /><Point X="359" Y="355" T="0" /><Point X="361" Y="354" T="0" /><Point X="361" Y="353" T="0" /><Point X="363" Y="351" T="0" /><Point X="364" Y="351" T="0" /><Point X="364" Y="350" T="0" /><Point X="365" Y="351" T="0" /><Point X="365" Y="352" T="0" /><Point X="366" Y="355" T="0" /><Point X="370" Y="361" T="0" /><Point X="373" Y="365" T="0" /><Point X="376" Y="371" T="0" /><Point X="381" Y="377" T="0" /><Point X="391" Y="391" T="0" /><Point X="401" Y="405" T="0" /><Point X="408" Y="412" T="0" /><Point X="414" Y="419" T="0" /><Point X="420" Y="426" T="0" /><Point X="423" Y="431" T="0" /><Point X="431" Y="439" T="0" /><Point X="434" Y="442" T="0" /><Point X="438" Y="446" T="0" /><Point X="439" Y="447" T="0" /><Point X="445" Y="452" T="0" /><Point X="446" Y="453" T="0" /><Point X="451" Y="457" T="0" /><Point X="457" Y="461" T="0" /><Point X="459" Y="462" T="0" /><Point X="461" Y="464" T="0" /><Point X="463" Y="465" T="0" /><Point X="465" Y="467" T="0" /><Point X="465" Y="466" T="0" /><Point X="466" Y="462" T="0" /><Point X="469" Y="458" T="0" /><Point X="471" Y="453" T="0" /><Point X="476" Y="445" T="0" /><Point X="486" Y="431" T="0" /><Point X="491" Y="424" T="0" /><Point X="497" Y="415" T="0" /><Point X="504" Y="406" T="0" /><Point X="526" Y="378" T="0" /><Point X="531" Y="371" T="0" /><Point X="536" Y="365" T="0" /><Point X="538" Y="362" T="0" /><Point X="546" Y="353" T="0" /><Point X="546" Y="352" T="0" /><Point X="549" Y="348" T="0" /><Point X="551" Y="346" T="0" /><Point X="551" Y="345" T="0" /><Point X="552" Y="344" T="0" /><Point X="553" Y="343" T="0" /><Point X="553" Y="342" T="0" /><Point X="554" Y="341" T="0" /><Point X="557" Y="336" T="0" /><Point X="558" Y="336" T="0" /><Point X="558" Y="335" T="0" /><Point X="559" Y="334" T="0" /><Point X="559" Y="333" T="0" /></Gesture>