<Gesture Name="zig-zig" Subject="1" Number="1" NumPts="153" Millseconds="0" AppName="Gestures" AppVer="1.0" Date="Wednesday, March 01, 2023" TimeOfDay="13:05:06" ID="2"><Point X="80" Y="395" T="0" /><Point X="81" Y="392" T="0" /><Point X="82" Y="387" T="0" /><Point X="85" Y="379" T="0" /><Point X="86" Y="373" T="0" /><Point X="90" Y="356" T="0" /><Point X="92" Y="350" T="0" /><Point X="94" Y="339" T="0" /><Point X="96" Y="330" T="0" /><Point X="105" Y="302" T="0" /><Point X="109" Y="294" T="0" /><Point X="110" Y="291" T="0" /><Point X="114" Y="282" T="0" /><Point X="119" Y="269" T="0" /><Point X="121" Y="264" T="0" /><Point X="124" Y="258" T="0" /><Point X="125" Y="255" T="0" /><Point X="129" Y="245" T="0" /><Point X="130" Y="241" T="0" /><Point X="131" Y="240" T="0" /><Point X="131" Y="239" T="0" /><Point X="132" Y="238" T="0" /><Point X="132" Y="237" T="0" /><Point X="132" Y="238" T="0" /><Point X="133" Y="238" T="0" /><Point X="135" Y="241" T="0" /><Point X="137" Y="244" T="0" /><Point X="138" Y="246" T="0" /><Point X="141" Y="250" T="0" /><Point X="148" Y="259" T="0" /><Point X="152" Y="264" T="0" /><Point X="154" Y="267" T="0" /><Point X="159" Y="272" T="0" /><Point X="162" Y="275" T="0" /><Point X="168" Y="283" T="0" /><Point X="170" Y="285" T="0" /><Point X="170" Y="287" T="0" /><Point X="173" Y="290" T="0" /><Point X="179" Y="299" T="0" /><Point X="182" Y="303" T="0" /><Point X="184" Y="306" T="0" /><Point X="189" Y="312" T="0" /><Point X="197" Y="323" T="0" /><Point X="199" Y="327" T="0" /><Point X="202" Y="331" T="0" /><Point X="209" Y="340" T="0" /><Point X="212" Y="344" T="0" /><Point X="214" Y="347" T="0" /><Point X="216" Y="348" T="0" /><Point X="220" Y="354" T="0" /><Point X="222" Y="356" T="0" /><Point X="223" Y="358" T="0" /><Point X="225" Y="361" T="0" /><Point X="230" Y="369" T="0" /><Point X="231" Y="371" T="0" /><Point X="232" Y="372" T="0" /><Point X="233" Y="374" T="0" /><Point X="236" Y="378" T="0" /><Point X="237" Y="380" T="0" /><Point X="238" Y="381" T="0" /><Point X="238" Y="382" T="0" /><Point X="239" Y="382" T="0" /><Point X="241" Y="385" T="0" /><Point X="242" Y="386" T="0" /><Point X="243" Y="386" T="0" /><Point X="243" Y="385" T="0" /><Point X="246" Y="383" T="0" /><Point X="247" Y="381" T="0" /><Point X="248" Y="379" T="0" /><Point X="251" Y="372" T="0" /><Point X="254" Y="369" T="0" /><Point X="264" Y="354" T="0" /><Point X="268" Y="348" T="0" /><Point X="275" Y="340" T="0" /><Point X="281" Y="334" T="0" /><Point X="297" Y="316" T="0" /><Point X="305" Y="307" T="0" /><Point X="308" Y="302" T="0" /><Point X="315" Y="292" T="0" /><Point X="323" Y="280" T="0" /><Point X="330" Y="271" T="0" /><Point X="332" Y="266" T="0" /><Point X="334" Y="263" T="0" /><Point X="336" Y="260" T="0" /><Point X="340" Y="254" T="0" /><Point X="341" Y="252" T="0" /><Point X="342" Y="251" T="0" /><Point X="343" Y="251" T="0" /><Point X="343" Y="249" T="0" /><Point X="344" Y="248" T="0" /><Point X="345" Y="247" T="0" /><Point X="346" Y="245" T="0" /><Point X="347" Y="245" T="0" /><Point X="347" Y="246" T="0" /><Point X="348" Y="247" T="0" /><Point X="350" Y="249" T="0" /><Point X="352" Y="252" T="0" /><Point X="355" Y="255" T="0" /><Point X="357" Y="258" T="0" /><Point X="360" Y="265" T="0" /><Point X="364" Y="272" T="0" /><Point X="370" Y="286" T="0" /><Point X="372" Y="291" T="0" /><Point X="376" Y="300" T="0" /><Point X="379" Y="305" T="0" /><Point X="384" Y="316" T="0" /><Point X="386" Y="320" T="0" /><Point X="388" Y="324" T="0" /><Point X="389" Y="326" T="0" /><Point X="395" Y="337" T="0" /><Point X="398" Y="341" T="0" /><Point X="399" Y="344" T="0" /><Point X="403" Y="348" T="0" /><Point X="409" Y="355" T="0" /><Point X="411" Y="358" T="0" /><Point X="412" Y="360" T="0" /><Point X="414" Y="362" T="0" /><Point X="420" Y="369" T="0" /><Point X="421" Y="371" T="0" /><Point X="425" Y="375" T="0" /><Point X="427" Y="377" T="0" /><Point X="429" Y="379" T="0" /><Point X="434" Y="384" T="0" /><Point X="436" Y="386" T="0" /><Point X="437" Y="387" T="0" /><Point X="439" Y="389" T="0" /><Point X="442" Y="392" T="0" /><Point X="442" Y="393" T="0" /><Point X="444" Y="394" T="0" /><Point X="444" Y="395" T="0" /><Point X="446" Y="397" T="0" /><Point X="447" Y="397" T="0" /><Point X="448" Y="397" T="0" /><Point X="449" Y="396" T="0" /><Point X="453" Y="393" T="0" /><Point X="456" Y="390" T="0" /><Point X="480" Y="363" T="0" /><Point X="490" Y="354" T="0" /><Point X="497" Y="346" T="0" /><Point X="509" Y="336" T="0" /><Point X="528" Y="320" T="0" /><Point X="534" Y="314" T="0" /><Point X="543" Y="307" T="0" /><Point X="549" Y="301" T="0" /><Point X="559" Y="292" T="0" /><Point X="564" Y="286" T="0" /><Point X="568" Y="283" T="0" /><Point X="569" Y="282" T="0" /><Point X="574" Y="276" T="0" /><Point X="575" Y="275" T="0" /><Point X="576" Y="274" T="0" /><Point X="577" Y="272" T="0" /><Point X="578" Y="272" T="0" /></Gesture>