<Gesture Name="zig-zig" Subject="1" Number="1" NumPts="146" Millseconds="0" AppName="Gestures" AppVer="1.0" Date="Wednesday, March 01, 2023" TimeOfDay="13:03:52" ID="1"><Point X="139" Y="395" T="0" /><Point X="140" Y="393" T="0" /><Point X="141" Y="391" T="0" /><Point X="142" Y="387" T="0" /><Point X="144" Y="382" T="0" /><Point X="148" Y="373" T="0" /><Point X="151" Y="366" T="0" /><Point X="159" Y="350" T="0" /><Point X="161" Y="344" T="0" /><Point X="167" Y="334" T="0" /><Point X="171" Y="326" T="0" /><Point X="178" Y="308" T="0" /><Point X="180" Y="304" T="0" /><Point X="184" Y="293" T="0" /><Point X="186" Y="288" T="0" /><Point X="194" Y="273" T="0" /><Point X="198" Y="267" T="0" /><Point X="199" Y="264" T="0" /><Point X="202" Y="257" T="0" /><Point X="208" Y="249" T="0" /><Point X="211" Y="244" T="0" /><Point X="212" Y="242" T="0" /><Point X="213" Y="241" T="0" /><Point X="213" Y="239" T="0" /><Point X="214" Y="239" T="0" /><Point X="214" Y="240" T="0" /><Point X="214" Y="241" T="0" /><Point X="215" Y="243" T="0" /><Point X="215" Y="244" T="0" /><Point X="216" Y="247" T="0" /><Point X="219" Y="251" T="0" /><Point X="224" Y="261" T="0" /><Point X="229" Y="269" T="0" /><Point X="232" Y="274" T="0" /><Point X="238" Y="282" T="0" /><Point X="248" Y="297" T="0" /><Point X="250" Y="301" T="0" /><Point X="256" Y="308" T="0" /><Point X="259" Y="314" T="0" /><Point X="272" Y="330" T="0" /><Point X="275" Y="335" T="0" /><Point X="278" Y="339" T="0" /><Point X="283" Y="346" T="0" /><Point X="291" Y="357" T="0" /><Point X="293" Y="361" T="0" /><Point X="296" Y="364" T="0" /><Point X="298" Y="367" T="0" /><Point X="303" Y="373" T="0" /><Point X="305" Y="375" T="0" /><Point X="306" Y="377" T="0" /><Point X="307" Y="379" T="0" /><Point X="308" Y="381" T="0" /><Point X="311" Y="385" T="0" /><Point X="312" Y="386" T="0" /><Point X="314" Y="388" T="0" /><Point X="315" Y="390" T="0" /><Point X="318" Y="393" T="0" /><Point X="319" Y="394" T="0" /><Point X="319" Y="395" T="0" /><Point X="320" Y="396" T="0" /><Point X="320" Y="395" T="0" /><Point X="321" Y="394" T="0" /><Point X="322" Y="392" T="0" /><Point X="323" Y="390" T="0" /><Point X="326" Y="386" T="0" /><Point X="328" Y="383" T="0" /><Point X="329" Y="381" T="0" /><Point X="335" Y="374" T="0" /><Point X="338" Y="370" T="0" /><Point X="349" Y="357" T="0" /><Point X="352" Y="354" T="0" /><Point X="358" Y="349" T="0" /><Point X="362" Y="343" T="0" /><Point X="373" Y="332" T="0" /><Point X="376" Y="329" T="0" /><Point X="378" Y="326" T="0" /><Point X="381" Y="323" T="0" /><Point X="385" Y="318" T="0" /><Point X="387" Y="316" T="0" /><Point X="389" Y="313" T="0" /><Point X="390" Y="312" T="0" /><Point X="394" Y="308" T="0" /><Point X="395" Y="306" T="0" /><Point X="396" Y="305" T="0" /><Point X="399" Y="301" T="0" /><Point X="400" Y="300" T="0" /><Point X="401" Y="299" T="0" /><Point X="402" Y="297" T="0" /><Point X="405" Y="293" T="0" /><Point X="406" Y="292" T="0" /><Point X="406" Y="291" T="0" /><Point X="408" Y="289" T="0" /><Point X="408" Y="288" T="0" /><Point X="409" Y="288" T="0" /><Point X="412" Y="285" T="0" /><Point X="413" Y="284" T="0" /><Point X="414" Y="283" T="0" /><Point X="415" Y="282" T="0" /><Point X="417" Y="280" T="0" /><Point X="418" Y="280" T="0" /><Point X="419" Y="280" T="0" /><Point X="420" Y="281" T="0" /><Point X="420" Y="282" T="0" /><Point X="422" Y="284" T="0" /><Point X="424" Y="289" T="0" /><Point X="427" Y="293" T="0" /><Point X="429" Y="297" T="0" /><Point X="439" Y="311" T="0" /><Point X="442" Y="316" T="0" /><Point X="447" Y="321" T="0" /><Point X="451" Y="328" T="0" /><Point X="463" Y="344" T="0" /><Point X="470" Y="353" T="0" /><Point X="476" Y="359" T="0" /><Point X="482" Y="365" T="0" /><Point X="488" Y="371" T="0" /><Point X="499" Y="381" T="0" /><Point X="504" Y="386" T="0" /><Point X="509" Y="390" T="0" /><Point X="513" Y="393" T="0" /><Point X="516" Y="396" T="0" /><Point X="517" Y="397" T="0" /><Point X="518" Y="397" T="0" /><Point X="518" Y="396" T="0" /><Point X="518" Y="394" T="0" /><Point X="520" Y="391" T="0" /><Point X="522" Y="388" T="0" /><Point X="523" Y="384" T="0" /><Point X="525" Y="380" T="0" /><Point X="529" Y="375" T="0" /><Point X="533" Y="366" T="0" /><Point X="538" Y="359" T="0" /><Point X="548" Y="343" T="0" /><Point X="552" Y="336" T="0" /><Point X="555" Y="330" T="0" /><Point X="561" Y="322" T="0" /><Point X="572" Y="308" T="0" /><Point X="577" Y="302" T="0" /><Point X="581" Y="296" T="0" /><Point X="586" Y="291" T="0" /><Point X="599" Y="274" T="0" /><Point X="601" Y="271" T="0" /><Point X="603" Y="268" T="0" /><Point X="606" Y="265" T="0" /><Point X="610" Y="261" T="0" /><Point X="610" Y="260" T="0" /></Gesture>