<Gesture Name="zig-zig" Subject="1" Number="1" NumPts="94" Millseconds="0" AppName="Gestures" AppVer="1.0" Date="Wednesday, March 01, 2023" TimeOfDay="13:11:16" ID="8"><Point X="312" Y="137" T="0" /><Point X="321" Y="138" T="0" /><Point X="331" Y="139" T="0" /><Point X="344" Y="140" T="0" /><Point X="382" Y="145" T="0" /><Point X="395" Y="146" T="0" /><Point X="408" Y="147" T="0" /><Point X="420" Y="147" T="0" /><Point X="430" Y="147" T="0" /><Point X="439" Y="148" T="0" /><Point X="441" Y="148" T="0" /><Point X="442" Y="148" T="0" /><Point X="442" Y="149" T="0" /><Point X="443" Y="150" T="0" /><Point X="443" Y="151" T="0" /><Point X="444" Y="155" T="0" /><Point X="444" Y="157" T="0" /><Point X="444" Y="159" T="0" /><Point X="444" Y="164" T="0" /><Point X="444" Y="175" T="0" /><Point X="444" Y="179" T="0" /><Point X="444" Y="187" T="0" /><Point X="444" Y="195" T="0" /><Point X="445" Y="207" T="0" /><Point X="446" Y="214" T="0" /><Point X="446" Y="223" T="0" /><Point X="446" Y="230" T="0" /><Point X="448" Y="251" T="0" /><Point X="449" Y="261" T="0" /><Point X="449" Y="270" T="0" /><Point X="449" Y="277" T="0" /><Point X="449" Y="288" T="0" /><Point X="450" Y="306" T="0" /><Point X="450" Y="314" T="0" /><Point X="451" Y="323" T="0" /><Point X="451" Y="333" T="0" /><Point X="452" Y="349" T="0" /><Point X="452" Y="355" T="0" /><Point X="452" Y="360" T="0" /><Point X="453" Y="365" T="0" /><Point X="453" Y="377" T="0" /><Point X="453" Y="381" T="0" /><Point X="453" Y="385" T="0" /><Point X="453" Y="390" T="0" /><Point X="454" Y="397" T="0" /><Point X="454" Y="399" T="0" /><Point X="454" Y="401" T="0" /><Point X="454" Y="404" T="0" /><Point X="454" Y="405" T="0" /><Point X="454" Y="406" T="0" /><Point X="455" Y="407" T="0" /><Point X="455" Y="410" T="0" /><Point X="455" Y="411" T="0" /><Point X="455" Y="412" T="0" /><Point X="456" Y="415" T="0" /><Point X="456" Y="416" T="0" /><Point X="456" Y="417" T="0" /><Point X="457" Y="418" T="0" /><Point X="457" Y="421" T="0" /><Point X="458" Y="428" T="0" /><Point X="459" Y="430" T="0" /><Point X="460" Y="432" T="0" /><Point X="460" Y="434" T="0" /><Point X="460" Y="437" T="0" /><Point X="460" Y="438" T="0" /><Point X="460" Y="439" T="0" /><Point X="460" Y="441" T="0" /><Point X="460" Y="442" T="0" /><Point X="460" Y="443" T="0" /><Point X="460" Y="445" T="0" /><Point X="461" Y="449" T="0" /><Point X="461" Y="450" T="0" /><Point X="461" Y="449" T="0" /><Point X="460" Y="449" T="0" /><Point X="458" Y="449" T="0" /><Point X="456" Y="449" T="0" /><Point X="449" Y="448" T="0" /><Point X="446" Y="448" T="0" /><Point X="439" Y="448" T="0" /><Point X="428" Y="448" T="0" /><Point X="410" Y="448" T="0" /><Point X="406" Y="448" T="0" /><Point X="395" Y="448" T="0" /><Point X="389" Y="449" T="0" /><Point X="379" Y="449" T="0" /><Point X="378" Y="449" T="0" /><Point X="377" Y="449" T="0" /><Point X="376" Y="449" T="0" /><Point X="374" Y="449" T="0" /><Point X="373" Y="449" T="0" /><Point X="372" Y="449" T="0" /><Point X="371" Y="449" T="0" /><Point X="370" Y="449" T="0" /><Point X="369" Y="449" T="0" /></Gesture>