<Gesture Name="zig-zig" Subject="1" Number="1" NumPts="70" Millseconds="0" AppName="Gestures" AppVer="1.0" Date="Wednesday, March 01, 2023" TimeOfDay="13:13:11" ID="10"><Point X="377" Y="141" T="0" /><Point X="382" Y="142" T="0" /><Point X="398" Y="142" T="0" /><Point X="421" Y="140" T="0" /><Point X="434" Y="139" T="0" /><Point X="447" Y="137" T="0" /><Point X="460" Y="137" T="0" /><Point X="501" Y="136" T="0" /><Point X="516" Y="135" T="0" /><Point X="521" Y="135" T="0" /><Point X="521" Y="136" T="0" /><Point X="522" Y="141" T="0" /><Point X="523" Y="147" T="0" /><Point X="525" Y="156" T="0" /><Point X="525" Y="167" T="0" /><Point X="527" Y="199" T="0" /><Point X="528" Y="214" T="0" /><Point X="530" Y="252" T="0" /><Point X="532" Y="275" T="0" /><Point X="534" Y="288" T="0" /><Point X="535" Y="303" T="0" /><Point X="538" Y="325" T="0" /><Point X="540" Y="334" T="0" /><Point X="541" Y="344" T="0" /><Point X="543" Y="354" T="0" /><Point X="546" Y="369" T="0" /><Point X="548" Y="377" T="0" /><Point X="550" Y="388" T="0" /><Point X="553" Y="400" T="0" /><Point X="554" Y="406" T="0" /><Point X="555" Y="418" T="0" /><Point X="555" Y="419" T="0" /><Point X="555" Y="422" T="0" /><Point X="555" Y="423" T="0" /><Point X="556" Y="427" T="0" /><Point X="556" Y="428" T="0" /><Point X="557" Y="429" T="0" /><Point X="557" Y="430" T="0" /><Point X="557" Y="432" T="0" /><Point X="557" Y="433" T="0" /><Point X="557" Y="434" T="0" /><Point X="557" Y="438" T="0" /><Point X="557" Y="441" T="0" /><Point X="556" Y="444" T="0" /><Point X="556" Y="450" T="0" /><Point X="556" Y="452" T="0" /><Point X="556" Y="454" T="0" /><Point X="555" Y="456" T="0" /><Point X="555" Y="461" T="0" /><Point X="554" Y="463" T="0" /><Point X="554" Y="465" T="0" /><Point X="554" Y="466" T="0" /><Point X="553" Y="469" T="0" /><Point X="553" Y="470" T="0" /><Point X="552" Y="470" T="0" /><Point X="551" Y="471" T="0" /><Point X="550" Y="471" T="0" /><Point X="546" Y="472" T="0" /><Point X="538" Y="473" T="0" /><Point X="526" Y="475" T="0" /><Point X="512" Y="477" T="0" /><Point X="439" Y="481" T="0" /><Point X="411" Y="482" T="0" /><Point X="394" Y="483" T="0" /><Point X="380" Y="484" T="0" /><Point X="349" Y="485" T="0" /><Point X="345" Y="486" T="0" /><Point X="339" Y="486" T="0" /><Point X="340" Y="486" T="0" /><Point X="341" Y="486" T="0" /></Gesture>