<Gesture Name="arrow" Subject="1" Number="1" NumPts="92" Millseconds="0" AppName="Gestures" AppVer="1.0" Date="Wednesday, March 01, 2023" TimeOfDay="16:28:13" ID="8"><Point X="240" Y="571" T="0" /><Point X="268" Y="551" T="0" /><Point X="300" Y="529" T="0" /><Point X="327" Y="514" T="0" /><Point X="364" Y="494" T="0" /><Point X="394" Y="476" T="0" /><Point X="414" Y="466" T="0" /><Point X="432" Y="458" T="0" /><Point X="446" Y="451" T="0" /><Point X="459" Y="448" T="0" /><Point X="467" Y="445" T="0" /><Point X="474" Y="442" T="0" /><Point X="478" Y="441" T="0" /><Point X="481" Y="440" T="0" /><Point X="485" Y="439" T="0" /><Point X="487" Y="439" T="0" /><Point X="490" Y="439" T="0" /><Point X="491" Y="439" T="0" /><Point X="492" Y="439" T="0" /><Point X="493" Y="439" T="0" /><Point X="494" Y="439" T="0" /><Point X="495" Y="439" T="0" /><Point X="496" Y="439" T="0" /><Point X="497" Y="439" T="0" /><Point X="498" Y="439" T="0" /><Point X="497" Y="439" T="0" /><Point X="494" Y="439" T="0" /><Point X="491" Y="439" T="0" /><Point X="485" Y="439" T="0" /><Point X="478" Y="439" T="0" /><Point X="471" Y="439" T="0" /><Point X="462" Y="439" T="0" /><Point X="455" Y="439" T="0" /><Point X="450" Y="439" T="0" /><Point X="443" Y="439" T="0" /><Point X="435" Y="439" T="0" /><Point X="430" Y="439" T="0" /><Point X="423" Y="439" T="0" /><Point X="416" Y="439" T="0" /><Point X="412" Y="439" T="0" /><Point X="408" Y="439" T="0" /><Point X="406" Y="439" T="0" /><Point X="405" Y="439" T="0" /><Point X="402" Y="439" T="0" /><Point X="401" Y="439" T="0" /><Point X="400" Y="439" T="0" /><Point X="399" Y="439" T="0" /><Point X="398" Y="439" T="0" /><Point X="400" Y="439" T="0" /><Point X="402" Y="439" T="0" /><Point X="409" Y="439" T="0" /><Point X="415" Y="439" T="0" /><Point X="421" Y="439" T="0" /><Point X="426" Y="439" T="0" /><Point X="430" Y="439" T="0" /><Point X="434" Y="439" T="0" /><Point X="440" Y="439" T="0" /><Point X="444" Y="439" T="0" /><Point X="450" Y="439" T="0" /><Point X="452" Y="439" T="0" /><Point X="455" Y="439" T="0" /><Point X="459" Y="439" T="0" /><Point X="462" Y="439" T="0" /><Point X="465" Y="439" T="0" /><Point X="466" Y="439" T="0" /><Point X="469" Y="439" T="0" /><Point X="471" Y="439" T="0" /><Point X="473" Y="438" T="0" /><Point X="474" Y="438" T="0" /><Point X="477" Y="438" T="0" /><Point X="478" Y="438" T="0" /><Point X="480" Y="438" T="0" /><Point X="482" Y="438" T="0" /><Point X="484" Y="438" T="0" /><Point X="486" Y="438" T="0" /><Point X="487" Y="438" T="0" /><Point X="488" Y="438" T="0" /><Point X="489" Y="438" T="0" /><Point X="487" Y="443" T="0" /><Point X="484" Y="452" T="0" /><Point X="480" Y="460" T="0" /><Point X="477" Y="470" T="0" /><Point X="474" Y="475" T="0" /><Point X="473" Y="480" T="0" /><Point X="470" Y="485" T="0" /><Point X="470" Y="488" T="0" /><Point X="469" Y="491" T="0" /><Point X="468" Y="492" T="0" /><Point X="467" Y="493" T="0" /><Point X="466" Y="494" T="0" /><Point X="466" Y="495" T="0" /><Point X="466" Y="496" T="0" /></Gesture>