<Gesture Name="arrow" Subject="1" Number="1" NumPts="100" Millseconds="0" AppName="Gestures" AppVer="1.0" Date="Wednesday, March 01, 2023" TimeOfDay="16:16:53" ID="1"><Point X="178" Y="569" T="0" /><Point X="183" Y="565" T="0" /><Point X="189" Y="558" T="0" /><Point X="198" Y="549" T="0" /><Point X="211" Y="538" T="0" /><Point X="230" Y="527" T="0" /><Point X="251" Y="515" T="0" /><Point X="270" Y="499" T="0" /><Point X="306" Y="473" T="0" /><Point X="334" Y="452" T="0" /><Point X="356" Y="436" T="0" /><Point X="386" Y="419" T="0" /><Point X="414" Y="402" T="0" /><Point X="432" Y="387" T="0" /><Point X="454" Y="370" T="0" /><Point X="474" Y="355" T="0" /><Point X="493" Y="345" T="0" /><Point X="502" Y="339" T="0" /><Point X="510" Y="332" T="0" /><Point X="516" Y="327" T="0" /><Point X="523" Y="319" T="0" /><Point X="531" Y="314" T="0" /><Point X="537" Y="308" T="0" /><Point X="543" Y="304" T="0" /><Point X="546" Y="300" T="0" /><Point X="550" Y="299" T="0" /><Point X="551" Y="298" T="0" /><Point X="552" Y="297" T="0" /><Point X="553" Y="297" T="0" /><Point X="554" Y="297" T="0" /><Point X="553" Y="297" T="0" /><Point X="550" Y="296" T="0" /><Point X="544" Y="295" T="0" /><Point X="537" Y="293" T="0" /><Point X="526" Y="292" T="0" /><Point X="513" Y="290" T="0" /><Point X="498" Y="287" T="0" /><Point X="487" Y="287" T="0" /><Point X="475" Y="285" T="0" /><Point X="463" Y="284" T="0" /><Point X="451" Y="282" T="0" /><Point X="440" Y="281" T="0" /><Point X="434" Y="281" T="0" /><Point X="426" Y="281" T="0" /><Point X="422" Y="281" T="0" /><Point X="418" Y="281" T="0" /><Point X="415" Y="281" T="0" /><Point X="414" Y="281" T="0" /><Point X="411" Y="281" T="0" /><Point X="410" Y="281" T="0" /><Point X="409" Y="281" T="0" /><Point X="410" Y="281" T="0" /><Point X="411" Y="281" T="0" /><Point X="418" Y="281" T="0" /><Point X="430" Y="281" T="0" /><Point X="442" Y="279" T="0" /><Point X="452" Y="279" T="0" /><Point X="468" Y="279" T="0" /><Point X="487" Y="279" T="0" /><Point X="510" Y="279" T="0" /><Point X="522" Y="279" T="0" /><Point X="542" Y="279" T="0" /><Point X="565" Y="279" T="0" /><Point X="577" Y="279" T="0" /><Point X="586" Y="279" T="0" /><Point X="594" Y="279" T="0" /><Point X="602" Y="279" T="0" /><Point X="607" Y="280" T="0" /><Point X="613" Y="281" T="0" /><Point X="616" Y="283" T="0" /><Point X="618" Y="283" T="0" /><Point X="621" Y="283" T="0" /><Point X="622" Y="283" T="0" /><Point X="623" Y="283" T="0" /><Point X="624" Y="283" T="0" /><Point X="624" Y="284" T="0" /><Point X="624" Y="285" T="0" /><Point X="624" Y="286" T="0" /><Point X="623" Y="287" T="0" /><Point X="621" Y="290" T="0" /><Point X="616" Y="296" T="0" /><Point X="611" Y="303" T="0" /><Point X="606" Y="311" T="0" /><Point X="601" Y="322" T="0" /><Point X="590" Y="337" T="0" /><Point X="578" Y="358" T="0" /><Point X="570" Y="369" T="0" /><Point X="562" Y="381" T="0" /><Point X="549" Y="404" T="0" /><Point X="538" Y="431" T="0" /><Point X="534" Y="441" T="0" /><Point X="531" Y="450" T="0" /><Point X="528" Y="457" T="0" /><Point X="527" Y="459" T="0" /><Point X="526" Y="464" T="0" /><Point X="526" Y="466" T="0" /><Point X="525" Y="467" T="0" /><Point X="525" Y="468" T="0" /><Point X="525" Y="469" T="0" /><Point X="525" Y="471" T="0" /></Gesture>