<Gesture Name="arrow" Subject="1" Number="1" NumPts="86" Millseconds="0" AppName="Gestures" AppVer="1.0" Date="Wednesday, March 01, 2023" TimeOfDay="16:29:34" ID="9"><Point X="242" Y="631" T="0" /><Point X="270" Y="606" T="0" /><Point X="300" Y="583" T="0" /><Point X="327" Y="564" T="0" /><Point X="370" Y="543" T="0" /><Point X="397" Y="524" T="0" /><Point X="426" Y="505" T="0" /><Point X="464" Y="483" T="0" /><Point X="483" Y="471" T="0" /><Point X="494" Y="464" T="0" /><Point X="507" Y="457" T="0" /><Point X="517" Y="453" T="0" /><Point X="525" Y="450" T="0" /><Point X="530" Y="447" T="0" /><Point X="533" Y="446" T="0" /><Point X="534" Y="446" T="0" /><Point X="534" Y="445" T="0" /><Point X="535" Y="445" T="0" /><Point X="536" Y="445" T="0" /><Point X="535" Y="445" T="0" /><Point X="534" Y="445" T="0" /><Point X="531" Y="445" T="0" /><Point X="528" Y="445" T="0" /><Point X="523" Y="445" T="0" /><Point X="517" Y="445" T="0" /><Point X="507" Y="445" T="0" /><Point X="497" Y="445" T="0" /><Point X="487" Y="446" T="0" /><Point X="479" Y="447" T="0" /><Point X="472" Y="451" T="0" /><Point X="463" Y="451" T="0" /><Point X="455" Y="452" T="0" /><Point X="449" Y="453" T="0" /><Point X="443" Y="455" T="0" /><Point X="438" Y="455" T="0" /><Point X="436" Y="455" T="0" /><Point X="433" Y="455" T="0" /><Point X="431" Y="455" T="0" /><Point X="430" Y="455" T="0" /><Point X="429" Y="455" T="0" /><Point X="428" Y="455" T="0" /><Point X="426" Y="455" T="0" /><Point X="428" Y="455" T="0" /><Point X="431" Y="455" T="0" /><Point X="437" Y="455" T="0" /><Point X="442" Y="455" T="0" /><Point X="450" Y="455" T="0" /><Point X="458" Y="454" T="0" /><Point X="466" Y="454" T="0" /><Point X="472" Y="454" T="0" /><Point X="479" Y="453" T="0" /><Point X="487" Y="452" T="0" /><Point X="491" Y="451" T="0" /><Point X="497" Y="451" T="0" /><Point X="501" Y="448" T="0" /><Point X="503" Y="447" T="0" /><Point X="506" Y="447" T="0" /><Point X="509" Y="447" T="0" /><Point X="512" Y="446" T="0" /><Point X="514" Y="445" T="0" /><Point X="517" Y="444" T="0" /><Point X="520" Y="443" T="0" /><Point X="522" Y="443" T="0" /><Point X="525" Y="441" T="0" /><Point X="528" Y="441" T="0" /><Point X="530" Y="440" T="0" /><Point X="531" Y="439" T="0" /><Point X="534" Y="439" T="0" /><Point X="535" Y="439" T="0" /><Point X="536" Y="439" T="0" /><Point X="534" Y="444" T="0" /><Point X="531" Y="453" T="0" /><Point X="528" Y="463" T="0" /><Point X="526" Y="468" T="0" /><Point X="524" Y="474" T="0" /><Point X="522" Y="481" T="0" /><Point X="519" Y="487" T="0" /><Point X="517" Y="495" T="0" /><Point X="516" Y="502" T="0" /><Point X="515" Y="507" T="0" /><Point X="515" Y="511" T="0" /><Point X="514" Y="513" T="0" /><Point X="514" Y="514" T="0" /><Point X="514" Y="515" T="0" /><Point X="514" Y="517" T="0" /><Point X="514" Y="518" T="0" /></Gesture>