<Gesture Name="arrow" Subject="1" Number="1" NumPts="88" Millseconds="0" AppName="Gestures" AppVer="1.0" Date="Wednesday, March 01, 2023" TimeOfDay="16:25:46" ID="6"><Point X="231" Y="589" T="0" /><Point X="264" Y="565" T="0" /><Point X="314" Y="531" T="0" /><Point X="357" Y="499" T="0" /><Point X="414" Y="459" T="0" /><Point X="463" Y="422" T="0" /><Point X="518" Y="382" T="0" /><Point X="558" Y="357" T="0" /><Point X="591" Y="331" T="0" /><Point X="629" Y="304" T="0" /><Point X="649" Y="289" T="0" /><Point X="658" Y="282" T="0" /><Point X="663" Y="278" T="0" /><Point X="667" Y="275" T="0" /><Point X="669" Y="273" T="0" /><Point X="671" Y="272" T="0" /><Point X="672" Y="271" T="0" /><Point X="673" Y="271" T="0" /><Point X="671" Y="271" T="0" /><Point X="666" Y="272" T="0" /><Point X="655" Y="275" T="0" /><Point X="644" Y="278" T="0" /><Point X="632" Y="281" T="0" /><Point X="617" Y="284" T="0" /><Point X="598" Y="290" T="0" /><Point X="584" Y="292" T="0" /><Point X="574" Y="295" T="0" /><Point X="562" Y="296" T="0" /><Point X="552" Y="300" T="0" /><Point X="542" Y="302" T="0" /><Point X="536" Y="304" T="0" /><Point X="530" Y="305" T="0" /><Point X="526" Y="306" T="0" /><Point X="523" Y="307" T="0" /><Point X="522" Y="308" T="0" /><Point X="521" Y="308" T="0" /><Point X="520" Y="308" T="0" /><Point X="519" Y="308" T="0" /><Point X="518" Y="308" T="0" /><Point X="517" Y="308" T="0" /><Point X="516" Y="308" T="0" /><Point X="517" Y="307" T="0" /><Point X="523" Y="306" T="0" /><Point X="533" Y="303" T="0" /><Point X="542" Y="299" T="0" /><Point X="557" Y="295" T="0" /><Point X="575" Y="291" T="0" /><Point X="596" Y="287" T="0" /><Point X="609" Y="282" T="0" /><Point X="621" Y="279" T="0" /><Point X="634" Y="277" T="0" /><Point X="646" Y="276" T="0" /><Point X="655" Y="275" T="0" /><Point X="662" Y="273" T="0" /><Point X="667" Y="272" T="0" /><Point X="671" Y="271" T="0" /><Point X="674" Y="271" T="0" /><Point X="678" Y="270" T="0" /><Point X="682" Y="269" T="0" /><Point X="684" Y="268" T="0" /><Point X="687" Y="267" T="0" /><Point X="688" Y="267" T="0" /><Point X="690" Y="267" T="0" /><Point X="691" Y="267" T="0" /><Point X="691" Y="268" T="0" /><Point X="690" Y="271" T="0" /><Point X="689" Y="275" T="0" /><Point X="683" Y="284" T="0" /><Point X="679" Y="291" T="0" /><Point X="674" Y="301" T="0" /><Point X="665" Y="318" T="0" /><Point X="654" Y="336" T="0" /><Point X="649" Y="351" T="0" /><Point X="643" Y="361" T="0" /><Point X="638" Y="371" T="0" /><Point X="634" Y="380" T="0" /><Point X="630" Y="390" T="0" /><Point X="628" Y="399" T="0" /><Point X="626" Y="406" T="0" /><Point X="623" Y="413" T="0" /><Point X="622" Y="415" T="0" /><Point X="622" Y="419" T="0" /><Point X="621" Y="421" T="0" /><Point X="620" Y="423" T="0" /><Point X="619" Y="423" T="0" /><Point X="619" Y="424" T="0" /><Point X="619" Y="426" T="0" /><Point X="619" Y="427" T="0" /></Gesture>