<Gesture Name="caret" Subject="1" Number="1" NumPts="41" Millseconds="0" AppName="Gestures" AppVer="1.0" Date="Wednesday, March 01, 2023" TimeOfDay="16:19:24" ID="2"><Point X="236" Y="450" T="0" /><Point X="247" Y="427" T="0" /><Point X="260" Y="395" T="0" /><Point X="266" Y="377" T="0" /><Point X="274" Y="355" T="0" /><Point X="282" Y="327" T="0" /><Point X="290" Y="307" T="0" /><Point X="296" Y="295" T="0" /><Point X="303" Y="283" T="0" /><Point X="309" Y="267" T="0" /><Point X="314" Y="258" T="0" /><Point X="319" Y="248" T="0" /><Point X="322" Y="241" T="0" /><Point X="325" Y="237" T="0" /><Point X="326" Y="235" T="0" /><Point X="326" Y="233" T="0" /><Point X="327" Y="231" T="0" /><Point X="328" Y="231" T="0" /><Point X="328" Y="230" T="0" /><Point X="329" Y="231" T="0" /><Point X="330" Y="239" T="0" /><Point X="335" Y="250" T="0" /><Point X="340" Y="266" T="0" /><Point X="350" Y="296" T="0" /><Point X="360" Y="323" T="0" /><Point X="368" Y="342" T="0" /><Point X="383" Y="371" T="0" /><Point X="398" Y="397" T="0" /><Point X="406" Y="417" T="0" /><Point X="414" Y="428" T="0" /><Point X="421" Y="443" T="0" /><Point X="429" Y="458" T="0" /><Point X="435" Y="471" T="0" /><Point X="440" Y="479" T="0" /><Point X="444" Y="484" T="0" /><Point X="446" Y="488" T="0" /><Point X="448" Y="490" T="0" /><Point X="449" Y="491" T="0" /><Point X="450" Y="494" T="0" /><Point X="451" Y="495" T="0" /><Point X="452" Y="495" T="0" /></Gesture>