<Gesture Name="caret" Subject="1" Number="1" NumPts="78" Millseconds="0" AppName="Gestures" AppVer="1.0" Date="Wednesday, March 01, 2023" TimeOfDay="16:26:51" ID="7"><Point X="282" Y="623" T="0" /><Point X="286" Y="599" T="0" /><Point X="298" Y="555" T="0" /><Point X="307" Y="518" T="0" /><Point X="314" Y="499" T="0" /><Point X="318" Y="485" T="0" /><Point X="319" Y="475" T="0" /><Point X="320" Y="471" T="0" /><Point X="320" Y="468" T="0" /><Point X="320" Y="467" T="0" /><Point X="320" Y="466" T="0" /><Point X="326" Y="477" T="0" /><Point X="338" Y="496" T="0" /><Point X="346" Y="505" T="0" /><Point X="355" Y="515" T="0" /><Point X="362" Y="525" T="0" /><Point X="369" Y="535" T="0" /><Point X="375" Y="542" T="0" /><Point X="378" Y="548" T="0" /><Point X="380" Y="553" T="0" /><Point X="382" Y="555" T="0" /><Point X="382" Y="556" T="0" /><Point X="383" Y="559" T="0" /><Point X="383" Y="560" T="0" /><Point X="384" Y="561" T="0" /><Point X="384" Y="562" T="0" /><Point X="384" Y="563" T="0" /><Point X="384" Y="564" T="0" /><Point X="384" Y="565" T="0" /><Point X="384" Y="566" T="0" /><Point X="385" Y="567" T="0" /><Point X="386" Y="568" T="0" /><Point X="386" Y="569" T="0" /><Point X="386" Y="571" T="0" /><Point X="386" Y="572" T="0" /><Point X="387" Y="573" T="0" /><Point X="388" Y="575" T="0" /><Point X="390" Y="577" T="0" /><Point X="391" Y="579" T="0" /><Point X="393" Y="581" T="0" /><Point X="394" Y="586" T="0" /><Point X="394" Y="587" T="0" /><Point X="395" Y="590" T="0" /><Point X="396" Y="593" T="0" /><Point X="397" Y="595" T="0" /><Point X="398" Y="595" T="0" /><Point X="398" Y="597" T="0" /><Point X="398" Y="599" T="0" /><Point X="398" Y="600" T="0" /><Point X="399" Y="602" T="0" /><Point X="400" Y="603" T="0" /><Point X="401" Y="605" T="0" /><Point X="402" Y="606" T="0" /><Point X="402" Y="607" T="0" /><Point X="402" Y="609" T="0" /><Point X="404" Y="610" T="0" /><Point X="405" Y="612" T="0" /><Point X="406" Y="614" T="0" /><Point X="406" Y="615" T="0" /><Point X="406" Y="616" T="0" /><Point X="406" Y="619" T="0" /><Point X="406" Y="620" T="0" /><Point X="407" Y="621" T="0" /><Point X="407" Y="622" T="0" /><Point X="408" Y="623" T="0" /><Point X="409" Y="624" T="0" /><Point X="409" Y="625" T="0" /><Point X="409" Y="626" T="0" /><Point X="409" Y="627" T="0" /><Point X="410" Y="628" T="0" /><Point X="410" Y="629" T="0" /><Point X="410" Y="630" T="0" /><Point X="410" Y="631" T="0" /><Point X="410" Y="632" T="0" /><Point X="410" Y="633" T="0" /><Point X="411" Y="634" T="0" /><Point X="411" Y="635" T="0" /><Point X="411" Y="636" T="0" /></Gesture>