<Gesture Name="caret" Subject="1" Number="1" NumPts="160" Millseconds="0" AppName="Gestures" AppVer="1.0" Date="Wednesday, March 01, 2023" TimeOfDay="16:30:37" ID="10"><Point X="295" Y="594" T="0" /><Point X="296" Y="591" T="0" /><Point X="296" Y="588" T="0" /><Point X="297" Y="586" T="0" /><Point X="298" Y="583" T="0" /><Point X="298" Y="579" T="0" /><Point X="299" Y="574" T="0" /><Point X="301" Y="567" T="0" /><Point X="302" Y="560" T="0" /><Point X="306" Y="554" T="0" /><Point X="307" Y="547" T="0" /><Point X="308" Y="543" T="0" /><Point X="310" Y="539" T="0" /><Point X="311" Y="535" T="0" /><Point X="314" Y="531" T="0" /><Point X="315" Y="528" T="0" /><Point X="317" Y="521" T="0" /><Point X="320" Y="515" T="0" /><Point X="324" Y="508" T="0" /><Point X="327" Y="499" T="0" /><Point X="330" Y="493" T="0" /><Point X="334" Y="487" T="0" /><Point X="336" Y="481" T="0" /><Point X="338" Y="476" T="0" /><Point X="340" Y="471" T="0" /><Point X="342" Y="466" T="0" /><Point X="345" Y="460" T="0" /><Point X="346" Y="457" T="0" /><Point X="346" Y="453" T="0" /><Point X="347" Y="450" T="0" /><Point X="350" Y="444" T="0" /><Point X="350" Y="441" T="0" /><Point X="352" Y="436" T="0" /><Point X="354" Y="433" T="0" /><Point X="356" Y="428" T="0" /><Point X="358" Y="425" T="0" /><Point X="360" Y="420" T="0" /><Point X="362" Y="417" T="0" /><Point X="364" Y="414" T="0" /><Point X="365" Y="411" T="0" /><Point X="366" Y="408" T="0" /><Point X="366" Y="406" T="0" /><Point X="367" Y="404" T="0" /><Point X="367" Y="403" T="0" /><Point X="368" Y="400" T="0" /><Point X="370" Y="399" T="0" /><Point X="370" Y="397" T="0" /><Point X="371" Y="395" T="0" /><Point X="372" Y="393" T="0" /><Point X="373" Y="392" T="0" /><Point X="374" Y="390" T="0" /><Point X="374" Y="389" T="0" /><Point X="374" Y="388" T="0" /><Point X="374" Y="387" T="0" /><Point X="374" Y="389" T="0" /><Point X="375" Y="394" T="0" /><Point X="376" Y="397" T="0" /><Point X="379" Y="403" T="0" /><Point X="380" Y="406" T="0" /><Point X="381" Y="410" T="0" /><Point X="382" Y="413" T="0" /><Point X="383" Y="419" T="0" /><Point X="384" Y="422" T="0" /><Point X="386" Y="427" T="0" /><Point X="386" Y="430" T="0" /><Point X="387" Y="431" T="0" /><Point X="389" Y="435" T="0" /><Point X="390" Y="437" T="0" /><Point X="391" Y="439" T="0" /><Point X="392" Y="443" T="0" /><Point X="394" Y="446" T="0" /><Point X="395" Y="448" T="0" /><Point X="396" Y="451" T="0" /><Point X="397" Y="453" T="0" /><Point X="398" Y="455" T="0" /><Point X="398" Y="459" T="0" /><Point X="399" Y="462" T="0" /><Point X="400" Y="465" T="0" /><Point X="401" Y="467" T="0" /><Point X="401" Y="470" T="0" /><Point X="402" Y="473" T="0" /><Point X="403" Y="475" T="0" /><Point X="404" Y="476" T="0" /><Point X="405" Y="477" T="0" /><Point X="406" Y="479" T="0" /><Point X="406" Y="481" T="0" /><Point X="407" Y="482" T="0" /><Point X="408" Y="483" T="0" /><Point X="408" Y="485" T="0" /><Point X="409" Y="487" T="0" /><Point X="410" Y="488" T="0" /><Point X="411" Y="490" T="0" /><Point X="412" Y="492" T="0" /><Point X="412" Y="495" T="0" /><Point X="413" Y="496" T="0" /><Point X="414" Y="498" T="0" /><Point X="414" Y="501" T="0" /><Point X="414" Y="503" T="0" /><Point X="415" Y="505" T="0" /><Point X="416" Y="508" T="0" /><Point X="416" Y="510" T="0" /><Point X="416" Y="511" T="0" /><Point X="416" Y="512" T="0" /><Point X="416" Y="514" T="0" /><Point X="416" Y="515" T="0" /><Point X="418" Y="517" T="0" /><Point X="418" Y="519" T="0" /><Point X="419" Y="521" T="0" /><Point X="420" Y="523" T="0" /><Point X="421" Y="524" T="0" /><Point X="421" Y="526" T="0" /><Point X="422" Y="527" T="0" /><Point X="422" Y="531" T="0" /><Point X="423" Y="531" T="0" /><Point X="425" Y="533" T="0" /><Point X="426" Y="535" T="0" /><Point X="426" Y="538" T="0" /><Point X="427" Y="539" T="0" /><Point X="427" Y="540" T="0" /><Point X="428" Y="542" T="0" /><Point X="429" Y="543" T="0" /><Point X="430" Y="544" T="0" /><Point X="430" Y="546" T="0" /><Point X="430" Y="547" T="0" /><Point X="430" Y="548" T="0" /><Point X="430" Y="551" T="0" /><Point X="431" Y="553" T="0" /><Point X="432" Y="554" T="0" /><Point X="433" Y="555" T="0" /><Point X="434" Y="555" T="0" /><Point X="434" Y="556" T="0" /><Point X="434" Y="557" T="0" /><Point X="434" Y="558" T="0" /><Point X="434" Y="559" T="0" /><Point X="434" Y="560" T="0" /><Point X="435" Y="561" T="0" /><Point X="435" Y="562" T="0" /><Point X="436" Y="563" T="0" /><Point X="437" Y="563" T="0" /><Point X="437" Y="564" T="0" /><Point X="438" Y="565" T="0" /><Point X="439" Y="566" T="0" /><Point X="440" Y="567" T="0" /><Point X="441" Y="567" T="0" /><Point X="441" Y="568" T="0" /><Point X="441" Y="569" T="0" /><Point X="441" Y="570" T="0" /><Point X="441" Y="571" T="0" /><Point X="442" Y="572" T="0" /><Point X="442" Y="574" T="0" /><Point X="442" Y="575" T="0" /><Point X="444" Y="576" T="0" /><Point X="445" Y="577" T="0" /><Point X="445" Y="578" T="0" /><Point X="445" Y="579" T="0" /><Point X="445" Y="580" T="0" /><Point X="445" Y="581" T="0" /><Point X="446" Y="582" T="0" /><Point X="446" Y="583" T="0" /><Point X="446" Y="584" T="0" /></Gesture>