<Gesture Name="caret" Subject="1" Number="1" NumPts="35" Millseconds="0" AppName="Gestures" AppVer="1.0" Date="Wednesday, March 01, 2023" TimeOfDay="16:24:10" ID="5"><Point X="309" Y="617" T="0" /><Point X="319" Y="595" T="0" /><Point X="329" Y="567" T="0" /><Point X="337" Y="549" T="0" /><Point X="343" Y="535" T="0" /><Point X="354" Y="514" T="0" /><Point X="359" Y="499" T="0" /><Point X="364" Y="487" T="0" /><Point X="367" Y="478" T="0" /><Point X="370" Y="473" T="0" /><Point X="370" Y="471" T="0" /><Point X="370" Y="469" T="0" /><Point X="370" Y="468" T="0" /><Point X="370" Y="467" T="0" /><Point X="371" Y="467" T="0" /><Point X="372" Y="467" T="0" /><Point X="373" Y="469" T="0" /><Point X="375" Y="475" T="0" /><Point X="381" Y="487" T="0" /><Point X="386" Y="498" T="0" /><Point X="393" Y="512" T="0" /><Point X="401" Y="539" T="0" /><Point X="406" Y="554" T="0" /><Point X="411" Y="563" T="0" /><Point X="415" Y="570" T="0" /><Point X="421" Y="579" T="0" /><Point X="425" Y="590" T="0" /><Point X="429" Y="597" T="0" /><Point X="431" Y="601" T="0" /><Point X="432" Y="606" T="0" /><Point X="432" Y="607" T="0" /><Point X="432" Y="608" T="0" /><Point X="432" Y="609" T="0" /><Point X="432" Y="610" T="0" /><Point X="432" Y="611" T="0" /></Gesture>