<Gesture Name="caret" Subject="1" Number="1" NumPts="68" Millseconds="0" AppName="Gestures" AppVer="1.0" Date="Wednesday, March 01, 2023" TimeOfDay="16:27:54" ID="8"><Point X="292" Y="642" T="0" /><Point X="307" Y="615" T="0" /><Point X="318" Y="596" T="0" /><Point X="331" Y="573" T="0" /><Point X="340" Y="550" T="0" /><Point X="350" Y="529" T="0" /><Point X="360" Y="513" T="0" /><Point X="368" Y="495" T="0" /><Point X="375" Y="483" T="0" /><Point X="379" Y="475" T="0" /><Point X="383" Y="468" T="0" /><Point X="386" Y="463" T="0" /><Point X="386" Y="460" T="0" /><Point X="387" Y="459" T="0" /><Point X="387" Y="458" T="0" /><Point X="387" Y="456" T="0" /><Point X="387" Y="455" T="0" /><Point X="387" Y="456" T="0" /><Point X="388" Y="459" T="0" /><Point X="390" Y="462" T="0" /><Point X="393" Y="469" T="0" /><Point X="396" Y="480" T="0" /><Point X="398" Y="491" T="0" /><Point X="403" Y="503" T="0" /><Point X="406" Y="517" T="0" /><Point X="408" Y="527" T="0" /><Point X="410" Y="537" T="0" /><Point X="415" Y="547" T="0" /><Point X="418" Y="556" T="0" /><Point X="422" Y="567" T="0" /><Point X="426" Y="577" T="0" /><Point X="427" Y="583" T="0" /><Point X="430" Y="587" T="0" /><Point X="431" Y="591" T="0" /><Point X="434" Y="594" T="0" /><Point X="434" Y="596" T="0" /><Point X="435" Y="599" T="0" /><Point X="436" Y="602" T="0" /><Point X="437" Y="603" T="0" /><Point X="438" Y="604" T="0" /><Point X="438" Y="606" T="0" /><Point X="439" Y="607" T="0" /><Point X="441" Y="608" T="0" /><Point X="442" Y="610" T="0" /><Point X="442" Y="612" T="0" /><Point X="443" Y="615" T="0" /><Point X="444" Y="617" T="0" /><Point X="445" Y="619" T="0" /><Point X="446" Y="620" T="0" /><Point X="446" Y="621" T="0" /><Point X="446" Y="622" T="0" /><Point X="446" Y="623" T="0" /><Point X="447" Y="623" T="0" /><Point X="448" Y="625" T="0" /><Point X="449" Y="627" T="0" /><Point X="450" Y="628" T="0" /><Point X="450" Y="629" T="0" /><Point X="451" Y="630" T="0" /><Point X="451" Y="631" T="0" /><Point X="451" Y="632" T="0" /><Point X="451" Y="634" T="0" /><Point X="451" Y="635" T="0" /><Point X="452" Y="635" T="0" /><Point X="452" Y="636" T="0" /><Point X="453" Y="636" T="0" /><Point X="453" Y="637" T="0" /><Point X="453" Y="638" T="0" /><Point X="453" Y="639" T="0" /></Gesture>