<Gesture Name="caret" Subject="1" Number="1" NumPts="43" Millseconds="0" AppName="Gestures" AppVer="1.0" Date="Wednesday, March 01, 2023" TimeOfDay="16:22:52" ID="4"><Point X="286" Y="627" T="0" /><Point X="298" Y="609" T="0" /><Point X="311" Y="580" T="0" /><Point X="322" Y="555" T="0" /><Point X="334" Y="527" T="0" /><Point X="349" Y="499" T="0" /><Point X="361" Y="479" T="0" /><Point X="372" Y="459" T="0" /><Point X="380" Y="444" T="0" /><Point X="386" Y="436" T="0" /><Point X="389" Y="427" T="0" /><Point X="390" Y="422" T="0" /><Point X="391" Y="419" T="0" /><Point X="393" Y="418" T="0" /><Point X="393" Y="416" T="0" /><Point X="393" Y="415" T="0" /><Point X="393" Y="417" T="0" /><Point X="394" Y="419" T="0" /><Point X="394" Y="423" T="0" /><Point X="396" Y="429" T="0" /><Point X="399" Y="440" T="0" /><Point X="402" Y="451" T="0" /><Point X="406" Y="463" T="0" /><Point X="410" Y="477" T="0" /><Point X="418" Y="495" T="0" /><Point X="425" Y="510" T="0" /><Point X="432" Y="521" T="0" /><Point X="438" Y="531" T="0" /><Point X="444" Y="541" T="0" /><Point X="450" Y="548" T="0" /><Point X="455" Y="555" T="0" /><Point X="462" Y="563" T="0" /><Point X="466" Y="567" T="0" /><Point X="470" Y="573" T="0" /><Point X="473" Y="576" T="0" /><Point X="475" Y="579" T="0" /><Point X="477" Y="581" T="0" /><Point X="479" Y="582" T="0" /><Point X="480" Y="583" T="0" /><Point X="481" Y="584" T="0" /><Point X="482" Y="584" T="0" /><Point X="482" Y="585" T="0" /><Point X="482" Y="586" T="0" /></Gesture>