<Gesture Name="check" Subject="1" Number="1" NumPts="44" Millseconds="0" AppName="Gestures" AppVer="1.0" Date="Wednesday, March 01, 2023" TimeOfDay="16:19:18" ID="2"><Point X="227" Y="334" T="0" /><Point X="242" Y="347" T="0" /><Point X="257" Y="359" T="0" /><Point X="265" Y="369" T="0" /><Point X="274" Y="384" T="0" /><Point X="284" Y="400" T="0" /><Point X="290" Y="407" T="0" /><Point X="294" Y="414" T="0" /><Point X="296" Y="417" T="0" /><Point X="298" Y="420" T="0" /><Point X="298" Y="422" T="0" /><Point X="300" Y="423" T="0" /><Point X="301" Y="424" T="0" /><Point X="301" Y="425" T="0" /><Point X="301" Y="426" T="0" /><Point X="301" Y="427" T="0" /><Point X="302" Y="427" T="0" /><Point X="308" Y="419" T="0" /><Point X="317" Y="404" T="0" /><Point X="327" Y="388" T="0" /><Point X="340" Y="371" T="0" /><Point X="362" Y="343" T="0" /><Point X="390" Y="312" T="0" /><Point X="406" Y="296" T="0" /><Point X="434" Y="271" T="0" /><Point X="472" Y="243" T="0" /><Point X="494" Y="225" T="0" /><Point X="514" Y="210" T="0" /><Point X="534" Y="197" T="0" /><Point X="554" Y="187" T="0" /><Point X="564" Y="181" T="0" /><Point X="572" Y="175" T="0" /><Point X="579" Y="171" T="0" /><Point X="584" Y="164" T="0" /><Point X="590" Y="159" T="0" /><Point X="595" Y="155" T="0" /><Point X="600" Y="151" T="0" /><Point X="603" Y="147" T="0" /><Point X="607" Y="144" T="0" /><Point X="610" Y="142" T="0" /><Point X="612" Y="139" T="0" /><Point X="614" Y="138" T="0" /><Point X="615" Y="138" T="0" /><Point X="616" Y="137" T="0" /></Gesture>