<Gesture Name="check" Subject="1" Number="1" NumPts="39" Millseconds="0" AppName="Gestures" AppVer="1.0" Date="Wednesday, March 01, 2023" TimeOfDay="16:26:47" ID="7"><Point X="275" Y="604" T="0" /><Point X="292" Y="615" T="0" /><Point X="307" Y="629" T="0" /><Point X="318" Y="641" T="0" /><Point X="329" Y="654" T="0" /><Point X="339" Y="663" T="0" /><Point X="348" Y="670" T="0" /><Point X="355" Y="676" T="0" /><Point X="359" Y="679" T="0" /><Point X="362" Y="683" T="0" /><Point X="364" Y="684" T="0" /><Point X="366" Y="685" T="0" /><Point X="366" Y="686" T="0" /><Point X="368" Y="687" T="0" /><Point X="369" Y="687" T="0" /><Point X="374" Y="679" T="0" /><Point X="382" Y="663" T="0" /><Point X="393" Y="644" T="0" /><Point X="404" Y="616" T="0" /><Point X="424" Y="561" T="0" /><Point X="438" Y="532" T="0" /><Point X="464" Y="459" T="0" /><Point X="486" Y="419" T="0" /><Point X="514" Y="359" T="0" /><Point X="532" Y="322" T="0" /><Point X="558" Y="271" T="0" /><Point X="588" Y="228" T="0" /><Point X="602" Y="203" T="0" /><Point X="620" Y="172" T="0" /><Point X="630" Y="154" T="0" /><Point X="637" Y="143" T="0" /><Point X="641" Y="135" T="0" /><Point X="643" Y="131" T="0" /><Point X="646" Y="130" T="0" /><Point X="647" Y="126" T="0" /><Point X="648" Y="126" T="0" /><Point X="649" Y="125" T="0" /><Point X="649" Y="124" T="0" /><Point X="649" Y="123" T="0" /></Gesture>