<Gesture Name="check" Subject="1" Number="1" NumPts="26" Millseconds="0" AppName="Gestures" AppVer="1.0" Date="Wednesday, March 01, 2023" TimeOfDay="16:24:03" ID="5"><Point X="288" Y="637" T="0" /><Point X="290" Y="639" T="0" /><Point X="291" Y="641" T="0" /><Point X="292" Y="643" T="0" /><Point X="294" Y="644" T="0" /><Point X="294" Y="645" T="0" /><Point X="294" Y="646" T="0" /><Point X="294" Y="647" T="0" /><Point X="306" Y="635" T="0" /><Point X="324" Y="617" T="0" /><Point X="355" Y="592" T="0" /><Point X="379" Y="566" T="0" /><Point X="409" Y="535" T="0" /><Point X="439" Y="511" T="0" /><Point X="465" Y="485" T="0" /><Point X="490" Y="457" T="0" /><Point X="507" Y="437" T="0" /><Point X="520" Y="424" T="0" /><Point X="530" Y="415" T="0" /><Point X="538" Y="406" T="0" /><Point X="545" Y="399" T="0" /><Point X="549" Y="394" T="0" /><Point X="550" Y="391" T="0" /><Point X="553" Y="389" T="0" /><Point X="554" Y="388" T="0" /><Point X="554" Y="387" T="0" /></Gesture>