<Gesture Name="check" Subject="1" Number="1" NumPts="40" Millseconds="0" AppName="Gestures" AppVer="1.0" Date="Wednesday, March 01, 2023" TimeOfDay="16:16:30" ID="1"><Point X="245" Y="454" T="0" /><Point X="256" Y="462" T="0" /><Point X="264" Y="469" T="0" /><Point X="273" Y="477" T="0" /><Point X="280" Y="487" T="0" /><Point X="286" Y="495" T="0" /><Point X="294" Y="503" T="0" /><Point X="298" Y="507" T="0" /><Point X="302" Y="509" T="0" /><Point X="304" Y="513" T="0" /><Point X="306" Y="514" T="0" /><Point X="306" Y="515" T="0" /><Point X="308" Y="516" T="0" /><Point X="308" Y="518" T="0" /><Point X="308" Y="519" T="0" /><Point X="310" Y="516" T="0" /><Point X="318" Y="505" T="0" /><Point X="324" Y="492" T="0" /><Point X="333" Y="479" T="0" /><Point X="352" Y="449" T="0" /><Point X="378" Y="413" T="0" /><Point X="394" Y="394" T="0" /><Point X="408" Y="376" T="0" /><Point X="433" Y="346" T="0" /><Point X="455" Y="320" T="0" /><Point X="470" Y="304" T="0" /><Point X="481" Y="295" T="0" /><Point X="493" Y="285" T="0" /><Point X="508" Y="271" T="0" /><Point X="520" Y="260" T="0" /><Point X="530" Y="251" T="0" /><Point X="538" Y="246" T="0" /><Point X="542" Y="241" T="0" /><Point X="547" Y="239" T="0" /><Point X="550" Y="237" T="0" /><Point X="551" Y="235" T="0" /><Point X="553" Y="234" T="0" /><Point X="555" Y="233" T="0" /><Point X="557" Y="232" T="0" /><Point X="558" Y="231" T="0" /></Gesture>