<Gesture Name="check" Subject="1" Number="1" NumPts="34" Millseconds="0" AppName="Gestures" AppVer="1.0" Date="Wednesday, March 01, 2023" TimeOfDay="16:29:24" ID="9"><Point X="269" Y="589" T="0" /><Point X="276" Y="595" T="0" /><Point X="282" Y="602" T="0" /><Point X="290" Y="609" T="0" /><Point X="296" Y="615" T="0" /><Point X="301" Y="620" T="0" /><Point X="306" Y="625" T="0" /><Point X="308" Y="627" T="0" /><Point X="310" Y="629" T="0" /><Point X="312" Y="631" T="0" /><Point X="314" Y="631" T="0" /><Point X="314" Y="632" T="0" /><Point X="314" Y="633" T="0" /><Point X="314" Y="634" T="0" /><Point X="318" Y="627" T="0" /><Point X="329" Y="612" T="0" /><Point X="341" Y="598" T="0" /><Point X="350" Y="588" T="0" /><Point X="366" Y="570" T="0" /><Point X="393" Y="542" T="0" /><Point X="414" Y="519" T="0" /><Point X="430" Y="500" T="0" /><Point X="455" Y="475" T="0" /><Point X="482" Y="443" T="0" /><Point X="497" Y="427" T="0" /><Point X="505" Y="416" T="0" /><Point X="512" Y="407" T="0" /><Point X="518" Y="401" T="0" /><Point X="522" Y="395" T="0" /><Point X="525" Y="393" T="0" /><Point X="526" Y="390" T="0" /><Point X="529" Y="388" T="0" /><Point X="529" Y="387" T="0" /><Point X="530" Y="387" T="0" /></Gesture>