<Gesture Name="circle" Subject="1" Number="1" NumPts="175" Millseconds="0" AppName="Gestures" AppVer="1.0" Date="Wednesday, March 01, 2023" TimeOfDay="16:22:35" ID="4"><Point X="337" Y="578" T="0" /><Point X="335" Y="579" T="0" /><Point X="332" Y="579" T="0" /><Point X="330" Y="580" T="0" /><Point X="329" Y="581" T="0" /><Point X="327" Y="582" T="0" /><Point X="324" Y="583" T="0" /><Point X="322" Y="583" T="0" /><Point X="322" Y="584" T="0" /><Point X="320" Y="585" T="0" /><Point X="318" Y="586" T="0" /><Point X="316" Y="587" T="0" /><Point X="315" Y="587" T="0" /><Point X="314" Y="588" T="0" /><Point X="312" Y="588" T="0" /><Point X="309" Y="589" T="0" /><Point X="307" Y="590" T="0" /><Point X="305" Y="591" T="0" /><Point X="303" Y="592" T="0" /><Point X="300" Y="594" T="0" /><Point X="298" Y="595" T="0" /><Point X="297" Y="597" T="0" /><Point X="294" Y="599" T="0" /><Point X="293" Y="600" T="0" /><Point X="291" Y="602" T="0" /><Point X="290" Y="603" T="0" /><Point X="290" Y="604" T="0" /><Point X="290" Y="607" T="0" /><Point X="289" Y="608" T="0" /><Point X="287" Y="610" T="0" /><Point X="286" Y="611" T="0" /><Point X="286" Y="614" T="0" /><Point X="285" Y="616" T="0" /><Point X="284" Y="618" T="0" /><Point X="284" Y="619" T="0" /><Point X="284" Y="621" T="0" /><Point X="284" Y="623" T="0" /><Point X="284" Y="625" T="0" /><Point X="284" Y="627" T="0" /><Point X="284" Y="628" T="0" /><Point X="285" Y="630" T="0" /><Point X="286" Y="632" T="0" /><Point X="288" Y="635" T="0" /><Point X="290" Y="639" T="0" /><Point X="292" Y="642" T="0" /><Point X="295" Y="648" T="0" /><Point X="299" Y="651" T="0" /><Point X="302" Y="656" T="0" /><Point X="303" Y="659" T="0" /><Point X="306" Y="662" T="0" /><Point X="307" Y="664" T="0" /><Point X="309" Y="665" T="0" /><Point X="310" Y="667" T="0" /><Point X="311" Y="669" T="0" /><Point X="314" Y="670" T="0" /><Point X="316" Y="671" T="0" /><Point X="318" Y="671" T="0" /><Point X="322" Y="672" T="0" /><Point X="326" Y="673" T="0" /><Point X="328" Y="673" T="0" /><Point X="334" Y="673" T="0" /><Point X="336" Y="673" T="0" /><Point X="340" Y="673" T="0" /><Point X="342" Y="673" T="0" /><Point X="345" Y="673" T="0" /><Point X="346" Y="673" T="0" /><Point X="349" Y="673" T="0" /><Point X="352" Y="673" T="0" /><Point X="354" Y="673" T="0" /><Point X="355" Y="673" T="0" /><Point X="358" Y="673" T="0" /><Point X="360" Y="673" T="0" /><Point X="362" Y="673" T="0" /><Point X="366" Y="673" T="0" /><Point X="368" Y="672" T="0" /><Point X="370" Y="671" T="0" /><Point X="373" Y="671" T="0" /><Point X="375" Y="670" T="0" /><Point X="378" Y="667" T="0" /><Point X="379" Y="666" T="0" /><Point X="382" Y="663" T="0" /><Point X="385" Y="659" T="0" /><Point X="386" Y="655" T="0" /><Point X="388" Y="654" T="0" /><Point X="390" Y="650" T="0" /><Point X="391" Y="648" T="0" /><Point X="392" Y="647" T="0" /><Point X="393" Y="644" T="0" /><Point X="394" Y="643" T="0" /><Point X="394" Y="642" T="0" /><Point X="394" Y="641" T="0" /><Point X="394" Y="639" T="0" /><Point X="395" Y="637" T="0" /><Point X="397" Y="636" T="0" /><Point X="398" Y="634" T="0" /><Point X="398" Y="630" T="0" /><Point X="398" Y="627" T="0" /><Point X="398" Y="623" T="0" /><Point X="398" Y="620" T="0" /><Point X="398" Y="617" T="0" /><Point X="398" Y="613" T="0" /><Point X="398" Y="611" T="0" /><Point X="398" Y="608" T="0" /><Point X="398" Y="606" T="0" /><Point X="398" Y="604" T="0" /><Point X="398" Y="603" T="0" /><Point X="398" Y="602" T="0" /><Point X="398" Y="599" T="0" /><Point X="398" Y="597" T="0" /><Point X="396" Y="595" T="0" /><Point X="395" Y="593" T="0" /><Point X="395" Y="592" T="0" /><Point X="394" Y="591" T="0" /><Point X="394" Y="589" T="0" /><Point X="393" Y="588" T="0" /><Point X="392" Y="587" T="0" /><Point X="391" Y="586" T="0" /><Point X="391" Y="585" T="0" /><Point X="390" Y="585" T="0" /><Point X="389" Y="584" T="0" /><Point X="389" Y="583" T="0" /><Point X="388" Y="583" T="0" /><Point X="386" Y="582" T="0" /><Point X="386" Y="581" T="0" /><Point X="384" Y="580" T="0" /><Point X="382" Y="579" T="0" /><Point X="381" Y="579" T="0" /><Point X="380" Y="579" T="0" /><Point X="379" Y="579" T="0" /><Point X="378" Y="579" T="0" /><Point X="376" Y="579" T="0" /><Point X="375" Y="579" T="0" /><Point X="374" Y="579" T="0" /><Point X="373" Y="579" T="0" /><Point X="372" Y="579" T="0" /><Point X="370" Y="579" T="0" /><Point X="369" Y="579" T="0" /><Point X="367" Y="579" T="0" /><Point X="366" Y="579" T="0" /><Point X="365" Y="579" T="0" /><Point X="364" Y="579" T="0" /><Point X="363" Y="579" T="0" /><Point X="362" Y="579" T="0" /><Point X="361" Y="579" T="0" /><Point X="360" Y="579" T="0" /><Point X="358" Y="579" T="0" /><Point X="356" Y="579" T="0" /><Point X="355" Y="579" T="0" /><Point X="354" Y="578" T="0" /><Point X="353" Y="578" T="0" /><Point X="351" Y="578" T="0" /><Point X="350" Y="578" T="0" /><Point X="349" Y="578" T="0" /><Point X="348" Y="578" T="0" /><Point X="346" Y="578" T="0" /><Point X="345" Y="578" T="0" /><Point X="344" Y="578" T="0" /><Point X="343" Y="578" T="0" /><Point X="342" Y="578" T="0" /><Point X="341" Y="578" T="0" /><Point X="340" Y="578" T="0" /><Point X="339" Y="578" T="0" /><Point X="338" Y="578" T="0" /><Point X="337" Y="578" T="0" /><Point X="336" Y="578" T="0" /><Point X="335" Y="578" T="0" /><Point X="334" Y="578" T="0" /><Point X="334" Y="577" T="0" /><Point X="333" Y="577" T="0" /><Point X="332" Y="577" T="0" /><Point X="331" Y="577" T="0" /><Point X="330" Y="577" T="0" /><Point X="329" Y="577" T="0" /><Point X="328" Y="577" T="0" /><Point X="327" Y="577" T="0" /></Gesture>