<Gesture Name="circle" Subject="1" Number="1" NumPts="144" Millseconds="0" AppName="Gestures" AppVer="1.0" Date="Wednesday, March 01, 2023" TimeOfDay="16:29:21" ID="9"><Point X="370" Y="438" T="0" /><Point X="359" Y="441" T="0" /><Point X="353" Y="444" T="0" /><Point X="346" Y="448" T="0" /><Point X="342" Y="450" T="0" /><Point X="338" Y="451" T="0" /><Point X="335" Y="453" T="0" /><Point X="330" Y="457" T="0" /><Point X="328" Y="460" T="0" /><Point X="322" Y="467" T="0" /><Point X="318" Y="475" T="0" /><Point X="313" Y="485" T="0" /><Point X="310" Y="492" T="0" /><Point X="307" Y="499" T="0" /><Point X="305" Y="505" T="0" /><Point X="302" Y="512" T="0" /><Point X="301" Y="519" T="0" /><Point X="300" Y="523" T="0" /><Point X="300" Y="527" T="0" /><Point X="300" Y="531" T="0" /><Point X="300" Y="537" T="0" /><Point X="301" Y="540" T="0" /><Point X="302" Y="544" T="0" /><Point X="303" Y="548" T="0" /><Point X="304" Y="550" T="0" /><Point X="306" Y="553" T="0" /><Point X="307" Y="555" T="0" /><Point X="309" Y="558" T="0" /><Point X="311" Y="562" T="0" /><Point X="313" Y="564" T="0" /><Point X="315" Y="567" T="0" /><Point X="318" Y="571" T="0" /><Point X="324" Y="575" T="0" /><Point X="333" Y="581" T="0" /><Point X="340" Y="583" T="0" /><Point X="348" Y="587" T="0" /><Point X="355" Y="590" T="0" /><Point X="362" Y="591" T="0" /><Point X="368" Y="592" T="0" /><Point X="376" Y="592" T="0" /><Point X="385" Y="592" T="0" /><Point X="394" Y="592" T="0" /><Point X="402" Y="591" T="0" /><Point X="407" Y="591" T="0" /><Point X="413" Y="587" T="0" /><Point X="418" Y="586" T="0" /><Point X="422" Y="583" T="0" /><Point X="428" Y="579" T="0" /><Point X="435" Y="576" T="0" /><Point X="442" Y="573" T="0" /><Point X="448" Y="569" T="0" /><Point X="454" Y="566" T="0" /><Point X="458" Y="564" T="0" /><Point X="461" Y="562" T="0" /><Point X="464" Y="559" T="0" /><Point X="466" Y="556" T="0" /><Point X="470" Y="550" T="0" /><Point X="473" Y="545" T="0" /><Point X="474" Y="539" T="0" /><Point X="477" Y="535" T="0" /><Point X="479" Y="531" T="0" /><Point X="480" Y="527" T="0" /><Point X="481" Y="525" T="0" /><Point X="482" Y="522" T="0" /><Point X="482" Y="519" T="0" /><Point X="482" Y="518" T="0" /><Point X="482" Y="515" T="0" /><Point X="482" Y="511" T="0" /><Point X="482" Y="507" T="0" /><Point X="482" Y="502" T="0" /><Point X="481" Y="496" T="0" /><Point X="478" Y="491" T="0" /><Point X="475" Y="485" T="0" /><Point X="474" Y="479" T="0" /><Point X="471" Y="475" T="0" /><Point X="467" Y="472" T="0" /><Point X="465" Y="466" T="0" /><Point X="461" Y="460" T="0" /><Point X="456" Y="456" T="0" /><Point X="453" Y="453" T="0" /><Point X="450" Y="448" T="0" /><Point X="446" Y="446" T="0" /><Point X="444" Y="442" T="0" /><Point X="442" Y="439" T="0" /><Point X="438" Y="437" T="0" /><Point X="437" Y="435" T="0" /><Point X="434" Y="435" T="0" /><Point X="431" Y="433" T="0" /><Point X="430" Y="431" T="0" /><Point X="427" Y="430" T="0" /><Point X="425" Y="428" T="0" /><Point X="422" Y="427" T="0" /><Point X="421" Y="425" T="0" /><Point X="420" Y="424" T="0" /><Point X="417" Y="423" T="0" /><Point X="415" Y="423" T="0" /><Point X="414" Y="423" T="0" /><Point X="413" Y="422" T="0" /><Point X="410" Y="420" T="0" /><Point X="408" Y="419" T="0" /><Point X="407" Y="419" T="0" /><Point X="406" Y="419" T="0" /><Point X="403" Y="419" T="0" /><Point X="402" Y="419" T="0" /><Point X="401" Y="419" T="0" /><Point X="400" Y="419" T="0" /><Point X="398" Y="419" T="0" /><Point X="396" Y="419" T="0" /><Point X="395" Y="419" T="0" /><Point X="394" Y="419" T="0" /><Point X="393" Y="419" T="0" /><Point X="391" Y="419" T="0" /><Point X="390" Y="419" T="0" /><Point X="389" Y="419" T="0" /><Point X="388" Y="419" T="0" /><Point X="387" Y="419" T="0" /><Point X="385" Y="421" T="0" /><Point X="383" Y="422" T="0" /><Point X="382" Y="422" T="0" /><Point X="381" Y="423" T="0" /><Point X="380" Y="423" T="0" /><Point X="378" Y="424" T="0" /><Point X="377" Y="424" T="0" /><Point X="377" Y="425" T="0" /><Point X="376" Y="425" T="0" /><Point X="375" Y="425" T="0" /><Point X="374" Y="426" T="0" /><Point X="374" Y="427" T="0" /><Point X="371" Y="428" T="0" /><Point X="370" Y="428" T="0" /><Point X="370" Y="429" T="0" /><Point X="369" Y="429" T="0" /><Point X="368" Y="430" T="0" /><Point X="366" Y="431" T="0" /><Point X="364" Y="431" T="0" /><Point X="363" Y="432" T="0" /><Point X="363" Y="433" T="0" /><Point X="362" Y="433" T="0" /><Point X="362" Y="434" T="0" /><Point X="362" Y="435" T="0" /><Point X="361" Y="435" T="0" /><Point X="360" Y="435" T="0" /><Point X="359" Y="435" T="0" /><Point X="358" Y="435" T="0" /></Gesture>