<Gesture Name="circle" Subject="1" Number="1" NumPts="97" Millseconds="0" AppName="Gestures" AppVer="1.0" Date="Wednesday, March 01, 2023" TimeOfDay="16:19:15" ID="2"><Point X="301" Y="235" T="0" /><Point X="292" Y="239" T="0" /><Point X="283" Y="245" T="0" /><Point X="274" Y="251" T="0" /><Point X="263" Y="261" T="0" /><Point X="257" Y="268" T="0" /><Point X="250" Y="278" T="0" /><Point X="244" Y="286" T="0" /><Point X="238" Y="295" T="0" /><Point X="233" Y="305" T="0" /><Point X="229" Y="316" T="0" /><Point X="226" Y="330" T="0" /><Point X="226" Y="339" T="0" /><Point X="226" Y="350" T="0" /><Point X="228" Y="362" T="0" /><Point X="233" Y="375" T="0" /><Point X="237" Y="387" T="0" /><Point X="243" Y="395" T="0" /><Point X="249" Y="404" T="0" /><Point X="255" Y="411" T="0" /><Point X="262" Y="421" T="0" /><Point X="274" Y="432" T="0" /><Point X="288" Y="443" T="0" /><Point X="302" Y="451" T="0" /><Point X="310" Y="456" T="0" /><Point X="320" Y="460" T="0" /><Point X="333" Y="463" T="0" /><Point X="349" Y="463" T="0" /><Point X="360" Y="462" T="0" /><Point X="370" Y="459" T="0" /><Point X="381" Y="451" T="0" /><Point X="394" Y="443" T="0" /><Point X="410" Y="435" T="0" /><Point X="420" Y="429" T="0" /><Point X="429" Y="423" T="0" /><Point X="437" Y="412" T="0" /><Point X="448" Y="397" T="0" /><Point X="456" Y="386" T="0" /><Point X="462" Y="376" T="0" /><Point X="467" Y="366" T="0" /><Point X="470" Y="354" T="0" /><Point X="473" Y="337" T="0" /><Point X="473" Y="325" T="0" /><Point X="473" Y="317" T="0" /><Point X="470" Y="308" T="0" /><Point X="469" Y="298" T="0" /><Point X="465" Y="287" T="0" /><Point X="461" Y="279" T="0" /><Point X="458" Y="270" T="0" /><Point X="454" Y="263" T="0" /><Point X="451" Y="259" T="0" /><Point X="448" Y="256" T="0" /><Point X="442" Y="252" T="0" /><Point X="437" Y="250" T="0" /><Point X="430" Y="247" T="0" /><Point X="422" Y="243" T="0" /><Point X="418" Y="242" T="0" /><Point X="414" Y="240" T="0" /><Point X="410" Y="239" T="0" /><Point X="407" Y="237" T="0" /><Point X="402" Y="234" T="0" /><Point X="398" Y="232" T="0" /><Point X="392" Y="230" T="0" /><Point X="387" Y="228" T="0" /><Point X="382" Y="227" T="0" /><Point X="377" Y="223" T="0" /><Point X="374" Y="223" T="0" /><Point X="370" Y="222" T="0" /><Point X="366" Y="222" T="0" /><Point X="364" Y="222" T="0" /><Point X="360" Y="222" T="0" /><Point X="358" Y="222" T="0" /><Point X="354" Y="222" T="0" /><Point X="353" Y="222" T="0" /><Point X="350" Y="222" T="0" /><Point X="348" Y="222" T="0" /><Point X="344" Y="222" T="0" /><Point X="341" Y="222" T="0" /><Point X="336" Y="222" T="0" /><Point X="333" Y="222" T="0" /><Point X="329" Y="222" T="0" /><Point X="326" Y="222" T="0" /><Point X="324" Y="222" T="0" /><Point X="320" Y="222" T="0" /><Point X="317" Y="222" T="0" /><Point X="314" Y="222" T="0" /><Point X="312" Y="222" T="0" /><Point X="310" Y="222" T="0" /><Point X="308" Y="222" T="0" /><Point X="306" Y="222" T="0" /><Point X="304" Y="223" T="0" /><Point X="302" Y="223" T="0" /><Point X="301" Y="225" T="0" /><Point X="300" Y="225" T="0" /><Point X="299" Y="225" T="0" /><Point X="298" Y="225" T="0" /><Point X="297" Y="225" T="0" /></Gesture>