<Gesture Name="circle" Subject="1" Number="1" NumPts="145" Millseconds="0" AppName="Gestures" AppVer="1.0" Date="Wednesday, March 01, 2023" TimeOfDay="16:23:59" ID="5"><Point X="353" Y="555" T="0" /><Point X="346" Y="557" T="0" /><Point X="339" Y="559" T="0" /><Point X="334" Y="560" T="0" /><Point X="329" Y="563" T="0" /><Point X="324" Y="564" T="0" /><Point X="319" Y="566" T="0" /><Point X="316" Y="570" T="0" /><Point X="311" Y="572" T="0" /><Point X="308" Y="575" T="0" /><Point X="304" Y="579" T="0" /><Point X="301" Y="580" T="0" /><Point X="298" Y="582" T="0" /><Point X="296" Y="584" T="0" /><Point X="293" Y="589" T="0" /><Point X="291" Y="592" T="0" /><Point X="289" Y="597" T="0" /><Point X="287" Y="600" T="0" /><Point X="285" Y="603" T="0" /><Point X="284" Y="607" T="0" /><Point X="283" Y="610" T="0" /><Point X="282" Y="615" T="0" /><Point X="281" Y="619" T="0" /><Point X="280" Y="623" T="0" /><Point X="278" Y="627" T="0" /><Point X="278" Y="631" T="0" /><Point X="278" Y="635" T="0" /><Point X="278" Y="639" T="0" /><Point X="278" Y="640" T="0" /><Point X="278" Y="643" T="0" /><Point X="279" Y="646" T="0" /><Point X="281" Y="648" T="0" /><Point X="284" Y="651" T="0" /><Point X="290" Y="656" T="0" /><Point X="297" Y="660" T="0" /><Point X="300" Y="664" T="0" /><Point X="303" Y="667" T="0" /><Point X="308" Y="670" T="0" /><Point X="311" Y="673" T="0" /><Point X="315" Y="675" T="0" /><Point X="320" Y="679" T="0" /><Point X="327" Y="682" T="0" /><Point X="334" Y="685" T="0" /><Point X="342" Y="687" T="0" /><Point X="349" Y="689" T="0" /><Point X="354" Y="690" T="0" /><Point X="358" Y="691" T="0" /><Point X="364" Y="692" T="0" /><Point X="369" Y="693" T="0" /><Point X="375" Y="693" T="0" /><Point X="381" Y="693" T="0" /><Point X="387" Y="693" T="0" /><Point X="393" Y="693" T="0" /><Point X="398" Y="693" T="0" /><Point X="400" Y="692" T="0" /><Point X="402" Y="691" T="0" /><Point X="405" Y="690" T="0" /><Point X="408" Y="688" T="0" /><Point X="410" Y="687" T="0" /><Point X="413" Y="685" T="0" /><Point X="416" Y="683" T="0" /><Point X="418" Y="681" T="0" /><Point X="420" Y="679" T="0" /><Point X="423" Y="678" T="0" /><Point X="427" Y="675" T="0" /><Point X="430" Y="674" T="0" /><Point X="434" Y="672" T="0" /><Point X="436" Y="671" T="0" /><Point X="439" Y="669" T="0" /><Point X="441" Y="667" T="0" /><Point X="442" Y="666" T="0" /><Point X="444" Y="665" T="0" /><Point X="446" Y="664" T="0" /><Point X="446" Y="663" T="0" /><Point X="448" Y="660" T="0" /><Point X="450" Y="657" T="0" /><Point X="450" Y="654" T="0" /><Point X="452" Y="649" T="0" /><Point X="453" Y="646" T="0" /><Point X="453" Y="642" T="0" /><Point X="453" Y="639" T="0" /><Point X="453" Y="636" T="0" /><Point X="453" Y="634" T="0" /><Point X="453" Y="631" T="0" /><Point X="452" Y="631" T="0" /><Point X="450" Y="627" T="0" /><Point X="449" Y="625" T="0" /><Point X="446" Y="623" T="0" /><Point X="442" Y="618" T="0" /><Point X="439" Y="614" T="0" /><Point X="434" Y="609" T="0" /><Point X="430" Y="606" T="0" /><Point X="426" Y="601" T="0" /><Point X="422" Y="597" T="0" /><Point X="420" Y="595" T="0" /><Point X="416" Y="591" T="0" /><Point X="414" Y="589" T="0" /><Point X="411" Y="587" T="0" /><Point X="408" Y="586" T="0" /><Point X="406" Y="583" T="0" /><Point X="404" Y="582" T="0" /><Point X="402" Y="582" T="0" /><Point X="401" Y="581" T="0" /><Point X="399" Y="580" T="0" /><Point X="398" Y="579" T="0" /><Point X="396" Y="579" T="0" /><Point X="395" Y="578" T="0" /><Point X="394" Y="578" T="0" /><Point X="392" Y="576" T="0" /><Point X="390" Y="576" T="0" /><Point X="388" Y="576" T="0" /><Point X="386" Y="576" T="0" /><Point X="385" Y="576" T="0" /><Point X="384" Y="576" T="0" /><Point X="383" Y="576" T="0" /><Point X="382" Y="576" T="0" /><Point X="381" Y="576" T="0" /><Point X="380" Y="576" T="0" /><Point X="379" Y="576" T="0" /><Point X="378" Y="576" T="0" /><Point X="377" Y="575" T="0" /><Point X="376" Y="575" T="0" /><Point X="375" Y="574" T="0" /><Point X="374" Y="573" T="0" /><Point X="373" Y="572" T="0" /><Point X="372" Y="571" T="0" /><Point X="370" Y="571" T="0" /><Point X="368" Y="570" T="0" /><Point X="367" Y="568" T="0" /><Point X="366" Y="567" T="0" /><Point X="363" Y="564" T="0" /><Point X="362" Y="563" T="0" /><Point X="360" Y="563" T="0" /><Point X="359" Y="562" T="0" /><Point X="358" Y="561" T="0" /><Point X="356" Y="560" T="0" /><Point X="356" Y="559" T="0" /><Point X="355" Y="559" T="0" /><Point X="354" Y="558" T="0" /><Point X="353" Y="558" T="0" /><Point X="352" Y="558" T="0" /><Point X="352" Y="557" T="0" /><Point X="350" Y="557" T="0" /><Point X="350" Y="556" T="0" /><Point X="350" Y="555" T="0" /></Gesture>