<Gesture Name="delete" Subject="1" Number="1" NumPts="158" Millseconds="0" AppName="Gestures" AppVer="1.0" Date="Wednesday, March 01, 2023" TimeOfDay="16:31:07" ID="10"><Point X="266" Y="391" T="0" /><Point X="274" Y="397" T="0" /><Point X="282" Y="403" T="0" /><Point X="286" Y="410" T="0" /><Point X="293" Y="417" T="0" /><Point X="299" Y="424" T="0" /><Point X="308" Y="432" T="0" /><Point X="317" Y="439" T="0" /><Point X="326" Y="447" T="0" /><Point X="332" Y="451" T="0" /><Point X="338" Y="456" T="0" /><Point X="342" Y="459" T="0" /><Point X="345" Y="462" T="0" /><Point X="348" Y="467" T="0" /><Point X="353" Y="470" T="0" /><Point X="356" Y="474" T="0" /><Point X="362" Y="480" T="0" /><Point X="367" Y="486" T="0" /><Point X="374" Y="491" T="0" /><Point X="378" Y="496" T="0" /><Point X="385" Y="500" T="0" /><Point X="388" Y="503" T="0" /><Point X="390" Y="507" T="0" /><Point X="394" Y="509" T="0" /><Point X="396" Y="511" T="0" /><Point X="399" Y="515" T="0" /><Point X="402" Y="517" T="0" /><Point X="405" Y="519" T="0" /><Point X="407" Y="521" T="0" /><Point X="410" Y="523" T="0" /><Point X="413" Y="525" T="0" /><Point X="414" Y="527" T="0" /><Point X="415" Y="528" T="0" /><Point X="417" Y="529" T="0" /><Point X="418" Y="530" T="0" /><Point X="418" Y="531" T="0" /><Point X="418" Y="532" T="0" /><Point X="419" Y="533" T="0" /><Point X="420" Y="534" T="0" /><Point X="421" Y="535" T="0" /><Point X="422" Y="536" T="0" /><Point X="423" Y="536" T="0" /><Point X="423" Y="537" T="0" /><Point X="424" Y="538" T="0" /><Point X="424" Y="539" T="0" /><Point X="422" Y="539" T="0" /><Point X="420" Y="539" T="0" /><Point X="418" Y="539" T="0" /><Point X="414" Y="539" T="0" /><Point X="411" Y="539" T="0" /><Point X="406" Y="539" T="0" /><Point X="400" Y="539" T="0" /><Point X="393" Y="537" T="0" /><Point X="386" Y="537" T="0" /><Point X="382" Y="536" T="0" /><Point X="378" Y="536" T="0" /><Point X="374" Y="536" T="0" /><Point X="370" Y="536" T="0" /><Point X="368" Y="536" T="0" /><Point X="365" Y="536" T="0" /><Point X="359" Y="536" T="0" /><Point X="355" Y="536" T="0" /><Point X="349" Y="536" T="0" /><Point X="342" Y="536" T="0" /><Point X="338" Y="536" T="0" /><Point X="334" Y="536" T="0" /><Point X="330" Y="536" T="0" /><Point X="326" Y="537" T="0" /><Point X="323" Y="538" T="0" /><Point X="319" Y="538" T="0" /><Point X="316" Y="539" T="0" /><Point X="310" Y="539" T="0" /><Point X="306" Y="541" T="0" /><Point X="300" Y="543" T="0" /><Point X="294" Y="543" T="0" /><Point X="289" Y="544" T="0" /><Point X="286" Y="545" T="0" /><Point X="282" Y="546" T="0" /><Point X="278" Y="547" T="0" /><Point X="276" Y="547" T="0" /><Point X="274" Y="548" T="0" /><Point X="272" Y="549" T="0" /><Point X="270" Y="549" T="0" /><Point X="268" Y="549" T="0" /><Point X="266" Y="551" T="0" /><Point X="265" Y="551" T="0" /><Point X="262" Y="552" T="0" /><Point X="259" Y="553" T="0" /><Point X="257" Y="554" T="0" /><Point X="254" Y="554" T="0" /><Point X="252" Y="555" T="0" /><Point X="250" Y="555" T="0" /><Point X="248" Y="556" T="0" /><Point X="246" Y="558" T="0" /><Point X="245" Y="558" T="0" /><Point X="244" Y="559" T="0" /><Point X="243" Y="559" T="0" /><Point X="242" Y="559" T="0" /><Point X="241" Y="559" T="0" /><Point X="240" Y="559" T="0" /><Point X="240" Y="558" T="0" /><Point X="240" Y="557" T="0" /><Point X="242" Y="555" T="0" /><Point X="242" Y="554" T="0" /><Point X="244" Y="552" T="0" /><Point X="246" Y="549" T="0" /><Point X="251" Y="545" T="0" /><Point X="255" Y="540" T="0" /><Point X="259" Y="535" T="0" /><Point X="263" Y="528" T="0" /><Point X="268" Y="523" T="0" /><Point X="271" Y="519" T="0" /><Point X="274" Y="515" T="0" /><Point X="279" Y="510" T="0" /><Point X="285" Y="505" T="0" /><Point X="290" Y="499" T="0" /><Point X="295" Y="494" T="0" /><Point X="302" Y="487" T="0" /><Point X="306" Y="483" T="0" /><Point X="312" Y="476" T="0" /><Point X="315" Y="473" T="0" /><Point X="319" Y="469" T="0" /><Point X="322" Y="467" T="0" /><Point X="324" Y="465" T="0" /><Point X="327" Y="462" T="0" /><Point X="330" Y="460" T="0" /><Point X="332" Y="459" T="0" /><Point X="337" Y="455" T="0" /><Point X="340" Y="451" T="0" /><Point X="345" Y="448" T="0" /><Point X="349" Y="443" T="0" /><Point X="354" Y="439" T="0" /><Point X="358" Y="432" T="0" /><Point X="364" Y="426" T="0" /><Point X="366" Y="420" T="0" /><Point X="368" Y="417" T="0" /><Point X="370" Y="413" T="0" /><Point X="372" Y="411" T="0" /><Point X="374" Y="410" T="0" /><Point X="375" Y="407" T="0" /><Point X="377" Y="405" T="0" /><Point X="378" Y="403" T="0" /><Point X="382" Y="399" T="0" /><Point X="384" Y="397" T="0" /><Point X="386" Y="395" T="0" /><Point X="390" Y="391" T="0" /><Point X="394" Y="387" T="0" /><Point X="396" Y="385" T="0" /><Point X="400" Y="380" T="0" /><Point X="402" Y="377" T="0" /><Point X="405" Y="373" T="0" /><Point X="408" Y="371" T="0" /><Point X="410" Y="369" T="0" /><Point X="411" Y="368" T="0" /><Point X="412" Y="367" T="0" /><Point X="413" Y="365" T="0" /><Point X="414" Y="364" T="0" /><Point X="415" Y="363" T="0" /></Gesture>