<Gesture Name="delete" Subject="1" Number="1" NumPts="62" Millseconds="0" AppName="Gestures" AppVer="1.0" Date="Wednesday, March 01, 2023" TimeOfDay="16:29:48" ID="9"><Point X="307" Y="548" T="0" /><Point X="326" Y="558" T="0" /><Point X="336" Y="564" T="0" /><Point X="345" Y="571" T="0" /><Point X="351" Y="579" T="0" /><Point X="359" Y="585" T="0" /><Point X="367" Y="591" T="0" /><Point X="370" Y="595" T="0" /><Point X="374" Y="600" T="0" /><Point X="378" Y="603" T="0" /><Point X="379" Y="604" T="0" /><Point X="381" Y="605" T="0" /><Point X="382" Y="607" T="0" /><Point X="383" Y="608" T="0" /><Point X="383" Y="609" T="0" /><Point X="383" Y="610" T="0" /><Point X="383" Y="611" T="0" /><Point X="382" Y="612" T="0" /><Point X="382" Y="613" T="0" /><Point X="380" Y="614" T="0" /><Point X="378" Y="615" T="0" /><Point X="375" Y="615" T="0" /><Point X="372" Y="617" T="0" /><Point X="365" Y="620" T="0" /><Point X="355" Y="624" T="0" /><Point X="346" Y="628" T="0" /><Point X="337" Y="635" T="0" /><Point X="328" Y="640" T="0" /><Point X="321" Y="646" T="0" /><Point X="314" Y="650" T="0" /><Point X="307" Y="653" T="0" /><Point X="300" Y="657" T="0" /><Point X="296" Y="659" T="0" /><Point X="292" Y="660" T="0" /><Point X="291" Y="661" T="0" /><Point X="290" Y="662" T="0" /><Point X="289" Y="663" T="0" /><Point X="288" Y="663" T="0" /><Point X="288" Y="664" T="0" /><Point X="287" Y="664" T="0" /><Point X="286" Y="664" T="0" /><Point X="285" Y="664" T="0" /><Point X="285" Y="663" T="0" /><Point X="289" Y="655" T="0" /><Point X="294" Y="643" T="0" /><Point X="301" Y="631" T="0" /><Point X="307" Y="615" T="0" /><Point X="318" Y="595" T="0" /><Point X="331" Y="575" T="0" /><Point X="342" Y="559" T="0" /><Point X="350" Y="549" T="0" /><Point X="358" Y="540" T="0" /><Point X="364" Y="531" T="0" /><Point X="368" Y="523" T="0" /><Point X="372" Y="519" T="0" /><Point X="376" Y="514" T="0" /><Point X="378" Y="511" T="0" /><Point X="380" Y="509" T="0" /><Point X="381" Y="507" T="0" /><Point X="382" Y="506" T="0" /><Point X="382" Y="505" T="0" /><Point X="382" Y="504" T="0" /></Gesture>