<Gesture Name="delete" Subject="1" Number="1" NumPts="68" Millseconds="0" AppName="Gestures" AppVer="1.0" Date="Wednesday, March 01, 2023" TimeOfDay="16:20:28" ID="2"><Point X="253" Y="191" T="0" /><Point X="256" Y="195" T="0" /><Point X="262" Y="202" T="0" /><Point X="270" Y="209" T="0" /><Point X="278" Y="218" T="0" /><Point X="297" Y="235" T="0" /><Point X="318" Y="255" T="0" /><Point X="336" Y="275" T="0" /><Point X="360" Y="299" T="0" /><Point X="391" Y="327" T="0" /><Point X="417" Y="353" T="0" /><Point X="436" Y="373" T="0" /><Point X="451" Y="389" T="0" /><Point X="466" Y="401" T="0" /><Point X="476" Y="411" T="0" /><Point X="482" Y="417" T="0" /><Point X="488" Y="424" T="0" /><Point X="490" Y="428" T="0" /><Point X="492" Y="431" T="0" /><Point X="494" Y="433" T="0" /><Point X="494" Y="434" T="0" /><Point X="494" Y="435" T="0" /><Point X="494" Y="436" T="0" /><Point X="494" Y="437" T="0" /><Point X="494" Y="438" T="0" /><Point X="494" Y="439" T="0" /><Point X="493" Y="440" T="0" /><Point X="488" Y="442" T="0" /><Point X="478" Y="445" T="0" /><Point X="461" Y="447" T="0" /><Point X="432" Y="452" T="0" /><Point X="409" Y="455" T="0" /><Point X="380" Y="460" T="0" /><Point X="352" Y="463" T="0" /><Point X="331" Y="466" T="0" /><Point X="314" Y="468" T="0" /><Point X="300" Y="470" T="0" /><Point X="288" Y="471" T="0" /><Point X="278" Y="473" T="0" /><Point X="270" Y="474" T="0" /><Point X="266" Y="474" T="0" /><Point X="263" Y="474" T="0" /><Point X="260" Y="475" T="0" /><Point X="259" Y="475" T="0" /><Point X="258" Y="475" T="0" /><Point X="257" Y="475" T="0" /><Point X="256" Y="475" T="0" /><Point X="255" Y="475" T="0" /><Point X="254" Y="475" T="0" /><Point X="253" Y="475" T="0" /><Point X="254" Y="470" T="0" /><Point X="262" Y="457" T="0" /><Point X="279" Y="437" T="0" /><Point X="298" Y="415" T="0" /><Point X="327" Y="379" T="0" /><Point X="366" Y="341" T="0" /><Point X="398" Y="311" T="0" /><Point X="427" Y="280" T="0" /><Point X="454" Y="251" T="0" /><Point X="472" Y="233" T="0" /><Point X="482" Y="223" T="0" /><Point X="489" Y="215" T="0" /><Point X="495" Y="207" T="0" /><Point X="499" Y="203" T="0" /><Point X="502" Y="199" T="0" /><Point X="503" Y="197" T="0" /><Point X="504" Y="196" T="0" /><Point X="504" Y="195" T="0" /></Gesture>