<Gesture Name="delete" Subject="1" Number="1" NumPts="111" Millseconds="0" AppName="Gestures" AppVer="1.0" Date="Wednesday, March 01, 2023" TimeOfDay="16:27:16" ID="7"><Point X="276" Y="522" T="0" /><Point X="286" Y="530" T="0" /><Point X="296" Y="536" T="0" /><Point X="306" Y="542" T="0" /><Point X="314" Y="548" T="0" /><Point X="321" Y="552" T="0" /><Point X="326" Y="556" T="0" /><Point X="331" Y="560" T="0" /><Point X="335" Y="563" T="0" /><Point X="339" Y="566" T="0" /><Point X="342" Y="568" T="0" /><Point X="346" Y="570" T="0" /><Point X="347" Y="571" T="0" /><Point X="350" Y="573" T="0" /><Point X="351" Y="575" T="0" /><Point X="354" Y="576" T="0" /><Point X="356" Y="578" T="0" /><Point X="358" Y="579" T="0" /><Point X="362" Y="581" T="0" /><Point X="365" Y="583" T="0" /><Point X="366" Y="586" T="0" /><Point X="370" Y="587" T="0" /><Point X="372" Y="589" T="0" /><Point X="374" Y="591" T="0" /><Point X="376" Y="592" T="0" /><Point X="377" Y="593" T="0" /><Point X="377" Y="594" T="0" /><Point X="378" Y="595" T="0" /><Point X="378" Y="596" T="0" /><Point X="378" Y="597" T="0" /><Point X="378" Y="598" T="0" /><Point X="379" Y="599" T="0" /><Point X="380" Y="599" T="0" /><Point X="382" Y="599" T="0" /><Point X="383" Y="600" T="0" /><Point X="386" Y="601" T="0" /><Point X="387" Y="602" T="0" /><Point X="389" Y="603" T="0" /><Point X="390" Y="603" T="0" /><Point X="392" Y="604" T="0" /><Point X="394" Y="605" T="0" /><Point X="394" Y="606" T="0" /><Point X="396" Y="606" T="0" /><Point X="396" Y="607" T="0" /><Point X="395" Y="607" T="0" /><Point X="394" Y="608" T="0" /><Point X="392" Y="608" T="0" /><Point X="387" Y="609" T="0" /><Point X="382" Y="611" T="0" /><Point X="371" Y="612" T="0" /><Point X="360" Y="613" T="0" /><Point X="350" Y="614" T="0" /><Point X="340" Y="615" T="0" /><Point X="334" Y="616" T="0" /><Point X="324" Y="619" T="0" /><Point X="314" Y="619" T="0" /><Point X="303" Y="623" T="0" /><Point X="295" Y="625" T="0" /><Point X="288" Y="626" T="0" /><Point X="285" Y="627" T="0" /><Point X="281" Y="627" T="0" /><Point X="278" Y="628" T="0" /><Point X="277" Y="629" T="0" /><Point X="275" Y="629" T="0" /><Point X="274" Y="629" T="0" /><Point X="273" Y="629" T="0" /><Point X="272" Y="629" T="0" /><Point X="271" Y="630" T="0" /><Point X="269" Y="630" T="0" /><Point X="267" Y="631" T="0" /><Point X="266" Y="631" T="0" /><Point X="265" Y="631" T="0" /><Point X="264" Y="631" T="0" /><Point X="262" Y="631" T="0" /><Point X="261" Y="631" T="0" /><Point X="260" Y="631" T="0" /><Point X="259" Y="631" T="0" /><Point X="260" Y="631" T="0" /><Point X="262" Y="628" T="0" /><Point X="267" Y="625" T="0" /><Point X="274" Y="619" T="0" /><Point X="283" Y="611" T="0" /><Point X="294" Y="603" T="0" /><Point X="305" Y="594" T="0" /><Point X="314" Y="585" T="0" /><Point X="322" Y="575" T="0" /><Point X="330" Y="566" T="0" /><Point X="338" Y="558" T="0" /><Point X="346" Y="551" T="0" /><Point X="350" Y="547" T="0" /><Point X="356" Y="542" T="0" /><Point X="361" Y="539" T="0" /><Point X="366" Y="536" T="0" /><Point X="368" Y="535" T="0" /><Point X="371" Y="532" T="0" /><Point X="374" Y="531" T="0" /><Point X="375" Y="530" T="0" /><Point X="377" Y="528" T="0" /><Point X="379" Y="527" T="0" /><Point X="381" Y="525" T="0" /><Point X="382" Y="523" T="0" /><Point X="384" Y="523" T="0" /><Point X="387" Y="521" T="0" /><Point X="390" Y="519" T="0" /><Point X="392" Y="516" T="0" /><Point X="396" Y="513" T="0" /><Point X="398" Y="511" T="0" /><Point X="399" Y="510" T="0" /><Point X="402" Y="509" T="0" /><Point X="402" Y="508" T="0" /><Point X="403" Y="507" T="0" /></Gesture>