<Gesture Name="delete" Subject="1" Number="1" NumPts="78" Millseconds="0" AppName="Gestures" AppVer="1.0" Date="Wednesday, March 01, 2023" TimeOfDay="16:18:10" ID="1"><Point X="214" Y="298" T="0" /><Point X="230" Y="308" T="0" /><Point X="260" Y="326" T="0" /><Point X="279" Y="339" T="0" /><Point X="298" Y="352" T="0" /><Point X="318" Y="367" T="0" /><Point X="341" Y="385" T="0" /><Point X="356" Y="400" T="0" /><Point X="366" Y="408" T="0" /><Point X="378" Y="417" T="0" /><Point X="391" Y="427" T="0" /><Point X="406" Y="438" T="0" /><Point X="415" Y="444" T="0" /><Point X="422" Y="451" T="0" /><Point X="429" Y="457" T="0" /><Point X="435" Y="462" T="0" /><Point X="440" Y="467" T="0" /><Point X="445" Y="470" T="0" /><Point X="447" Y="472" T="0" /><Point X="449" Y="474" T="0" /><Point X="450" Y="475" T="0" /><Point X="450" Y="476" T="0" /><Point X="450" Y="477" T="0" /><Point X="451" Y="477" T="0" /><Point X="451" Y="478" T="0" /><Point X="451" Y="479" T="0" /><Point X="451" Y="481" T="0" /><Point X="450" Y="481" T="0" /><Point X="442" Y="483" T="0" /><Point X="426" Y="485" T="0" /><Point X="408" Y="487" T="0" /><Point X="382" Y="491" T="0" /><Point X="354" Y="495" T="0" /><Point X="333" Y="498" T="0" /><Point X="311" Y="502" T="0" /><Point X="293" Y="507" T="0" /><Point X="270" Y="513" T="0" /><Point X="257" Y="518" T="0" /><Point X="246" Y="523" T="0" /><Point X="234" Y="526" T="0" /><Point X="225" Y="528" T="0" /><Point X="218" Y="531" T="0" /><Point X="211" Y="532" T="0" /><Point X="208" Y="533" T="0" /><Point X="206" Y="533" T="0" /><Point X="205" Y="533" T="0" /><Point X="203" Y="533" T="0" /><Point X="202" Y="533" T="0" /><Point X="201" Y="533" T="0" /><Point X="200" Y="533" T="0" /><Point X="199" Y="533" T="0" /><Point X="198" Y="533" T="0" /><Point X="201" Y="527" T="0" /><Point X="208" Y="517" T="0" /><Point X="214" Y="507" T="0" /><Point X="228" Y="489" T="0" /><Point X="249" Y="462" T="0" /><Point X="272" Y="438" T="0" /><Point X="295" Y="416" T="0" /><Point X="324" Y="387" T="0" /><Point X="355" Y="363" T="0" /><Point X="378" Y="341" T="0" /><Point X="392" Y="331" T="0" /><Point X="406" Y="320" T="0" /><Point X="423" Y="307" T="0" /><Point X="437" Y="299" T="0" /><Point X="446" Y="294" T="0" /><Point X="453" Y="288" T="0" /><Point X="458" Y="284" T="0" /><Point X="463" Y="282" T="0" /><Point X="470" Y="278" T="0" /><Point X="473" Y="276" T="0" /><Point X="477" Y="275" T="0" /><Point X="479" Y="274" T="0" /><Point X="481" Y="273" T="0" /><Point X="482" Y="271" T="0" /><Point X="484" Y="271" T="0" /><Point X="484" Y="272" T="0" /></Gesture>