<Gesture Name="delete" Subject="1" Number="1" NumPts="67" Millseconds="0" AppName="Gestures" AppVer="1.0" Date="Wednesday, March 01, 2023" TimeOfDay="16:23:13" ID="4"><Point X="290" Y="527" T="0" /><Point X="306" Y="531" T="0" /><Point X="323" Y="540" T="0" /><Point X="342" Y="550" T="0" /><Point X="359" Y="558" T="0" /><Point X="381" Y="572" T="0" /><Point X="407" Y="585" T="0" /><Point X="421" Y="595" T="0" /><Point X="432" Y="602" T="0" /><Point X="446" Y="611" T="0" /><Point X="457" Y="619" T="0" /><Point X="466" Y="625" T="0" /><Point X="473" Y="631" T="0" /><Point X="478" Y="635" T="0" /><Point X="480" Y="639" T="0" /><Point X="482" Y="640" T="0" /><Point X="484" Y="641" T="0" /><Point X="485" Y="642" T="0" /><Point X="485" Y="643" T="0" /><Point X="485" Y="645" T="0" /><Point X="485" Y="646" T="0" /><Point X="483" Y="646" T="0" /><Point X="479" Y="646" T="0" /><Point X="470" Y="645" T="0" /><Point X="458" Y="643" T="0" /><Point X="439" Y="642" T="0" /><Point X="420" Y="642" T="0" /><Point X="406" Y="642" T="0" /><Point X="387" Y="646" T="0" /><Point X="372" Y="648" T="0" /><Point X="357" Y="651" T="0" /><Point X="346" Y="654" T="0" /><Point X="336" Y="657" T="0" /><Point X="329" Y="659" T="0" /><Point X="323" Y="661" T="0" /><Point X="316" Y="663" T="0" /><Point X="310" Y="665" T="0" /><Point X="307" Y="667" T="0" /><Point X="305" Y="667" T="0" /><Point X="304" Y="667" T="0" /><Point X="302" Y="668" T="0" /><Point X="301" Y="668" T="0" /><Point X="300" Y="669" T="0" /><Point X="299" Y="669" T="0" /><Point X="298" Y="669" T="0" /><Point X="305" Y="664" T="0" /><Point X="312" Y="659" T="0" /><Point X="326" Y="648" T="0" /><Point X="355" Y="629" T="0" /><Point X="375" Y="612" T="0" /><Point X="393" Y="598" T="0" /><Point X="416" Y="578" T="0" /><Point X="436" Y="561" T="0" /><Point X="450" Y="547" T="0" /><Point X="461" Y="537" T="0" /><Point X="470" Y="528" T="0" /><Point X="478" Y="519" T="0" /><Point X="485" Y="513" T="0" /><Point X="492" Y="507" T="0" /><Point X="497" Y="503" T="0" /><Point X="501" Y="500" T="0" /><Point X="502" Y="499" T="0" /><Point X="505" Y="497" T="0" /><Point X="506" Y="495" T="0" /><Point X="509" Y="495" T="0" /><Point X="510" Y="494" T="0" /><Point X="510" Y="493" T="0" /></Gesture>