<Gesture Name="delete" Subject="1" Number="1" NumPts="71" Millseconds="0" AppName="Gestures" AppVer="1.0" Date="Wednesday, March 01, 2023" TimeOfDay="16:24:33" ID="5"><Point X="315" Y="490" T="0" /><Point X="345" Y="507" T="0" /><Point X="371" Y="522" T="0" /><Point X="386" Y="532" T="0" /><Point X="399" Y="543" T="0" /><Point X="415" Y="552" T="0" /><Point X="426" Y="559" T="0" /><Point X="434" Y="566" T="0" /><Point X="442" Y="571" T="0" /><Point X="445" Y="574" T="0" /><Point X="450" Y="578" T="0" /><Point X="452" Y="579" T="0" /><Point X="454" Y="581" T="0" /><Point X="455" Y="582" T="0" /><Point X="456" Y="583" T="0" /><Point X="457" Y="584" T="0" /><Point X="458" Y="585" T="0" /><Point X="458" Y="586" T="0" /><Point X="458" Y="587" T="0" /><Point X="458" Y="588" T="0" /><Point X="458" Y="589" T="0" /><Point X="457" Y="590" T="0" /><Point X="452" Y="591" T="0" /><Point X="443" Y="594" T="0" /><Point X="430" Y="597" T="0" /><Point X="413" Y="603" T="0" /><Point X="386" Y="610" T="0" /><Point X="358" Y="618" T="0" /><Point X="339" Y="625" T="0" /><Point X="316" Y="635" T="0" /><Point X="293" Y="644" T="0" /><Point X="282" Y="649" T="0" /><Point X="272" Y="653" T="0" /><Point X="266" Y="657" T="0" /><Point X="259" Y="660" T="0" /><Point X="256" Y="662" T="0" /><Point X="254" Y="664" T="0" /><Point X="252" Y="665" T="0" /><Point X="251" Y="666" T="0" /><Point X="250" Y="667" T="0" /><Point X="249" Y="667" T="0" /><Point X="248" Y="667" T="0" /><Point X="249" Y="666" T="0" /><Point X="253" Y="660" T="0" /><Point X="263" Y="648" T="0" /><Point X="282" Y="628" T="0" /><Point X="306" Y="604" T="0" /><Point X="328" Y="579" T="0" /><Point X="354" Y="548" T="0" /><Point X="375" Y="525" T="0" /><Point X="390" Y="507" T="0" /><Point X="402" Y="493" T="0" /><Point X="412" Y="476" T="0" /><Point X="420" Y="467" T="0" /><Point X="426" Y="459" T="0" /><Point X="430" Y="451" T="0" /><Point X="433" Y="448" T="0" /><Point X="434" Y="445" T="0" /><Point X="437" Y="443" T="0" /><Point X="438" Y="442" T="0" /><Point X="440" Y="442" T="0" /><Point X="441" Y="441" T="0" /><Point X="442" Y="440" T="0" /><Point X="445" Y="439" T="0" /><Point X="446" Y="438" T="0" /><Point X="447" Y="437" T="0" /><Point X="449" Y="436" T="0" /><Point X="451" Y="435" T="0" /><Point X="452" Y="435" T="0" /><Point X="453" Y="435" T="0" /><Point X="454" Y="435" T="0" /></Gesture>