<Gesture Name="delete" Subject="1" Number="1" NumPts="57" Millseconds="0" AppName="Gestures" AppVer="1.0" Date="Wednesday, March 01, 2023" TimeOfDay="16:21:33" ID="3"><Point X="320" Y="576" T="0" /><Point X="334" Y="587" T="0" /><Point X="344" Y="592" T="0" /><Point X="352" Y="599" T="0" /><Point X="357" Y="602" T="0" /><Point X="361" Y="605" T="0" /><Point X="363" Y="608" T="0" /><Point X="366" Y="611" T="0" /><Point X="368" Y="613" T="0" /><Point X="369" Y="615" T="0" /><Point X="370" Y="616" T="0" /><Point X="370" Y="617" T="0" /><Point X="370" Y="618" T="0" /><Point X="370" Y="619" T="0" /><Point X="370" Y="621" T="0" /><Point X="370" Y="622" T="0" /><Point X="370" Y="623" T="0" /><Point X="369" Y="624" T="0" /><Point X="363" Y="626" T="0" /><Point X="352" Y="631" T="0" /><Point X="342" Y="635" T="0" /><Point X="333" Y="639" T="0" /><Point X="322" Y="643" T="0" /><Point X="310" Y="645" T="0" /><Point X="299" Y="646" T="0" /><Point X="292" Y="647" T="0" /><Point X="286" Y="647" T="0" /><Point X="283" Y="650" T="0" /><Point X="278" Y="651" T="0" /><Point X="277" Y="651" T="0" /><Point X="275" Y="651" T="0" /><Point X="274" Y="651" T="0" /><Point X="273" Y="651" T="0" /><Point X="272" Y="651" T="0" /><Point X="271" Y="651" T="0" /><Point X="270" Y="651" T="0" /><Point X="269" Y="651" T="0" /><Point X="272" Y="646" T="0" /><Point X="278" Y="639" T="0" /><Point X="286" Y="630" T="0" /><Point X="298" Y="619" T="0" /><Point X="307" Y="611" T="0" /><Point X="315" Y="604" T="0" /><Point X="327" Y="595" T="0" /><Point X="345" Y="580" T="0" /><Point X="359" Y="567" T="0" /><Point X="368" Y="558" T="0" /><Point X="376" Y="551" T="0" /><Point X="379" Y="548" T="0" /><Point X="383" Y="545" T="0" /><Point X="388" Y="542" T="0" /><Point X="390" Y="540" T="0" /><Point X="392" Y="539" T="0" /><Point X="394" Y="537" T="0" /><Point X="396" Y="535" T="0" /><Point X="397" Y="535" T="0" /><Point X="398" Y="535" T="0" /></Gesture>