<Gesture Name="delete" Subject="1" Number="1" NumPts="65" Millseconds="0" AppName="Gestures" AppVer="1.0" Date="Wednesday, March 01, 2023" TimeOfDay="16:28:45" ID="8"><Point X="310" Y="505" T="0" /><Point X="328" Y="518" T="0" /><Point X="338" Y="528" T="0" /><Point X="350" Y="539" T="0" /><Point X="364" Y="549" T="0" /><Point X="378" Y="558" T="0" /><Point X="389" Y="567" T="0" /><Point X="398" Y="575" T="0" /><Point X="403" Y="582" T="0" /><Point X="410" Y="588" T="0" /><Point X="414" Y="594" T="0" /><Point X="418" Y="598" T="0" /><Point X="420" Y="600" T="0" /><Point X="423" Y="603" T="0" /><Point X="426" Y="605" T="0" /><Point X="428" Y="607" T="0" /><Point X="429" Y="608" T="0" /><Point X="430" Y="610" T="0" /><Point X="431" Y="611" T="0" /><Point X="432" Y="611" T="0" /><Point X="433" Y="611" T="0" /><Point X="434" Y="612" T="0" /><Point X="434" Y="613" T="0" /><Point X="434" Y="614" T="0" /><Point X="434" Y="615" T="0" /><Point X="430" Y="616" T="0" /><Point X="426" Y="617" T="0" /><Point X="417" Y="619" T="0" /><Point X="399" Y="623" T="0" /><Point X="382" Y="628" T="0" /><Point X="372" Y="631" T="0" /><Point X="362" Y="635" T="0" /><Point X="351" Y="639" T="0" /><Point X="342" Y="642" T="0" /><Point X="334" Y="645" T="0" /><Point X="329" Y="648" T="0" /><Point X="325" Y="650" T="0" /><Point X="322" Y="651" T="0" /><Point X="321" Y="652" T="0" /><Point X="319" Y="653" T="0" /><Point X="318" Y="654" T="0" /><Point X="318" Y="655" T="0" /><Point X="317" Y="655" T="0" /><Point X="315" Y="655" T="0" /><Point X="314" Y="655" T="0" /><Point X="314" Y="654" T="0" /><Point X="318" Y="650" T="0" /><Point X="322" Y="641" T="0" /><Point X="328" Y="633" T="0" /><Point X="336" Y="623" T="0" /><Point X="350" Y="603" T="0" /><Point X="365" Y="575" T="0" /><Point X="375" Y="560" T="0" /><Point X="387" Y="546" T="0" /><Point X="400" Y="527" T="0" /><Point X="414" Y="503" T="0" /><Point X="422" Y="490" T="0" /><Point X="425" Y="483" T="0" /><Point X="429" Y="476" T="0" /><Point X="431" Y="471" T="0" /><Point X="433" Y="467" T="0" /><Point X="434" Y="464" T="0" /><Point X="437" Y="462" T="0" /><Point X="437" Y="460" T="0" /><Point X="438" Y="459" T="0" /></Gesture>