<Gesture Name="left-curly-brace" Subject="1" Number="1" NumPts="151" Millseconds="0" AppName="Gestures" AppVer="1.0" Date="Wednesday, March 01, 2023" TimeOfDay="16:28:49" ID="8"><Point X="350" Y="462" T="0" /><Point X="348" Y="462" T="0" /><Point X="345" Y="463" T="0" /><Point X="342" Y="463" T="0" /><Point X="340" Y="464" T="0" /><Point X="338" Y="465" T="0" /><Point X="337" Y="465" T="0" /><Point X="335" Y="466" T="0" /><Point X="334" Y="467" T="0" /><Point X="333" Y="468" T="0" /><Point X="332" Y="469" T="0" /><Point X="331" Y="469" T="0" /><Point X="330" Y="471" T="0" /><Point X="329" Y="472" T="0" /><Point X="328" Y="475" T="0" /><Point X="326" Y="478" T="0" /><Point X="324" Y="481" T="0" /><Point X="322" Y="485" T="0" /><Point X="320" Y="488" T="0" /><Point X="318" Y="493" T="0" /><Point X="316" Y="496" T="0" /><Point X="315" Y="499" T="0" /><Point X="314" Y="503" T="0" /><Point X="314" Y="505" T="0" /><Point X="313" Y="508" T="0" /><Point X="312" Y="510" T="0" /><Point X="311" Y="511" T="0" /><Point X="311" Y="512" T="0" /><Point X="311" Y="514" T="0" /><Point X="311" Y="515" T="0" /><Point X="311" Y="517" T="0" /><Point X="311" Y="518" T="0" /><Point X="311" Y="519" T="0" /><Point X="312" Y="521" T="0" /><Point X="314" Y="524" T="0" /><Point X="317" Y="527" T="0" /><Point X="319" Y="529" T="0" /><Point X="321" Y="531" T="0" /><Point X="322" Y="533" T="0" /><Point X="325" Y="534" T="0" /><Point X="326" Y="535" T="0" /><Point X="327" Y="538" T="0" /><Point X="329" Y="539" T="0" /><Point X="332" Y="539" T="0" /><Point X="334" Y="540" T="0" /><Point X="336" Y="541" T="0" /><Point X="339" Y="542" T="0" /><Point X="342" Y="543" T="0" /><Point X="344" Y="543" T="0" /><Point X="346" Y="543" T="0" /><Point X="349" Y="544" T="0" /><Point X="351" Y="546" T="0" /><Point X="353" Y="547" T="0" /><Point X="354" Y="547" T="0" /><Point X="355" Y="548" T="0" /><Point X="356" Y="548" T="0" /><Point X="357" Y="549" T="0" /><Point X="357" Y="550" T="0" /><Point X="358" Y="551" T="0" /><Point X="358" Y="552" T="0" /><Point X="358" Y="553" T="0" /><Point X="358" Y="555" T="0" /><Point X="358" Y="556" T="0" /><Point X="358" Y="557" T="0" /><Point X="358" Y="559" T="0" /><Point X="358" Y="561" T="0" /><Point X="358" Y="563" T="0" /><Point X="358" Y="566" T="0" /><Point X="358" Y="568" T="0" /><Point X="358" Y="569" T="0" /><Point X="357" Y="571" T="0" /><Point X="355" Y="573" T="0" /><Point X="354" Y="575" T="0" /><Point X="353" Y="575" T="0" /><Point X="350" Y="577" T="0" /><Point X="348" Y="579" T="0" /><Point X="345" Y="580" T="0" /><Point X="343" Y="581" T="0" /><Point X="342" Y="582" T="0" /><Point X="341" Y="583" T="0" /><Point X="339" Y="583" T="0" /><Point X="338" Y="583" T="0" /><Point X="337" Y="584" T="0" /><Point X="336" Y="585" T="0" /><Point X="335" Y="586" T="0" /><Point X="335" Y="587" T="0" /><Point X="334" Y="587" T="0" /><Point X="332" Y="587" T="0" /><Point X="331" Y="587" T="0" /><Point X="331" Y="586" T="0" /><Point X="331" Y="585" T="0" /><Point X="331" Y="584" T="0" /><Point X="334" Y="583" T="0" /><Point X="335" Y="581" T="0" /><Point X="338" Y="579" T="0" /><Point X="340" Y="579" T="0" /><Point X="341" Y="579" T="0" /><Point X="342" Y="579" T="0" /><Point X="342" Y="580" T="0" /><Point X="342" Y="581" T="0" /><Point X="342" Y="583" T="0" /><Point X="341" Y="584" T="0" /><Point X="340" Y="589" T="0" /><Point X="338" Y="592" T="0" /><Point X="338" Y="596" T="0" /><Point X="336" Y="599" T="0" /><Point X="335" Y="604" T="0" /><Point X="334" Y="606" T="0" /><Point X="334" Y="608" T="0" /><Point X="333" Y="611" T="0" /><Point X="332" Y="613" T="0" /><Point X="331" Y="614" T="0" /><Point X="330" Y="615" T="0" /><Point X="330" Y="617" T="0" /><Point X="329" Y="619" T="0" /><Point X="328" Y="620" T="0" /><Point X="327" Y="622" T="0" /><Point X="326" Y="624" T="0" /><Point X="326" Y="627" T="0" /><Point X="326" Y="630" T="0" /><Point X="325" Y="635" T="0" /><Point X="325" Y="639" T="0" /><Point X="325" Y="643" T="0" /><Point X="325" Y="646" T="0" /><Point X="325" Y="650" T="0" /><Point X="325" Y="651" T="0" /><Point X="325" Y="653" T="0" /><Point X="325" Y="654" T="0" /><Point X="325" Y="656" T="0" /><Point X="325" Y="658" T="0" /><Point X="325" Y="659" T="0" /><Point X="325" Y="660" T="0" /><Point X="325" Y="661" T="0" /><Point X="326" Y="662" T="0" /><Point X="326" Y="663" T="0" /><Point X="329" Y="664" T="0" /><Point X="332" Y="664" T="0" /><Point X="336" Y="666" T="0" /><Point X="342" Y="667" T="0" /><Point X="346" Y="667" T="0" /><Point X="351" Y="667" T="0" /><Point X="354" Y="667" T="0" /><Point X="358" Y="667" T="0" /><Point X="360" Y="667" T="0" /><Point X="362" Y="667" T="0" /><Point X="365" Y="667" T="0" /><Point X="367" Y="667" T="0" /><Point X="368" Y="667" T="0" /><Point X="370" Y="667" T="0" /><Point X="371" Y="667" T="0" /><Point X="372" Y="667" T="0" /></Gesture>