<Gesture Name="left-square-bracket" Subject="1" Number="1" NumPts="81" Millseconds="0" AppName="Gestures" AppVer="1.0" Date="Wednesday, March 01, 2023" TimeOfDay="16:21:21" ID="3"><Point X="322" Y="487" T="0" /><Point X="308" Y="489" T="0" /><Point X="294" Y="491" T="0" /><Point X="286" Y="491" T="0" /><Point X="276" Y="492" T="0" /><Point X="265" Y="493" T="0" /><Point X="256" Y="495" T="0" /><Point X="250" Y="496" T="0" /><Point X="243" Y="497" T="0" /><Point X="238" Y="499" T="0" /><Point X="236" Y="499" T="0" /><Point X="234" Y="499" T="0" /><Point X="233" Y="499" T="0" /><Point X="232" Y="499" T="0" /><Point X="230" Y="499" T="0" /><Point X="229" Y="499" T="0" /><Point X="228" Y="499" T="0" /><Point X="227" Y="499" T="0" /><Point X="227" Y="500" T="0" /><Point X="227" Y="501" T="0" /><Point X="227" Y="502" T="0" /><Point X="227" Y="503" T="0" /><Point X="227" Y="507" T="0" /><Point X="227" Y="513" T="0" /><Point X="227" Y="522" T="0" /><Point X="228" Y="534" T="0" /><Point X="229" Y="547" T="0" /><Point X="229" Y="557" T="0" /><Point X="229" Y="567" T="0" /><Point X="230" Y="581" T="0" /><Point X="230" Y="595" T="0" /><Point X="230" Y="604" T="0" /><Point X="230" Y="611" T="0" /><Point X="230" Y="615" T="0" /><Point X="229" Y="620" T="0" /><Point X="229" Y="622" T="0" /><Point X="229" Y="624" T="0" /><Point X="229" Y="627" T="0" /><Point X="229" Y="629" T="0" /><Point X="229" Y="633" T="0" /><Point X="229" Y="636" T="0" /><Point X="229" Y="639" T="0" /><Point X="229" Y="643" T="0" /><Point X="229" Y="646" T="0" /><Point X="229" Y="649" T="0" /><Point X="229" Y="651" T="0" /><Point X="229" Y="652" T="0" /><Point X="229" Y="653" T="0" /><Point X="229" Y="654" T="0" /><Point X="229" Y="655" T="0" /><Point X="229" Y="656" T="0" /><Point X="229" Y="657" T="0" /><Point X="229" Y="658" T="0" /><Point X="230" Y="658" T="0" /><Point X="234" Y="658" T="0" /><Point X="239" Y="657" T="0" /><Point X="246" Y="656" T="0" /><Point X="254" Y="655" T="0" /><Point X="259" Y="652" T="0" /><Point X="269" Y="650" T="0" /><Point X="280" Y="647" T="0" /><Point X="290" Y="647" T="0" /><Point X="298" Y="646" T="0" /><Point X="304" Y="644" T="0" /><Point X="311" Y="643" T="0" /><Point X="318" Y="642" T="0" /><Point X="322" Y="642" T="0" /><Point X="327" Y="642" T="0" /><Point X="330" Y="642" T="0" /><Point X="333" Y="642" T="0" /><Point X="334" Y="642" T="0" /><Point X="335" Y="642" T="0" /><Point X="336" Y="642" T="0" /><Point X="338" Y="642" T="0" /><Point X="339" Y="641" T="0" /><Point X="340" Y="640" T="0" /><Point X="342" Y="639" T="0" /><Point X="343" Y="639" T="0" /><Point X="345" Y="638" T="0" /><Point X="346" Y="638" T="0" /><Point X="347" Y="638" T="0" /></Gesture>