<Gesture Name="left-square-bracket" Subject="1" Number="1" NumPts="60" Millseconds="0" AppName="Gestures" AppVer="1.0" Date="Wednesday, March 01, 2023" TimeOfDay="16:23:03" ID="4"><Point X="370" Y="482" T="0" /><Point X="358" Y="483" T="0" /><Point X="347" Y="484" T="0" /><Point X="336" Y="485" T="0" /><Point X="330" Y="486" T="0" /><Point X="322" Y="487" T="0" /><Point X="318" Y="487" T="0" /><Point X="315" Y="488" T="0" /><Point X="314" Y="488" T="0" /><Point X="311" Y="488" T="0" /><Point X="310" Y="488" T="0" /><Point X="309" Y="488" T="0" /><Point X="308" Y="488" T="0" /><Point X="307" Y="488" T="0" /><Point X="307" Y="489" T="0" /><Point X="306" Y="491" T="0" /><Point X="305" Y="493" T="0" /><Point X="304" Y="499" T="0" /><Point X="303" Y="507" T="0" /><Point X="302" Y="515" T="0" /><Point X="302" Y="527" T="0" /><Point X="301" Y="539" T="0" /><Point X="301" Y="554" T="0" /><Point X="300" Y="567" T="0" /><Point X="298" Y="579" T="0" /><Point X="298" Y="591" T="0" /><Point X="297" Y="603" T="0" /><Point X="294" Y="613" T="0" /><Point X="294" Y="621" T="0" /><Point X="294" Y="625" T="0" /><Point X="294" Y="630" T="0" /><Point X="294" Y="631" T="0" /><Point X="294" Y="633" T="0" /><Point X="294" Y="635" T="0" /><Point X="294" Y="636" T="0" /><Point X="294" Y="637" T="0" /><Point X="294" Y="638" T="0" /><Point X="294" Y="639" T="0" /><Point X="294" Y="640" T="0" /><Point X="294" Y="641" T="0" /><Point X="296" Y="641" T="0" /><Point X="298" Y="641" T="0" /><Point X="304" Y="641" T="0" /><Point X="314" Y="641" T="0" /><Point X="326" Y="640" T="0" /><Point X="338" Y="640" T="0" /><Point X="346" Y="640" T="0" /><Point X="358" Y="639" T="0" /><Point X="370" Y="638" T="0" /><Point X="384" Y="635" T="0" /><Point X="394" Y="633" T="0" /><Point X="402" Y="631" T="0" /><Point X="408" Y="628" T="0" /><Point X="415" Y="627" T="0" /><Point X="421" Y="624" T="0" /><Point X="424" Y="623" T="0" /><Point X="426" Y="623" T="0" /><Point X="428" Y="623" T="0" /><Point X="429" Y="623" T="0" /><Point X="430" Y="623" T="0" /></Gesture>