<Gesture Name="left-square-bracket" Subject="1" Number="1" NumPts="80" Millseconds="0" AppName="Gestures" AppVer="1.0" Date="Wednesday, March 01, 2023" TimeOfDay="16:27:05" ID="7"><Point X="374" Y="465" T="0" /><Point X="363" Y="466" T="0" /><Point X="352" Y="467" T="0" /><Point X="342" Y="467" T="0" /><Point X="332" Y="468" T="0" /><Point X="326" Y="468" T="0" /><Point X="320" Y="469" T="0" /><Point X="313" Y="469" T="0" /><Point X="309" Y="469" T="0" /><Point X="307" Y="469" T="0" /><Point X="305" Y="469" T="0" /><Point X="303" Y="469" T="0" /><Point X="302" Y="469" T="0" /><Point X="301" Y="469" T="0" /><Point X="301" Y="470" T="0" /><Point X="300" Y="470" T="0" /><Point X="299" Y="471" T="0" /><Point X="298" Y="471" T="0" /><Point X="298" Y="472" T="0" /><Point X="298" Y="473" T="0" /><Point X="298" Y="475" T="0" /><Point X="298" Y="477" T="0" /><Point X="298" Y="480" T="0" /><Point X="298" Y="486" T="0" /><Point X="298" Y="491" T="0" /><Point X="298" Y="500" T="0" /><Point X="298" Y="511" T="0" /><Point X="298" Y="523" T="0" /><Point X="299" Y="535" T="0" /><Point X="300" Y="548" T="0" /><Point X="302" Y="563" T="0" /><Point X="305" Y="573" T="0" /><Point X="307" Y="579" T="0" /><Point X="310" Y="589" T="0" /><Point X="312" Y="599" T="0" /><Point X="314" Y="607" T="0" /><Point X="317" Y="615" T="0" /><Point X="318" Y="621" T="0" /><Point X="319" Y="627" T="0" /><Point X="320" Y="630" T="0" /><Point X="321" Y="633" T="0" /><Point X="321" Y="635" T="0" /><Point X="321" Y="636" T="0" /><Point X="321" Y="638" T="0" /><Point X="321" Y="640" T="0" /><Point X="321" Y="641" T="0" /><Point X="321" Y="642" T="0" /><Point X="321" Y="643" T="0" /><Point X="321" Y="644" T="0" /><Point X="321" Y="646" T="0" /><Point X="322" Y="646" T="0" /><Point X="323" Y="646" T="0" /><Point X="326" Y="645" T="0" /><Point X="330" Y="644" T="0" /><Point X="335" Y="642" T="0" /><Point X="343" Y="640" T="0" /><Point X="350" Y="638" T="0" /><Point X="358" Y="635" T="0" /><Point X="366" Y="633" T="0" /><Point X="370" Y="632" T="0" /><Point X="374" Y="631" T="0" /><Point X="378" Y="631" T="0" /><Point X="380" Y="630" T="0" /><Point X="382" Y="630" T="0" /><Point X="385" Y="630" T="0" /><Point X="387" Y="629" T="0" /><Point X="390" Y="629" T="0" /><Point X="392" Y="629" T="0" /><Point X="394" Y="629" T="0" /><Point X="398" Y="629" T="0" /><Point X="399" Y="629" T="0" /><Point X="402" Y="628" T="0" /><Point X="406" Y="628" T="0" /><Point X="407" Y="628" T="0" /><Point X="410" Y="627" T="0" /><Point X="412" Y="627" T="0" /><Point X="414" Y="627" T="0" /><Point X="415" Y="627" T="0" /><Point X="416" Y="627" T="0" /><Point X="417" Y="627" T="0" /></Gesture>