<Gesture Name="left-curly-brace" Subject="1" Number="1" NumPts="139" Millseconds="0" AppName="Gestures" AppVer="1.0" Date="Wednesday, March 01, 2023" TimeOfDay="16:31:11" ID="10"><Point X="330" Y="252" T="0" /><Point X="328" Y="252" T="0" /><Point X="322" Y="252" T="0" /><Point X="318" Y="252" T="0" /><Point X="313" Y="254" T="0" /><Point X="307" Y="255" T="0" /><Point X="304" Y="257" T="0" /><Point X="299" Y="259" T="0" /><Point X="294" Y="262" T="0" /><Point X="287" Y="263" T="0" /><Point X="284" Y="266" T="0" /><Point X="281" Y="268" T="0" /><Point X="276" Y="272" T="0" /><Point X="273" Y="275" T="0" /><Point X="268" Y="277" T="0" /><Point X="266" Y="281" T="0" /><Point X="263" Y="283" T="0" /><Point X="259" Y="287" T="0" /><Point X="257" Y="290" T="0" /><Point X="254" Y="294" T="0" /><Point X="252" Y="296" T="0" /><Point X="250" Y="300" T="0" /><Point X="248" Y="303" T="0" /><Point X="246" Y="308" T="0" /><Point X="244" Y="311" T="0" /><Point X="243" Y="316" T="0" /><Point X="242" Y="319" T="0" /><Point X="242" Y="325" T="0" /><Point X="242" Y="329" T="0" /><Point X="242" Y="335" T="0" /><Point X="242" Y="338" T="0" /><Point X="245" Y="343" T="0" /><Point X="248" Y="346" T="0" /><Point X="253" Y="352" T="0" /><Point X="262" Y="357" T="0" /><Point X="269" Y="365" T="0" /><Point X="276" Y="372" T="0" /><Point X="282" Y="379" T="0" /><Point X="287" Y="387" T="0" /><Point X="291" Y="395" T="0" /><Point X="294" Y="399" T="0" /><Point X="298" Y="405" T="0" /><Point X="301" Y="411" T="0" /><Point X="304" Y="418" T="0" /><Point X="307" Y="425" T="0" /><Point X="309" Y="434" T="0" /><Point X="310" Y="439" T="0" /><Point X="311" Y="446" T="0" /><Point X="311" Y="450" T="0" /><Point X="311" Y="454" T="0" /><Point X="311" Y="456" T="0" /><Point X="310" Y="459" T="0" /><Point X="310" Y="463" T="0" /><Point X="306" Y="466" T="0" /><Point X="305" Y="472" T="0" /><Point X="303" Y="476" T="0" /><Point X="300" Y="483" T="0" /><Point X="296" Y="490" T="0" /><Point X="294" Y="493" T="0" /><Point X="290" Y="496" T="0" /><Point X="286" Y="500" T="0" /><Point X="282" Y="503" T="0" /><Point X="278" Y="505" T="0" /><Point X="274" Y="507" T="0" /><Point X="270" Y="508" T="0" /><Point X="268" Y="508" T="0" /><Point X="266" Y="508" T="0" /><Point X="262" Y="507" T="0" /><Point X="260" Y="503" T="0" /><Point X="256" Y="495" T="0" /><Point X="253" Y="487" T="0" /><Point X="250" Y="480" T="0" /><Point X="250" Y="472" T="0" /><Point X="250" Y="463" T="0" /><Point X="250" Y="455" T="0" /><Point X="250" Y="451" T="0" /><Point X="250" Y="447" T="0" /><Point X="250" Y="444" T="0" /><Point X="251" Y="442" T="0" /><Point X="253" Y="441" T="0" /><Point X="254" Y="439" T="0" /><Point X="255" Y="439" T="0" /><Point X="256" Y="439" T="0" /><Point X="258" Y="439" T="0" /><Point X="260" Y="440" T="0" /><Point X="262" Y="442" T="0" /><Point X="262" Y="443" T="0" /><Point X="264" Y="446" T="0" /><Point X="266" Y="451" T="0" /><Point X="267" Y="452" T="0" /><Point X="268" Y="457" T="0" /><Point X="270" Y="463" T="0" /><Point X="270" Y="471" T="0" /><Point X="270" Y="483" T="0" /><Point X="270" Y="491" T="0" /><Point X="270" Y="497" T="0" /><Point X="268" Y="502" T="0" /><Point X="267" Y="506" T="0" /><Point X="265" Y="511" T="0" /><Point X="262" Y="518" T="0" /><Point X="259" Y="526" T="0" /><Point X="255" Y="537" T="0" /><Point X="253" Y="546" T="0" /><Point X="251" Y="552" T="0" /><Point X="249" Y="559" T="0" /><Point X="248" Y="564" T="0" /><Point X="247" Y="572" T="0" /><Point X="245" Y="586" T="0" /><Point X="244" Y="596" T="0" /><Point X="242" Y="604" T="0" /><Point X="242" Y="608" T="0" /><Point X="242" Y="611" T="0" /><Point X="242" Y="614" T="0" /><Point X="243" Y="618" T="0" /><Point X="243" Y="619" T="0" /><Point X="243" Y="621" T="0" /><Point X="245" Y="623" T="0" /><Point X="247" Y="626" T="0" /><Point X="251" Y="628" T="0" /><Point X="255" Y="631" T="0" /><Point X="257" Y="634" T="0" /><Point X="260" Y="635" T="0" /><Point X="266" Y="637" T="0" /><Point X="269" Y="638" T="0" /><Point X="274" Y="638" T="0" /><Point X="276" Y="638" T="0" /><Point X="282" Y="636" T="0" /><Point X="290" Y="633" T="0" /><Point X="300" Y="628" T="0" /><Point X="310" Y="624" T="0" /><Point X="318" Y="619" T="0" /><Point X="326" Y="615" T="0" /><Point X="333" Y="611" T="0" /><Point X="338" Y="607" T="0" /><Point X="342" Y="604" T="0" /><Point X="346" Y="602" T="0" /><Point X="348" Y="600" T="0" /><Point X="350" Y="599" T="0" /><Point X="351" Y="599" T="0" /></Gesture>