<Gesture Name="left-curly-brace" Subject="1" Number="1" NumPts="123" Millseconds="0" AppName="Gestures" AppVer="1.0" Date="Wednesday, March 01, 2023" TimeOfDay="16:18:14" ID="1"><Point X="334" Y="314" T="0" /><Point X="327" Y="320" T="0" /><Point X="320" Y="325" T="0" /><Point X="316" Y="330" T="0" /><Point X="311" Y="333" T="0" /><Point X="308" Y="335" T="0" /><Point X="304" Y="339" T="0" /><Point X="302" Y="341" T="0" /><Point X="301" Y="342" T="0" /><Point X="300" Y="343" T="0" /><Point X="299" Y="346" T="0" /><Point X="299" Y="348" T="0" /><Point X="299" Y="350" T="0" /><Point X="299" Y="355" T="0" /><Point X="300" Y="357" T="0" /><Point X="301" Y="363" T="0" /><Point X="302" Y="366" T="0" /><Point X="303" Y="371" T="0" /><Point X="305" Y="374" T="0" /><Point X="306" Y="376" T="0" /><Point X="306" Y="378" T="0" /><Point X="308" Y="379" T="0" /><Point X="310" Y="381" T="0" /><Point X="313" Y="383" T="0" /><Point X="314" Y="384" T="0" /><Point X="319" Y="386" T="0" /><Point X="326" Y="387" T="0" /><Point X="333" Y="388" T="0" /><Point X="341" Y="390" T="0" /><Point X="350" Y="391" T="0" /><Point X="361" Y="392" T="0" /><Point X="370" Y="395" T="0" /><Point X="379" Y="396" T="0" /><Point X="385" Y="398" T="0" /><Point X="387" Y="402" T="0" /><Point X="390" Y="404" T="0" /><Point X="391" Y="407" T="0" /><Point X="394" Y="410" T="0" /><Point X="395" Y="413" T="0" /><Point X="396" Y="417" T="0" /><Point X="397" Y="419" T="0" /><Point X="398" Y="422" T="0" /><Point X="398" Y="425" T="0" /><Point X="398" Y="427" T="0" /><Point X="398" Y="429" T="0" /><Point X="398" Y="432" T="0" /><Point X="398" Y="434" T="0" /><Point X="398" Y="437" T="0" /><Point X="398" Y="441" T="0" /><Point X="398" Y="446" T="0" /><Point X="395" Y="451" T="0" /><Point X="394" Y="455" T="0" /><Point X="391" Y="460" T="0" /><Point X="390" Y="463" T="0" /><Point X="388" Y="467" T="0" /><Point X="386" Y="468" T="0" /><Point X="382" Y="471" T="0" /><Point X="378" Y="475" T="0" /><Point X="374" Y="478" T="0" /><Point X="370" Y="479" T="0" /><Point X="367" Y="481" T="0" /><Point X="364" Y="484" T="0" /><Point X="360" Y="487" T="0" /><Point X="354" Y="490" T="0" /><Point X="350" Y="491" T="0" /><Point X="344" Y="495" T="0" /><Point X="341" Y="495" T="0" /><Point X="336" Y="496" T="0" /><Point X="334" Y="496" T="0" /><Point X="333" Y="496" T="0" /><Point X="332" Y="496" T="0" /><Point X="330" Y="496" T="0" /><Point X="329" Y="496" T="0" /><Point X="328" Y="495" T="0" /><Point X="327" Y="493" T="0" /><Point X="327" Y="491" T="0" /><Point X="328" Y="489" T="0" /><Point X="328" Y="487" T="0" /><Point X="330" Y="486" T="0" /><Point X="332" Y="486" T="0" /><Point X="334" Y="485" T="0" /><Point X="334" Y="484" T="0" /><Point X="335" Y="484" T="0" /><Point X="336" Y="484" T="0" /><Point X="337" Y="484" T="0" /><Point X="338" Y="484" T="0" /><Point X="338" Y="487" T="0" /><Point X="339" Y="489" T="0" /><Point X="340" Y="493" T="0" /><Point X="340" Y="499" T="0" /><Point X="340" Y="506" T="0" /><Point X="340" Y="511" T="0" /><Point X="340" Y="515" T="0" /><Point X="340" Y="519" T="0" /><Point X="340" Y="524" T="0" /><Point X="340" Y="532" T="0" /><Point X="340" Y="540" T="0" /><Point X="340" Y="549" T="0" /><Point X="342" Y="556" T="0" /><Point X="342" Y="563" T="0" /><Point X="342" Y="566" T="0" /><Point X="343" Y="571" T="0" /><Point X="345" Y="574" T="0" /><Point X="346" Y="577" T="0" /><Point X="346" Y="581" T="0" /><Point X="347" Y="583" T="0" /><Point X="348" Y="587" T="0" /><Point X="350" Y="588" T="0" /><Point X="354" Y="591" T="0" /><Point X="361" Y="593" T="0" /><Point X="370" Y="595" T="0" /><Point X="379" Y="595" T="0" /><Point X="388" Y="594" T="0" /><Point X="396" Y="593" T="0" /><Point X="402" Y="592" T="0" /><Point X="408" Y="591" T="0" /><Point X="413" Y="590" T="0" /><Point X="417" Y="589" T="0" /><Point X="419" Y="588" T="0" /><Point X="422" Y="587" T="0" /><Point X="424" Y="587" T="0" /><Point X="425" Y="586" T="0" /><Point X="426" Y="586" T="0" /></Gesture>