<Gesture Name="left-square-bracket" Subject="1" Number="1" NumPts="64" Millseconds="0" AppName="Gestures" AppVer="1.0" Date="Wednesday, March 01, 2023" TimeOfDay="16:24:23" ID="5"><Point X="352" Y="547" T="0" /><Point X="339" Y="547" T="0" /><Point X="326" Y="545" T="0" /><Point X="315" Y="545" T="0" /><Point X="307" Y="545" T="0" /><Point X="302" Y="545" T="0" /><Point X="294" Y="545" T="0" /><Point X="288" Y="545" T="0" /><Point X="284" Y="545" T="0" /><Point X="280" Y="545" T="0" /><Point X="278" Y="545" T="0" /><Point X="276" Y="545" T="0" /><Point X="275" Y="545" T="0" /><Point X="274" Y="545" T="0" /><Point X="273" Y="545" T="0" /><Point X="272" Y="545" T="0" /><Point X="271" Y="545" T="0" /><Point X="271" Y="546" T="0" /><Point X="270" Y="546" T="0" /><Point X="270" Y="547" T="0" /><Point X="270" Y="550" T="0" /><Point X="270" Y="555" T="0" /><Point X="270" Y="559" T="0" /><Point X="270" Y="565" T="0" /><Point X="271" Y="574" T="0" /><Point X="272" Y="583" T="0" /><Point X="273" Y="592" T="0" /><Point X="274" Y="600" T="0" /><Point X="274" Y="607" T="0" /><Point X="274" Y="613" T="0" /><Point X="274" Y="615" T="0" /><Point X="274" Y="619" T="0" /><Point X="274" Y="623" T="0" /><Point X="274" Y="626" T="0" /><Point X="274" Y="630" T="0" /><Point X="274" Y="633" T="0" /><Point X="274" Y="638" T="0" /><Point X="277" Y="641" T="0" /><Point X="278" Y="647" T="0" /><Point X="278" Y="651" T="0" /><Point X="278" Y="655" T="0" /><Point X="278" Y="657" T="0" /><Point X="278" Y="659" T="0" /><Point X="278" Y="661" T="0" /><Point X="278" Y="662" T="0" /><Point X="278" Y="663" T="0" /><Point X="278" Y="664" T="0" /><Point X="278" Y="665" T="0" /><Point X="279" Y="665" T="0" /><Point X="281" Y="665" T="0" /><Point X="285" Y="665" T="0" /><Point X="290" Y="663" T="0" /><Point X="298" Y="661" T="0" /><Point X="308" Y="659" T="0" /><Point X="318" Y="659" T="0" /><Point X="326" Y="656" T="0" /><Point X="330" Y="656" T="0" /><Point X="335" Y="656" T="0" /><Point X="340" Y="656" T="0" /><Point X="344" Y="656" T="0" /><Point X="346" Y="656" T="0" /><Point X="347" Y="656" T="0" /><Point X="349" Y="656" T="0" /><Point X="350" Y="656" T="0" /></Gesture>