<Gesture Name="left-square-bracket" Subject="1" Number="1" NumPts="66" Millseconds="0" AppName="Gestures" AppVer="1.0" Date="Wednesday, March 01, 2023" TimeOfDay="16:25:50" ID="6"><Point X="353" Y="502" T="0" /><Point X="342" Y="502" T="0" /><Point X="333" Y="503" T="0" /><Point X="325" Y="503" T="0" /><Point X="318" Y="503" T="0" /><Point X="315" Y="504" T="0" /><Point X="313" Y="504" T="0" /><Point X="310" Y="504" T="0" /><Point X="309" Y="504" T="0" /><Point X="308" Y="505" T="0" /><Point X="307" Y="505" T="0" /><Point X="306" Y="505" T="0" /><Point X="305" Y="505" T="0" /><Point X="304" Y="505" T="0" /><Point X="304" Y="506" T="0" /><Point X="304" Y="507" T="0" /><Point X="303" Y="507" T="0" /><Point X="303" Y="509" T="0" /><Point X="302" Y="513" T="0" /><Point X="302" Y="519" T="0" /><Point X="301" Y="529" T="0" /><Point X="301" Y="541" T="0" /><Point X="301" Y="552" T="0" /><Point X="301" Y="563" T="0" /><Point X="301" Y="577" T="0" /><Point X="300" Y="591" T="0" /><Point X="298" Y="603" T="0" /><Point X="298" Y="611" T="0" /><Point X="298" Y="615" T="0" /><Point X="298" Y="623" T="0" /><Point X="297" Y="630" T="0" /><Point X="297" Y="632" T="0" /><Point X="297" Y="635" T="0" /><Point X="297" Y="639" T="0" /><Point X="297" Y="642" T="0" /><Point X="297" Y="643" T="0" /><Point X="297" Y="645" T="0" /><Point X="297" Y="646" T="0" /><Point X="297" Y="647" T="0" /><Point X="297" Y="648" T="0" /><Point X="297" Y="649" T="0" /><Point X="297" Y="650" T="0" /><Point X="297" Y="651" T="0" /><Point X="298" Y="651" T="0" /><Point X="298" Y="650" T="0" /><Point X="303" Y="648" T="0" /><Point X="310" Y="647" T="0" /><Point X="319" Y="644" T="0" /><Point X="329" Y="642" T="0" /><Point X="335" Y="639" T="0" /><Point X="342" Y="639" T="0" /><Point X="347" Y="637" T="0" /><Point X="353" Y="636" T="0" /><Point X="358" Y="636" T="0" /><Point X="362" Y="635" T="0" /><Point X="365" Y="635" T="0" /><Point X="366" Y="635" T="0" /><Point X="368" Y="635" T="0" /><Point X="370" Y="635" T="0" /><Point X="371" Y="635" T="0" /><Point X="372" Y="635" T="0" /><Point X="373" Y="635" T="0" /><Point X="374" Y="635" T="0" /><Point X="375" Y="635" T="0" /><Point X="377" Y="635" T="0" /><Point X="378" Y="635" T="0" /></Gesture>