<Gesture Name="left-curly-brace" Subject="1" Number="1" NumPts="144" Millseconds="0" AppName="Gestures" AppVer="1.0" Date="Wednesday, March 01, 2023" TimeOfDay="16:21:39" ID="3"><Point X="374" Y="407" T="0" /><Point X="368" Y="409" T="0" /><Point X="364" Y="413" T="0" /><Point X="360" Y="415" T="0" /><Point X="356" Y="419" T="0" /><Point X="354" Y="423" T="0" /><Point X="350" Y="427" T="0" /><Point X="347" Y="431" T="0" /><Point X="344" Y="435" T="0" /><Point X="342" Y="439" T="0" /><Point X="340" Y="443" T="0" /><Point X="338" Y="445" T="0" /><Point X="338" Y="448" T="0" /><Point X="337" Y="450" T="0" /><Point X="336" Y="452" T="0" /><Point X="336" Y="455" T="0" /><Point X="336" Y="459" T="0" /><Point X="334" Y="462" T="0" /><Point X="334" Y="467" T="0" /><Point X="334" Y="472" T="0" /><Point X="334" Y="476" T="0" /><Point X="334" Y="482" T="0" /><Point X="334" Y="485" T="0" /><Point X="334" Y="488" T="0" /><Point X="334" Y="491" T="0" /><Point X="334" Y="492" T="0" /><Point X="335" Y="494" T="0" /><Point X="336" Y="495" T="0" /><Point X="338" Y="497" T="0" /><Point X="339" Y="499" T="0" /><Point X="345" Y="500" T="0" /><Point X="350" Y="501" T="0" /><Point X="356" Y="503" T="0" /><Point X="362" Y="503" T="0" /><Point X="366" Y="506" T="0" /><Point X="372" Y="507" T="0" /><Point X="377" Y="509" T="0" /><Point X="382" Y="511" T="0" /><Point X="386" Y="512" T="0" /><Point X="391" Y="515" T="0" /><Point X="394" Y="517" T="0" /><Point X="396" Y="519" T="0" /><Point X="398" Y="519" T="0" /><Point X="399" Y="520" T="0" /><Point X="400" Y="522" T="0" /><Point X="401" Y="522" T="0" /><Point X="401" Y="523" T="0" /><Point X="401" Y="524" T="0" /><Point X="401" Y="525" T="0" /><Point X="401" Y="526" T="0" /><Point X="400" Y="526" T="0" /><Point X="398" Y="528" T="0" /><Point X="396" Y="530" T="0" /><Point X="393" Y="532" T="0" /><Point X="390" Y="534" T="0" /><Point X="386" Y="536" T="0" /><Point X="382" Y="538" T="0" /><Point X="378" Y="541" T="0" /><Point X="374" Y="543" T="0" /><Point X="370" Y="545" T="0" /><Point X="366" Y="548" T="0" /><Point X="362" Y="551" T="0" /><Point X="358" Y="555" T="0" /><Point X="354" Y="557" T="0" /><Point X="350" Y="561" T="0" /><Point X="346" Y="567" T="0" /><Point X="342" Y="573" T="0" /><Point X="339" Y="576" T="0" /><Point X="337" Y="579" T="0" /><Point X="334" Y="583" T="0" /><Point X="333" Y="585" T="0" /><Point X="331" Y="587" T="0" /><Point X="330" Y="589" T="0" /><Point X="329" Y="591" T="0" /><Point X="328" Y="591" T="0" /><Point X="327" Y="592" T="0" /><Point X="326" Y="594" T="0" /><Point X="326" Y="595" T="0" /><Point X="325" Y="595" T="0" /><Point X="324" Y="596" T="0" /><Point X="324" Y="597" T="0" /><Point X="323" Y="597" T="0" /><Point X="323" Y="598" T="0" /><Point X="323" Y="599" T="0" /><Point X="323" Y="600" T="0" /><Point X="323" Y="601" T="0" /><Point X="324" Y="601" T="0" /><Point X="326" Y="600" T="0" /><Point X="327" Y="600" T="0" /><Point X="328" Y="600" T="0" /><Point X="329" Y="600" T="0" /><Point X="330" Y="600" T="0" /><Point X="331" Y="600" T="0" /><Point X="332" Y="600" T="0" /><Point X="334" Y="601" T="0" /><Point X="334" Y="602" T="0" /><Point X="334" Y="603" T="0" /><Point X="334" Y="605" T="0" /><Point X="335" Y="607" T="0" /><Point X="336" Y="610" T="0" /><Point X="337" Y="613" T="0" /><Point X="338" Y="618" T="0" /><Point X="338" Y="620" T="0" /><Point X="339" Y="623" T="0" /><Point X="339" Y="626" T="0" /><Point X="341" Y="628" T="0" /><Point X="341" Y="631" T="0" /><Point X="342" Y="635" T="0" /><Point X="342" Y="639" T="0" /><Point X="343" Y="645" T="0" /><Point X="344" Y="649" T="0" /><Point X="345" Y="654" T="0" /><Point X="347" Y="657" T="0" /><Point X="350" Y="660" T="0" /><Point X="351" Y="663" T="0" /><Point X="353" Y="665" T="0" /><Point X="354" Y="667" T="0" /><Point X="358" Y="669" T="0" /><Point X="360" Y="671" T="0" /><Point X="363" Y="672" T="0" /><Point X="368" Y="673" T="0" /><Point X="372" Y="674" T="0" /><Point X="378" Y="674" T="0" /><Point X="384" Y="674" T="0" /><Point X="390" Y="674" T="0" /><Point X="395" Y="674" T="0" /><Point X="398" Y="673" T="0" /><Point X="401" Y="672" T="0" /><Point X="404" Y="671" T="0" /><Point X="406" Y="671" T="0" /><Point X="407" Y="671" T="0" /><Point X="409" Y="670" T="0" /><Point X="410" Y="670" T="0" /><Point X="412" Y="669" T="0" /><Point X="413" Y="669" T="0" /><Point X="415" Y="667" T="0" /><Point X="417" Y="667" T="0" /><Point X="418" Y="666" T="0" /><Point X="419" Y="665" T="0" /><Point X="422" Y="663" T="0" /><Point X="423" Y="662" T="0" /><Point X="424" Y="662" T="0" /><Point X="425" Y="660" T="0" /><Point X="426" Y="659" T="0" /></Gesture>