<Gesture Name="left-curly-brace" Subject="1" Number="1" NumPts="178" Millseconds="0" AppName="Gestures" AppVer="1.0" Date="Wednesday, March 01, 2023" TimeOfDay="16:23:18" ID="4"><Point X="373" Y="411" T="0" /><Point X="368" Y="411" T="0" /><Point X="365" Y="412" T="0" /><Point X="361" Y="413" T="0" /><Point X="358" Y="414" T="0" /><Point X="357" Y="415" T="0" /><Point X="356" Y="416" T="0" /><Point X="355" Y="416" T="0" /><Point X="354" Y="417" T="0" /><Point X="352" Y="418" T="0" /><Point X="349" Y="419" T="0" /><Point X="346" Y="421" T="0" /><Point X="345" Y="423" T="0" /><Point X="345" Y="424" T="0" /><Point X="344" Y="424" T="0" /><Point X="343" Y="425" T="0" /><Point X="343" Y="426" T="0" /><Point X="342" Y="427" T="0" /><Point X="338" Y="432" T="0" /><Point X="337" Y="434" T="0" /><Point X="335" Y="435" T="0" /><Point X="334" Y="438" T="0" /><Point X="334" Y="439" T="0" /><Point X="333" Y="440" T="0" /><Point X="332" Y="443" T="0" /><Point X="331" Y="446" T="0" /><Point X="330" Y="448" T="0" /><Point X="330" Y="450" T="0" /><Point X="330" Y="454" T="0" /><Point X="330" Y="457" T="0" /><Point X="331" Y="462" T="0" /><Point X="333" Y="463" T="0" /><Point X="334" Y="467" T="0" /><Point X="336" Y="471" T="0" /><Point X="338" Y="472" T="0" /><Point X="342" Y="475" T="0" /><Point X="346" Y="479" T="0" /><Point X="352" Y="482" T="0" /><Point X="355" Y="483" T="0" /><Point X="358" Y="485" T="0" /><Point X="362" Y="487" T="0" /><Point X="366" Y="489" T="0" /><Point X="370" Y="491" T="0" /><Point X="372" Y="492" T="0" /><Point X="374" Y="493" T="0" /><Point X="377" Y="494" T="0" /><Point X="378" Y="495" T="0" /><Point X="378" Y="496" T="0" /><Point X="379" Y="497" T="0" /><Point X="380" Y="497" T="0" /><Point X="380" Y="498" T="0" /><Point X="380" Y="499" T="0" /><Point X="380" Y="500" T="0" /><Point X="380" Y="502" T="0" /><Point X="380" Y="503" T="0" /><Point X="380" Y="505" T="0" /><Point X="379" Y="506" T="0" /><Point X="378" Y="508" T="0" /><Point X="377" Y="510" T="0" /><Point X="375" Y="511" T="0" /><Point X="374" Y="512" T="0" /><Point X="373" Y="514" T="0" /><Point X="371" Y="516" T="0" /><Point X="370" Y="518" T="0" /><Point X="367" Y="520" T="0" /><Point X="365" Y="523" T="0" /><Point X="362" Y="526" T="0" /><Point X="359" Y="528" T="0" /><Point X="357" Y="531" T="0" /><Point X="355" Y="535" T="0" /><Point X="353" Y="539" T="0" /><Point X="350" Y="543" T="0" /><Point X="349" Y="545" T="0" /><Point X="347" Y="548" T="0" /><Point X="346" Y="551" T="0" /><Point X="344" Y="552" T="0" /><Point X="342" Y="555" T="0" /><Point X="341" Y="558" T="0" /><Point X="339" Y="560" T="0" /><Point X="338" Y="562" T="0" /><Point X="336" Y="565" T="0" /><Point X="334" Y="567" T="0" /><Point X="332" Y="570" T="0" /><Point X="331" Y="573" T="0" /><Point X="330" Y="575" T="0" /><Point X="330" Y="576" T="0" /><Point X="329" Y="579" T="0" /><Point X="327" Y="580" T="0" /><Point X="326" Y="580" T="0" /><Point X="326" Y="581" T="0" /><Point X="326" Y="582" T="0" /><Point X="326" Y="581" T="0" /><Point X="329" Y="581" T="0" /><Point X="330" Y="580" T="0" /><Point X="331" Y="579" T="0" /><Point X="334" Y="578" T="0" /><Point X="336" Y="578" T="0" /><Point X="338" Y="578" T="0" /><Point X="341" Y="578" T="0" /><Point X="344" Y="578" T="0" /><Point X="346" Y="578" T="0" /><Point X="348" Y="579" T="0" /><Point X="351" Y="579" T="0" /><Point X="354" Y="580" T="0" /><Point X="354" Y="581" T="0" /><Point X="358" Y="583" T="0" /><Point X="359" Y="583" T="0" /><Point X="361" Y="586" T="0" /><Point X="362" Y="587" T="0" /><Point X="366" Y="589" T="0" /><Point X="366" Y="590" T="0" /><Point X="368" Y="591" T="0" /><Point X="369" Y="591" T="0" /><Point X="370" Y="591" T="0" /><Point X="370" Y="592" T="0" /><Point X="370" Y="593" T="0" /><Point X="370" Y="594" T="0" /><Point X="370" Y="595" T="0" /><Point X="370" Y="596" T="0" /><Point X="370" Y="597" T="0" /><Point X="368" Y="597" T="0" /><Point X="366" Y="598" T="0" /><Point X="363" Y="599" T="0" /><Point X="361" Y="600" T="0" /><Point X="357" Y="601" T="0" /><Point X="354" Y="602" T="0" /><Point X="352" Y="603" T="0" /><Point X="349" Y="605" T="0" /><Point X="346" Y="607" T="0" /><Point X="344" Y="609" T="0" /><Point X="342" Y="611" T="0" /><Point X="340" Y="611" T="0" /><Point X="338" Y="613" T="0" /><Point X="336" Y="616" T="0" /><Point X="334" Y="619" T="0" /><Point X="332" Y="621" T="0" /><Point X="330" Y="624" T="0" /><Point X="330" Y="626" T="0" /><Point X="329" Y="627" T="0" /><Point X="329" Y="628" T="0" /><Point X="328" Y="631" T="0" /><Point X="327" Y="632" T="0" /><Point X="326" Y="634" T="0" /><Point X="325" Y="635" T="0" /><Point X="325" Y="636" T="0" /><Point X="325" Y="639" T="0" /><Point X="325" Y="641" T="0" /><Point X="325" Y="645" T="0" /><Point X="325" Y="650" T="0" /><Point X="327" Y="655" T="0" /><Point X="328" Y="659" T="0" /><Point X="330" Y="663" T="0" /><Point X="331" Y="665" T="0" /><Point X="333" Y="667" T="0" /><Point X="336" Y="671" T="0" /><Point X="341" Y="674" T="0" /><Point X="345" Y="675" T="0" /><Point X="348" Y="677" T="0" /><Point X="352" Y="679" T="0" /><Point X="355" Y="680" T="0" /><Point X="357" Y="681" T="0" /><Point X="359" Y="682" T="0" /><Point X="362" Y="682" T="0" /><Point X="365" Y="682" T="0" /><Point X="369" Y="682" T="0" /><Point X="371" Y="682" T="0" /><Point X="374" Y="682" T="0" /><Point X="380" Y="681" T="0" /><Point X="385" Y="680" T="0" /><Point X="390" Y="677" T="0" /><Point X="394" Y="676" T="0" /><Point X="397" Y="675" T="0" /><Point X="398" Y="675" T="0" /><Point X="400" Y="674" T="0" /><Point X="402" Y="674" T="0" /><Point X="404" Y="673" T="0" /><Point X="405" Y="673" T="0" /><Point X="406" Y="673" T="0" /></Gesture>