<Gesture Name="left-curly-brace" Subject="1" Number="1" NumPts="116" Millseconds="0" AppName="Gestures" AppVer="1.0" Date="Wednesday, March 01, 2023" TimeOfDay="16:20:32" ID="2"><Point X="362" Y="154" T="0" /><Point X="352" Y="159" T="0" /><Point X="346" Y="163" T="0" /><Point X="338" Y="167" T="0" /><Point X="335" Y="171" T="0" /><Point X="330" Y="174" T="0" /><Point X="328" Y="176" T="0" /><Point X="326" Y="179" T="0" /><Point X="324" Y="182" T="0" /><Point X="322" Y="184" T="0" /><Point X="322" Y="188" T="0" /><Point X="321" Y="191" T="0" /><Point X="321" Y="195" T="0" /><Point X="321" Y="199" T="0" /><Point X="321" Y="203" T="0" /><Point X="322" Y="207" T="0" /><Point X="326" Y="215" T="0" /><Point X="330" Y="219" T="0" /><Point X="336" Y="226" T="0" /><Point X="343" Y="231" T="0" /><Point X="351" Y="237" T="0" /><Point X="357" Y="242" T="0" /><Point X="363" Y="248" T="0" /><Point X="370" Y="256" T="0" /><Point X="377" Y="263" T="0" /><Point X="385" Y="271" T="0" /><Point X="391" Y="277" T="0" /><Point X="394" Y="280" T="0" /><Point X="396" Y="285" T="0" /><Point X="398" Y="287" T="0" /><Point X="400" Y="291" T="0" /><Point X="401" Y="295" T="0" /><Point X="402" Y="298" T="0" /><Point X="402" Y="303" T="0" /><Point X="402" Y="309" T="0" /><Point X="398" Y="316" T="0" /><Point X="394" Y="323" T="0" /><Point X="390" Y="328" T="0" /><Point X="383" Y="334" T="0" /><Point X="376" Y="339" T="0" /><Point X="365" Y="346" T="0" /><Point X="355" Y="351" T="0" /><Point X="346" Y="356" T="0" /><Point X="338" Y="361" T="0" /><Point X="332" Y="365" T="0" /><Point X="329" Y="367" T="0" /><Point X="325" Y="370" T="0" /><Point X="320" Y="373" T="0" /><Point X="319" Y="374" T="0" /><Point X="318" Y="375" T="0" /><Point X="315" Y="375" T="0" /><Point X="315" Y="376" T="0" /><Point X="314" Y="377" T="0" /><Point X="313" Y="377" T="0" /><Point X="312" Y="377" T="0" /><Point X="311" Y="377" T="0" /><Point X="311" Y="375" T="0" /><Point X="312" Y="374" T="0" /><Point X="313" Y="374" T="0" /><Point X="313" Y="371" T="0" /><Point X="314" Y="371" T="0" /><Point X="314" Y="370" T="0" /><Point X="315" Y="369" T="0" /><Point X="316" Y="368" T="0" /><Point X="317" Y="368" T="0" /><Point X="318" Y="367" T="0" /><Point X="318" Y="366" T="0" /><Point X="319" Y="366" T="0" /><Point X="320" Y="366" T="0" /><Point X="321" Y="366" T="0" /><Point X="323" Y="367" T="0" /><Point X="324" Y="368" T="0" /><Point X="326" Y="371" T="0" /><Point X="327" Y="375" T="0" /><Point X="329" Y="382" T="0" /><Point X="332" Y="388" T="0" /><Point X="333" Y="398" T="0" /><Point X="334" Y="411" T="0" /><Point X="335" Y="428" T="0" /><Point X="335" Y="443" T="0" /><Point X="335" Y="451" T="0" /><Point X="335" Y="459" T="0" /><Point X="335" Y="476" T="0" /><Point X="335" Y="489" T="0" /><Point X="335" Y="499" T="0" /><Point X="335" Y="507" T="0" /><Point X="335" Y="510" T="0" /><Point X="335" Y="512" T="0" /><Point X="336" Y="515" T="0" /><Point X="337" Y="518" T="0" /><Point X="338" Y="520" T="0" /><Point X="338" Y="523" T="0" /><Point X="341" Y="525" T="0" /><Point X="342" Y="527" T="0" /><Point X="345" Y="531" T="0" /><Point X="350" Y="534" T="0" /><Point X="354" Y="539" T="0" /><Point X="362" Y="543" T="0" /><Point X="373" Y="547" T="0" /><Point X="384" Y="553" T="0" /><Point X="390" Y="555" T="0" /><Point X="398" Y="557" T="0" /><Point X="405" Y="558" T="0" /><Point X="411" Y="558" T="0" /><Point X="417" Y="558" T="0" /><Point X="425" Y="558" T="0" /><Point X="433" Y="555" T="0" /><Point X="440" Y="552" T="0" /><Point X="445" Y="548" T="0" /><Point X="450" Y="546" T="0" /><Point X="452" Y="545" T="0" /><Point X="454" Y="543" T="0" /><Point X="456" Y="540" T="0" /><Point X="459" Y="538" T="0" /><Point X="461" Y="536" T="0" /><Point X="462" Y="535" T="0" /></Gesture>