<Gesture Name="left-curly-brace" Subject="1" Number="1" NumPts="171" Millseconds="0" AppName="Gestures" AppVer="1.0" Date="Wednesday, March 01, 2023" TimeOfDay="16:26:07" ID="6"><Point X="368" Y="359" T="0" /><Point X="363" Y="359" T="0" /><Point X="359" Y="359" T="0" /><Point X="354" Y="359" T="0" /><Point X="350" Y="359" T="0" /><Point X="346" Y="359" T="0" /><Point X="342" Y="359" T="0" /><Point X="336" Y="359" T="0" /><Point X="330" Y="360" T="0" /><Point X="323" Y="362" T="0" /><Point X="318" Y="363" T="0" /><Point X="312" Y="365" T="0" /><Point X="306" Y="369" T="0" /><Point X="301" Y="372" T="0" /><Point X="295" Y="375" T="0" /><Point X="290" Y="379" T="0" /><Point X="285" Y="382" T="0" /><Point X="281" Y="384" T="0" /><Point X="278" Y="388" T="0" /><Point X="275" Y="390" T="0" /><Point X="274" Y="391" T="0" /><Point X="272" Y="392" T="0" /><Point X="270" Y="394" T="0" /><Point X="269" Y="396" T="0" /><Point X="267" Y="398" T="0" /><Point X="266" Y="400" T="0" /><Point X="265" Y="403" T="0" /><Point X="263" Y="406" T="0" /><Point X="263" Y="409" T="0" /><Point X="263" Y="413" T="0" /><Point X="264" Y="416" T="0" /><Point X="266" Y="421" T="0" /><Point X="268" Y="423" T="0" /><Point X="270" Y="427" T="0" /><Point X="274" Y="431" T="0" /><Point X="278" Y="434" T="0" /><Point X="283" Y="438" T="0" /><Point X="286" Y="440" T="0" /><Point X="291" Y="443" T="0" /><Point X="294" Y="445" T="0" /><Point X="300" Y="449" T="0" /><Point X="305" Y="451" T="0" /><Point X="312" Y="453" T="0" /><Point X="316" Y="455" T="0" /><Point X="321" Y="456" T="0" /><Point X="324" Y="457" T="0" /><Point X="327" Y="458" T="0" /><Point X="331" Y="459" T="0" /><Point X="336" Y="459" T="0" /><Point X="340" Y="460" T="0" /><Point X="343" Y="462" T="0" /><Point X="348" Y="463" T="0" /><Point X="350" Y="464" T="0" /><Point X="352" Y="465" T="0" /><Point X="354" Y="466" T="0" /><Point X="356" Y="467" T="0" /><Point X="357" Y="467" T="0" /><Point X="358" Y="467" T="0" /><Point X="358" Y="468" T="0" /><Point X="358" Y="469" T="0" /><Point X="358" Y="470" T="0" /><Point X="358" Y="471" T="0" /><Point X="356" Y="472" T="0" /><Point X="355" Y="473" T="0" /><Point X="352" Y="473" T="0" /><Point X="350" Y="474" T="0" /><Point X="347" Y="475" T="0" /><Point X="344" Y="476" T="0" /><Point X="342" Y="479" T="0" /><Point X="340" Y="480" T="0" /><Point X="337" Y="482" T="0" /><Point X="334" Y="483" T="0" /><Point X="332" Y="486" T="0" /><Point X="329" Y="488" T="0" /><Point X="327" Y="491" T="0" /><Point X="325" Y="494" T="0" /><Point X="322" Y="496" T="0" /><Point X="320" Y="499" T="0" /><Point X="318" Y="502" T="0" /><Point X="317" Y="504" T="0" /><Point X="315" Y="507" T="0" /><Point X="313" Y="507" T="0" /><Point X="311" Y="510" T="0" /><Point X="310" Y="511" T="0" /><Point X="310" Y="513" T="0" /><Point X="309" Y="514" T="0" /><Point X="308" Y="516" T="0" /><Point X="307" Y="518" T="0" /><Point X="306" Y="519" T="0" /><Point X="305" Y="519" T="0" /><Point X="305" Y="520" T="0" /><Point X="305" Y="521" T="0" /><Point X="305" Y="523" T="0" /><Point X="306" Y="523" T="0" /><Point X="307" Y="523" T="0" /><Point X="309" Y="523" T="0" /><Point X="310" Y="523" T="0" /><Point X="314" Y="523" T="0" /><Point X="315" Y="523" T="0" /><Point X="316" Y="523" T="0" /><Point X="318" Y="523" T="0" /><Point X="321" Y="523" T="0" /><Point X="322" Y="523" T="0" /><Point X="323" Y="523" T="0" /><Point X="325" Y="523" T="0" /><Point X="326" Y="523" T="0" /><Point X="328" Y="523" T="0" /><Point X="330" Y="523" T="0" /><Point X="332" Y="523" T="0" /><Point X="333" Y="523" T="0" /><Point X="334" Y="523" T="0" /><Point X="335" Y="523" T="0" /><Point X="336" Y="523" T="0" /><Point X="336" Y="524" T="0" /><Point X="336" Y="525" T="0" /><Point X="336" Y="526" T="0" /><Point X="336" Y="527" T="0" /><Point X="335" Y="528" T="0" /><Point X="334" Y="531" T="0" /><Point X="332" Y="533" T="0" /><Point X="330" Y="538" T="0" /><Point X="328" Y="539" T="0" /><Point X="325" Y="543" T="0" /><Point X="321" Y="546" T="0" /><Point X="316" Y="550" T="0" /><Point X="310" Y="554" T="0" /><Point X="306" Y="558" T="0" /><Point X="302" Y="561" T="0" /><Point X="299" Y="566" T="0" /><Point X="294" Y="571" T="0" /><Point X="290" Y="578" T="0" /><Point X="287" Y="584" T="0" /><Point X="283" Y="589" T="0" /><Point X="282" Y="592" T="0" /><Point X="280" Y="595" T="0" /><Point X="278" Y="598" T="0" /><Point X="278" Y="599" T="0" /><Point X="276" Y="600" T="0" /><Point X="275" Y="603" T="0" /><Point X="274" Y="606" T="0" /><Point X="274" Y="608" T="0" /><Point X="274" Y="611" T="0" /><Point X="274" Y="613" T="0" /><Point X="274" Y="617" T="0" /><Point X="274" Y="620" T="0" /><Point X="274" Y="623" T="0" /><Point X="275" Y="625" T="0" /><Point X="275" Y="627" T="0" /><Point X="277" Y="628" T="0" /><Point X="278" Y="629" T="0" /><Point X="280" Y="631" T="0" /><Point X="282" Y="633" T="0" /><Point X="287" Y="635" T="0" /><Point X="294" Y="636" T="0" /><Point X="300" Y="637" T="0" /><Point X="305" Y="637" T="0" /><Point X="310" Y="637" T="0" /><Point X="314" Y="637" T="0" /><Point X="319" Y="637" T="0" /><Point X="325" Y="636" T="0" /><Point X="330" Y="635" T="0" /><Point X="337" Y="634" T="0" /><Point X="344" Y="632" T="0" /><Point X="349" Y="630" T="0" /><Point X="354" Y="629" T="0" /><Point X="358" Y="628" T="0" /><Point X="361" Y="627" T="0" /><Point X="362" Y="626" T="0" /><Point X="364" Y="626" T="0" /><Point X="365" Y="625" T="0" /><Point X="366" Y="625" T="0" /></Gesture>