<Gesture Name="left-curly-brace" Subject="1" Number="1" NumPts="100" Millseconds="0" AppName="Gestures" AppVer="1.0" Date="Wednesday, March 01, 2023" TimeOfDay="16:24:36" ID="5"><Point X="332" Y="457" T="0" /><Point X="330" Y="459" T="0" /><Point X="326" Y="463" T="0" /><Point X="324" Y="465" T="0" /><Point X="322" Y="468" T="0" /><Point X="320" Y="472" T="0" /><Point X="319" Y="474" T="0" /><Point X="318" Y="476" T="0" /><Point X="318" Y="479" T="0" /><Point X="318" Y="482" T="0" /><Point X="318" Y="483" T="0" /><Point X="319" Y="487" T="0" /><Point X="322" Y="489" T="0" /><Point X="325" Y="491" T="0" /><Point X="331" Y="497" T="0" /><Point X="337" Y="501" T="0" /><Point X="344" Y="506" T="0" /><Point X="350" Y="510" T="0" /><Point X="355" Y="514" T="0" /><Point X="358" Y="518" T="0" /><Point X="363" Y="520" T="0" /><Point X="366" Y="522" T="0" /><Point X="369" Y="524" T="0" /><Point X="371" Y="526" T="0" /><Point X="374" Y="527" T="0" /><Point X="376" Y="529" T="0" /><Point X="378" Y="530" T="0" /><Point X="380" Y="532" T="0" /><Point X="383" Y="534" T="0" /><Point X="385" Y="535" T="0" /><Point X="386" Y="537" T="0" /><Point X="387" Y="539" T="0" /><Point X="388" Y="540" T="0" /><Point X="389" Y="542" T="0" /><Point X="389" Y="543" T="0" /><Point X="390" Y="543" T="0" /><Point X="390" Y="544" T="0" /><Point X="391" Y="547" T="0" /><Point X="391" Y="548" T="0" /><Point X="391" Y="550" T="0" /><Point X="391" Y="552" T="0" /><Point X="391" Y="555" T="0" /><Point X="389" Y="558" T="0" /><Point X="387" Y="559" T="0" /><Point X="385" Y="563" T="0" /><Point X="382" Y="566" T="0" /><Point X="378" Y="568" T="0" /><Point X="373" Y="572" T="0" /><Point X="368" Y="575" T="0" /><Point X="362" Y="577" T="0" /><Point X="358" Y="579" T="0" /><Point X="354" Y="580" T="0" /><Point X="350" Y="581" T="0" /><Point X="347" Y="581" T="0" /><Point X="345" Y="581" T="0" /><Point X="343" Y="581" T="0" /><Point X="342" Y="581" T="0" /><Point X="341" Y="581" T="0" /><Point X="339" Y="581" T="0" /><Point X="338" Y="581" T="0" /><Point X="340" Y="581" T="0" /><Point X="341" Y="581" T="0" /><Point X="342" Y="581" T="0" /><Point X="343" Y="581" T="0" /><Point X="343" Y="582" T="0" /><Point X="343" Y="583" T="0" /><Point X="343" Y="587" T="0" /><Point X="343" Y="592" T="0" /><Point X="342" Y="598" T="0" /><Point X="342" Y="602" T="0" /><Point X="340" Y="609" T="0" /><Point X="337" Y="615" T="0" /><Point X="335" Y="619" T="0" /><Point X="333" Y="627" T="0" /><Point X="331" Y="632" T="0" /><Point X="329" Y="639" T="0" /><Point X="327" Y="646" T="0" /><Point X="326" Y="651" T="0" /><Point X="326" Y="656" T="0" /><Point X="326" Y="660" T="0" /><Point X="326" Y="664" T="0" /><Point X="326" Y="667" T="0" /><Point X="326" Y="670" T="0" /><Point X="328" Y="672" T="0" /><Point X="329" Y="674" T="0" /><Point X="331" Y="676" T="0" /><Point X="336" Y="679" T="0" /><Point X="342" Y="681" T="0" /><Point X="350" Y="682" T="0" /><Point X="357" Y="682" T="0" /><Point X="362" Y="682" T="0" /><Point X="368" Y="679" T="0" /><Point X="374" Y="677" T="0" /><Point X="380" Y="675" T="0" /><Point X="386" Y="673" T="0" /><Point X="388" Y="672" T="0" /><Point X="390" Y="671" T="0" /><Point X="392" Y="671" T="0" /><Point X="393" Y="671" T="0" /><Point X="394" Y="671" T="0" /></Gesture>