<Gesture Name="pigtail" Subject="1" Number="1" NumPts="143" Millseconds="0" AppName="Gestures" AppVer="1.0" Date="Wednesday, March 01, 2023" TimeOfDay="16:18:39" ID="1"><Point X="272" Y="458" T="0" /><Point X="279" Y="451" T="0" /><Point X="288" Y="442" T="0" /><Point X="299" Y="430" T="0" /><Point X="310" Y="417" T="0" /><Point X="320" Y="408" T="0" /><Point X="329" Y="401" T="0" /><Point X="334" Y="395" T="0" /><Point X="340" Y="387" T="0" /><Point X="346" Y="377" T="0" /><Point X="352" Y="369" T="0" /><Point X="354" Y="365" T="0" /><Point X="359" Y="358" T="0" /><Point X="362" Y="353" T="0" /><Point X="365" Y="349" T="0" /><Point X="369" Y="345" T="0" /><Point X="370" Y="343" T="0" /><Point X="371" Y="339" T="0" /><Point X="374" Y="336" T="0" /><Point X="379" Y="329" T="0" /><Point X="384" Y="320" T="0" /><Point X="386" Y="313" T="0" /><Point X="391" Y="306" T="0" /><Point X="393" Y="300" T="0" /><Point X="394" Y="295" T="0" /><Point X="395" Y="292" T="0" /><Point X="396" Y="291" T="0" /><Point X="398" Y="288" T="0" /><Point X="398" Y="285" T="0" /><Point X="399" Y="283" T="0" /><Point X="399" Y="281" T="0" /><Point X="399" Y="279" T="0" /><Point X="399" Y="275" T="0" /><Point X="399" Y="274" T="0" /><Point X="399" Y="271" T="0" /><Point X="396" Y="268" T="0" /><Point X="394" Y="266" T="0" /><Point X="387" Y="263" T="0" /><Point X="382" Y="259" T="0" /><Point X="377" Y="255" T="0" /><Point X="374" Y="254" T="0" /><Point X="370" Y="252" T="0" /><Point X="364" Y="250" T="0" /><Point X="362" Y="249" T="0" /><Point X="357" Y="248" T="0" /><Point X="354" Y="247" T="0" /><Point X="350" Y="247" T="0" /><Point X="346" Y="247" T="0" /><Point X="340" Y="247" T="0" /><Point X="337" Y="249" T="0" /><Point X="332" Y="251" T="0" /><Point X="330" Y="253" T="0" /><Point X="327" Y="255" T="0" /><Point X="324" Y="256" T="0" /><Point X="323" Y="258" T="0" /><Point X="322" Y="260" T="0" /><Point X="320" Y="261" T="0" /><Point X="318" Y="263" T="0" /><Point X="317" Y="264" T="0" /><Point X="317" Y="266" T="0" /><Point X="316" Y="268" T="0" /><Point X="315" Y="269" T="0" /><Point X="315" Y="271" T="0" /><Point X="315" Y="275" T="0" /><Point X="315" Y="278" T="0" /><Point X="316" Y="280" T="0" /><Point X="317" Y="284" T="0" /><Point X="318" Y="287" T="0" /><Point X="318" Y="291" T="0" /><Point X="318" Y="295" T="0" /><Point X="320" Y="299" T="0" /><Point X="321" Y="302" T="0" /><Point X="322" Y="305" T="0" /><Point X="322" Y="308" T="0" /><Point X="323" Y="311" T="0" /><Point X="325" Y="316" T="0" /><Point X="329" Y="321" T="0" /><Point X="333" Y="328" T="0" /><Point X="339" Y="335" T="0" /><Point X="344" Y="343" T="0" /><Point X="350" Y="350" T="0" /><Point X="353" Y="356" T="0" /><Point X="354" Y="359" T="0" /><Point X="356" Y="362" T="0" /><Point X="358" Y="365" T="0" /><Point X="361" Y="367" T="0" /><Point X="363" Y="369" T="0" /><Point X="369" Y="373" T="0" /><Point X="374" Y="375" T="0" /><Point X="382" Y="379" T="0" /><Point X="390" Y="380" T="0" /><Point X="394" Y="382" T="0" /><Point X="394" Y="383" T="0" /><Point X="403" Y="385" T="0" /><Point X="407" Y="386" T="0" /><Point X="421" Y="387" T="0" /><Point X="426" Y="388" T="0" /><Point X="428" Y="388" T="0" /><Point X="430" Y="388" T="0" /><Point X="431" Y="388" T="0" /><Point X="433" Y="388" T="0" /><Point X="435" Y="388" T="0" /><Point X="438" Y="388" T="0" /><Point X="442" Y="388" T="0" /><Point X="444" Y="387" T="0" /><Point X="446" Y="387" T="0" /><Point X="449" Y="386" T="0" /><Point X="451" Y="386" T="0" /><Point X="454" Y="386" T="0" /><Point X="456" Y="386" T="0" /><Point X="458" Y="386" T="0" /><Point X="460" Y="386" T="0" /><Point X="462" Y="386" T="0" /><Point X="465" Y="386" T="0" /><Point X="468" Y="385" T="0" /><Point X="472" Y="384" T="0" /><Point X="476" Y="384" T="0" /><Point X="481" Y="382" T="0" /><Point X="484" Y="381" T="0" /><Point X="490" Y="380" T="0" /><Point X="493" Y="380" T="0" /><Point X="494" Y="380" T="0" /><Point X="498" Y="380" T="0" /><Point X="499" Y="380" T="0" /><Point X="500" Y="380" T="0" /><Point X="501" Y="380" T="0" /><Point X="502" Y="380" T="0" /><Point X="504" Y="380" T="0" /><Point X="506" Y="379" T="0" /><Point X="509" Y="379" T="0" /><Point X="514" Y="378" T="0" /><Point X="517" Y="377" T="0" /><Point X="521" Y="376" T="0" /><Point X="524" Y="375" T="0" /><Point X="527" Y="374" T="0" /><Point X="530" Y="373" T="0" /><Point X="532" Y="372" T="0" /><Point X="534" Y="372" T="0" /><Point X="537" Y="371" T="0" /><Point X="538" Y="371" T="0" /><Point X="540" Y="370" T="0" /><Point X="540" Y="369" T="0" /><Point X="542" Y="369" T="0" /></Gesture>