<Gesture Name="pigtail" Subject="1" Number="1" NumPts="69" Millseconds="0" AppName="Gestures" AppVer="1.0" Date="Wednesday, March 01, 2023" TimeOfDay="16:29:04" ID="8"><Point X="333" Y="558" T="0" /><Point X="362" Y="543" T="0" /><Point X="375" Y="534" T="0" /><Point X="397" Y="522" T="0" /><Point X="426" Y="504" T="0" /><Point X="442" Y="489" T="0" /><Point X="454" Y="476" T="0" /><Point X="463" Y="467" T="0" /><Point X="470" Y="460" T="0" /><Point X="480" Y="448" T="0" /><Point X="489" Y="436" T="0" /><Point X="496" Y="427" T="0" /><Point X="501" Y="418" T="0" /><Point X="504" Y="411" T="0" /><Point X="507" Y="407" T="0" /><Point X="509" Y="404" T="0" /><Point X="510" Y="401" T="0" /><Point X="510" Y="398" T="0" /><Point X="510" Y="394" T="0" /><Point X="510" Y="390" T="0" /><Point X="510" Y="384" T="0" /><Point X="508" Y="379" T="0" /><Point X="504" Y="375" T="0" /><Point X="501" Y="371" T="0" /><Point X="498" Y="367" T="0" /><Point X="494" Y="365" T="0" /><Point X="491" Y="363" T="0" /><Point X="486" Y="363" T="0" /><Point X="480" Y="362" T="0" /><Point X="470" Y="362" T="0" /><Point X="461" Y="365" T="0" /><Point X="454" Y="370" T="0" /><Point X="447" Y="375" T="0" /><Point X="442" Y="380" T="0" /><Point X="440" Y="383" T="0" /><Point X="434" Y="390" T="0" /><Point X="432" Y="395" T="0" /><Point X="429" Y="405" T="0" /><Point X="426" Y="414" T="0" /><Point X="425" Y="421" T="0" /><Point X="425" Y="426" T="0" /><Point X="425" Y="430" T="0" /><Point X="425" Y="432" T="0" /><Point X="426" Y="435" T="0" /><Point X="427" Y="438" T="0" /><Point X="432" Y="442" T="0" /><Point X="442" Y="446" T="0" /><Point X="453" Y="449" T="0" /><Point X="462" Y="451" T="0" /><Point X="481" Y="450" T="0" /><Point X="505" Y="446" T="0" /><Point X="526" Y="441" T="0" /><Point X="542" Y="436" T="0" /><Point X="569" Y="423" T="0" /><Point X="592" Y="411" T="0" /><Point X="606" Y="400" T="0" /><Point X="618" Y="394" T="0" /><Point X="630" Y="387" T="0" /><Point X="641" Y="381" T="0" /><Point X="651" Y="375" T="0" /><Point X="654" Y="374" T="0" /><Point X="660" Y="372" T="0" /><Point X="662" Y="371" T="0" /><Point X="665" Y="371" T="0" /><Point X="666" Y="368" T="0" /><Point X="666" Y="367" T="0" /><Point X="667" Y="367" T="0" /><Point X="668" Y="367" T="0" /><Point X="668" Y="366" T="0" /></Gesture>