<Gesture Name="pigtail" Subject="1" Number="1" NumPts="85" Millseconds="0" AppName="Gestures" AppVer="1.0" Date="Wednesday, March 01, 2023" TimeOfDay="16:30:01" ID="9"><Point X="290" Y="529" T="0" /><Point X="303" Y="526" T="0" /><Point X="321" Y="519" T="0" /><Point X="338" Y="515" T="0" /><Point X="347" Y="508" T="0" /><Point X="356" Y="503" T="0" /><Point X="366" Y="494" T="0" /><Point X="376" Y="485" T="0" /><Point X="385" Y="478" T="0" /><Point X="394" Y="471" T="0" /><Point X="401" Y="467" T="0" /><Point X="406" Y="459" T="0" /><Point X="411" Y="451" T="0" /><Point X="415" Y="447" T="0" /><Point X="419" Y="441" T="0" /><Point X="421" Y="436" T="0" /><Point X="422" Y="433" T="0" /><Point X="422" Y="431" T="0" /><Point X="423" Y="429" T="0" /><Point X="423" Y="426" T="0" /><Point X="423" Y="424" T="0" /><Point X="423" Y="423" T="0" /><Point X="422" Y="422" T="0" /><Point X="420" Y="419" T="0" /><Point X="414" Y="418" T="0" /><Point X="407" Y="415" T="0" /><Point X="401" Y="412" T="0" /><Point X="395" Y="410" T="0" /><Point X="391" Y="409" T="0" /><Point X="386" Y="408" T="0" /><Point X="383" Y="408" T="0" /><Point X="379" Y="408" T="0" /><Point X="377" Y="408" T="0" /><Point X="373" Y="408" T="0" /><Point X="370" Y="408" T="0" /><Point X="367" Y="408" T="0" /><Point X="363" Y="408" T="0" /><Point X="360" Y="409" T="0" /><Point X="354" Y="411" T="0" /><Point X="351" Y="415" T="0" /><Point X="346" Y="418" T="0" /><Point X="342" Y="424" T="0" /><Point X="338" Y="430" T="0" /><Point X="333" Y="436" T="0" /><Point X="330" Y="442" T="0" /><Point X="328" Y="446" T="0" /><Point X="326" Y="449" T="0" /><Point X="325" Y="451" T="0" /><Point X="324" Y="451" T="0" /><Point X="324" Y="453" T="0" /><Point X="324" Y="455" T="0" /><Point X="324" Y="457" T="0" /><Point X="324" Y="459" T="0" /><Point X="325" Y="459" T="0" /><Point X="328" Y="462" T="0" /><Point X="334" Y="467" T="0" /><Point X="343" Y="472" T="0" /><Point X="352" Y="479" T="0" /><Point X="360" Y="486" T="0" /><Point X="368" Y="491" T="0" /><Point X="375" Y="495" T="0" /><Point X="385" Y="499" T="0" /><Point X="397" Y="503" T="0" /><Point X="410" Y="503" T="0" /><Point X="422" Y="503" T="0" /><Point X="434" Y="501" T="0" /><Point X="454" Y="495" T="0" /><Point X="477" Y="486" T="0" /><Point X="490" Y="477" T="0" /><Point X="502" Y="471" T="0" /><Point X="513" Y="465" T="0" /><Point X="524" Y="459" T="0" /><Point X="533" Y="453" T="0" /><Point X="540" Y="447" T="0" /><Point X="545" Y="441" T="0" /><Point X="550" Y="435" T="0" /><Point X="553" Y="431" T="0" /><Point X="554" Y="428" T="0" /><Point X="556" Y="425" T="0" /><Point X="558" Y="423" T="0" /><Point X="559" Y="422" T="0" /><Point X="559" Y="421" T="0" /><Point X="560" Y="419" T="0" /><Point X="561" Y="419" T="0" /><Point X="561" Y="418" T="0" /></Gesture>