<Gesture Name="rectangle" Subject="1" Number="1" NumPts="127" Millseconds="0" AppName="Gestures" AppVer="1.0" Date="Wednesday, March 01, 2023" TimeOfDay="16:25:10" ID="6"><Point X="242" Y="555" T="0" /><Point X="242" Y="568" T="0" /><Point X="241" Y="579" T="0" /><Point X="239" Y="589" T="0" /><Point X="238" Y="595" T="0" /><Point X="238" Y="600" T="0" /><Point X="238" Y="604" T="0" /><Point X="238" Y="607" T="0" /><Point X="238" Y="609" T="0" /><Point X="238" Y="610" T="0" /><Point X="238" Y="611" T="0" /><Point X="249" Y="607" T="0" /><Point X="270" Y="603" T="0" /><Point X="288" Y="601" T="0" /><Point X="302" Y="600" T="0" /><Point X="319" Y="599" T="0" /><Point X="338" Y="599" T="0" /><Point X="350" Y="599" T="0" /><Point X="361" Y="599" T="0" /><Point X="373" Y="599" T="0" /><Point X="384" Y="599" T="0" /><Point X="393" Y="600" T="0" /><Point X="401" Y="600" T="0" /><Point X="406" Y="601" T="0" /><Point X="410" Y="601" T="0" /><Point X="412" Y="602" T="0" /><Point X="414" Y="602" T="0" /><Point X="417" Y="602" T="0" /><Point X="418" Y="603" T="0" /><Point X="420" Y="603" T="0" /><Point X="421" Y="603" T="0" /><Point X="422" Y="603" T="0" /><Point X="426" Y="603" T="0" /><Point X="429" Y="603" T="0" /><Point X="430" Y="603" T="0" /><Point X="433" Y="603" T="0" /><Point X="434" Y="603" T="0" /><Point X="435" Y="603" T="0" /><Point X="436" Y="603" T="0" /><Point X="437" Y="603" T="0" /><Point X="439" Y="597" T="0" /><Point X="440" Y="584" T="0" /><Point X="440" Y="570" T="0" /><Point X="440" Y="555" T="0" /><Point X="437" Y="532" T="0" /><Point X="433" Y="514" T="0" /><Point X="432" Y="496" T="0" /><Point X="432" Y="484" T="0" /><Point X="432" Y="475" T="0" /><Point X="432" Y="466" T="0" /><Point X="432" Y="462" T="0" /><Point X="432" Y="459" T="0" /><Point X="432" Y="457" T="0" /><Point X="432" Y="456" T="0" /><Point X="432" Y="455" T="0" /><Point X="431" Y="455" T="0" /><Point X="430" Y="455" T="0" /><Point X="429" Y="455" T="0" /><Point X="426" Y="455" T="0" /><Point X="420" Y="455" T="0" /><Point X="411" Y="456" T="0" /><Point X="400" Y="459" T="0" /><Point X="386" Y="463" T="0" /><Point X="373" Y="467" T="0" /><Point X="353" Y="471" T="0" /><Point X="337" Y="477" T="0" /><Point X="318" Y="482" T="0" /><Point X="303" Y="487" T="0" /><Point X="290" Y="491" T="0" /><Point X="279" Y="492" T="0" /><Point X="268" Y="494" T="0" /><Point X="258" Y="495" T="0" /><Point X="254" Y="495" T="0" /><Point X="248" Y="495" T="0" /><Point X="245" Y="495" T="0" /><Point X="241" Y="495" T="0" /><Point X="238" Y="495" T="0" /><Point X="237" Y="495" T="0" /><Point X="236" Y="495" T="0" /><Point X="235" Y="495" T="0" /><Point X="234" Y="495" T="0" /><Point X="233" Y="495" T="0" /><Point X="232" Y="495" T="0" /><Point X="232" Y="496" T="0" /><Point X="232" Y="499" T="0" /><Point X="232" Y="502" T="0" /><Point X="232" Y="503" T="0" /><Point X="232" Y="506" T="0" /><Point X="232" Y="507" T="0" /><Point X="232" Y="508" T="0" /><Point X="232" Y="511" T="0" /><Point X="232" Y="513" T="0" /><Point X="232" Y="514" T="0" /><Point X="232" Y="515" T="0" /><Point X="232" Y="518" T="0" /><Point X="232" Y="520" T="0" /><Point X="232" Y="522" T="0" /><Point X="232" Y="523" T="0" /><Point X="232" Y="524" T="0" /><Point X="232" Y="527" T="0" /><Point X="232" Y="529" T="0" /><Point X="232" Y="531" T="0" /><Point X="232" Y="535" T="0" /><Point X="232" Y="537" T="0" /><Point X="232" Y="539" T="0" /><Point X="233" Y="542" T="0" /><Point X="233" Y="544" T="0" /><Point X="234" Y="547" T="0" /><Point X="234" Y="549" T="0" /><Point X="234" Y="551" T="0" /><Point X="234" Y="553" T="0" /><Point X="234" Y="554" T="0" /><Point X="234" Y="556" T="0" /><Point X="234" Y="557" T="0" /><Point X="234" Y="558" T="0" /><Point X="234" Y="559" T="0" /><Point X="234" Y="560" T="0" /><Point X="234" Y="562" T="0" /><Point X="234" Y="563" T="0" /><Point X="234" Y="564" T="0" /><Point X="234" Y="566" T="0" /><Point X="236" Y="567" T="0" /><Point X="236" Y="568" T="0" /><Point X="236" Y="569" T="0" /><Point X="236" Y="570" T="0" /><Point X="236" Y="571" T="0" /><Point X="236" Y="572" T="0" /></Gesture>