<Gesture Name="rectangle" Subject="1" Number="1" NumPts="224" Millseconds="0" AppName="Gestures" AppVer="1.0" Date="Wednesday, March 01, 2023" TimeOfDay="16:22:22" ID="4"><Point X="310" Y="634" T="0" /><Point X="310" Y="635" T="0" /><Point X="310" Y="636" T="0" /><Point X="310" Y="637" T="0" /><Point X="310" Y="638" T="0" /><Point X="310" Y="639" T="0" /><Point X="310" Y="640" T="0" /><Point X="310" Y="641" T="0" /><Point X="310" Y="642" T="0" /><Point X="310" Y="644" T="0" /><Point X="310" Y="645" T="0" /><Point X="310" Y="647" T="0" /><Point X="310" Y="648" T="0" /><Point X="310" Y="649" T="0" /><Point X="310" Y="651" T="0" /><Point X="310" Y="652" T="0" /><Point X="310" Y="653" T="0" /><Point X="310" Y="654" T="0" /><Point X="310" Y="655" T="0" /><Point X="310" Y="657" T="0" /><Point X="310" Y="659" T="0" /><Point X="310" Y="660" T="0" /><Point X="310" Y="661" T="0" /><Point X="310" Y="663" T="0" /><Point X="310" Y="664" T="0" /><Point X="310" Y="667" T="0" /><Point X="310" Y="668" T="0" /><Point X="310" Y="671" T="0" /><Point X="310" Y="672" T="0" /><Point X="310" Y="674" T="0" /><Point X="310" Y="675" T="0" /><Point X="310" Y="677" T="0" /><Point X="310" Y="678" T="0" /><Point X="310" Y="679" T="0" /><Point X="310" Y="680" T="0" /><Point X="310" Y="681" T="0" /><Point X="310" Y="682" T="0" /><Point X="310" Y="683" T="0" /><Point X="310" Y="684" T="0" /><Point X="311" Y="684" T="0" /><Point X="314" Y="683" T="0" /><Point X="316" Y="683" T="0" /><Point X="318" Y="683" T="0" /><Point X="319" Y="682" T="0" /><Point X="321" Y="681" T="0" /><Point X="322" Y="681" T="0" /><Point X="323" Y="681" T="0" /><Point X="325" Y="681" T="0" /><Point X="327" Y="680" T="0" /><Point X="328" Y="680" T="0" /><Point X="330" Y="680" T="0" /><Point X="332" Y="680" T="0" /><Point X="334" Y="680" T="0" /><Point X="335" Y="680" T="0" /><Point X="336" Y="680" T="0" /><Point X="337" Y="680" T="0" /><Point X="338" Y="679" T="0" /><Point X="340" Y="679" T="0" /><Point X="341" Y="679" T="0" /><Point X="342" Y="679" T="0" /><Point X="343" Y="679" T="0" /><Point X="344" Y="678" T="0" /><Point X="346" Y="677" T="0" /><Point X="347" Y="676" T="0" /><Point X="349" Y="675" T="0" /><Point X="350" Y="675" T="0" /><Point X="351" Y="675" T="0" /><Point X="354" Y="675" T="0" /><Point X="355" Y="675" T="0" /><Point X="356" Y="675" T="0" /><Point X="357" Y="675" T="0" /><Point X="358" Y="675" T="0" /><Point X="359" Y="675" T="0" /><Point X="361" Y="674" T="0" /><Point X="362" Y="674" T="0" /><Point X="363" Y="674" T="0" /><Point X="366" Y="674" T="0" /><Point X="367" Y="674" T="0" /><Point X="368" Y="674" T="0" /><Point X="369" Y="674" T="0" /><Point X="370" Y="674" T="0" /><Point X="372" Y="673" T="0" /><Point X="373" Y="673" T="0" /><Point X="374" Y="673" T="0" /><Point X="376" Y="673" T="0" /><Point X="378" Y="673" T="0" /><Point X="379" Y="673" T="0" /><Point X="380" Y="673" T="0" /><Point X="381" Y="673" T="0" /><Point X="382" Y="673" T="0" /><Point X="385" Y="673" T="0" /><Point X="386" Y="673" T="0" /><Point X="389" Y="673" T="0" /><Point X="391" Y="673" T="0" /><Point X="392" Y="673" T="0" /><Point X="394" Y="673" T="0" /><Point X="395" Y="673" T="0" /><Point X="396" Y="673" T="0" /><Point X="397" Y="673" T="0" /><Point X="398" Y="673" T="0" /><Point X="399" Y="673" T="0" /><Point X="400" Y="673" T="0" /><Point X="402" Y="673" T="0" /><Point X="405" Y="673" T="0" /><Point X="406" Y="673" T="0" /><Point X="407" Y="673" T="0" /><Point X="407" Y="672" T="0" /><Point X="407" Y="671" T="0" /><Point X="407" Y="670" T="0" /><Point X="407" Y="669" T="0" /><Point X="407" Y="667" T="0" /><Point X="407" Y="666" T="0" /><Point X="407" Y="665" T="0" /><Point X="407" Y="664" T="0" /><Point X="407" Y="663" T="0" /><Point X="408" Y="663" T="0" /><Point X="408" Y="660" T="0" /><Point X="408" Y="659" T="0" /><Point X="408" Y="658" T="0" /><Point X="408" Y="656" T="0" /><Point X="408" Y="655" T="0" /><Point X="408" Y="653" T="0" /><Point X="408" Y="652" T="0" /><Point X="408" Y="651" T="0" /><Point X="408" Y="650" T="0" /><Point X="408" Y="649" T="0" /><Point X="408" Y="647" T="0" /><Point X="408" Y="646" T="0" /><Point X="408" Y="645" T="0" /><Point X="408" Y="644" T="0" /><Point X="408" Y="643" T="0" /><Point X="408" Y="641" T="0" /><Point X="408" Y="640" T="0" /><Point X="408" Y="639" T="0" /><Point X="408" Y="638" T="0" /><Point X="408" Y="636" T="0" /><Point X="408" Y="635" T="0" /><Point X="408" Y="634" T="0" /><Point X="408" Y="633" T="0" /><Point X="408" Y="632" T="0" /><Point X="408" Y="631" T="0" /><Point X="408" Y="630" T="0" /><Point X="407" Y="630" T="0" /><Point X="406" Y="630" T="0" /><Point X="405" Y="630" T="0" /><Point X="404" Y="630" T="0" /><Point X="403" Y="630" T="0" /><Point X="402" Y="630" T="0" /><Point X="401" Y="630" T="0" /><Point X="400" Y="630" T="0" /><Point X="399" Y="630" T="0" /><Point X="397" Y="630" T="0" /><Point X="396" Y="630" T="0" /><Point X="394" Y="630" T="0" /><Point X="393" Y="630" T="0" /><Point X="391" Y="630" T="0" /><Point X="390" Y="630" T="0" /><Point X="389" Y="630" T="0" /><Point X="388" Y="630" T="0" /><Point X="387" Y="630" T="0" /><Point X="386" Y="630" T="0" /><Point X="385" Y="630" T="0" /><Point X="384" Y="630" T="0" /><Point X="383" Y="630" T="0" /><Point X="382" Y="631" T="0" /><Point X="381" Y="631" T="0" /><Point X="380" Y="631" T="0" /><Point X="379" Y="631" T="0" /><Point X="378" Y="631" T="0" /><Point X="377" Y="632" T="0" /><Point X="376" Y="632" T="0" /><Point X="375" Y="632" T="0" /><Point X="374" Y="632" T="0" /><Point X="373" Y="633" T="0" /><Point X="373" Y="634" T="0" /><Point X="372" Y="634" T="0" /><Point X="371" Y="634" T="0" /><Point X="370" Y="634" T="0" /><Point X="368" Y="634" T="0" /><Point X="367" Y="634" T="0" /><Point X="366" Y="634" T="0" /><Point X="365" Y="634" T="0" /><Point X="364" Y="634" T="0" /><Point X="362" Y="634" T="0" /><Point X="360" Y="634" T="0" /><Point X="358" Y="634" T="0" /><Point X="356" Y="634" T="0" /><Point X="355" Y="634" T="0" /><Point X="354" Y="634" T="0" /><Point X="353" Y="634" T="0" /><Point X="352" Y="634" T="0" /><Point X="350" Y="634" T="0" /><Point X="349" Y="634" T="0" /><Point X="348" Y="634" T="0" /><Point X="347" Y="634" T="0" /><Point X="346" Y="634" T="0" /><Point X="344" Y="634" T="0" /><Point X="343" Y="634" T="0" /><Point X="342" Y="634" T="0" /><Point X="341" Y="634" T="0" /><Point X="340" Y="634" T="0" /><Point X="339" Y="634" T="0" /><Point X="338" Y="634" T="0" /><Point X="337" Y="634" T="0" /><Point X="336" Y="634" T="0" /><Point X="335" Y="634" T="0" /><Point X="334" Y="634" T="0" /><Point X="332" Y="634" T="0" /><Point X="331" Y="634" T="0" /><Point X="330" Y="634" T="0" /><Point X="329" Y="634" T="0" /><Point X="328" Y="634" T="0" /><Point X="327" Y="634" T="0" /><Point X="326" Y="634" T="0" /><Point X="324" Y="634" T="0" /><Point X="323" Y="634" T="0" /><Point X="322" Y="634" T="0" /><Point X="320" Y="634" T="0" /><Point X="319" Y="634" T="0" /><Point X="318" Y="634" T="0" /><Point X="317" Y="634" T="0" /><Point X="316" Y="634" T="0" /><Point X="314" Y="634" T="0" /><Point X="313" Y="634" T="0" /></Gesture>