<Gesture Name="rectangle" Subject="1" Number="1" NumPts="109" Millseconds="0" AppName="Gestures" AppVer="1.0" Date="Wednesday, March 01, 2023" TimeOfDay="16:19:11" ID="2"><Point X="195" Y="231" T="0" /><Point X="193" Y="251" T="0" /><Point X="191" Y="268" T="0" /><Point X="189" Y="286" T="0" /><Point X="187" Y="301" T="0" /><Point X="187" Y="311" T="0" /><Point X="187" Y="318" T="0" /><Point X="187" Y="325" T="0" /><Point X="187" Y="331" T="0" /><Point X="187" Y="335" T="0" /><Point X="187" Y="338" T="0" /><Point X="187" Y="341" T="0" /><Point X="187" Y="342" T="0" /><Point X="187" Y="343" T="0" /><Point X="187" Y="344" T="0" /><Point X="187" Y="346" T="0" /><Point X="187" Y="347" T="0" /><Point X="187" Y="348" T="0" /><Point X="191" Y="347" T="0" /><Point X="198" Y="345" T="0" /><Point X="210" Y="342" T="0" /><Point X="226" Y="338" T="0" /><Point X="252" Y="335" T="0" /><Point X="267" Y="334" T="0" /><Point X="290" Y="333" T="0" /><Point X="322" Y="333" T="0" /><Point X="338" Y="333" T="0" /><Point X="361" Y="333" T="0" /><Point X="385" Y="333" T="0" /><Point X="404" Y="333" T="0" /><Point X="416" Y="333" T="0" /><Point X="430" Y="333" T="0" /><Point X="444" Y="333" T="0" /><Point X="456" Y="334" T="0" /><Point X="463" Y="335" T="0" /><Point X="469" Y="336" T="0" /><Point X="471" Y="337" T="0" /><Point X="476" Y="338" T="0" /><Point X="478" Y="339" T="0" /><Point X="479" Y="339" T="0" /><Point X="481" Y="339" T="0" /><Point X="482" Y="339" T="0" /><Point X="482" Y="329" T="0" /><Point X="481" Y="315" T="0" /><Point X="481" Y="299" T="0" /><Point X="480" Y="285" T="0" /><Point X="478" Y="273" T="0" /><Point X="478" Y="263" T="0" /><Point X="475" Y="255" T="0" /><Point X="475" Y="250" T="0" /><Point X="475" Y="247" T="0" /><Point X="475" Y="246" T="0" /><Point X="475" Y="245" T="0" /><Point X="475" Y="244" T="0" /><Point X="474" Y="244" T="0" /><Point X="473" Y="244" T="0" /><Point X="470" Y="243" T="0" /><Point X="464" Y="243" T="0" /><Point X="454" Y="241" T="0" /><Point X="445" Y="240" T="0" /><Point X="432" Y="237" T="0" /><Point X="413" Y="235" T="0" /><Point X="398" Y="233" T="0" /><Point X="385" Y="232" T="0" /><Point X="368" Y="231" T="0" /><Point X="350" Y="230" T="0" /><Point X="338" Y="228" T="0" /><Point X="326" Y="227" T="0" /><Point X="314" Y="227" T="0" /><Point X="302" Y="227" T="0" /><Point X="290" Y="227" T="0" /><Point X="279" Y="227" T="0" /><Point X="272" Y="227" T="0" /><Point X="266" Y="227" T="0" /><Point X="258" Y="227" T="0" /><Point X="252" Y="227" T="0" /><Point X="245" Y="227" T="0" /><Point X="240" Y="227" T="0" /><Point X="233" Y="227" T="0" /><Point X="229" Y="227" T="0" /><Point X="226" Y="227" T="0" /><Point X="224" Y="227" T="0" /><Point X="221" Y="227" T="0" /><Point X="218" Y="227" T="0" /><Point X="216" Y="227" T="0" /><Point X="214" Y="227" T="0" /><Point X="213" Y="227" T="0" /><Point X="212" Y="227" T="0" /><Point X="211" Y="227" T="0" /><Point X="210" Y="227" T="0" /><Point X="209" Y="227" T="0" /><Point X="208" Y="227" T="0" /><Point X="207" Y="227" T="0" /><Point X="206" Y="227" T="0" /><Point X="205" Y="227" T="0" /><Point X="204" Y="227" T="0" /><Point X="203" Y="227" T="0" /><Point X="202" Y="227" T="0" /><Point X="201" Y="227" T="0" /><Point X="200" Y="227" T="0" /><Point X="199" Y="227" T="0" /><Point X="198" Y="227" T="0" /><Point X="197" Y="227" T="0" /><Point X="196" Y="228" T="0" /><Point X="195" Y="229" T="0" /><Point X="194" Y="229" T="0" /><Point X="193" Y="229" T="0" /><Point X="192" Y="229" T="0" /><Point X="190" Y="229" T="0" /></Gesture>