<Gesture Name="rectangle" Subject="1" Number="1" NumPts="139" Millseconds="0" AppName="Gestures" AppVer="1.0" Date="Wednesday, March 01, 2023" TimeOfDay="16:29:18" ID="9"><Point X="283" Y="443" T="0" /><Point X="282" Y="460" T="0" /><Point X="281" Y="475" T="0" /><Point X="281" Y="484" T="0" /><Point X="281" Y="492" T="0" /><Point X="281" Y="498" T="0" /><Point X="281" Y="502" T="0" /><Point X="281" Y="506" T="0" /><Point X="281" Y="507" T="0" /><Point X="281" Y="508" T="0" /><Point X="281" Y="510" T="0" /><Point X="281" Y="511" T="0" /><Point X="281" Y="512" T="0" /><Point X="281" Y="513" T="0" /><Point X="281" Y="514" T="0" /><Point X="281" Y="515" T="0" /><Point X="280" Y="515" T="0" /><Point X="282" Y="515" T="0" /><Point X="290" Y="514" T="0" /><Point X="300" Y="513" T="0" /><Point X="317" Y="512" T="0" /><Point X="339" Y="511" T="0" /><Point X="356" Y="509" T="0" /><Point X="376" Y="508" T="0" /><Point X="402" Y="505" T="0" /><Point X="422" Y="503" T="0" /><Point X="434" Y="503" T="0" /><Point X="446" Y="501" T="0" /><Point X="459" Y="501" T="0" /><Point X="467" Y="500" T="0" /><Point X="475" Y="500" T="0" /><Point X="482" Y="500" T="0" /><Point X="485" Y="500" T="0" /><Point X="488" Y="500" T="0" /><Point X="490" Y="500" T="0" /><Point X="492" Y="501" T="0" /><Point X="495" Y="501" T="0" /><Point X="498" Y="502" T="0" /><Point X="500" Y="503" T="0" /><Point X="501" Y="503" T="0" /><Point X="503" Y="503" T="0" /><Point X="504" Y="504" T="0" /><Point X="505" Y="504" T="0" /><Point X="506" Y="504" T="0" /><Point X="506" Y="503" T="0" /><Point X="507" Y="499" T="0" /><Point X="508" Y="491" T="0" /><Point X="508" Y="480" T="0" /><Point X="508" Y="471" T="0" /><Point X="508" Y="465" T="0" /><Point X="508" Y="457" T="0" /><Point X="508" Y="447" T="0" /><Point X="508" Y="439" T="0" /><Point X="508" Y="433" T="0" /><Point X="508" Y="429" T="0" /><Point X="508" Y="426" T="0" /><Point X="508" Y="423" T="0" /><Point X="508" Y="421" T="0" /><Point X="508" Y="419" T="0" /><Point X="508" Y="416" T="0" /><Point X="508" Y="415" T="0" /><Point X="507" Y="414" T="0" /><Point X="507" Y="413" T="0" /><Point X="507" Y="412" T="0" /><Point X="507" Y="410" T="0" /><Point X="507" Y="409" T="0" /><Point X="507" Y="408" T="0" /><Point X="507" Y="407" T="0" /><Point X="506" Y="407" T="0" /><Point X="505" Y="407" T="0" /><Point X="502" Y="407" T="0" /><Point X="500" Y="407" T="0" /><Point X="494" Y="407" T="0" /><Point X="489" Y="408" T="0" /><Point X="480" Y="409" T="0" /><Point X="472" Y="411" T="0" /><Point X="466" Y="411" T="0" /><Point X="459" Y="412" T="0" /><Point X="451" Y="415" T="0" /><Point X="443" Y="415" T="0" /><Point X="437" Y="415" T="0" /><Point X="430" Y="415" T="0" /><Point X="423" Y="415" T="0" /><Point X="418" Y="416" T="0" /><Point X="412" Y="417" T="0" /><Point X="407" Y="418" T="0" /><Point X="402" Y="419" T="0" /><Point X="396" Y="419" T="0" /><Point X="394" Y="419" T="0" /><Point X="390" Y="419" T="0" /><Point X="386" Y="419" T="0" /><Point X="382" Y="419" T="0" /><Point X="378" Y="419" T="0" /><Point X="375" Y="420" T="0" /><Point X="371" Y="420" T="0" /><Point X="368" Y="420" T="0" /><Point X="366" Y="420" T="0" /><Point X="362" Y="420" T="0" /><Point X="361" Y="420" T="0" /><Point X="358" Y="420" T="0" /><Point X="355" Y="420" T="0" /><Point X="354" Y="420" T="0" /><Point X="351" Y="420" T="0" /><Point X="348" Y="420" T="0" /><Point X="346" Y="420" T="0" /><Point X="344" Y="420" T="0" /><Point X="341" Y="420" T="0" /><Point X="338" Y="420" T="0" /><Point X="337" Y="420" T="0" /><Point X="334" Y="420" T="0" /><Point X="332" Y="420" T="0" /><Point X="331" Y="420" T="0" /><Point X="329" Y="421" T="0" /><Point X="328" Y="421" T="0" /><Point X="326" Y="423" T="0" /><Point X="323" Y="423" T="0" /><Point X="320" Y="424" T="0" /><Point X="318" Y="425" T="0" /><Point X="316" Y="426" T="0" /><Point X="313" Y="427" T="0" /><Point X="311" Y="427" T="0" /><Point X="310" Y="427" T="0" /><Point X="309" Y="427" T="0" /><Point X="306" Y="427" T="0" /><Point X="304" Y="427" T="0" /><Point X="303" Y="427" T="0" /><Point X="302" Y="428" T="0" /><Point X="301" Y="428" T="0" /><Point X="299" Y="428" T="0" /><Point X="298" Y="430" T="0" /><Point X="297" Y="430" T="0" /><Point X="296" Y="430" T="0" /><Point X="295" Y="430" T="0" /><Point X="294" Y="430" T="0" /><Point X="293" Y="431" T="0" /><Point X="292" Y="431" T="0" /><Point X="291" Y="431" T="0" /><Point X="290" Y="431" T="0" /><Point X="289" Y="431" T="0" /></Gesture>