<Gesture Name="right-curly-brace" Subject="1" Number="1" NumPts="187" Millseconds="0" AppName="Gestures" AppVer="1.0" Date="Wednesday, March 01, 2023" TimeOfDay="16:26:13" ID="6"><Point X="317" Y="401" T="0" /><Point X="320" Y="401" T="0" /><Point X="323" Y="401" T="0" /><Point X="326" Y="401" T="0" /><Point X="328" Y="401" T="0" /><Point X="330" Y="402" T="0" /><Point X="331" Y="403" T="0" /><Point X="333" Y="403" T="0" /><Point X="334" Y="406" T="0" /><Point X="336" Y="407" T="0" /><Point X="337" Y="408" T="0" /><Point X="338" Y="411" T="0" /><Point X="339" Y="413" T="0" /><Point X="340" Y="415" T="0" /><Point X="341" Y="416" T="0" /><Point X="342" Y="419" T="0" /><Point X="344" Y="422" T="0" /><Point X="345" Y="424" T="0" /><Point X="346" Y="427" T="0" /><Point X="346" Y="430" T="0" /><Point X="347" Y="432" T="0" /><Point X="348" Y="437" T="0" /><Point X="349" Y="439" T="0" /><Point X="349" Y="443" T="0" /><Point X="349" Y="446" T="0" /><Point X="349" Y="450" T="0" /><Point X="349" Y="453" T="0" /><Point X="348" Y="456" T="0" /><Point X="346" Y="462" T="0" /><Point X="344" Y="467" T="0" /><Point X="342" Y="471" T="0" /><Point X="342" Y="474" T="0" /><Point X="340" Y="479" T="0" /><Point X="339" Y="481" T="0" /><Point X="338" Y="483" T="0" /><Point X="337" Y="487" T="0" /><Point X="336" Y="487" T="0" /><Point X="334" Y="490" T="0" /><Point X="332" Y="493" T="0" /><Point X="330" Y="495" T="0" /><Point X="329" Y="497" T="0" /><Point X="328" Y="499" T="0" /><Point X="326" Y="500" T="0" /><Point X="326" Y="502" T="0" /><Point X="325" Y="503" T="0" /><Point X="324" Y="505" T="0" /><Point X="323" Y="506" T="0" /><Point X="322" Y="508" T="0" /><Point X="322" Y="510" T="0" /><Point X="322" Y="511" T="0" /><Point X="321" Y="511" T="0" /><Point X="320" Y="512" T="0" /><Point X="319" Y="513" T="0" /><Point X="319" Y="514" T="0" /><Point X="319" Y="515" T="0" /><Point X="319" Y="516" T="0" /><Point X="319" Y="517" T="0" /><Point X="319" Y="518" T="0" /><Point X="320" Y="520" T="0" /><Point X="322" Y="521" T="0" /><Point X="323" Y="522" T="0" /><Point X="324" Y="523" T="0" /><Point X="326" Y="523" T="0" /><Point X="327" Y="523" T="0" /><Point X="328" Y="524" T="0" /><Point X="330" Y="525" T="0" /><Point X="331" Y="526" T="0" /><Point X="333" Y="527" T="0" /><Point X="334" Y="528" T="0" /><Point X="336" Y="528" T="0" /><Point X="338" Y="528" T="0" /><Point X="339" Y="529" T="0" /><Point X="342" Y="529" T="0" /><Point X="343" Y="529" T="0" /><Point X="344" Y="529" T="0" /><Point X="346" Y="529" T="0" /><Point X="347" Y="529" T="0" /><Point X="349" Y="530" T="0" /><Point X="350" Y="530" T="0" /><Point X="351" Y="530" T="0" /><Point X="353" Y="530" T="0" /><Point X="355" Y="531" T="0" /><Point X="356" Y="531" T="0" /><Point X="358" Y="531" T="0" /><Point X="358" Y="532" T="0" /><Point X="359" Y="533" T="0" /><Point X="360" Y="534" T="0" /><Point X="362" Y="535" T="0" /><Point X="362" Y="536" T="0" /><Point X="363" Y="536" T="0" /><Point X="364" Y="536" T="0" /><Point X="364" Y="537" T="0" /><Point X="364" Y="538" T="0" /><Point X="364" Y="539" T="0" /><Point X="364" Y="540" T="0" /><Point X="363" Y="541" T="0" /><Point X="362" Y="542" T="0" /><Point X="361" Y="543" T="0" /><Point X="358" Y="543" T="0" /><Point X="356" Y="544" T="0" /><Point X="353" Y="547" T="0" /><Point X="352" Y="547" T="0" /><Point X="350" Y="549" T="0" /><Point X="347" Y="551" T="0" /><Point X="345" Y="552" T="0" /><Point X="343" Y="555" T="0" /><Point X="342" Y="556" T="0" /><Point X="341" Y="557" T="0" /><Point X="338" Y="559" T="0" /><Point X="337" Y="560" T="0" /><Point X="335" Y="563" T="0" /><Point X="334" Y="563" T="0" /><Point X="333" Y="563" T="0" /><Point X="332" Y="564" T="0" /><Point X="331" Y="565" T="0" /><Point X="330" Y="566" T="0" /><Point X="329" Y="567" T="0" /><Point X="329" Y="568" T="0" /><Point X="328" Y="568" T="0" /><Point X="327" Y="568" T="0" /><Point X="327" Y="570" T="0" /><Point X="328" Y="570" T="0" /><Point X="329" Y="571" T="0" /><Point X="330" Y="571" T="0" /><Point X="331" Y="571" T="0" /><Point X="332" Y="572" T="0" /><Point X="332" Y="573" T="0" /><Point X="333" Y="573" T="0" /><Point X="334" Y="574" T="0" /><Point X="334" Y="575" T="0" /><Point X="335" Y="575" T="0" /><Point X="336" Y="576" T="0" /><Point X="336" Y="578" T="0" /><Point X="337" Y="579" T="0" /><Point X="338" Y="580" T="0" /><Point X="338" Y="583" T="0" /><Point X="339" Y="586" T="0" /><Point X="340" Y="587" T="0" /><Point X="341" Y="590" T="0" /><Point X="342" Y="591" T="0" /><Point X="342" Y="593" T="0" /><Point X="342" Y="594" T="0" /><Point X="342" Y="597" T="0" /><Point X="342" Y="599" T="0" /><Point X="342" Y="601" T="0" /><Point X="342" Y="605" T="0" /><Point X="342" Y="608" T="0" /><Point X="342" Y="611" T="0" /><Point X="342" Y="615" T="0" /><Point X="342" Y="617" T="0" /><Point X="342" Y="620" T="0" /><Point X="342" Y="623" T="0" /><Point X="342" Y="624" T="0" /><Point X="342" Y="626" T="0" /><Point X="342" Y="628" T="0" /><Point X="342" Y="630" T="0" /><Point X="341" Y="631" T="0" /><Point X="340" Y="632" T="0" /><Point X="339" Y="634" T="0" /><Point X="338" Y="635" T="0" /><Point X="337" Y="637" T="0" /><Point X="334" Y="639" T="0" /><Point X="331" Y="644" T="0" /><Point X="329" Y="647" T="0" /><Point X="325" Y="652" T="0" /><Point X="322" Y="656" T="0" /><Point X="318" Y="662" T="0" /><Point X="314" Y="666" T="0" /><Point X="310" Y="668" T="0" /><Point X="306" Y="672" T="0" /><Point X="302" Y="675" T="0" /><Point X="298" Y="677" T="0" /><Point X="295" Y="680" T="0" /><Point X="293" Y="682" T="0" /><Point X="290" Y="682" T="0" /><Point X="287" Y="683" T="0" /><Point X="286" Y="683" T="0" /><Point X="283" Y="684" T="0" /><Point X="280" Y="685" T="0" /><Point X="278" Y="686" T="0" /><Point X="275" Y="686" T="0" /><Point X="273" Y="686" T="0" /><Point X="272" Y="686" T="0" /><Point X="271" Y="686" T="0" /><Point X="270" Y="686" T="0" /><Point X="269" Y="686" T="0" /><Point X="268" Y="686" T="0" /></Gesture>