<Gesture Name="right-square-bracket" Subject="1" Number="1" NumPts="182" Millseconds="0" AppName="Gestures" AppVer="1.0" Date="Wednesday, March 01, 2023" TimeOfDay="16:30:59" ID="10"><Point X="360" Y="295" T="0" /><Point X="366" Y="294" T="0" /><Point X="370" Y="293" T="0" /><Point X="374" Y="292" T="0" /><Point X="378" Y="291" T="0" /><Point X="381" Y="291" T="0" /><Point X="384" Y="290" T="0" /><Point X="386" Y="289" T="0" /><Point X="390" Y="289" T="0" /><Point X="393" Y="289" T="0" /><Point X="396" Y="289" T="0" /><Point X="401" Y="289" T="0" /><Point X="408" Y="287" T="0" /><Point X="415" Y="287" T="0" /><Point X="422" Y="287" T="0" /><Point X="427" Y="287" T="0" /><Point X="431" Y="287" T="0" /><Point X="434" Y="287" T="0" /><Point X="438" Y="287" T="0" /><Point X="440" Y="287" T="0" /><Point X="443" Y="287" T="0" /><Point X="446" Y="287" T="0" /><Point X="449" Y="287" T="0" /><Point X="452" Y="287" T="0" /><Point X="454" Y="287" T="0" /><Point X="456" Y="287" T="0" /><Point X="460" Y="287" T="0" /><Point X="462" Y="287" T="0" /><Point X="465" Y="287" T="0" /><Point X="467" Y="287" T="0" /><Point X="470" Y="287" T="0" /><Point X="472" Y="287" T="0" /><Point X="474" Y="287" T="0" /><Point X="476" Y="287" T="0" /><Point X="477" Y="287" T="0" /><Point X="478" Y="287" T="0" /><Point X="479" Y="287" T="0" /><Point X="480" Y="289" T="0" /><Point X="481" Y="295" T="0" /><Point X="482" Y="300" T="0" /><Point X="482" Y="305" T="0" /><Point X="483" Y="309" T="0" /><Point X="483" Y="312" T="0" /><Point X="483" Y="315" T="0" /><Point X="484" Y="319" T="0" /><Point X="484" Y="323" T="0" /><Point X="484" Y="327" T="0" /><Point X="484" Y="329" T="0" /><Point X="484" Y="333" T="0" /><Point X="486" Y="336" T="0" /><Point X="487" Y="342" T="0" /><Point X="487" Y="345" T="0" /><Point X="487" Y="349" T="0" /><Point X="487" Y="353" T="0" /><Point X="488" Y="358" T="0" /><Point X="488" Y="362" T="0" /><Point X="488" Y="365" T="0" /><Point X="488" Y="369" T="0" /><Point X="488" Y="371" T="0" /><Point X="488" Y="377" T="0" /><Point X="488" Y="379" T="0" /><Point X="488" Y="383" T="0" /><Point X="488" Y="387" T="0" /><Point X="488" Y="391" T="0" /><Point X="488" Y="394" T="0" /><Point X="488" Y="397" T="0" /><Point X="488" Y="401" T="0" /><Point X="488" Y="403" T="0" /><Point X="488" Y="407" T="0" /><Point X="488" Y="410" T="0" /><Point X="488" Y="412" T="0" /><Point X="488" Y="416" T="0" /><Point X="488" Y="419" T="0" /><Point X="489" Y="423" T="0" /><Point X="490" Y="426" T="0" /><Point X="490" Y="429" T="0" /><Point X="490" Y="431" T="0" /><Point X="490" Y="433" T="0" /><Point X="490" Y="435" T="0" /><Point X="490" Y="438" T="0" /><Point X="490" Y="439" T="0" /><Point X="490" Y="443" T="0" /><Point X="490" Y="448" T="0" /><Point X="490" Y="452" T="0" /><Point X="490" Y="456" T="0" /><Point X="490" Y="460" T="0" /><Point X="490" Y="463" T="0" /><Point X="490" Y="465" T="0" /><Point X="490" Y="468" T="0" /><Point X="490" Y="471" T="0" /><Point X="490" Y="473" T="0" /><Point X="490" Y="475" T="0" /><Point X="490" Y="477" T="0" /><Point X="490" Y="478" T="0" /><Point X="490" Y="479" T="0" /><Point X="490" Y="481" T="0" /><Point X="490" Y="483" T="0" /><Point X="490" Y="485" T="0" /><Point X="490" Y="487" T="0" /><Point X="490" Y="491" T="0" /><Point X="490" Y="492" T="0" /><Point X="490" Y="495" T="0" /><Point X="490" Y="498" T="0" /><Point X="490" Y="499" T="0" /><Point X="490" Y="502" T="0" /><Point X="490" Y="503" T="0" /><Point X="490" Y="505" T="0" /><Point X="490" Y="507" T="0" /><Point X="491" Y="509" T="0" /><Point X="491" Y="511" T="0" /><Point X="491" Y="512" T="0" /><Point X="491" Y="514" T="0" /><Point X="491" Y="515" T="0" /><Point X="491" Y="516" T="0" /><Point X="491" Y="518" T="0" /><Point X="491" Y="519" T="0" /><Point X="491" Y="520" T="0" /><Point X="491" Y="521" T="0" /><Point X="491" Y="522" T="0" /><Point X="491" Y="523" T="0" /><Point X="491" Y="524" T="0" /><Point X="490" Y="524" T="0" /><Point X="489" Y="524" T="0" /><Point X="485" Y="524" T="0" /><Point X="482" Y="524" T="0" /><Point X="478" Y="524" T="0" /><Point X="475" Y="524" T="0" /><Point X="472" Y="524" T="0" /><Point X="468" Y="525" T="0" /><Point X="466" Y="525" T="0" /><Point X="462" Y="525" T="0" /><Point X="458" Y="525" T="0" /><Point X="454" Y="525" T="0" /><Point X="451" Y="526" T="0" /><Point X="447" Y="526" T="0" /><Point X="445" Y="526" T="0" /><Point X="442" Y="526" T="0" /><Point X="439" Y="527" T="0" /><Point X="438" Y="527" T="0" /><Point X="435" Y="527" T="0" /><Point X="434" Y="527" T="0" /><Point X="432" Y="527" T="0" /><Point X="430" Y="527" T="0" /><Point X="429" Y="528" T="0" /><Point X="426" Y="528" T="0" /><Point X="424" Y="528" T="0" /><Point X="422" Y="528" T="0" /><Point X="421" Y="528" T="0" /><Point X="418" Y="529" T="0" /><Point X="416" Y="529" T="0" /><Point X="415" Y="531" T="0" /><Point X="414" Y="531" T="0" /><Point X="412" Y="531" T="0" /><Point X="410" Y="531" T="0" /><Point X="409" Y="531" T="0" /><Point X="408" Y="531" T="0" /><Point X="406" Y="532" T="0" /><Point X="405" Y="533" T="0" /><Point X="402" Y="533" T="0" /><Point X="402" Y="534" T="0" /><Point X="400" Y="534" T="0" /><Point X="399" Y="534" T="0" /><Point X="398" Y="535" T="0" /><Point X="397" Y="535" T="0" /><Point X="396" Y="535" T="0" /><Point X="395" Y="535" T="0" /><Point X="394" Y="535" T="0" /><Point X="393" Y="536" T="0" /><Point X="392" Y="537" T="0" /><Point X="391" Y="537" T="0" /><Point X="390" Y="537" T="0" /><Point X="389" Y="537" T="0" /><Point X="388" Y="537" T="0" /><Point X="388" Y="538" T="0" /><Point X="387" Y="538" T="0" /><Point X="385" Y="538" T="0" /><Point X="384" Y="538" T="0" /><Point X="383" Y="538" T="0" /><Point X="382" Y="538" T="0" /><Point X="381" Y="538" T="0" /><Point X="379" Y="538" T="0" /><Point X="378" Y="538" T="0" /></Gesture>