<Gesture Name="right-curly-brace" Subject="1" Number="1" NumPts="113" Millseconds="0" AppName="Gestures" AppVer="1.0" Date="Wednesday, March 01, 2023" TimeOfDay="16:28:52" ID="8"><Point X="318" Y="411" T="0" /><Point X="319" Y="413" T="0" /><Point X="322" Y="415" T="0" /><Point X="323" Y="416" T="0" /><Point X="326" Y="421" T="0" /><Point X="328" Y="427" T="0" /><Point X="329" Y="436" T="0" /><Point X="329" Y="443" T="0" /><Point X="329" Y="448" T="0" /><Point X="328" Y="455" T="0" /><Point X="326" Y="461" T="0" /><Point X="323" Y="467" T="0" /><Point X="321" Y="474" T="0" /><Point X="318" Y="483" T="0" /><Point X="317" Y="488" T="0" /><Point X="314" Y="495" T="0" /><Point X="312" Y="501" T="0" /><Point X="311" Y="504" T="0" /><Point X="310" Y="507" T="0" /><Point X="307" Y="513" T="0" /><Point X="305" Y="520" T="0" /><Point X="302" Y="528" T="0" /><Point X="302" Y="538" T="0" /><Point X="300" Y="545" T="0" /><Point X="299" Y="551" T="0" /><Point X="299" Y="555" T="0" /><Point X="299" Y="557" T="0" /><Point X="299" Y="560" T="0" /><Point X="299" Y="561" T="0" /><Point X="299" Y="563" T="0" /><Point X="299" Y="565" T="0" /><Point X="299" Y="566" T="0" /><Point X="300" Y="566" T="0" /><Point X="301" Y="567" T="0" /><Point X="303" Y="569" T="0" /><Point X="305" Y="570" T="0" /><Point X="307" Y="572" T="0" /><Point X="309" Y="573" T="0" /><Point X="314" Y="575" T="0" /><Point X="316" Y="575" T="0" /><Point X="319" Y="576" T="0" /><Point X="322" Y="577" T="0" /><Point X="325" Y="577" T="0" /><Point X="328" Y="577" T="0" /><Point X="329" Y="577" T="0" /><Point X="330" Y="577" T="0" /><Point X="331" Y="577" T="0" /><Point X="334" Y="577" T="0" /><Point X="335" Y="577" T="0" /><Point X="335" Y="576" T="0" /><Point X="335" Y="575" T="0" /><Point X="335" Y="574" T="0" /><Point X="334" Y="573" T="0" /><Point X="332" Y="571" T="0" /><Point X="331" Y="571" T="0" /><Point X="330" Y="570" T="0" /><Point X="329" Y="570" T="0" /><Point X="328" Y="569" T="0" /><Point X="326" Y="569" T="0" /><Point X="325" Y="569" T="0" /><Point X="324" Y="569" T="0" /><Point X="322" Y="569" T="0" /><Point X="321" Y="569" T="0" /><Point X="318" Y="569" T="0" /><Point X="317" Y="570" T="0" /><Point X="317" Y="571" T="0" /><Point X="316" Y="571" T="0" /><Point X="315" Y="571" T="0" /><Point X="314" Y="574" T="0" /><Point X="314" Y="575" T="0" /><Point X="313" Y="577" T="0" /><Point X="313" Y="580" T="0" /><Point X="313" Y="582" T="0" /><Point X="313" Y="585" T="0" /><Point X="313" Y="589" T="0" /><Point X="313" Y="591" T="0" /><Point X="313" Y="594" T="0" /><Point X="313" Y="596" T="0" /><Point X="313" Y="599" T="0" /><Point X="313" Y="600" T="0" /><Point X="313" Y="602" T="0" /><Point X="314" Y="603" T="0" /><Point X="314" Y="605" T="0" /><Point X="314" Y="607" T="0" /><Point X="314" Y="611" T="0" /><Point X="314" Y="614" T="0" /><Point X="314" Y="619" T="0" /><Point X="314" Y="624" T="0" /><Point X="314" Y="631" T="0" /><Point X="314" Y="635" T="0" /><Point X="313" Y="639" T="0" /><Point X="312" Y="642" T="0" /><Point X="311" Y="645" T="0" /><Point X="310" Y="647" T="0" /><Point X="310" Y="648" T="0" /><Point X="310" Y="651" T="0" /><Point X="308" Y="653" T="0" /><Point X="306" Y="655" T="0" /><Point X="304" Y="658" T="0" /><Point X="302" Y="660" T="0" /><Point X="300" Y="662" T="0" /><Point X="297" Y="665" T="0" /><Point X="294" Y="668" T="0" /><Point X="292" Y="671" T="0" /><Point X="288" Y="673" T="0" /><Point X="286" Y="675" T="0" /><Point X="284" Y="677" T="0" /><Point X="282" Y="679" T="0" /><Point X="280" Y="679" T="0" /><Point X="279" Y="679" T="0" /><Point X="278" Y="680" T="0" /><Point X="278" Y="681" T="0" /><Point X="277" Y="682" T="0" /></Gesture>