<Gesture Name="right-square-bracket" Subject="1" Number="1" NumPts="79" Millseconds="0" AppName="Gestures" AppVer="1.0" Date="Wednesday, March 01, 2023" TimeOfDay="16:27:08" ID="7"><Point X="322" Y="495" T="0" /><Point X="336" Y="493" T="0" /><Point X="350" Y="491" T="0" /><Point X="360" Y="491" T="0" /><Point X="369" Y="490" T="0" /><Point X="374" Y="490" T="0" /><Point X="379" Y="490" T="0" /><Point X="383" Y="490" T="0" /><Point X="389" Y="490" T="0" /><Point X="391" Y="490" T="0" /><Point X="394" Y="490" T="0" /><Point X="395" Y="490" T="0" /><Point X="396" Y="490" T="0" /><Point X="397" Y="490" T="0" /><Point X="398" Y="490" T="0" /><Point X="398" Y="491" T="0" /><Point X="398" Y="492" T="0" /><Point X="398" Y="495" T="0" /><Point X="398" Y="499" T="0" /><Point X="398" Y="506" T="0" /><Point X="398" Y="515" T="0" /><Point X="398" Y="524" T="0" /><Point X="397" Y="535" T="0" /><Point X="396" Y="546" T="0" /><Point X="395" Y="556" T="0" /><Point X="394" Y="566" T="0" /><Point X="393" Y="574" T="0" /><Point X="392" Y="579" T="0" /><Point X="390" Y="587" T="0" /><Point X="390" Y="591" T="0" /><Point X="390" Y="595" T="0" /><Point X="390" Y="598" T="0" /><Point X="390" Y="601" T="0" /><Point X="390" Y="603" T="0" /><Point X="390" Y="604" T="0" /><Point X="390" Y="606" T="0" /><Point X="390" Y="607" T="0" /><Point X="390" Y="609" T="0" /><Point X="390" Y="611" T="0" /><Point X="390" Y="615" T="0" /><Point X="390" Y="617" T="0" /><Point X="390" Y="619" T="0" /><Point X="391" Y="621" T="0" /><Point X="391" Y="624" T="0" /><Point X="391" Y="627" T="0" /><Point X="391" Y="628" T="0" /><Point X="391" Y="631" T="0" /><Point X="391" Y="632" T="0" /><Point X="391" Y="633" T="0" /><Point X="391" Y="634" T="0" /><Point X="391" Y="635" T="0" /><Point X="391" Y="636" T="0" /><Point X="391" Y="637" T="0" /><Point X="391" Y="638" T="0" /><Point X="390" Y="639" T="0" /><Point X="389" Y="639" T="0" /><Point X="388" Y="640" T="0" /><Point X="385" Y="643" T="0" /><Point X="379" Y="644" T="0" /><Point X="372" Y="647" T="0" /><Point X="366" Y="648" T="0" /><Point X="360" Y="651" T="0" /><Point X="355" Y="653" T="0" /><Point X="351" Y="654" T="0" /><Point X="350" Y="655" T="0" /><Point X="349" Y="655" T="0" /><Point X="348" Y="656" T="0" /><Point X="346" Y="656" T="0" /><Point X="345" Y="657" T="0" /><Point X="344" Y="658" T="0" /><Point X="344" Y="659" T="0" /><Point X="343" Y="659" T="0" /><Point X="342" Y="660" T="0" /><Point X="340" Y="660" T="0" /><Point X="339" Y="660" T="0" /><Point X="338" Y="660" T="0" /><Point X="336" Y="658" T="0" /><Point X="334" Y="656" T="0" /><Point X="333" Y="656" T="0" /></Gesture>