<Gesture Name="right-curly-brace" Subject="1" Number="1" NumPts="114" Millseconds="0" AppName="Gestures" AppVer="1.0" Date="Wednesday, March 01, 2023" TimeOfDay="16:24:40" ID="5"><Point X="316" Y="414" T="0" /><Point X="324" Y="414" T="0" /><Point X="332" Y="414" T="0" /><Point X="336" Y="414" T="0" /><Point X="341" Y="415" T="0" /><Point X="344" Y="418" T="0" /><Point X="346" Y="419" T="0" /><Point X="350" Y="421" T="0" /><Point X="351" Y="423" T="0" /><Point X="352" Y="424" T="0" /><Point X="354" Y="425" T="0" /><Point X="354" Y="427" T="0" /><Point X="355" Y="429" T="0" /><Point X="357" Y="432" T="0" /><Point X="358" Y="435" T="0" /><Point X="358" Y="439" T="0" /><Point X="358" Y="442" T="0" /><Point X="358" Y="447" T="0" /><Point X="358" Y="453" T="0" /><Point X="358" Y="459" T="0" /><Point X="358" Y="466" T="0" /><Point X="356" Y="469" T="0" /><Point X="354" Y="475" T="0" /><Point X="354" Y="478" T="0" /><Point X="352" Y="481" T="0" /><Point X="350" Y="485" T="0" /><Point X="349" Y="489" T="0" /><Point X="346" Y="495" T="0" /><Point X="344" Y="503" T="0" /><Point X="342" Y="507" T="0" /><Point X="340" Y="513" T="0" /><Point X="338" Y="518" T="0" /><Point X="335" Y="523" T="0" /><Point X="334" Y="526" T="0" /><Point X="332" Y="530" T="0" /><Point X="331" Y="532" T="0" /><Point X="330" Y="535" T="0" /><Point X="330" Y="538" T="0" /><Point X="328" Y="539" T="0" /><Point X="327" Y="542" T="0" /><Point X="327" Y="543" T="0" /><Point X="327" Y="545" T="0" /><Point X="327" Y="546" T="0" /><Point X="327" Y="547" T="0" /><Point X="327" Y="548" T="0" /><Point X="327" Y="549" T="0" /><Point X="330" Y="550" T="0" /><Point X="333" Y="550" T="0" /><Point X="336" Y="550" T="0" /><Point X="338" Y="550" T="0" /><Point X="340" Y="550" T="0" /><Point X="342" Y="549" T="0" /><Point X="346" Y="548" T="0" /><Point X="348" Y="547" T="0" /><Point X="349" Y="547" T="0" /><Point X="351" Y="547" T="0" /><Point X="352" Y="547" T="0" /><Point X="353" Y="547" T="0" /><Point X="353" Y="548" T="0" /><Point X="352" Y="549" T="0" /><Point X="350" Y="551" T="0" /><Point X="349" Y="552" T="0" /><Point X="348" Y="554" T="0" /><Point X="346" Y="555" T="0" /><Point X="342" Y="559" T="0" /><Point X="339" Y="562" T="0" /><Point X="338" Y="564" T="0" /><Point X="337" Y="567" T="0" /><Point X="334" Y="570" T="0" /><Point X="334" Y="572" T="0" /><Point X="333" Y="575" T="0" /><Point X="332" Y="576" T="0" /><Point X="331" Y="579" T="0" /><Point X="331" Y="580" T="0" /><Point X="331" Y="583" T="0" /><Point X="331" Y="585" T="0" /><Point X="332" Y="587" T="0" /><Point X="333" Y="591" T="0" /><Point X="334" Y="591" T="0" /><Point X="334" Y="593" T="0" /><Point X="336" Y="596" T="0" /><Point X="337" Y="599" T="0" /><Point X="338" Y="601" T="0" /><Point X="339" Y="603" T="0" /><Point X="340" Y="606" T="0" /><Point X="341" Y="608" T="0" /><Point X="342" Y="610" T="0" /><Point X="342" Y="611" T="0" /><Point X="343" Y="613" T="0" /><Point X="343" Y="615" T="0" /><Point X="343" Y="618" T="0" /><Point X="343" Y="620" T="0" /><Point X="343" Y="623" T="0" /><Point X="342" Y="626" T="0" /><Point X="342" Y="628" T="0" /><Point X="340" Y="629" T="0" /><Point X="338" Y="631" T="0" /><Point X="337" Y="635" T="0" /><Point X="334" Y="639" T="0" /><Point X="330" Y="643" T="0" /><Point X="326" Y="649" T="0" /><Point X="320" Y="655" T="0" /><Point X="316" Y="663" T="0" /><Point X="311" Y="667" T="0" /><Point X="309" Y="671" T="0" /><Point X="306" Y="675" T="0" /><Point X="303" Y="678" T="0" /><Point X="302" Y="681" T="0" /><Point X="299" Y="683" T="0" /><Point X="298" Y="684" T="0" /><Point X="294" Y="686" T="0" /><Point X="292" Y="687" T="0" /><Point X="290" Y="689" T="0" /><Point X="288" Y="690" T="0" /></Gesture>