<Gesture Name="right-curly-brace" Subject="1" Number="1" NumPts="147" Millseconds="0" AppName="Gestures" AppVer="1.0" Date="Wednesday, March 01, 2023" TimeOfDay="16:27:25" ID="7"><Point X="308" Y="412" T="0" /><Point X="320" Y="407" T="0" /><Point X="333" Y="402" T="0" /><Point X="344" Y="399" T="0" /><Point X="350" Y="397" T="0" /><Point X="358" Y="394" T="0" /><Point X="363" Y="393" T="0" /><Point X="369" Y="391" T="0" /><Point X="378" Y="390" T="0" /><Point X="384" Y="389" T="0" /><Point X="390" Y="389" T="0" /><Point X="397" Y="389" T="0" /><Point X="402" Y="390" T="0" /><Point X="406" Y="391" T="0" /><Point X="409" Y="393" T="0" /><Point X="412" Y="396" T="0" /><Point X="415" Y="400" T="0" /><Point X="418" Y="406" T="0" /><Point X="422" Y="412" T="0" /><Point X="424" Y="419" T="0" /><Point X="425" Y="426" T="0" /><Point X="426" Y="433" T="0" /><Point X="426" Y="438" T="0" /><Point X="426" Y="445" T="0" /><Point X="426" Y="451" T="0" /><Point X="424" Y="458" T="0" /><Point X="422" Y="466" T="0" /><Point X="418" Y="473" T="0" /><Point X="414" Y="479" T="0" /><Point X="410" Y="485" T="0" /><Point X="406" Y="490" T="0" /><Point X="400" Y="497" T="0" /><Point X="395" Y="503" T="0" /><Point X="390" Y="510" T="0" /><Point X="385" Y="517" T="0" /><Point X="381" Y="524" T="0" /><Point X="377" Y="529" T="0" /><Point X="375" Y="535" T="0" /><Point X="374" Y="538" T="0" /><Point X="372" Y="540" T="0" /><Point X="370" Y="544" T="0" /><Point X="368" Y="547" T="0" /><Point X="366" Y="552" T="0" /><Point X="366" Y="555" T="0" /><Point X="366" Y="558" T="0" /><Point X="365" Y="560" T="0" /><Point X="365" Y="562" T="0" /><Point X="365" Y="563" T="0" /><Point X="365" Y="564" T="0" /><Point X="365" Y="566" T="0" /><Point X="365" Y="567" T="0" /><Point X="365" Y="568" T="0" /><Point X="366" Y="568" T="0" /><Point X="370" Y="568" T="0" /><Point X="375" Y="566" T="0" /><Point X="382" Y="563" T="0" /><Point X="390" Y="562" T="0" /><Point X="394" Y="561" T="0" /><Point X="398" Y="560" T="0" /><Point X="401" Y="560" T="0" /><Point X="403" Y="560" T="0" /><Point X="406" Y="560" T="0" /><Point X="408" Y="560" T="0" /><Point X="409" Y="560" T="0" /><Point X="410" Y="560" T="0" /><Point X="409" Y="560" T="0" /><Point X="407" Y="560" T="0" /><Point X="406" Y="561" T="0" /><Point X="403" Y="563" T="0" /><Point X="402" Y="563" T="0" /><Point X="400" Y="565" T="0" /><Point X="398" Y="567" T="0" /><Point X="397" Y="567" T="0" /><Point X="395" Y="568" T="0" /><Point X="394" Y="570" T="0" /><Point X="392" Y="571" T="0" /><Point X="390" Y="573" T="0" /><Point X="390" Y="575" T="0" /><Point X="389" Y="575" T="0" /><Point X="387" Y="578" T="0" /><Point X="386" Y="579" T="0" /><Point X="386" Y="580" T="0" /><Point X="385" Y="582" T="0" /><Point X="384" Y="584" T="0" /><Point X="383" Y="586" T="0" /><Point X="382" Y="587" T="0" /><Point X="382" Y="588" T="0" /><Point X="381" Y="590" T="0" /><Point X="380" Y="591" T="0" /><Point X="379" Y="591" T="0" /><Point X="379" Y="592" T="0" /><Point X="378" Y="593" T="0" /><Point X="378" Y="594" T="0" /><Point X="378" Y="595" T="0" /><Point X="378" Y="597" T="0" /><Point X="378" Y="598" T="0" /><Point X="380" Y="599" T="0" /><Point X="382" Y="599" T="0" /><Point X="383" Y="599" T="0" /><Point X="385" Y="600" T="0" /><Point X="386" Y="601" T="0" /><Point X="387" Y="601" T="0" /><Point X="389" Y="602" T="0" /><Point X="391" Y="603" T="0" /><Point X="393" Y="604" T="0" /><Point X="394" Y="606" T="0" /><Point X="394" Y="607" T="0" /><Point X="395" Y="608" T="0" /><Point X="396" Y="611" T="0" /><Point X="398" Y="612" T="0" /><Point X="398" Y="613" T="0" /><Point X="399" Y="615" T="0" /><Point X="399" Y="616" T="0" /><Point X="400" Y="619" T="0" /><Point X="400" Y="621" T="0" /><Point X="400" Y="622" T="0" /><Point X="400" Y="624" T="0" /><Point X="400" Y="626" T="0" /><Point X="400" Y="627" T="0" /><Point X="400" Y="629" T="0" /><Point X="399" Y="632" T="0" /><Point X="399" Y="635" T="0" /><Point X="397" Y="636" T="0" /><Point X="394" Y="641" T="0" /><Point X="393" Y="643" T="0" /><Point X="390" Y="648" T="0" /><Point X="386" Y="651" T="0" /><Point X="384" Y="653" T="0" /><Point X="382" Y="655" T="0" /><Point X="378" Y="657" T="0" /><Point X="375" Y="659" T="0" /><Point X="369" Y="662" T="0" /><Point X="365" Y="663" T="0" /><Point X="358" Y="667" T="0" /><Point X="350" Y="668" T="0" /><Point X="345" Y="671" T="0" /><Point X="340" Y="672" T="0" /><Point X="337" Y="674" T="0" /><Point X="334" Y="676" T="0" /><Point X="331" Y="677" T="0" /><Point X="329" Y="679" T="0" /><Point X="328" Y="679" T="0" /><Point X="326" Y="679" T="0" /><Point X="324" Y="680" T="0" /><Point X="324" Y="681" T="0" /><Point X="323" Y="683" T="0" /><Point X="322" Y="683" T="0" /></Gesture>