<Gesture Name="right-square-bracket" Subject="1" Number="1" NumPts="64" Millseconds="0" AppName="Gestures" AppVer="1.0" Date="Wednesday, March 01, 2023" TimeOfDay="16:18:02" ID="1"><Point X="297" Y="231" T="0" /><Point X="315" Y="227" T="0" /><Point X="331" Y="225" T="0" /><Point X="352" Y="220" T="0" /><Point X="370" Y="219" T="0" /><Point X="382" Y="218" T="0" /><Point X="390" Y="218" T="0" /><Point X="398" Y="218" T="0" /><Point X="406" Y="218" T="0" /><Point X="412" Y="218" T="0" /><Point X="416" Y="218" T="0" /><Point X="420" Y="218" T="0" /><Point X="422" Y="218" T="0" /><Point X="424" Y="218" T="0" /><Point X="425" Y="218" T="0" /><Point X="426" Y="218" T="0" /><Point X="426" Y="219" T="0" /><Point X="426" Y="220" T="0" /><Point X="426" Y="221" T="0" /><Point X="426" Y="222" T="0" /><Point X="427" Y="227" T="0" /><Point X="428" Y="234" T="0" /><Point X="428" Y="242" T="0" /><Point X="428" Y="260" T="0" /><Point X="428" Y="287" T="0" /><Point X="428" Y="304" T="0" /><Point X="428" Y="321" T="0" /><Point X="424" Y="358" T="0" /><Point X="424" Y="377" T="0" /><Point X="424" Y="389" T="0" /><Point X="424" Y="405" T="0" /><Point X="426" Y="428" T="0" /><Point X="427" Y="440" T="0" /><Point X="429" Y="448" T="0" /><Point X="430" Y="452" T="0" /><Point X="430" Y="457" T="0" /><Point X="430" Y="459" T="0" /><Point X="430" Y="462" T="0" /><Point X="430" Y="464" T="0" /><Point X="430" Y="465" T="0" /><Point X="430" Y="466" T="0" /><Point X="430" Y="467" T="0" /><Point X="430" Y="468" T="0" /><Point X="427" Y="468" T="0" /><Point X="423" Y="468" T="0" /><Point X="416" Y="471" T="0" /><Point X="406" Y="471" T="0" /><Point X="389" Y="471" T="0" /><Point X="376" Y="471" T="0" /><Point X="366" Y="473" T="0" /><Point X="356" Y="473" T="0" /><Point X="346" Y="473" T="0" /><Point X="337" Y="474" T="0" /><Point X="330" Y="474" T="0" /><Point X="325" Y="474" T="0" /><Point X="321" Y="474" T="0" /><Point X="318" Y="474" T="0" /><Point X="317" Y="474" T="0" /><Point X="316" Y="474" T="0" /><Point X="314" Y="474" T="0" /><Point X="313" Y="474" T="0" /><Point X="312" Y="474" T="0" /><Point X="311" Y="474" T="0" /><Point X="310" Y="474" T="0" /></Gesture>