<Gesture Name="star" Subject="1" Number="1" NumPts="221" Millseconds="0" AppName="Gestures" AppVer="1.0" Date="Wednesday, March 01, 2023" TimeOfDay="16:29:01" ID="8"><Point X="298" Y="625" T="0" /><Point X="299" Y="617" T="0" /><Point X="300" Y="609" T="0" /><Point X="302" Y="600" T="0" /><Point X="306" Y="588" T="0" /><Point X="310" Y="571" T="0" /><Point X="316" Y="554" T="0" /><Point X="321" Y="539" T="0" /><Point X="324" Y="527" T="0" /><Point X="329" Y="507" T="0" /><Point X="335" Y="485" T="0" /><Point X="337" Y="475" T="0" /><Point X="339" Y="467" T="0" /><Point X="342" Y="456" T="0" /><Point X="342" Y="447" T="0" /><Point X="343" Y="439" T="0" /><Point X="346" Y="431" T="0" /><Point X="346" Y="429" T="0" /><Point X="346" Y="427" T="0" /><Point X="346" Y="424" T="0" /><Point X="346" Y="423" T="0" /><Point X="346" Y="422" T="0" /><Point X="346" Y="423" T="0" /><Point X="347" Y="424" T="0" /><Point X="349" Y="430" T="0" /><Point X="352" Y="435" T="0" /><Point X="357" Y="442" T="0" /><Point X="365" Y="453" T="0" /><Point X="372" Y="464" T="0" /><Point X="382" Y="479" T="0" /><Point X="387" Y="491" T="0" /><Point X="393" Y="498" T="0" /><Point X="397" Y="505" T="0" /><Point X="402" Y="512" T="0" /><Point X="406" Y="522" T="0" /><Point X="411" Y="529" T="0" /><Point X="414" Y="536" T="0" /><Point X="418" Y="541" T="0" /><Point X="420" Y="546" T="0" /><Point X="422" Y="549" T="0" /><Point X="423" Y="551" T="0" /><Point X="426" Y="555" T="0" /><Point X="430" Y="557" T="0" /><Point X="430" Y="559" T="0" /><Point X="433" Y="560" T="0" /><Point X="434" Y="563" T="0" /><Point X="437" Y="564" T="0" /><Point X="438" Y="565" T="0" /><Point X="438" Y="566" T="0" /><Point X="439" Y="567" T="0" /><Point X="440" Y="567" T="0" /><Point X="440" Y="568" T="0" /><Point X="441" Y="569" T="0" /><Point X="441" Y="570" T="0" /><Point X="441" Y="571" T="0" /><Point X="439" Y="571" T="0" /><Point X="437" Y="571" T="0" /><Point X="430" Y="571" T="0" /><Point X="423" Y="571" T="0" /><Point X="414" Y="571" T="0" /><Point X="402" Y="569" T="0" /><Point X="389" Y="568" T="0" /><Point X="377" Y="568" T="0" /><Point X="367" Y="568" T="0" /><Point X="358" Y="568" T="0" /><Point X="347" Y="568" T="0" /><Point X="337" Y="568" T="0" /><Point X="325" Y="568" T="0" /><Point X="316" Y="568" T="0" /><Point X="310" Y="568" T="0" /><Point X="301" Y="569" T="0" /><Point X="293" Y="571" T="0" /><Point X="283" Y="571" T="0" /><Point X="274" Y="571" T="0" /><Point X="267" Y="572" T="0" /><Point X="262" Y="572" T="0" /><Point X="258" Y="572" T="0" /><Point X="257" Y="572" T="0" /><Point X="254" Y="572" T="0" /><Point X="253" Y="572" T="0" /><Point X="252" Y="572" T="0" /><Point X="251" Y="572" T="0" /><Point X="250" Y="572" T="0" /><Point X="249" Y="572" T="0" /><Point X="249" Y="571" T="0" /><Point X="250" Y="570" T="0" /><Point X="254" Y="567" T="0" /><Point X="260" Y="563" T="0" /><Point X="269" Y="559" T="0" /><Point X="276" Y="554" T="0" /><Point X="282" Y="550" T="0" /><Point X="292" Y="543" T="0" /><Point X="306" Y="533" T="0" /><Point X="325" Y="519" T="0" /><Point X="341" Y="510" T="0" /><Point X="354" Y="500" T="0" /><Point X="374" Y="487" T="0" /><Point X="396" Y="471" T="0" /><Point X="410" Y="459" T="0" /><Point X="418" Y="450" T="0" /><Point X="426" Y="445" T="0" /><Point X="433" Y="439" T="0" /><Point X="439" Y="434" T="0" /><Point X="446" Y="427" T="0" /><Point X="453" Y="423" T="0" /><Point X="458" Y="418" T="0" /><Point X="465" Y="414" T="0" /><Point X="468" Y="411" T="0" /><Point X="471" Y="409" T="0" /><Point X="474" Y="407" T="0" /><Point X="475" Y="406" T="0" /><Point X="477" Y="405" T="0" /><Point X="478" Y="404" T="0" /><Point X="479" Y="404" T="0" /><Point X="478" Y="405" T="0" /><Point X="477" Y="406" T="0" /><Point X="474" Y="408" T="0" /><Point X="472" Y="412" T="0" /><Point X="467" Y="415" T="0" /><Point X="463" Y="419" T="0" /><Point X="460" Y="423" T="0" /><Point X="456" Y="429" T="0" /><Point X="452" Y="435" T="0" /><Point X="446" Y="443" T="0" /><Point X="443" Y="448" T="0" /><Point X="438" Y="455" T="0" /><Point X="435" Y="462" T="0" /><Point X="433" Y="465" T="0" /><Point X="429" Y="470" T="0" /><Point X="426" Y="473" T="0" /><Point X="424" Y="477" T="0" /><Point X="420" Y="482" T="0" /><Point X="416" Y="485" T="0" /><Point X="414" Y="490" T="0" /><Point X="409" Y="494" T="0" /><Point X="406" Y="499" T="0" /><Point X="403" Y="503" T="0" /><Point X="399" Y="508" T="0" /><Point X="397" Y="511" T="0" /><Point X="394" Y="514" T="0" /><Point X="392" Y="517" T="0" /><Point X="390" Y="519" T="0" /><Point X="389" Y="520" T="0" /><Point X="387" Y="522" T="0" /><Point X="385" Y="523" T="0" /><Point X="384" Y="525" T="0" /><Point X="382" Y="527" T="0" /><Point X="380" Y="530" T="0" /><Point X="378" Y="533" T="0" /><Point X="374" Y="535" T="0" /><Point X="374" Y="538" T="0" /><Point X="371" Y="540" T="0" /><Point X="367" Y="543" T="0" /><Point X="365" Y="545" T="0" /><Point X="362" Y="548" T="0" /><Point X="360" Y="551" T="0" /><Point X="358" Y="553" T="0" /><Point X="357" Y="556" T="0" /><Point X="356" Y="558" T="0" /><Point X="354" Y="559" T="0" /><Point X="353" Y="560" T="0" /><Point X="351" Y="562" T="0" /><Point X="350" Y="563" T="0" /><Point X="350" Y="565" T="0" /><Point X="347" Y="567" T="0" /><Point X="346" Y="568" T="0" /><Point X="344" Y="570" T="0" /><Point X="342" Y="571" T="0" /><Point X="342" Y="574" T="0" /><Point X="339" Y="577" T="0" /><Point X="338" Y="579" T="0" /><Point X="336" Y="581" T="0" /><Point X="334" Y="585" T="0" /><Point X="331" Y="587" T="0" /><Point X="330" Y="589" T="0" /><Point X="328" Y="592" T="0" /><Point X="326" Y="595" T="0" /><Point X="325" Y="596" T="0" /><Point X="322" Y="598" T="0" /><Point X="322" Y="599" T="0" /><Point X="322" Y="601" T="0" /><Point X="321" Y="602" T="0" /><Point X="320" Y="603" T="0" /><Point X="319" Y="603" T="0" /><Point X="318" Y="604" T="0" /><Point X="318" Y="605" T="0" /><Point X="317" Y="605" T="0" /><Point X="316" Y="607" T="0" /><Point X="315" Y="607" T="0" /><Point X="314" Y="609" T="0" /><Point X="314" Y="611" T="0" /><Point X="313" Y="611" T="0" /><Point X="313" Y="613" T="0" /><Point X="312" Y="614" T="0" /><Point X="310" Y="615" T="0" /><Point X="310" Y="616" T="0" /><Point X="309" Y="617" T="0" /><Point X="308" Y="619" T="0" /><Point X="307" Y="621" T="0" /><Point X="306" Y="621" T="0" /><Point X="306" Y="623" T="0" /><Point X="304" Y="626" T="0" /><Point X="303" Y="627" T="0" /><Point X="302" Y="628" T="0" /><Point X="302" Y="629" T="0" /><Point X="302" Y="630" T="0" /><Point X="301" Y="631" T="0" /><Point X="300" Y="632" T="0" /><Point X="299" Y="634" T="0" /><Point X="299" Y="635" T="0" /><Point X="298" Y="635" T="0" /><Point X="297" Y="635" T="0" /><Point X="297" Y="636" T="0" /><Point X="296" Y="637" T="0" /><Point X="296" Y="639" T="0" /><Point X="296" Y="640" T="0" /><Point X="295" Y="641" T="0" /><Point X="294" Y="641" T="0" /><Point X="294" Y="642" T="0" /><Point X="294" Y="643" T="0" /><Point X="293" Y="643" T="0" /></Gesture>