<Gesture Name="star" Subject="1" Number="1" NumPts="207" Millseconds="0" AppName="Gestures" AppVer="1.0" Date="Wednesday, March 01, 2023" TimeOfDay="16:24:46" ID="5"><Point X="293" Y="639" T="0" /><Point X="304" Y="614" T="0" /><Point X="313" Y="596" T="0" /><Point X="323" Y="573" T="0" /><Point X="338" Y="539" T="0" /><Point X="347" Y="511" T="0" /><Point X="358" Y="486" T="0" /><Point X="370" Y="452" T="0" /><Point X="378" Y="425" T="0" /><Point X="385" Y="411" T="0" /><Point X="390" Y="391" T="0" /><Point X="396" Y="380" T="0" /><Point X="399" Y="372" T="0" /><Point X="402" Y="363" T="0" /><Point X="405" Y="356" T="0" /><Point X="407" Y="352" T="0" /><Point X="408" Y="347" T="0" /><Point X="409" Y="345" T="0" /><Point X="410" Y="343" T="0" /><Point X="410" Y="340" T="0" /><Point X="410" Y="339" T="0" /><Point X="410" Y="338" T="0" /><Point X="410" Y="335" T="0" /><Point X="410" Y="334" T="0" /><Point X="410" Y="333" T="0" /><Point X="410" Y="332" T="0" /><Point X="410" Y="333" T="0" /><Point X="410" Y="335" T="0" /><Point X="412" Y="340" T="0" /><Point X="415" Y="347" T="0" /><Point X="418" Y="357" T="0" /><Point X="422" Y="371" T="0" /><Point X="427" Y="384" T="0" /><Point X="433" Y="401" T="0" /><Point X="440" Y="423" T="0" /><Point X="445" Y="438" T="0" /><Point X="450" Y="452" T="0" /><Point X="455" Y="467" T="0" /><Point X="461" Y="486" T="0" /><Point X="467" Y="500" T="0" /><Point X="470" Y="510" T="0" /><Point X="472" Y="515" T="0" /><Point X="475" Y="524" T="0" /><Point X="478" Y="532" T="0" /><Point X="479" Y="541" T="0" /><Point X="482" Y="547" T="0" /><Point X="483" Y="554" T="0" /><Point X="485" Y="557" T="0" /><Point X="486" Y="561" T="0" /><Point X="486" Y="563" T="0" /><Point X="487" Y="565" T="0" /><Point X="488" Y="567" T="0" /><Point X="489" Y="568" T="0" /><Point X="490" Y="570" T="0" /><Point X="491" Y="571" T="0" /><Point X="494" Y="575" T="0" /><Point X="496" Y="577" T="0" /><Point X="498" Y="580" T="0" /><Point X="502" Y="585" T="0" /><Point X="505" Y="588" T="0" /><Point X="506" Y="591" T="0" /><Point X="508" Y="593" T="0" /><Point X="509" Y="595" T="0" /><Point X="510" Y="596" T="0" /><Point X="510" Y="597" T="0" /><Point X="510" Y="598" T="0" /><Point X="510" Y="599" T="0" /><Point X="510" Y="600" T="0" /><Point X="508" Y="600" T="0" /><Point X="505" Y="598" T="0" /><Point X="499" Y="595" T="0" /><Point X="493" Y="590" T="0" /><Point X="481" Y="584" T="0" /><Point X="458" Y="578" T="0" /><Point X="438" Y="569" T="0" /><Point X="416" Y="562" T="0" /><Point X="386" Y="550" T="0" /><Point X="358" Y="542" T="0" /><Point X="338" Y="535" T="0" /><Point X="319" Y="529" T="0" /><Point X="294" Y="522" T="0" /><Point X="282" Y="518" T="0" /><Point X="270" Y="516" T="0" /><Point X="261" Y="513" T="0" /><Point X="251" Y="511" T="0" /><Point X="246" Y="511" T="0" /><Point X="239" Y="510" T="0" /><Point X="236" Y="510" T="0" /><Point X="233" Y="510" T="0" /><Point X="231" Y="510" T="0" /><Point X="230" Y="510" T="0" /><Point X="229" Y="510" T="0" /><Point X="228" Y="510" T="0" /><Point X="227" Y="510" T="0" /><Point X="226" Y="510" T="0" /><Point X="226" Y="509" T="0" /><Point X="233" Y="507" T="0" /><Point X="242" Y="503" T="0" /><Point X="253" Y="499" T="0" /><Point X="271" Y="489" T="0" /><Point X="297" Y="478" T="0" /><Point X="315" Y="468" T="0" /><Point X="349" Y="454" T="0" /><Point X="382" Y="438" T="0" /><Point X="402" Y="429" T="0" /><Point X="434" Y="415" T="0" /><Point X="465" Y="402" T="0" /><Point X="482" Y="394" T="0" /><Point X="506" Y="381" T="0" /><Point X="530" Y="368" T="0" /><Point X="548" Y="359" T="0" /><Point X="559" Y="353" T="0" /><Point X="568" Y="347" T="0" /><Point X="578" Y="343" T="0" /><Point X="587" Y="340" T="0" /><Point X="594" Y="337" T="0" /><Point X="599" Y="335" T="0" /><Point X="604" Y="333" T="0" /><Point X="606" Y="332" T="0" /><Point X="607" Y="332" T="0" /><Point X="609" Y="331" T="0" /><Point X="610" Y="331" T="0" /><Point X="609" Y="331" T="0" /><Point X="603" Y="333" T="0" /><Point X="594" Y="336" T="0" /><Point X="575" Y="345" T="0" /><Point X="551" Y="359" T="0" /><Point X="529" Y="375" T="0" /><Point X="511" Y="390" T="0" /><Point X="494" Y="404" T="0" /><Point X="477" Y="421" T="0" /><Point X="464" Y="434" T="0" /><Point X="452" Y="448" T="0" /><Point X="443" Y="458" T="0" /><Point X="436" Y="467" T="0" /><Point X="427" Y="477" T="0" /><Point X="419" Y="487" T="0" /><Point X="413" Y="495" T="0" /><Point X="406" Y="506" T="0" /><Point X="400" Y="513" T="0" /><Point X="396" Y="519" T="0" /><Point X="393" Y="525" T="0" /><Point X="390" Y="528" T="0" /><Point X="386" Y="535" T="0" /><Point X="384" Y="539" T="0" /><Point X="380" Y="545" T="0" /><Point X="378" Y="548" T="0" /><Point X="377" Y="551" T="0" /><Point X="374" Y="555" T="0" /><Point X="372" Y="559" T="0" /><Point X="370" Y="563" T="0" /><Point X="369" Y="567" T="0" /><Point X="367" Y="571" T="0" /><Point X="366" Y="574" T="0" /><Point X="362" Y="576" T="0" /><Point X="360" Y="579" T="0" /><Point X="358" Y="583" T="0" /><Point X="354" Y="586" T="0" /><Point X="351" Y="589" T="0" /><Point X="349" Y="594" T="0" /><Point X="346" Y="596" T="0" /><Point X="343" Y="599" T="0" /><Point X="341" Y="603" T="0" /><Point X="340" Y="606" T="0" /><Point X="338" Y="610" T="0" /><Point X="337" Y="612" T="0" /><Point X="335" Y="615" T="0" /><Point X="334" Y="618" T="0" /><Point X="332" Y="619" T="0" /><Point X="330" Y="620" T="0" /><Point X="328" Y="622" T="0" /><Point X="327" Y="623" T="0" /><Point X="326" Y="627" T="0" /><Point X="323" Y="629" T="0" /><Point X="322" Y="630" T="0" /><Point X="320" Y="632" T="0" /><Point X="318" Y="634" T="0" /><Point X="318" Y="635" T="0" /><Point X="315" Y="637" T="0" /><Point X="314" Y="638" T="0" /><Point X="312" Y="641" T="0" /><Point X="310" Y="643" T="0" /><Point X="308" Y="645" T="0" /><Point X="306" Y="647" T="0" /><Point X="306" Y="649" T="0" /><Point X="304" Y="650" T="0" /><Point X="302" Y="651" T="0" /><Point X="301" Y="653" T="0" /><Point X="300" Y="655" T="0" /><Point X="299" Y="656" T="0" /><Point X="298" Y="657" T="0" /><Point X="298" Y="658" T="0" /><Point X="297" Y="659" T="0" /><Point X="295" Y="661" T="0" /><Point X="293" Y="662" T="0" /><Point X="291" Y="663" T="0" /><Point X="290" Y="663" T="0" /><Point X="290" Y="664" T="0" /><Point X="289" Y="665" T="0" /><Point X="288" Y="667" T="0" /><Point X="287" Y="667" T="0" /><Point X="286" Y="668" T="0" /><Point X="286" Y="669" T="0" /><Point X="285" Y="670" T="0" /><Point X="284" Y="671" T="0" /><Point X="283" Y="671" T="0" /><Point X="282" Y="671" T="0" /></Gesture>