<Gesture Name="star" Subject="1" Number="1" NumPts="359" Millseconds="0" AppName="Gestures" AppVer="1.0" Date="Wednesday, March 01, 2023" TimeOfDay="16:31:22" ID="10"><Point X="298" Y="469" T="0" /><Point X="298" Y="467" T="0" /><Point X="298" Y="464" T="0" /><Point X="299" Y="461" T="0" /><Point X="301" Y="454" T="0" /><Point X="303" Y="446" T="0" /><Point X="307" Y="435" T="0" /><Point X="310" Y="425" T="0" /><Point X="314" Y="417" T="0" /><Point X="317" Y="411" T="0" /><Point X="321" Y="406" T="0" /><Point X="324" Y="398" T="0" /><Point X="327" Y="388" T="0" /><Point X="330" Y="379" T="0" /><Point X="332" Y="371" T="0" /><Point X="334" Y="364" T="0" /><Point X="335" Y="360" T="0" /><Point X="336" Y="357" T="0" /><Point X="336" Y="355" T="0" /><Point X="337" Y="351" T="0" /><Point X="337" Y="347" T="0" /><Point X="338" Y="339" T="0" /><Point X="340" Y="331" T="0" /><Point X="341" Y="322" T="0" /><Point X="342" Y="315" T="0" /><Point X="343" Y="308" T="0" /><Point X="345" Y="301" T="0" /><Point X="347" Y="293" T="0" /><Point X="350" Y="284" T="0" /><Point X="352" Y="276" T="0" /><Point X="355" Y="267" T="0" /><Point X="358" Y="259" T="0" /><Point X="360" Y="255" T="0" /><Point X="361" Y="251" T="0" /><Point X="362" Y="247" T="0" /><Point X="362" Y="243" T="0" /><Point X="365" Y="239" T="0" /><Point X="366" Y="233" T="0" /><Point X="366" Y="230" T="0" /><Point X="367" Y="227" T="0" /><Point X="369" Y="223" T="0" /><Point X="370" Y="221" T="0" /><Point X="370" Y="219" T="0" /><Point X="370" Y="218" T="0" /><Point X="370" Y="217" T="0" /><Point X="370" Y="216" T="0" /><Point X="370" Y="215" T="0" /><Point X="373" Y="223" T="0" /><Point X="378" Y="234" T="0" /><Point X="382" Y="243" T="0" /><Point X="384" Y="249" T="0" /><Point X="386" Y="256" T="0" /><Point X="390" Y="262" T="0" /><Point X="391" Y="269" T="0" /><Point X="394" Y="277" T="0" /><Point X="397" Y="287" T="0" /><Point X="400" Y="296" T="0" /><Point X="401" Y="302" T="0" /><Point X="402" Y="307" T="0" /><Point X="402" Y="312" T="0" /><Point X="403" Y="318" T="0" /><Point X="406" Y="325" T="0" /><Point X="409" Y="332" T="0" /><Point X="410" Y="340" T="0" /><Point X="410" Y="347" T="0" /><Point X="411" Y="354" T="0" /><Point X="412" Y="357" T="0" /><Point X="413" Y="360" T="0" /><Point X="413" Y="363" T="0" /><Point X="414" Y="366" T="0" /><Point X="414" Y="370" T="0" /><Point X="414" Y="373" T="0" /><Point X="416" Y="379" T="0" /><Point X="417" Y="383" T="0" /><Point X="418" Y="391" T="0" /><Point X="419" Y="396" T="0" /><Point X="420" Y="402" T="0" /><Point X="421" Y="404" T="0" /><Point X="422" Y="409" T="0" /><Point X="422" Y="411" T="0" /><Point X="422" Y="414" T="0" /><Point X="422" Y="416" T="0" /><Point X="423" Y="419" T="0" /><Point X="424" Y="422" T="0" /><Point X="425" Y="424" T="0" /><Point X="426" Y="428" T="0" /><Point X="427" Y="432" T="0" /><Point X="428" Y="435" T="0" /><Point X="429" Y="439" T="0" /><Point X="430" Y="442" T="0" /><Point X="430" Y="446" T="0" /><Point X="431" Y="448" T="0" /><Point X="432" Y="449" T="0" /><Point X="433" Y="451" T="0" /><Point X="434" Y="453" T="0" /><Point X="434" Y="455" T="0" /><Point X="434" Y="456" T="0" /><Point X="434" Y="457" T="0" /><Point X="435" Y="459" T="0" /><Point X="436" Y="459" T="0" /><Point X="437" Y="459" T="0" /><Point X="437" Y="460" T="0" /><Point X="438" Y="461" T="0" /><Point X="439" Y="462" T="0" /><Point X="439" Y="463" T="0" /><Point X="439" Y="464" T="0" /><Point X="439" Y="465" T="0" /><Point X="439" Y="466" T="0" /><Point X="439" Y="467" T="0" /><Point X="438" Y="467" T="0" /><Point X="437" Y="467" T="0" /><Point X="434" Y="466" T="0" /><Point X="431" Y="465" T="0" /><Point X="429" Y="463" T="0" /><Point X="424" Y="461" T="0" /><Point X="421" Y="459" T="0" /><Point X="418" Y="457" T="0" /><Point X="411" Y="453" T="0" /><Point X="407" Y="450" T="0" /><Point X="401" Y="446" T="0" /><Point X="394" Y="439" T="0" /><Point X="390" Y="434" T="0" /><Point X="385" Y="428" T="0" /><Point X="381" Y="425" T="0" /><Point X="378" Y="423" T="0" /><Point X="373" Y="419" T="0" /><Point X="368" Y="415" T="0" /><Point X="361" Y="413" T="0" /><Point X="354" Y="410" T="0" /><Point X="348" Y="406" T="0" /><Point X="341" Y="403" T="0" /><Point X="335" Y="400" T="0" /><Point X="331" Y="399" T="0" /><Point X="326" Y="395" T="0" /><Point X="321" Y="392" T="0" /><Point X="314" Y="389" T="0" /><Point X="309" Y="385" T="0" /><Point X="303" Y="383" T="0" /><Point X="298" Y="379" T="0" /><Point X="294" Y="375" T="0" /><Point X="290" Y="373" T="0" /><Point X="286" Y="371" T="0" /><Point X="283" Y="369" T="0" /><Point X="281" Y="366" T="0" /><Point X="278" Y="363" T="0" /><Point X="274" Y="360" T="0" /><Point X="269" Y="356" T="0" /><Point X="264" Y="352" T="0" /><Point X="258" Y="347" T="0" /><Point X="254" Y="343" T="0" /><Point X="247" Y="337" T="0" /><Point X="243" Y="334" T="0" /><Point X="238" Y="329" T="0" /><Point X="235" Y="327" T="0" /><Point X="231" Y="323" T="0" /><Point X="229" Y="320" T="0" /><Point X="226" Y="319" T="0" /><Point X="223" Y="317" T="0" /><Point X="222" Y="316" T="0" /><Point X="220" Y="315" T="0" /><Point X="218" Y="315" T="0" /><Point X="216" Y="315" T="0" /><Point X="215" Y="313" T="0" /><Point X="214" Y="312" T="0" /><Point X="212" Y="311" T="0" /><Point X="211" Y="311" T="0" /><Point X="210" Y="311" T="0" /><Point X="209" Y="311" T="0" /><Point X="209" Y="310" T="0" /><Point X="208" Y="310" T="0" /><Point X="207" Y="310" T="0" /><Point X="206" Y="310" T="0" /><Point X="206" Y="309" T="0" /><Point X="206" Y="308" T="0" /><Point X="207" Y="307" T="0" /><Point X="210" Y="305" T="0" /><Point X="213" Y="303" T="0" /><Point X="216" Y="301" T="0" /><Point X="222" Y="298" T="0" /><Point X="230" Y="295" T="0" /><Point X="240" Y="293" T="0" /><Point X="254" Y="291" T="0" /><Point X="262" Y="290" T="0" /><Point X="271" Y="287" T="0" /><Point X="283" Y="287" T="0" /><Point X="295" Y="285" T="0" /><Point X="309" Y="284" T="0" /><Point X="318" Y="284" T="0" /><Point X="327" Y="283" T="0" /><Point X="334" Y="283" T="0" /><Point X="343" Y="282" T="0" /><Point X="353" Y="282" T="0" /><Point X="361" Y="282" T="0" /><Point X="366" Y="281" T="0" /><Point X="373" Y="281" T="0" /><Point X="378" Y="280" T="0" /><Point X="383" Y="279" T="0" /><Point X="387" Y="277" T="0" /><Point X="394" Y="275" T="0" /><Point X="399" Y="275" T="0" /><Point X="403" Y="274" T="0" /><Point X="408" Y="273" T="0" /><Point X="410" Y="272" T="0" /><Point X="415" Y="271" T="0" /><Point X="418" Y="268" T="0" /><Point X="423" Y="267" T="0" /><Point X="426" Y="267" T="0" /><Point X="429" Y="266" T="0" /><Point X="434" Y="265" T="0" /><Point X="437" Y="264" T="0" /><Point X="442" Y="263" T="0" /><Point X="445" Y="263" T="0" /><Point X="450" Y="262" T="0" /><Point X="455" Y="260" T="0" /><Point X="461" Y="259" T="0" /><Point X="464" Y="259" T="0" /><Point X="467" Y="258" T="0" /><Point X="470" Y="258" T="0" /><Point X="471" Y="257" T="0" /><Point X="474" Y="256" T="0" /><Point X="477" Y="255" T="0" /><Point X="480" Y="255" T="0" /><Point X="484" Y="254" T="0" /><Point X="487" Y="252" T="0" /><Point X="493" Y="251" T="0" /><Point X="498" Y="251" T="0" /><Point X="502" Y="249" T="0" /><Point X="505" Y="249" T="0" /><Point X="509" Y="247" T="0" /><Point X="512" Y="247" T="0" /><Point X="515" Y="247" T="0" /><Point X="518" Y="246" T="0" /><Point X="520" Y="244" T="0" /><Point X="521" Y="243" T="0" /><Point X="522" Y="243" T="0" /><Point X="523" Y="242" T="0" /><Point X="524" Y="242" T="0" /><Point X="524" Y="243" T="0" /><Point X="524" Y="245" T="0" /><Point X="522" Y="247" T="0" /><Point X="521" Y="249" T="0" /><Point X="519" Y="251" T="0" /><Point X="518" Y="253" T="0" /><Point X="517" Y="255" T="0" /><Point X="514" Y="256" T="0" /><Point X="512" Y="260" T="0" /><Point X="508" Y="263" T="0" /><Point X="503" Y="268" T="0" /><Point X="499" Y="273" T="0" /><Point X="494" Y="279" T="0" /><Point X="491" Y="283" T="0" /><Point X="489" Y="287" T="0" /><Point X="485" Y="291" T="0" /><Point X="482" Y="294" T="0" /><Point X="480" Y="297" T="0" /><Point X="475" Y="301" T="0" /><Point X="471" Y="306" T="0" /><Point X="466" Y="312" T="0" /><Point X="462" Y="318" T="0" /><Point X="455" Y="324" T="0" /><Point X="451" Y="330" T="0" /><Point X="447" Y="334" T="0" /><Point X="445" Y="339" T="0" /><Point X="442" Y="341" T="0" /><Point X="441" Y="344" T="0" /><Point X="438" Y="346" T="0" /><Point X="437" Y="347" T="0" /><Point X="435" Y="349" T="0" /><Point X="434" Y="351" T="0" /><Point X="433" Y="353" T="0" /><Point X="430" Y="355" T="0" /><Point X="427" Y="357" T="0" /><Point X="425" Y="360" T="0" /><Point X="422" Y="363" T="0" /><Point X="420" Y="365" T="0" /><Point X="418" Y="368" T="0" /><Point X="416" Y="371" T="0" /><Point X="413" Y="373" T="0" /><Point X="410" Y="376" T="0" /><Point X="408" Y="379" T="0" /><Point X="406" Y="381" T="0" /><Point X="404" Y="383" T="0" /><Point X="402" Y="385" T="0" /><Point X="401" Y="386" T="0" /><Point X="398" Y="387" T="0" /><Point X="398" Y="389" T="0" /><Point X="396" Y="391" T="0" /><Point X="395" Y="393" T="0" /><Point X="394" Y="394" T="0" /><Point X="393" Y="395" T="0" /><Point X="391" Y="397" T="0" /><Point X="390" Y="399" T="0" /><Point X="388" Y="400" T="0" /><Point X="386" Y="403" T="0" /><Point X="383" Y="405" T="0" /><Point X="381" Y="409" T="0" /><Point X="378" Y="412" T="0" /><Point X="374" Y="416" T="0" /><Point X="371" Y="419" T="0" /><Point X="369" Y="421" T="0" /><Point X="365" Y="424" T="0" /><Point X="362" Y="427" T="0" /><Point X="360" Y="428" T="0" /><Point X="358" Y="431" T="0" /><Point X="357" Y="432" T="0" /><Point X="355" Y="433" T="0" /><Point X="354" Y="435" T="0" /><Point X="351" Y="435" T="0" /><Point X="350" Y="436" T="0" /><Point X="349" Y="438" T="0" /><Point X="347" Y="439" T="0" /><Point X="345" Y="439" T="0" /><Point X="343" Y="441" T="0" /><Point X="342" Y="442" T="0" /><Point X="341" Y="443" T="0" /><Point X="339" Y="444" T="0" /><Point X="337" Y="446" T="0" /><Point X="335" Y="447" T="0" /><Point X="334" Y="449" T="0" /><Point X="332" Y="451" T="0" /><Point X="330" Y="453" T="0" /><Point X="328" Y="454" T="0" /><Point X="326" Y="455" T="0" /><Point X="326" Y="457" T="0" /><Point X="324" Y="459" T="0" /><Point X="322" Y="461" T="0" /><Point X="320" Y="462" T="0" /><Point X="318" Y="463" T="0" /><Point X="318" Y="465" T="0" /><Point X="316" Y="467" T="0" /><Point X="315" Y="467" T="0" /><Point X="314" Y="468" T="0" /><Point X="314" Y="469" T="0" /><Point X="312" Y="470" T="0" /><Point X="312" Y="471" T="0" /><Point X="311" Y="471" T="0" /><Point X="310" Y="472" T="0" /><Point X="310" Y="473" T="0" /><Point X="309" Y="474" T="0" /><Point X="308" Y="474" T="0" /><Point X="308" Y="475" T="0" /><Point X="307" Y="475" T="0" /><Point X="306" Y="475" T="0" /><Point X="304" Y="475" T="0" /><Point X="303" Y="476" T="0" /><Point X="302" Y="476" T="0" /><Point X="302" Y="477" T="0" /><Point X="301" Y="478" T="0" /><Point X="300" Y="478" T="0" /><Point X="299" Y="479" T="0" /><Point X="298" Y="479" T="0" /><Point X="297" Y="479" T="0" /><Point X="296" Y="479" T="0" /><Point X="295" Y="479" T="0" /><Point X="294" Y="480" T="0" /><Point X="293" Y="480" T="0" /><Point X="292" Y="480" T="0" /><Point X="291" Y="480" T="0" /><Point X="291" Y="481" T="0" /></Gesture>