<Gesture Name="star" Subject="1" Number="1" NumPts="207" Millseconds="0" AppName="Gestures" AppVer="1.0" Date="Wednesday, March 01, 2023" TimeOfDay="16:18:29" ID="1"><Point X="188" Y="517" T="0" /><Point X="189" Y="510" T="0" /><Point X="190" Y="503" T="0" /><Point X="193" Y="496" T="0" /><Point X="199" Y="478" T="0" /><Point X="209" Y="453" T="0" /><Point X="215" Y="433" T="0" /><Point X="222" Y="415" T="0" /><Point X="235" Y="375" T="0" /><Point X="241" Y="353" T="0" /><Point X="246" Y="339" T="0" /><Point X="250" Y="307" T="0" /><Point X="254" Y="284" T="0" /><Point X="256" Y="272" T="0" /><Point X="259" Y="260" T="0" /><Point X="262" Y="243" T="0" /><Point X="265" Y="230" T="0" /><Point X="267" Y="220" T="0" /><Point X="268" Y="211" T="0" /><Point X="270" Y="208" T="0" /><Point X="270" Y="206" T="0" /><Point X="271" Y="203" T="0" /><Point X="271" Y="201" T="0" /><Point X="272" Y="199" T="0" /><Point X="272" Y="198" T="0" /><Point X="273" Y="196" T="0" /><Point X="274" Y="195" T="0" /><Point X="274" Y="194" T="0" /><Point X="274" Y="193" T="0" /><Point X="274" Y="192" T="0" /><Point X="274" Y="191" T="0" /><Point X="274" Y="192" T="0" /><Point X="274" Y="193" T="0" /><Point X="274" Y="194" T="0" /><Point X="276" Y="200" T="0" /><Point X="282" Y="213" T="0" /><Point X="286" Y="227" T="0" /><Point X="290" Y="238" T="0" /><Point X="295" Y="251" T="0" /><Point X="304" Y="274" T="0" /><Point X="310" Y="293" T="0" /><Point X="315" Y="304" T="0" /><Point X="321" Y="319" T="0" /><Point X="335" Y="350" T="0" /><Point X="346" Y="371" T="0" /><Point X="350" Y="382" T="0" /><Point X="355" Y="392" T="0" /><Point X="362" Y="409" T="0" /><Point X="366" Y="421" T="0" /><Point X="369" Y="428" T="0" /><Point X="371" Y="434" T="0" /><Point X="372" Y="437" T="0" /><Point X="373" Y="439" T="0" /><Point X="373" Y="440" T="0" /><Point X="373" Y="441" T="0" /><Point X="373" Y="442" T="0" /><Point X="373" Y="443" T="0" /><Point X="373" Y="444" T="0" /><Point X="373" Y="445" T="0" /><Point X="373" Y="446" T="0" /><Point X="373" Y="447" T="0" /><Point X="369" Y="446" T="0" /><Point X="361" Y="439" T="0" /><Point X="349" Y="431" T="0" /><Point X="336" Y="423" T="0" /><Point X="310" Y="410" T="0" /><Point X="279" Y="396" T="0" /><Point X="265" Y="391" T="0" /><Point X="244" Y="381" T="0" /><Point X="218" Y="370" T="0" /><Point X="201" Y="362" T="0" /><Point X="190" Y="355" T="0" /><Point X="176" Y="351" T="0" /><Point X="161" Y="344" T="0" /><Point X="149" Y="341" T="0" /><Point X="139" Y="339" T="0" /><Point X="134" Y="338" T="0" /><Point X="126" Y="335" T="0" /><Point X="121" Y="334" T="0" /><Point X="117" Y="333" T="0" /><Point X="110" Y="332" T="0" /><Point X="108" Y="331" T="0" /><Point X="106" Y="331" T="0" /><Point X="102" Y="331" T="0" /><Point X="100" Y="331" T="0" /><Point X="99" Y="331" T="0" /><Point X="98" Y="331" T="0" /><Point X="97" Y="331" T="0" /><Point X="96" Y="331" T="0" /><Point X="96" Y="330" T="0" /><Point X="98" Y="329" T="0" /><Point X="103" Y="327" T="0" /><Point X="111" Y="323" T="0" /><Point X="129" Y="318" T="0" /><Point X="157" Y="308" T="0" /><Point X="174" Y="303" T="0" /><Point X="202" Y="291" T="0" /><Point X="232" Y="279" T="0" /><Point X="253" Y="271" T="0" /><Point X="281" Y="259" T="0" /><Point X="317" Y="247" T="0" /><Point X="335" Y="242" T="0" /><Point X="368" Y="231" T="0" /><Point X="404" Y="219" T="0" /><Point X="428" Y="206" T="0" /><Point X="454" Y="193" T="0" /><Point X="482" Y="179" T="0" /><Point X="500" Y="173" T="0" /><Point X="510" Y="168" T="0" /><Point X="519" Y="165" T="0" /><Point X="527" Y="163" T="0" /><Point X="533" Y="161" T="0" /><Point X="538" Y="160" T="0" /><Point X="541" Y="159" T="0" /><Point X="542" Y="159" T="0" /><Point X="544" Y="159" T="0" /><Point X="545" Y="159" T="0" /><Point X="546" Y="159" T="0" /><Point X="544" Y="160" T="0" /><Point X="540" Y="162" T="0" /><Point X="535" Y="166" T="0" /><Point X="524" Y="175" T="0" /><Point X="504" Y="190" T="0" /><Point X="492" Y="199" T="0" /><Point X="482" Y="208" T="0" /><Point X="469" Y="224" T="0" /><Point X="451" Y="249" T="0" /><Point X="440" Y="265" T="0" /><Point X="429" Y="278" T="0" /><Point X="414" Y="295" T="0" /><Point X="401" Y="316" T="0" /><Point X="391" Y="332" T="0" /><Point X="386" Y="342" T="0" /><Point X="379" Y="350" T="0" /><Point X="374" Y="355" T="0" /><Point X="368" Y="363" T="0" /><Point X="360" Y="373" T="0" /><Point X="354" Y="383" T="0" /><Point X="347" Y="393" T="0" /><Point X="343" Y="399" T="0" /><Point X="339" Y="405" T="0" /><Point X="336" Y="408" T="0" /><Point X="333" Y="415" T="0" /><Point X="329" Y="424" T="0" /><Point X="326" Y="435" T="0" /><Point X="322" Y="445" T="0" /><Point X="317" Y="455" T="0" /><Point X="314" Y="459" T="0" /><Point X="311" Y="463" T="0" /><Point X="308" Y="467" T="0" /><Point X="306" Y="469" T="0" /><Point X="304" Y="472" T="0" /><Point X="302" Y="475" T="0" /><Point X="300" Y="476" T="0" /><Point X="298" Y="480" T="0" /><Point X="297" Y="482" T="0" /><Point X="295" Y="484" T="0" /><Point X="293" Y="487" T="0" /><Point X="291" Y="490" T="0" /><Point X="290" Y="492" T="0" /><Point X="289" Y="495" T="0" /><Point X="287" Y="498" T="0" /><Point X="286" Y="499" T="0" /><Point X="283" Y="503" T="0" /><Point X="281" Y="505" T="0" /><Point X="276" Y="507" T="0" /><Point X="273" Y="509" T="0" /><Point X="268" Y="511" T="0" /><Point X="266" Y="513" T="0" /><Point X="264" Y="515" T="0" /><Point X="261" Y="516" T="0" /><Point X="258" Y="517" T="0" /><Point X="256" Y="519" T="0" /><Point X="253" Y="519" T="0" /><Point X="252" Y="520" T="0" /><Point X="250" Y="520" T="0" /><Point X="249" Y="522" T="0" /><Point X="246" Y="523" T="0" /><Point X="244" Y="526" T="0" /><Point X="243" Y="527" T="0" /><Point X="241" Y="529" T="0" /><Point X="238" Y="531" T="0" /><Point X="235" Y="531" T="0" /><Point X="233" Y="534" T="0" /><Point X="230" Y="535" T="0" /><Point X="229" Y="537" T="0" /><Point X="227" Y="539" T="0" /><Point X="225" Y="541" T="0" /><Point X="222" Y="543" T="0" /><Point X="221" Y="543" T="0" /><Point X="219" Y="545" T="0" /><Point X="218" Y="547" T="0" /><Point X="215" Y="549" T="0" /><Point X="214" Y="551" T="0" /><Point X="212" Y="551" T="0" /><Point X="211" Y="552" T="0" /><Point X="210" Y="553" T="0" /><Point X="210" Y="554" T="0" /><Point X="209" Y="555" T="0" /><Point X="208" Y="555" T="0" /><Point X="207" Y="556" T="0" /><Point X="206" Y="556" T="0" /><Point X="206" Y="557" T="0" /><Point X="206" Y="558" T="0" /><Point X="205" Y="559" T="0" /><Point X="204" Y="559" T="0" /><Point X="202" Y="561" T="0" /></Gesture>