<Gesture Name="star" Subject="1" Number="1" NumPts="182" Millseconds="0" AppName="Gestures" AppVer="1.0" Date="Wednesday, March 01, 2023" TimeOfDay="16:23:36" ID="4"><Point X="290" Y="604" T="0" /><Point X="294" Y="591" T="0" /><Point X="301" Y="567" T="0" /><Point X="306" Y="538" T="0" /><Point X="308" Y="523" T="0" /><Point X="314" Y="499" T="0" /><Point X="318" Y="475" T="0" /><Point X="322" Y="459" T="0" /><Point X="325" Y="446" T="0" /><Point X="327" Y="435" T="0" /><Point X="328" Y="427" T="0" /><Point X="330" Y="419" T="0" /><Point X="330" Y="411" T="0" /><Point X="331" Y="407" T="0" /><Point X="331" Y="403" T="0" /><Point X="331" Y="401" T="0" /><Point X="331" Y="398" T="0" /><Point X="331" Y="396" T="0" /><Point X="331" Y="395" T="0" /><Point X="331" Y="394" T="0" /><Point X="331" Y="393" T="0" /><Point X="331" Y="391" T="0" /><Point X="331" Y="392" T="0" /><Point X="332" Y="394" T="0" /><Point X="334" Y="396" T="0" /><Point X="338" Y="403" T="0" /><Point X="343" Y="409" T="0" /><Point X="351" Y="419" T="0" /><Point X="361" Y="431" T="0" /><Point X="374" Y="450" T="0" /><Point X="388" Y="467" T="0" /><Point X="399" Y="479" T="0" /><Point X="408" Y="488" T="0" /><Point X="415" Y="495" T="0" /><Point X="422" Y="501" T="0" /><Point X="426" Y="506" T="0" /><Point X="430" Y="511" T="0" /><Point X="433" Y="515" T="0" /><Point X="434" Y="516" T="0" /><Point X="436" Y="519" T="0" /><Point X="437" Y="520" T="0" /><Point X="438" Y="522" T="0" /><Point X="439" Y="522" T="0" /><Point X="439" Y="523" T="0" /><Point X="439" Y="524" T="0" /><Point X="439" Y="525" T="0" /><Point X="439" Y="526" T="0" /><Point X="439" Y="527" T="0" /><Point X="439" Y="528" T="0" /><Point X="439" Y="529" T="0" /><Point X="439" Y="530" T="0" /><Point X="435" Y="530" T="0" /><Point X="424" Y="530" T="0" /><Point X="403" Y="530" T="0" /><Point X="379" Y="530" T="0" /><Point X="342" Y="533" T="0" /><Point X="315" Y="535" T="0" /><Point X="278" Y="538" T="0" /><Point X="246" Y="539" T="0" /><Point X="231" Y="541" T="0" /><Point X="218" Y="542" T="0" /><Point X="204" Y="542" T="0" /><Point X="195" Y="542" T="0" /><Point X="190" Y="542" T="0" /><Point X="186" Y="542" T="0" /><Point X="183" Y="542" T="0" /><Point X="182" Y="542" T="0" /><Point X="180" Y="542" T="0" /><Point X="179" Y="542" T="0" /><Point X="178" Y="542" T="0" /><Point X="179" Y="542" T="0" /><Point X="186" Y="540" T="0" /><Point X="193" Y="537" T="0" /><Point X="204" Y="531" T="0" /><Point X="226" Y="519" T="0" /><Point X="258" Y="503" T="0" /><Point X="284" Y="492" T="0" /><Point X="329" Y="471" T="0" /><Point X="358" Y="454" T="0" /><Point X="396" Y="429" T="0" /><Point X="435" Y="408" T="0" /><Point X="457" Y="395" T="0" /><Point X="486" Y="377" T="0" /><Point X="514" Y="360" T="0" /><Point X="532" Y="349" T="0" /><Point X="542" Y="341" T="0" /><Point X="548" Y="335" T="0" /><Point X="554" Y="331" T="0" /><Point X="558" Y="328" T="0" /><Point X="560" Y="326" T="0" /><Point X="563" Y="324" T="0" /><Point X="565" Y="323" T="0" /><Point X="566" Y="323" T="0" /><Point X="563" Y="324" T="0" /><Point X="554" Y="330" T="0" /><Point X="534" Y="343" T="0" /><Point X="518" Y="358" T="0" /><Point X="500" Y="372" T="0" /><Point X="477" Y="396" T="0" /><Point X="449" Y="430" T="0" /><Point X="432" Y="447" T="0" /><Point X="415" Y="474" T="0" /><Point X="398" Y="501" T="0" /><Point X="385" Y="523" T="0" /><Point X="375" Y="535" T="0" /><Point X="369" Y="543" T="0" /><Point X="362" Y="552" T="0" /><Point X="358" Y="559" T="0" /><Point X="353" Y="567" T="0" /><Point X="350" Y="572" T="0" /><Point X="348" Y="577" T="0" /><Point X="346" Y="580" T="0" /><Point X="344" Y="585" T="0" /><Point X="342" Y="588" T="0" /><Point X="342" Y="591" T="0" /><Point X="340" Y="592" T="0" /><Point X="338" Y="595" T="0" /><Point X="336" Y="599" T="0" /><Point X="334" Y="603" T="0" /><Point X="331" Y="606" T="0" /><Point X="329" Y="611" T="0" /><Point X="325" Y="614" T="0" /><Point X="323" Y="619" T="0" /><Point X="322" Y="621" T="0" /><Point X="320" Y="623" T="0" /><Point X="318" Y="627" T="0" /><Point X="317" Y="628" T="0" /><Point X="315" Y="631" T="0" /><Point X="313" Y="633" T="0" /><Point X="311" Y="635" T="0" /><Point X="310" Y="636" T="0" /><Point X="308" Y="638" T="0" /><Point X="307" Y="639" T="0" /><Point X="305" Y="640" T="0" /><Point X="304" Y="641" T="0" /><Point X="303" Y="642" T="0" /><Point X="302" Y="643" T="0" /><Point X="301" Y="643" T="0" /><Point X="299" Y="645" T="0" /><Point X="297" Y="647" T="0" /><Point X="296" Y="649" T="0" /><Point X="294" Y="650" T="0" /><Point X="293" Y="651" T="0" /><Point X="290" Y="653" T="0" /><Point X="289" Y="655" T="0" /><Point X="288" Y="656" T="0" /><Point X="287" Y="656" T="0" /><Point X="286" Y="657" T="0" /><Point X="286" Y="658" T="0" /><Point X="285" Y="659" T="0" /><Point X="284" Y="659" T="0" /><Point X="283" Y="659" T="0" /><Point X="282" Y="661" T="0" /><Point X="282" Y="660" T="0" /><Point X="282" Y="659" T="0" /><Point X="282" Y="658" T="0" /><Point X="282" Y="655" T="0" /><Point X="282" Y="654" T="0" /><Point X="282" Y="651" T="0" /><Point X="282" Y="650" T="0" /><Point X="282" Y="649" T="0" /><Point X="282" Y="647" T="0" /><Point X="282" Y="646" T="0" /><Point X="282" Y="645" T="0" /><Point X="282" Y="644" T="0" /><Point X="282" Y="643" T="0" /><Point X="282" Y="639" T="0" /><Point X="282" Y="638" T="0" /><Point X="282" Y="637" T="0" /><Point X="282" Y="636" T="0" /><Point X="282" Y="635" T="0" /><Point X="283" Y="633" T="0" /><Point X="285" Y="630" T="0" /><Point X="286" Y="627" T="0" /><Point X="287" Y="623" T="0" /><Point X="288" Y="619" T="0" /><Point X="289" Y="616" T="0" /><Point X="290" Y="614" T="0" /><Point X="290" Y="613" T="0" /><Point X="290" Y="612" T="0" /><Point X="290" Y="611" T="0" /><Point X="290" Y="610" T="0" /></Gesture>