<Gesture Name="star" Subject="1" Number="1" NumPts="121" Millseconds="0" AppName="Gestures" AppVer="1.0" Date="Wednesday, March 01, 2023" TimeOfDay="16:21:54" ID="3"><Point X="294" Y="613" T="0" /><Point X="297" Y="601" T="0" /><Point X="300" Y="584" T="0" /><Point X="305" Y="571" T="0" /><Point X="311" Y="550" T="0" /><Point X="324" Y="514" T="0" /><Point X="330" Y="495" T="0" /><Point X="339" Y="470" T="0" /><Point X="348" Y="432" T="0" /><Point X="354" Y="413" T="0" /><Point X="355" Y="401" T="0" /><Point X="358" Y="387" T="0" /><Point X="360" Y="377" T="0" /><Point X="361" Y="370" T="0" /><Point X="361" Y="367" T="0" /><Point X="361" Y="366" T="0" /><Point X="361" Y="365" T="0" /><Point X="362" Y="367" T="0" /><Point X="362" Y="368" T="0" /><Point X="366" Y="373" T="0" /><Point X="370" Y="379" T="0" /><Point X="378" Y="394" T="0" /><Point X="390" Y="415" T="0" /><Point X="398" Y="426" T="0" /><Point X="404" Y="437" T="0" /><Point X="410" Y="450" T="0" /><Point X="418" Y="470" T="0" /><Point X="422" Y="484" T="0" /><Point X="426" Y="494" T="0" /><Point X="427" Y="497" T="0" /><Point X="430" Y="503" T="0" /><Point X="431" Y="506" T="0" /><Point X="432" Y="508" T="0" /><Point X="434" Y="510" T="0" /><Point X="434" Y="511" T="0" /><Point X="434" Y="512" T="0" /><Point X="434" Y="513" T="0" /><Point X="434" Y="514" T="0" /><Point X="433" Y="515" T="0" /><Point X="432" Y="515" T="0" /><Point X="431" Y="515" T="0" /><Point X="422" Y="515" T="0" /><Point X="406" Y="515" T="0" /><Point X="390" Y="515" T="0" /><Point X="368" Y="515" T="0" /><Point X="338" Y="515" T="0" /><Point X="321" Y="515" T="0" /><Point X="302" Y="519" T="0" /><Point X="287" Y="522" T="0" /><Point X="274" Y="525" T="0" /><Point X="262" Y="528" T="0" /><Point X="253" Y="533" T="0" /><Point X="245" Y="536" T="0" /><Point X="238" Y="539" T="0" /><Point X="231" Y="543" T="0" /><Point X="227" Y="545" T="0" /><Point X="225" Y="546" T="0" /><Point X="223" Y="547" T="0" /><Point X="221" Y="547" T="0" /><Point X="220" Y="549" T="0" /><Point X="219" Y="549" T="0" /><Point X="218" Y="549" T="0" /><Point X="218" Y="548" T="0" /><Point X="223" Y="546" T="0" /><Point X="230" Y="539" T="0" /><Point X="255" Y="522" T="0" /><Point X="290" Y="504" T="0" /><Point X="327" Y="479" T="0" /><Point X="377" Y="443" T="0" /><Point X="406" Y="423" T="0" /><Point X="454" Y="397" T="0" /><Point X="484" Y="380" T="0" /><Point X="498" Y="367" T="0" /><Point X="516" Y="352" T="0" /><Point X="530" Y="342" T="0" /><Point X="538" Y="338" T="0" /><Point X="545" Y="334" T="0" /><Point X="547" Y="332" T="0" /><Point X="548" Y="331" T="0" /><Point X="549" Y="331" T="0" /><Point X="550" Y="330" T="0" /><Point X="551" Y="330" T="0" /><Point X="547" Y="331" T="0" /><Point X="542" Y="334" T="0" /><Point X="535" Y="339" T="0" /><Point X="522" Y="348" T="0" /><Point X="506" Y="358" T="0" /><Point X="488" Y="367" T="0" /><Point X="478" Y="375" T="0" /><Point X="469" Y="385" T="0" /><Point X="453" Y="402" T="0" /><Point X="441" Y="416" T="0" /><Point X="430" Y="426" T="0" /><Point X="422" Y="436" T="0" /><Point X="413" Y="447" T="0" /><Point X="402" Y="464" T="0" /><Point X="394" Y="479" T="0" /><Point X="388" Y="489" T="0" /><Point X="384" Y="496" T="0" /><Point X="379" Y="503" T="0" /><Point X="374" Y="512" T="0" /><Point X="368" Y="521" T="0" /><Point X="364" Y="531" T="0" /><Point X="358" Y="541" T="0" /><Point X="356" Y="545" T="0" /><Point X="353" Y="550" T="0" /><Point X="350" Y="554" T="0" /><Point X="347" Y="558" T="0" /><Point X="346" Y="560" T="0" /><Point X="344" Y="565" T="0" /><Point X="342" Y="569" T="0" /><Point X="339" Y="575" T="0" /><Point X="338" Y="579" T="0" /><Point X="336" Y="585" T="0" /><Point X="335" Y="588" T="0" /><Point X="334" Y="593" T="0" /><Point X="334" Y="595" T="0" /><Point X="332" Y="596" T="0" /><Point X="331" Y="597" T="0" /><Point X="331" Y="598" T="0" /><Point X="331" Y="599" T="0" /></Gesture>