<Gesture Name="triangle" Subject="1" Number="1" NumPts="227" Millseconds="0" AppName="Gestures" AppVer="1.0" Date="Wednesday, March 01, 2023" TimeOfDay="16:26:28" ID="7"><Point X="329" Y="512" T="0" /><Point X="324" Y="528" T="0" /><Point X="320" Y="537" T="0" /><Point X="317" Y="547" T="0" /><Point X="314" Y="556" T="0" /><Point X="310" Y="565" T="0" /><Point X="308" Y="571" T="0" /><Point X="306" Y="576" T="0" /><Point X="306" Y="580" T="0" /><Point X="305" Y="583" T="0" /><Point X="304" Y="584" T="0" /><Point X="304" Y="585" T="0" /><Point X="304" Y="587" T="0" /><Point X="303" Y="589" T="0" /><Point X="302" Y="591" T="0" /><Point X="301" Y="594" T="0" /><Point X="301" Y="596" T="0" /><Point X="300" Y="599" T="0" /><Point X="299" Y="602" T="0" /><Point X="298" Y="605" T="0" /><Point X="296" Y="609" T="0" /><Point X="294" Y="612" T="0" /><Point X="293" Y="616" T="0" /><Point X="292" Y="619" T="0" /><Point X="292" Y="620" T="0" /><Point X="291" Y="622" T="0" /><Point X="290" Y="623" T="0" /><Point X="290" Y="624" T="0" /><Point X="290" Y="625" T="0" /><Point X="290" Y="626" T="0" /><Point X="290" Y="627" T="0" /><Point X="290" Y="628" T="0" /><Point X="289" Y="631" T="0" /><Point X="289" Y="633" T="0" /><Point X="288" Y="634" T="0" /><Point X="288" Y="635" T="0" /><Point X="286" Y="636" T="0" /><Point X="286" Y="637" T="0" /><Point X="286" Y="638" T="0" /><Point X="286" Y="639" T="0" /><Point X="286" Y="640" T="0" /><Point X="286" Y="641" T="0" /><Point X="286" Y="642" T="0" /><Point X="288" Y="642" T="0" /><Point X="290" Y="642" T="0" /><Point X="292" Y="642" T="0" /><Point X="295" Y="642" T="0" /><Point X="298" Y="642" T="0" /><Point X="299" Y="642" T="0" /><Point X="302" Y="642" T="0" /><Point X="305" Y="642" T="0" /><Point X="306" Y="642" T="0" /><Point X="310" Y="642" T="0" /><Point X="311" Y="642" T="0" /><Point X="312" Y="642" T="0" /><Point X="314" Y="642" T="0" /><Point X="317" Y="642" T="0" /><Point X="318" Y="642" T="0" /><Point X="321" Y="641" T="0" /><Point X="324" Y="641" T="0" /><Point X="325" Y="641" T="0" /><Point X="326" Y="641" T="0" /><Point X="328" Y="641" T="0" /><Point X="330" Y="641" T="0" /><Point X="331" Y="641" T="0" /><Point X="333" Y="641" T="0" /><Point X="334" Y="641" T="0" /><Point X="336" Y="641" T="0" /><Point X="337" Y="641" T="0" /><Point X="338" Y="641" T="0" /><Point X="339" Y="641" T="0" /><Point X="342" Y="641" T="0" /><Point X="345" Y="641" T="0" /><Point X="346" Y="641" T="0" /><Point X="349" Y="641" T="0" /><Point X="351" Y="641" T="0" /><Point X="352" Y="641" T="0" /><Point X="353" Y="641" T="0" /><Point X="354" Y="641" T="0" /><Point X="355" Y="641" T="0" /><Point X="356" Y="641" T="0" /><Point X="357" Y="641" T="0" /><Point X="358" Y="641" T="0" /><Point X="359" Y="641" T="0" /><Point X="361" Y="641" T="0" /><Point X="362" Y="641" T="0" /><Point X="363" Y="641" T="0" /><Point X="364" Y="641" T="0" /><Point X="365" Y="641" T="0" /><Point X="366" Y="641" T="0" /><Point X="367" Y="641" T="0" /><Point X="368" Y="641" T="0" /><Point X="370" Y="641" T="0" /><Point X="371" Y="641" T="0" /><Point X="373" Y="641" T="0" /><Point X="376" Y="641" T="0" /><Point X="378" Y="641" T="0" /><Point X="379" Y="641" T="0" /><Point X="381" Y="641" T="0" /><Point X="383" Y="641" T="0" /><Point X="384" Y="641" T="0" /><Point X="386" Y="641" T="0" /><Point X="388" Y="641" T="0" /><Point X="390" Y="641" T="0" /><Point X="392" Y="641" T="0" /><Point X="393" Y="641" T="0" /><Point X="394" Y="641" T="0" /><Point X="395" Y="641" T="0" /><Point X="396" Y="641" T="0" /><Point X="397" Y="641" T="0" /><Point X="398" Y="641" T="0" /><Point X="399" Y="641" T="0" /><Point X="402" Y="641" T="0" /><Point X="403" Y="641" T="0" /><Point X="404" Y="641" T="0" /><Point X="405" Y="641" T="0" /><Point X="404" Y="640" T="0" /><Point X="402" Y="638" T="0" /><Point X="400" Y="636" T="0" /><Point X="398" Y="634" T="0" /><Point X="398" Y="633" T="0" /><Point X="396" Y="631" T="0" /><Point X="394" Y="629" T="0" /><Point X="392" Y="627" T="0" /><Point X="391" Y="627" T="0" /><Point X="390" Y="625" T="0" /><Point X="389" Y="623" T="0" /><Point X="387" Y="623" T="0" /><Point X="386" Y="622" T="0" /><Point X="386" Y="621" T="0" /><Point X="385" Y="620" T="0" /><Point X="384" Y="619" T="0" /><Point X="383" Y="617" T="0" /><Point X="383" Y="615" T="0" /><Point X="382" Y="614" T="0" /><Point X="381" Y="613" T="0" /><Point X="380" Y="611" T="0" /><Point X="379" Y="609" T="0" /><Point X="378" Y="607" T="0" /><Point X="378" Y="605" T="0" /><Point X="377" Y="603" T="0" /><Point X="376" Y="601" T="0" /><Point X="375" Y="600" T="0" /><Point X="374" Y="599" T="0" /><Point X="373" Y="596" T="0" /><Point X="373" Y="595" T="0" /><Point X="373" Y="594" T="0" /><Point X="372" Y="592" T="0" /><Point X="372" Y="591" T="0" /><Point X="372" Y="589" T="0" /><Point X="372" Y="587" T="0" /><Point X="372" Y="586" T="0" /><Point X="372" Y="585" T="0" /><Point X="371" Y="585" T="0" /><Point X="371" Y="583" T="0" /><Point X="370" Y="582" T="0" /><Point X="370" Y="581" T="0" /><Point X="370" Y="580" T="0" /><Point X="370" Y="579" T="0" /><Point X="369" Y="578" T="0" /><Point X="367" Y="576" T="0" /><Point X="366" Y="575" T="0" /><Point X="366" Y="573" T="0" /><Point X="366" Y="572" T="0" /><Point X="365" Y="570" T="0" /><Point X="364" Y="569" T="0" /><Point X="363" Y="568" T="0" /><Point X="363" Y="567" T="0" /><Point X="363" Y="566" T="0" /><Point X="362" Y="565" T="0" /><Point X="362" Y="564" T="0" /><Point X="360" Y="563" T="0" /><Point X="359" Y="561" T="0" /><Point X="359" Y="559" T="0" /><Point X="358" Y="559" T="0" /><Point X="358" Y="556" T="0" /><Point X="357" Y="555" T="0" /><Point X="356" Y="554" T="0" /><Point X="355" Y="552" T="0" /><Point X="355" Y="550" T="0" /><Point X="355" Y="549" T="0" /><Point X="354" Y="548" T="0" /><Point X="354" Y="547" T="0" /><Point X="353" Y="547" T="0" /><Point X="352" Y="546" T="0" /><Point X="352" Y="545" T="0" /><Point X="352" Y="543" T="0" /><Point X="351" Y="543" T="0" /><Point X="351" Y="542" T="0" /><Point X="350" Y="541" T="0" /><Point X="350" Y="540" T="0" /><Point X="350" Y="539" T="0" /><Point X="350" Y="538" T="0" /><Point X="350" Y="537" T="0" /><Point X="349" Y="536" T="0" /><Point X="348" Y="535" T="0" /><Point X="347" Y="534" T="0" /><Point X="346" Y="531" T="0" /><Point X="346" Y="529" T="0" /><Point X="346" Y="528" T="0" /><Point X="346" Y="526" T="0" /><Point X="345" Y="523" T="0" /><Point X="345" Y="522" T="0" /><Point X="345" Y="521" T="0" /><Point X="344" Y="520" T="0" /><Point X="344" Y="519" T="0" /><Point X="343" Y="518" T="0" /><Point X="343" Y="517" T="0" /><Point X="343" Y="516" T="0" /><Point X="343" Y="515" T="0" /><Point X="343" Y="514" T="0" /><Point X="343" Y="513" T="0" /><Point X="343" Y="512" T="0" /><Point X="343" Y="511" T="0" /><Point X="342" Y="511" T="0" /><Point X="342" Y="510" T="0" /><Point X="342" Y="509" T="0" /><Point X="341" Y="508" T="0" /><Point X="341" Y="507" T="0" /><Point X="340" Y="507" T="0" /><Point X="340" Y="506" T="0" /><Point X="339" Y="505" T="0" /><Point X="339" Y="504" T="0" /><Point X="339" Y="503" T="0" /><Point X="338" Y="503" T="0" /><Point X="337" Y="501" T="0" /><Point X="337" Y="500" T="0" /></Gesture>