<Gesture Name="triangle" Subject="1" Number="1" NumPts="112" Millseconds="0" AppName="Gestures" AppVer="1.0" Date="Wednesday, March 01, 2023" TimeOfDay="16:25:03" ID="6"><Point X="316" Y="507" T="0" /><Point X="304" Y="535" T="0" /><Point X="298" Y="550" T="0" /><Point X="290" Y="565" T="0" /><Point X="286" Y="579" T="0" /><Point X="282" Y="591" T="0" /><Point X="278" Y="599" T="0" /><Point X="276" Y="606" T="0" /><Point X="274" Y="608" T="0" /><Point X="274" Y="611" T="0" /><Point X="273" Y="613" T="0" /><Point X="273" Y="614" T="0" /><Point X="273" Y="615" T="0" /><Point X="275" Y="614" T="0" /><Point X="282" Y="611" T="0" /><Point X="294" Y="606" T="0" /><Point X="309" Y="599" T="0" /><Point X="321" Y="593" T="0" /><Point X="332" Y="587" T="0" /><Point X="344" Y="582" T="0" /><Point X="361" Y="575" T="0" /><Point X="373" Y="572" T="0" /><Point X="382" Y="571" T="0" /><Point X="389" Y="569" T="0" /><Point X="398" Y="568" T="0" /><Point X="407" Y="565" T="0" /><Point X="415" Y="564" T="0" /><Point X="419" Y="564" T="0" /><Point X="425" Y="564" T="0" /><Point X="426" Y="564" T="0" /><Point X="428" Y="564" T="0" /><Point X="429" Y="564" T="0" /><Point X="430" Y="564" T="0" /><Point X="431" Y="564" T="0" /><Point X="430" Y="562" T="0" /><Point X="428" Y="559" T="0" /><Point X="424" Y="551" T="0" /><Point X="418" Y="540" T="0" /><Point X="413" Y="532" T="0" /><Point X="406" Y="522" T="0" /><Point X="401" Y="511" T="0" /><Point X="394" Y="503" T="0" /><Point X="390" Y="496" T="0" /><Point X="384" Y="490" T="0" /><Point X="382" Y="487" T="0" /><Point X="379" Y="485" T="0" /><Point X="377" Y="483" T="0" /><Point X="376" Y="482" T="0" /><Point X="374" Y="481" T="0" /><Point X="373" Y="480" T="0" /><Point X="370" Y="479" T="0" /><Point X="369" Y="479" T="0" /><Point X="367" Y="478" T="0" /><Point X="366" Y="478" T="0" /><Point X="365" Y="477" T="0" /><Point X="362" Y="477" T="0" /><Point X="361" Y="477" T="0" /><Point X="360" Y="477" T="0" /><Point X="359" Y="477" T="0" /><Point X="358" Y="477" T="0" /><Point X="357" Y="477" T="0" /><Point X="356" Y="477" T="0" /><Point X="355" Y="477" T="0" /><Point X="354" Y="477" T="0" /><Point X="352" Y="476" T="0" /><Point X="350" Y="475" T="0" /><Point X="349" Y="475" T="0" /><Point X="347" Y="474" T="0" /><Point X="344" Y="473" T="0" /><Point X="342" Y="472" T="0" /><Point X="340" Y="472" T="0" /><Point X="339" Y="472" T="0" /><Point X="337" Y="472" T="0" /><Point X="336" Y="472" T="0" /><Point X="335" Y="472" T="0" /><Point X="334" Y="472" T="0" /><Point X="333" Y="472" T="0" /><Point X="332" Y="472" T="0" /><Point X="331" Y="472" T="0" /><Point X="330" Y="472" T="0" /><Point X="330" Y="471" T="0" /><Point X="329" Y="471" T="0" /><Point X="327" Y="469" T="0" /><Point X="326" Y="468" T="0" /><Point X="325" Y="468" T="0" /><Point X="324" Y="468" T="0" /><Point X="323" Y="468" T="0" /><Point X="322" Y="468" T="0" /><Point X="321" Y="468" T="0" /><Point X="319" Y="468" T="0" /><Point X="318" Y="468" T="0" /><Point X="318" Y="467" T="0" /><Point X="317" Y="467" T="0" /><Point X="316" Y="467" T="0" /><Point X="316" Y="470" T="0" /><Point X="316" Y="471" T="0" /><Point X="315" Y="475" T="0" /><Point X="315" Y="479" T="0" /><Point X="315" Y="483" T="0" /><Point X="315" Y="486" T="0" /><Point X="315" Y="490" T="0" /><Point X="314" Y="493" T="0" /><Point X="314" Y="495" T="0" /><Point X="314" Y="498" T="0" /><Point X="314" Y="499" T="0" /><Point X="314" Y="500" T="0" /><Point X="314" Y="502" T="0" /><Point X="314" Y="503" T="0" /><Point X="314" Y="504" T="0" /><Point X="314" Y="505" T="0" /><Point X="314" Y="506" T="0" /><Point X="314" Y="507" T="0" /></Gesture>