<Gesture Name="triangle" Subject="1" Number="1" NumPts="115" Millseconds="0" AppName="Gestures" AppVer="1.0" Date="Wednesday, March 01, 2023" TimeOfDay="16:22:10" ID="4"><Point X="336" Y="546" T="0" /><Point X="324" Y="564" T="0" /><Point X="318" Y="575" T="0" /><Point X="310" Y="591" T="0" /><Point X="300" Y="608" T="0" /><Point X="293" Y="624" T="0" /><Point X="288" Y="634" T="0" /><Point X="286" Y="639" T="0" /><Point X="281" Y="647" T="0" /><Point X="279" Y="651" T="0" /><Point X="278" Y="656" T="0" /><Point X="276" Y="659" T="0" /><Point X="275" Y="663" T="0" /><Point X="272" Y="667" T="0" /><Point X="270" Y="671" T="0" /><Point X="270" Y="674" T="0" /><Point X="269" Y="676" T="0" /><Point X="268" Y="678" T="0" /><Point X="268" Y="679" T="0" /><Point X="268" Y="680" T="0" /><Point X="267" Y="681" T="0" /><Point X="267" Y="682" T="0" /><Point X="267" Y="683" T="0" /><Point X="267" Y="684" T="0" /><Point X="269" Y="684" T="0" /><Point X="275" Y="682" T="0" /><Point X="282" Y="680" T="0" /><Point X="293" Y="679" T="0" /><Point X="310" Y="678" T="0" /><Point X="324" Y="678" T="0" /><Point X="336" Y="678" T="0" /><Point X="348" Y="678" T="0" /><Point X="365" Y="678" T="0" /><Point X="378" Y="679" T="0" /><Point X="387" Y="680" T="0" /><Point X="393" Y="681" T="0" /><Point X="398" Y="682" T="0" /><Point X="402" Y="684" T="0" /><Point X="406" Y="684" T="0" /><Point X="409" Y="684" T="0" /><Point X="412" Y="685" T="0" /><Point X="414" Y="686" T="0" /><Point X="417" Y="687" T="0" /><Point X="418" Y="687" T="0" /><Point X="420" Y="687" T="0" /><Point X="421" Y="687" T="0" /><Point X="422" Y="687" T="0" /><Point X="423" Y="687" T="0" /><Point X="426" Y="687" T="0" /><Point X="428" Y="687" T="0" /><Point X="430" Y="688" T="0" /><Point X="431" Y="688" T="0" /><Point X="433" Y="689" T="0" /><Point X="434" Y="689" T="0" /><Point X="435" Y="690" T="0" /><Point X="436" Y="690" T="0" /><Point X="438" Y="691" T="0" /><Point X="439" Y="691" T="0" /><Point X="440" Y="692" T="0" /><Point X="442" Y="693" T="0" /><Point X="446" Y="694" T="0" /><Point X="449" Y="695" T="0" /><Point X="451" Y="695" T="0" /><Point X="453" Y="695" T="0" /><Point X="454" Y="695" T="0" /><Point X="455" Y="695" T="0" /><Point X="454" Y="695" T="0" /><Point X="451" Y="689" T="0" /><Point X="449" Y="682" T="0" /><Point X="444" Y="674" T="0" /><Point X="439" Y="667" T="0" /><Point X="435" Y="662" T="0" /><Point X="429" Y="654" T="0" /><Point X="422" Y="645" T="0" /><Point X="416" Y="637" T="0" /><Point X="408" Y="628" T="0" /><Point X="402" Y="618" T="0" /><Point X="398" Y="611" T="0" /><Point X="394" Y="603" T="0" /><Point X="391" Y="598" T="0" /><Point X="386" Y="589" T="0" /><Point X="382" Y="582" T="0" /><Point X="377" Y="575" T="0" /><Point X="374" Y="569" T="0" /><Point X="371" Y="565" T="0" /><Point X="367" Y="560" T="0" /><Point X="366" Y="558" T="0" /><Point X="364" Y="556" T="0" /><Point X="362" Y="554" T="0" /><Point X="362" Y="552" T="0" /><Point X="359" Y="551" T="0" /><Point X="358" Y="551" T="0" /><Point X="357" Y="550" T="0" /><Point X="356" Y="549" T="0" /><Point X="355" Y="548" T="0" /><Point X="355" Y="547" T="0" /><Point X="354" Y="547" T="0" /><Point X="353" Y="547" T="0" /><Point X="352" Y="547" T="0" /><Point X="351" Y="547" T="0" /><Point X="351" Y="546" T="0" /><Point X="350" Y="546" T="0" /><Point X="350" Y="545" T="0" /><Point X="350" Y="544" T="0" /><Point X="349" Y="544" T="0" /><Point X="349" Y="543" T="0" /><Point X="349" Y="541" T="0" /><Point X="349" Y="540" T="0" /><Point X="347" Y="538" T="0" /><Point X="347" Y="535" T="0" /><Point X="347" Y="534" T="0" /><Point X="347" Y="533" T="0" /><Point X="346" Y="533" T="0" /><Point X="346" Y="532" T="0" /><Point X="346" Y="531" T="0" /></Gesture>