<Gesture Name="triangle" Subject="1" Number="1" NumPts="105" Millseconds="0" AppName="Gestures" AppVer="1.0" Date="Wednesday, March 01, 2023" TimeOfDay="16:27:37" ID="8"><Point X="348" Y="490" T="0" /><Point X="344" Y="498" T="0" /><Point X="341" Y="507" T="0" /><Point X="336" Y="518" T="0" /><Point X="330" Y="527" T="0" /><Point X="327" Y="537" T="0" /><Point X="323" Y="544" T="0" /><Point X="320" Y="550" T="0" /><Point X="318" Y="555" T="0" /><Point X="317" Y="557" T="0" /><Point X="316" Y="559" T="0" /><Point X="315" Y="561" T="0" /><Point X="314" Y="562" T="0" /><Point X="314" Y="563" T="0" /><Point X="314" Y="564" T="0" /><Point X="314" Y="565" T="0" /><Point X="314" Y="566" T="0" /><Point X="314" Y="567" T="0" /><Point X="321" Y="566" T="0" /><Point X="330" Y="564" T="0" /><Point X="339" Y="563" T="0" /><Point X="346" Y="561" T="0" /><Point X="354" Y="559" T="0" /><Point X="361" Y="559" T="0" /><Point X="368" Y="558" T="0" /><Point X="375" Y="556" T="0" /><Point X="379" Y="556" T="0" /><Point X="383" Y="556" T="0" /><Point X="386" Y="556" T="0" /><Point X="388" Y="556" T="0" /><Point X="390" Y="556" T="0" /><Point X="391" Y="556" T="0" /><Point X="392" Y="556" T="0" /><Point X="393" Y="556" T="0" /><Point X="394" Y="556" T="0" /><Point X="395" Y="556" T="0" /><Point X="396" Y="556" T="0" /><Point X="397" Y="556" T="0" /><Point X="398" Y="556" T="0" /><Point X="399" Y="556" T="0" /><Point X="401" Y="556" T="0" /><Point X="403" Y="556" T="0" /><Point X="404" Y="556" T="0" /><Point X="406" Y="556" T="0" /><Point X="407" Y="556" T="0" /><Point X="409" Y="556" T="0" /><Point X="410" Y="556" T="0" /><Point X="411" Y="556" T="0" /><Point X="414" Y="556" T="0" /><Point X="416" Y="556" T="0" /><Point X="418" Y="556" T="0" /><Point X="420" Y="556" T="0" /><Point X="421" Y="556" T="0" /><Point X="423" Y="556" T="0" /><Point X="424" Y="556" T="0" /><Point X="425" Y="557" T="0" /><Point X="426" Y="557" T="0" /><Point X="427" Y="557" T="0" /><Point X="427" Y="555" T="0" /><Point X="426" Y="551" T="0" /><Point X="425" Y="547" T="0" /><Point X="422" Y="543" T="0" /><Point X="418" Y="539" T="0" /><Point X="414" Y="536" T="0" /><Point X="409" Y="532" T="0" /><Point X="405" Y="527" T="0" /><Point X="402" Y="524" T="0" /><Point X="399" Y="521" T="0" /><Point X="396" Y="518" T="0" /><Point X="394" Y="516" T="0" /><Point X="392" Y="515" T="0" /><Point X="390" Y="512" T="0" /><Point X="385" Y="510" T="0" /><Point X="382" Y="507" T="0" /><Point X="379" Y="506" T="0" /><Point X="376" Y="504" T="0" /><Point X="374" Y="503" T="0" /><Point X="371" Y="500" T="0" /><Point X="370" Y="499" T="0" /><Point X="368" Y="498" T="0" /><Point X="366" Y="497" T="0" /><Point X="365" Y="497" T="0" /><Point X="363" Y="496" T="0" /><Point X="362" Y="495" T="0" /><Point X="361" Y="495" T="0" /><Point X="361" Y="493" T="0" /><Point X="360" Y="493" T="0" /><Point X="359" Y="492" T="0" /><Point X="358" Y="491" T="0" /><Point X="356" Y="490" T="0" /><Point X="356" Y="489" T="0" /><Point X="355" Y="489" T="0" /><Point X="354" Y="487" T="0" /><Point X="353" Y="486" T="0" /><Point X="352" Y="486" T="0" /><Point X="352" Y="485" T="0" /><Point X="350" Y="485" T="0" /><Point X="350" Y="484" T="0" /><Point X="349" Y="483" T="0" /><Point X="348" Y="481" T="0" /><Point X="347" Y="479" T="0" /><Point X="346" Y="478" T="0" /><Point X="346" Y="477" T="0" /><Point X="346" Y="476" T="0" /><Point X="346" Y="475" T="0" /></Gesture>