<Gesture Name="v" Subject="1" Number="1" NumPts="37" Millseconds="0" AppName="Gestures" AppVer="1.0" Date="Wednesday, March 01, 2023" TimeOfDay="16:18:06" ID="1"><Point X="193" Y="275" T="0" /><Point X="214" Y="294" T="0" /><Point X="238" Y="324" T="0" /><Point X="261" Y="359" T="0" /><Point X="272" Y="375" T="0" /><Point X="282" Y="387" T="0" /><Point X="291" Y="402" T="0" /><Point X="298" Y="415" T="0" /><Point X="305" Y="424" T="0" /><Point X="308" Y="431" T="0" /><Point X="311" Y="435" T="0" /><Point X="312" Y="437" T="0" /><Point X="312" Y="439" T="0" /><Point X="313" Y="441" T="0" /><Point X="314" Y="441" T="0" /><Point X="314" Y="442" T="0" /><Point X="314" Y="443" T="0" /><Point X="314" Y="444" T="0" /><Point X="315" Y="443" T="0" /><Point X="320" Y="435" T="0" /><Point X="324" Y="425" T="0" /><Point X="332" Y="414" T="0" /><Point X="346" Y="391" T="0" /><Point X="367" Y="361" T="0" /><Point X="385" Y="341" T="0" /><Point X="397" Y="324" T="0" /><Point X="412" Y="298" T="0" /><Point X="422" Y="282" T="0" /><Point X="429" Y="271" T="0" /><Point X="438" Y="261" T="0" /><Point X="440" Y="259" T="0" /><Point X="444" Y="256" T="0" /><Point X="446" Y="255" T="0" /><Point X="446" Y="254" T="0" /><Point X="446" Y="253" T="0" /><Point X="447" Y="253" T="0" /><Point X="447" Y="251" T="0" /></Gesture>