<Gesture Name="v" Subject="1" Number="1" NumPts="34" Millseconds="0" AppName="Gestures" AppVer="1.0" Date="Wednesday, March 01, 2023" TimeOfDay="16:21:27" ID="3"><Point X="288" Y="607" T="0" /><Point X="294" Y="615" T="0" /><Point X="303" Y="621" T="0" /><Point X="311" Y="630" T="0" /><Point X="320" Y="639" T="0" /><Point X="328" Y="650" T="0" /><Point X="334" Y="659" T="0" /><Point X="339" Y="666" T="0" /><Point X="343" Y="671" T="0" /><Point X="347" Y="675" T="0" /><Point X="349" Y="678" T="0" /><Point X="350" Y="679" T="0" /><Point X="350" Y="680" T="0" /><Point X="351" Y="682" T="0" /><Point X="352" Y="683" T="0" /><Point X="353" Y="683" T="0" /><Point X="353" Y="684" T="0" /><Point X="353" Y="685" T="0" /><Point X="353" Y="686" T="0" /><Point X="353" Y="687" T="0" /><Point X="362" Y="677" T="0" /><Point X="370" Y="667" T="0" /><Point X="381" Y="654" T="0" /><Point X="396" Y="634" T="0" /><Point X="411" Y="614" T="0" /><Point X="420" Y="605" T="0" /><Point X="428" Y="599" T="0" /><Point X="433" Y="593" T="0" /><Point X="436" Y="589" T="0" /><Point X="439" Y="586" T="0" /><Point X="441" Y="584" T="0" /><Point X="441" Y="583" T="0" /><Point X="442" Y="583" T="0" /><Point X="442" Y="582" T="0" /></Gesture>