<Gesture Name="v" Subject="1" Number="1" NumPts="59" Millseconds="0" AppName="Gestures" AppVer="1.0" Date="Wednesday, March 01, 2023" TimeOfDay="16:24:30" ID="5"><Point X="298" Y="528" T="0" /><Point X="311" Y="541" T="0" /><Point X="319" Y="552" T="0" /><Point X="327" Y="563" T="0" /><Point X="334" Y="575" T="0" /><Point X="339" Y="583" T="0" /><Point X="344" Y="591" T="0" /><Point X="347" Y="598" T="0" /><Point X="349" Y="603" T="0" /><Point X="351" Y="607" T="0" /><Point X="353" Y="609" T="0" /><Point X="353" Y="611" T="0" /><Point X="354" Y="612" T="0" /><Point X="354" Y="614" T="0" /><Point X="354" Y="615" T="0" /><Point X="354" Y="616" T="0" /><Point X="354" Y="617" T="0" /><Point X="355" Y="619" T="0" /><Point X="356" Y="621" T="0" /><Point X="357" Y="622" T="0" /><Point X="358" Y="623" T="0" /><Point X="358" Y="625" T="0" /><Point X="358" Y="628" T="0" /><Point X="360" Y="630" T="0" /><Point X="361" Y="632" T="0" /><Point X="362" Y="635" T="0" /><Point X="363" Y="638" T="0" /><Point X="364" Y="639" T="0" /><Point X="365" Y="642" T="0" /><Point X="366" Y="643" T="0" /><Point X="366" Y="645" T="0" /><Point X="367" Y="646" T="0" /><Point X="368" Y="647" T="0" /><Point X="369" Y="647" T="0" /><Point X="369" Y="648" T="0" /><Point X="369" Y="649" T="0" /><Point X="369" Y="650" T="0" /><Point X="369" Y="651" T="0" /><Point X="370" Y="651" T="0" /><Point X="371" Y="651" T="0" /><Point X="374" Y="648" T="0" /><Point X="380" Y="639" T="0" /><Point X="388" Y="627" T="0" /><Point X="397" Y="613" T="0" /><Point X="410" Y="591" T="0" /><Point X="426" Y="567" T="0" /><Point X="438" Y="546" T="0" /><Point X="446" Y="530" T="0" /><Point X="451" Y="516" T="0" /><Point X="457" Y="503" T="0" /><Point X="460" Y="493" T="0" /><Point X="463" Y="484" T="0" /><Point X="465" Y="480" T="0" /><Point X="468" Y="475" T="0" /><Point X="469" Y="473" T="0" /><Point X="470" Y="471" T="0" /><Point X="470" Y="470" T="0" /><Point X="470" Y="469" T="0" /><Point X="470" Y="468" T="0" /></Gesture>