<Gesture Name="v" Subject="1" Number="1" NumPts="120" Millseconds="0" AppName="Gestures" AppVer="1.0" Date="Wednesday, March 01, 2023" TimeOfDay="16:27:11" ID="7"><Point X="274" Y="513" T="0" /><Point X="283" Y="529" T="0" /><Point X="289" Y="541" T="0" /><Point X="295" Y="555" T="0" /><Point X="298" Y="565" T="0" /><Point X="302" Y="572" T="0" /><Point X="303" Y="578" T="0" /><Point X="306" Y="584" T="0" /><Point X="307" Y="587" T="0" /><Point X="308" Y="591" T="0" /><Point X="308" Y="593" T="0" /><Point X="308" Y="594" T="0" /><Point X="309" Y="595" T="0" /><Point X="309" Y="596" T="0" /><Point X="309" Y="597" T="0" /><Point X="310" Y="598" T="0" /><Point X="310" Y="599" T="0" /><Point X="311" Y="599" T="0" /><Point X="313" Y="600" T="0" /><Point X="313" Y="601" T="0" /><Point X="314" Y="602" T="0" /><Point X="314" Y="603" T="0" /><Point X="314" Y="604" T="0" /><Point X="314" Y="605" T="0" /><Point X="315" Y="605" T="0" /><Point X="315" Y="606" T="0" /><Point X="316" Y="607" T="0" /><Point X="317" Y="607" T="0" /><Point X="317" Y="608" T="0" /><Point X="318" Y="609" T="0" /><Point X="319" Y="609" T="0" /><Point X="319" Y="610" T="0" /><Point X="319" Y="611" T="0" /><Point X="320" Y="611" T="0" /><Point X="321" Y="611" T="0" /><Point X="322" Y="613" T="0" /><Point X="322" Y="614" T="0" /><Point X="323" Y="615" T="0" /><Point X="326" Y="617" T="0" /><Point X="326" Y="619" T="0" /><Point X="327" Y="620" T="0" /><Point X="329" Y="622" T="0" /><Point X="330" Y="624" T="0" /><Point X="330" Y="626" T="0" /><Point X="331" Y="628" T="0" /><Point X="333" Y="631" T="0" /><Point X="334" Y="632" T="0" /><Point X="334" Y="635" T="0" /><Point X="335" Y="637" T="0" /><Point X="336" Y="639" T="0" /><Point X="337" Y="639" T="0" /><Point X="338" Y="641" T="0" /><Point X="339" Y="642" T="0" /><Point X="339" Y="643" T="0" /><Point X="340" Y="643" T="0" /><Point X="340" Y="644" T="0" /><Point X="340" Y="645" T="0" /><Point X="340" Y="647" T="0" /><Point X="341" Y="647" T="0" /><Point X="344" Y="642" T="0" /><Point X="348" Y="635" T="0" /><Point X="350" Y="629" T="0" /><Point X="354" Y="623" T="0" /><Point X="358" Y="615" T="0" /><Point X="361" Y="608" T="0" /><Point X="364" Y="601" T="0" /><Point X="366" Y="595" T="0" /><Point X="369" Y="590" T="0" /><Point X="370" Y="584" T="0" /><Point X="370" Y="581" T="0" /><Point X="371" Y="578" T="0" /><Point X="372" Y="575" T="0" /><Point X="373" Y="574" T="0" /><Point X="374" Y="571" T="0" /><Point X="374" Y="568" T="0" /><Point X="376" Y="566" T="0" /><Point X="377" Y="562" T="0" /><Point X="378" Y="559" T="0" /><Point X="378" Y="558" T="0" /><Point X="378" Y="555" T="0" /><Point X="378" Y="554" T="0" /><Point X="378" Y="553" T="0" /><Point X="378" Y="552" T="0" /><Point X="378" Y="551" T="0" /><Point X="378" Y="549" T="0" /><Point X="378" Y="548" T="0" /><Point X="379" Y="546" T="0" /><Point X="380" Y="543" T="0" /><Point X="381" Y="540" T="0" /><Point X="382" Y="539" T="0" /><Point X="383" Y="536" T="0" /><Point X="384" Y="534" T="0" /><Point X="384" Y="533" T="0" /><Point X="384" Y="532" T="0" /><Point X="385" Y="531" T="0" /><Point X="385" Y="530" T="0" /><Point X="385" Y="529" T="0" /><Point X="386" Y="527" T="0" /><Point X="386" Y="526" T="0" /><Point X="387" Y="524" T="0" /><Point X="388" Y="523" T="0" /><Point X="389" Y="520" T="0" /><Point X="390" Y="519" T="0" /><Point X="390" Y="517" T="0" /><Point X="391" Y="516" T="0" /><Point X="392" Y="515" T="0" /><Point X="392" Y="512" T="0" /><Point X="393" Y="511" T="0" /><Point X="394" Y="510" T="0" /><Point X="394" Y="508" T="0" /><Point X="394" Y="506" T="0" /><Point X="395" Y="505" T="0" /><Point X="397" Y="503" T="0" /><Point X="398" Y="502" T="0" /><Point X="398" Y="500" T="0" /><Point X="399" Y="499" T="0" /><Point X="399" Y="498" T="0" /><Point X="399" Y="497" T="0" /><Point X="399" Y="496" T="0" /><Point X="399" Y="495" T="0" /></Gesture>