<Gesture Name="x" Subject="1" Number="1" NumPts="70" Millseconds="0" AppName="Gestures" AppVer="1.0" Date="Wednesday, March 01, 2023" TimeOfDay="16:30:16" ID="10"><Point X="280" Y="411" T="0" /><Point X="298" Y="427" T="0" /><Point X="318" Y="446" T="0" /><Point X="336" Y="464" T="0" /><Point X="346" Y="473" T="0" /><Point X="354" Y="480" T="0" /><Point X="359" Y="487" T="0" /><Point X="364" Y="494" T="0" /><Point X="368" Y="500" T="0" /><Point X="370" Y="503" T="0" /><Point X="374" Y="508" T="0" /><Point X="377" Y="511" T="0" /><Point X="378" Y="514" T="0" /><Point X="381" Y="515" T="0" /><Point X="382" Y="517" T="0" /><Point X="383" Y="518" T="0" /><Point X="384" Y="519" T="0" /><Point X="384" Y="520" T="0" /><Point X="384" Y="521" T="0" /><Point X="384" Y="522" T="0" /><Point X="385" Y="522" T="0" /><Point X="387" Y="519" T="0" /><Point X="389" Y="515" T="0" /><Point X="391" Y="507" T="0" /><Point X="393" Y="502" T="0" /><Point X="397" Y="492" T="0" /><Point X="401" Y="473" T="0" /><Point X="406" Y="449" T="0" /><Point X="408" Y="436" T="0" /><Point X="411" Y="423" T="0" /><Point X="414" Y="408" T="0" /><Point X="415" Y="396" T="0" /><Point X="417" Y="386" T="0" /><Point X="418" Y="379" T="0" /><Point X="418" Y="375" T="0" /><Point X="418" Y="372" T="0" /><Point X="418" Y="371" T="0" /><Point X="418" Y="370" T="0" /><Point X="418" Y="369" T="0" /><Point X="417" Y="369" T="0" /><Point X="415" Y="369" T="0" /><Point X="412" Y="369" T="0" /><Point X="409" Y="371" T="0" /><Point X="402" Y="375" T="0" /><Point X="396" Y="380" T="0" /><Point X="388" Y="387" T="0" /><Point X="378" Y="396" T="0" /><Point X="366" Y="406" T="0" /><Point X="350" Y="420" T="0" /><Point X="333" Y="438" T="0" /><Point X="318" Y="458" T="0" /><Point X="306" Y="470" T="0" /><Point X="297" Y="480" T="0" /><Point X="286" Y="494" T="0" /><Point X="274" Y="508" T="0" /><Point X="266" Y="519" T="0" /><Point X="259" Y="528" T="0" /><Point X="255" Y="533" T="0" /><Point X="251" Y="538" T="0" /><Point X="249" Y="540" T="0" /><Point X="248" Y="542" T="0" /><Point X="246" Y="544" T="0" /><Point X="244" Y="546" T="0" /><Point X="243" Y="547" T="0" /><Point X="242" Y="548" T="0" /><Point X="242" Y="549" T="0" /><Point X="241" Y="550" T="0" /><Point X="240" Y="551" T="0" /><Point X="240" Y="552" T="0" /><Point X="240" Y="553" T="0" /></Gesture>