<Gesture Name="x" Subject="1" Number="1" NumPts="58" Millseconds="0" AppName="Gestures" AppVer="1.0" Date="Wednesday, March 01, 2023" TimeOfDay="16:20:57" ID="3"><Point X="238" Y="189" T="0" /><Point X="258" Y="207" T="0" /><Point X="278" Y="227" T="0" /><Point X="302" Y="246" T="0" /><Point X="315" Y="261" T="0" /><Point X="326" Y="278" T="0" /><Point X="335" Y="289" T="0" /><Point X="342" Y="297" T="0" /><Point X="346" Y="303" T="0" /><Point X="349" Y="306" T="0" /><Point X="350" Y="308" T="0" /><Point X="352" Y="311" T="0" /><Point X="353" Y="312" T="0" /><Point X="354" Y="314" T="0" /><Point X="354" Y="315" T="0" /><Point X="354" Y="317" T="0" /><Point X="354" Y="318" T="0" /><Point X="357" Y="314" T="0" /><Point X="361" Y="300" T="0" /><Point X="364" Y="283" T="0" /><Point X="366" Y="267" T="0" /><Point X="370" Y="247" T="0" /><Point X="370" Y="222" T="0" /><Point X="372" Y="205" T="0" /><Point X="373" Y="191" T="0" /><Point X="374" Y="178" T="0" /><Point X="375" Y="168" T="0" /><Point X="376" Y="163" T="0" /><Point X="376" Y="159" T="0" /><Point X="376" Y="158" T="0" /><Point X="376" Y="157" T="0" /><Point X="376" Y="156" T="0" /><Point X="375" Y="156" T="0" /><Point X="374" Y="157" T="0" /><Point X="366" Y="161" T="0" /><Point X="359" Y="166" T="0" /><Point X="350" Y="171" T="0" /><Point X="338" Y="182" T="0" /><Point X="320" Y="199" T="0" /><Point X="302" Y="216" T="0" /><Point X="289" Y="229" T="0" /><Point X="270" Y="252" T="0" /><Point X="247" Y="278" T="0" /><Point X="225" Y="303" T="0" /><Point X="214" Y="319" T="0" /><Point X="204" Y="338" T="0" /><Point X="194" Y="355" T="0" /><Point X="186" Y="366" T="0" /><Point X="182" Y="375" T="0" /><Point X="176" Y="382" T="0" /><Point X="174" Y="386" T="0" /><Point X="172" Y="388" T="0" /><Point X="171" Y="390" T="0" /><Point X="170" Y="391" T="0" /><Point X="169" Y="392" T="0" /><Point X="169" Y="393" T="0" /><Point X="168" Y="394" T="0" /><Point X="167" Y="395" T="0" /></Gesture>