<Gesture Name="x" Subject="1" Number="1" NumPts="71" Millseconds="0" AppName="Gestures" AppVer="1.0" Date="Wednesday, March 01, 2023" TimeOfDay="16:23:51" ID="5"><Point X="304" Y="549" T="0" /><Point X="325" Y="561" T="0" /><Point X="341" Y="571" T="0" /><Point X="362" Y="581" T="0" /><Point X="383" Y="595" T="0" /><Point X="408" Y="611" T="0" /><Point X="422" Y="623" T="0" /><Point X="431" Y="633" T="0" /><Point X="446" Y="643" T="0" /><Point X="455" Y="650" T="0" /><Point X="464" Y="656" T="0" /><Point X="471" Y="660" T="0" /><Point X="474" Y="665" T="0" /><Point X="478" Y="667" T="0" /><Point X="480" Y="669" T="0" /><Point X="481" Y="671" T="0" /><Point X="482" Y="671" T="0" /><Point X="482" Y="672" T="0" /><Point X="483" Y="673" T="0" /><Point X="483" Y="674" T="0" /><Point X="483" Y="672" T="0" /><Point X="483" Y="670" T="0" /><Point X="483" Y="667" T="0" /><Point X="482" Y="655" T="0" /><Point X="481" Y="632" T="0" /><Point X="479" Y="617" T="0" /><Point X="479" Y="599" T="0" /><Point X="479" Y="575" T="0" /><Point X="480" Y="552" T="0" /><Point X="481" Y="539" T="0" /><Point X="483" Y="522" T="0" /><Point X="487" Y="506" T="0" /><Point X="490" Y="494" T="0" /><Point X="490" Y="486" T="0" /><Point X="491" Y="481" T="0" /><Point X="492" Y="477" T="0" /><Point X="492" Y="475" T="0" /><Point X="492" Y="474" T="0" /><Point X="492" Y="473" T="0" /><Point X="492" Y="472" T="0" /><Point X="492" Y="471" T="0" /><Point X="490" Y="471" T="0" /><Point X="485" Y="471" T="0" /><Point X="476" Y="475" T="0" /><Point X="466" Y="480" T="0" /><Point X="458" Y="488" T="0" /><Point X="442" Y="501" T="0" /><Point X="425" Y="515" T="0" /><Point X="410" Y="529" T="0" /><Point X="392" Y="551" T="0" /><Point X="374" Y="574" T="0" /><Point X="360" Y="591" T="0" /><Point X="346" Y="607" T="0" /><Point X="331" Y="626" T="0" /><Point X="317" Y="647" T="0" /><Point X="310" Y="661" T="0" /><Point X="305" Y="669" T="0" /><Point X="301" Y="676" T="0" /><Point X="295" Y="684" T="0" /><Point X="292" Y="691" T="0" /><Point X="290" Y="695" T="0" /><Point X="288" Y="700" T="0" /><Point X="286" Y="703" T="0" /><Point X="286" Y="704" T="0" /><Point X="285" Y="705" T="0" /><Point X="284" Y="707" T="0" /><Point X="283" Y="707" T="0" /><Point X="283" Y="708" T="0" /><Point X="283" Y="709" T="0" /><Point X="283" Y="710" T="0" /><Point X="283" Y="711" T="0" /></Gesture>