<Gesture Name="x" Subject="1" Number="1" NumPts="69" Millseconds="0" AppName="Gestures" AppVer="1.0" Date="Wednesday, March 01, 2023" TimeOfDay="16:26:31" ID="7"><Point X="294" Y="529" T="0" /><Point X="319" Y="545" T="0" /><Point X="352" Y="567" T="0" /><Point X="371" Y="582" T="0" /><Point X="396" Y="600" T="0" /><Point X="423" Y="619" T="0" /><Point X="445" Y="631" T="0" /><Point X="456" Y="638" T="0" /><Point X="466" Y="645" T="0" /><Point X="474" Y="651" T="0" /><Point X="483" Y="656" T="0" /><Point X="489" Y="659" T="0" /><Point X="491" Y="660" T="0" /><Point X="494" Y="663" T="0" /><Point X="496" Y="664" T="0" /><Point X="496" Y="665" T="0" /><Point X="497" Y="666" T="0" /><Point X="498" Y="666" T="0" /><Point X="498" Y="667" T="0" /><Point X="498" Y="668" T="0" /><Point X="498" Y="666" T="0" /><Point X="498" Y="662" T="0" /><Point X="497" Y="654" T="0" /><Point X="496" Y="644" T="0" /><Point X="495" Y="631" T="0" /><Point X="495" Y="615" T="0" /><Point X="495" Y="602" T="0" /><Point X="495" Y="587" T="0" /><Point X="495" Y="575" T="0" /><Point X="495" Y="566" T="0" /><Point X="495" Y="558" T="0" /><Point X="496" Y="552" T="0" /><Point X="497" Y="547" T="0" /><Point X="497" Y="543" T="0" /><Point X="497" Y="540" T="0" /><Point X="497" Y="538" T="0" /><Point X="497" Y="536" T="0" /><Point X="497" Y="535" T="0" /><Point X="497" Y="533" T="0" /><Point X="497" Y="532" T="0" /><Point X="497" Y="531" T="0" /><Point X="496" Y="531" T="0" /><Point X="494" Y="531" T="0" /><Point X="490" Y="533" T="0" /><Point X="483" Y="536" T="0" /><Point X="472" Y="543" T="0" /><Point X="458" Y="550" T="0" /><Point X="444" Y="559" T="0" /><Point X="430" Y="569" T="0" /><Point X="413" Y="583" T="0" /><Point X="395" Y="598" T="0" /><Point X="377" Y="616" T="0" /><Point X="359" Y="639" T="0" /><Point X="343" Y="656" T="0" /><Point X="328" Y="676" T="0" /><Point X="315" Y="693" T="0" /><Point X="303" Y="707" T="0" /><Point X="297" Y="717" T="0" /><Point X="291" Y="725" T="0" /><Point X="286" Y="732" T="0" /><Point X="282" Y="737" T="0" /><Point X="279" Y="739" T="0" /><Point X="278" Y="742" T="0" /><Point X="276" Y="743" T="0" /><Point X="275" Y="743" T="0" /><Point X="275" Y="744" T="0" /><Point X="274" Y="744" T="0" /><Point X="274" Y="745" T="0" /><Point X="273" Y="745" T="0" /></Gesture>