<Gesture Name="x" Subject="1" Number="1" NumPts="65" Millseconds="0" AppName="Gestures" AppVer="1.0" Date="Wednesday, March 01, 2023" TimeOfDay="16:29:12" ID="9"><Point X="305" Y="510" T="0" /><Point X="322" Y="522" T="0" /><Point X="334" Y="535" T="0" /><Point X="350" Y="549" T="0" /><Point X="367" Y="565" T="0" /><Point X="387" Y="580" T="0" /><Point X="399" Y="591" T="0" /><Point X="408" Y="600" T="0" /><Point X="415" Y="607" T="0" /><Point X="422" Y="614" T="0" /><Point X="429" Y="620" T="0" /><Point X="435" Y="624" T="0" /><Point X="438" Y="627" T="0" /><Point X="440" Y="629" T="0" /><Point X="442" Y="631" T="0" /><Point X="443" Y="631" T="0" /><Point X="444" Y="631" T="0" /><Point X="445" Y="632" T="0" /><Point X="446" Y="633" T="0" /><Point X="446" Y="634" T="0" /><Point X="446" Y="635" T="0" /><Point X="446" Y="634" T="0" /><Point X="448" Y="629" T="0" /><Point X="451" Y="617" T="0" /><Point X="453" Y="607" T="0" /><Point X="455" Y="594" T="0" /><Point X="458" Y="573" T="0" /><Point X="461" Y="550" T="0" /><Point X="464" Y="537" T="0" /><Point X="466" Y="524" T="0" /><Point X="469" Y="510" T="0" /><Point X="470" Y="500" T="0" /><Point X="472" Y="491" T="0" /><Point X="474" Y="483" T="0" /><Point X="474" Y="480" T="0" /><Point X="474" Y="479" T="0" /><Point X="474" Y="476" T="0" /><Point X="474" Y="475" T="0" /><Point X="474" Y="474" T="0" /><Point X="473" Y="474" T="0" /><Point X="470" Y="475" T="0" /><Point X="467" Y="476" T="0" /><Point X="459" Y="481" T="0" /><Point X="450" Y="488" T="0" /><Point X="442" Y="495" T="0" /><Point X="430" Y="505" T="0" /><Point X="418" Y="514" T="0" /><Point X="402" Y="530" T="0" /><Point X="383" Y="552" T="0" /><Point X="368" Y="572" T="0" /><Point X="356" Y="587" T="0" /><Point X="340" Y="609" T="0" /><Point X="326" Y="626" T="0" /><Point X="316" Y="640" T="0" /><Point X="310" Y="649" T="0" /><Point X="304" Y="656" T="0" /><Point X="300" Y="661" T="0" /><Point X="297" Y="667" T="0" /><Point X="295" Y="669" T="0" /><Point X="294" Y="671" T="0" /><Point X="293" Y="673" T="0" /><Point X="292" Y="674" T="0" /><Point X="291" Y="674" T="0" /><Point X="291" Y="675" T="0" /><Point X="290" Y="675" T="0" /></Gesture>