<Gesture Name="zig-zig" Subject="1" Number="1" NumPts="96" Millseconds="0" AppName="Gestures" AppVer="1.0" Date="Wednesday, March 01, 2023" TimeOfDay="16:29:31" ID="9"><Point X="216" Y="619" T="0" /><Point X="222" Y="607" T="0" /><Point X="226" Y="598" T="0" /><Point X="229" Y="591" T="0" /><Point X="232" Y="587" T="0" /><Point X="232" Y="585" T="0" /><Point X="233" Y="583" T="0" /><Point X="234" Y="582" T="0" /><Point X="234" Y="581" T="0" /><Point X="234" Y="580" T="0" /><Point X="235" Y="580" T="0" /><Point X="237" Y="580" T="0" /><Point X="241" Y="580" T="0" /><Point X="246" Y="581" T="0" /><Point X="251" Y="585" T="0" /><Point X="258" Y="589" T="0" /><Point X="263" Y="595" T="0" /><Point X="274" Y="603" T="0" /><Point X="285" Y="613" T="0" /><Point X="299" Y="623" T="0" /><Point X="309" Y="631" T="0" /><Point X="317" Y="638" T="0" /><Point X="324" Y="646" T="0" /><Point X="333" Y="653" T="0" /><Point X="340" Y="659" T="0" /><Point X="345" Y="663" T="0" /><Point X="349" Y="666" T="0" /><Point X="350" Y="667" T="0" /><Point X="350" Y="669" T="0" /><Point X="351" Y="670" T="0" /><Point X="352" Y="670" T="0" /><Point X="353" Y="671" T="0" /><Point X="355" Y="670" T="0" /><Point X="358" Y="665" T="0" /><Point X="361" Y="659" T="0" /><Point X="369" Y="643" T="0" /><Point X="375" Y="623" T="0" /><Point X="381" Y="611" T="0" /><Point X="386" Y="599" T="0" /><Point X="397" Y="576" T="0" /><Point X="410" Y="547" T="0" /><Point X="415" Y="535" T="0" /><Point X="421" Y="527" T="0" /><Point X="424" Y="519" T="0" /><Point X="427" Y="512" T="0" /><Point X="430" Y="509" T="0" /><Point X="430" Y="506" T="0" /><Point X="431" Y="504" T="0" /><Point X="431" Y="503" T="0" /><Point X="432" Y="503" T="0" /><Point X="434" Y="506" T="0" /><Point X="437" Y="511" T="0" /><Point X="442" Y="521" T="0" /><Point X="451" Y="535" T="0" /><Point X="457" Y="545" T="0" /><Point X="464" Y="553" T="0" /><Point X="470" Y="559" T="0" /><Point X="475" Y="565" T="0" /><Point X="481" Y="570" T="0" /><Point X="483" Y="576" T="0" /><Point X="486" Y="579" T="0" /><Point X="490" Y="583" T="0" /><Point X="491" Y="585" T="0" /><Point X="493" Y="587" T="0" /><Point X="494" Y="590" T="0" /><Point X="495" Y="591" T="0" /><Point X="497" Y="592" T="0" /><Point X="498" Y="593" T="0" /><Point X="500" Y="593" T="0" /><Point X="501" Y="594" T="0" /><Point X="502" Y="595" T="0" /><Point X="504" Y="597" T="0" /><Point X="506" Y="599" T="0" /><Point X="508" Y="601" T="0" /><Point X="509" Y="602" T="0" /><Point X="510" Y="603" T="0" /><Point X="512" Y="600" T="0" /><Point X="515" Y="592" T="0" /><Point X="521" Y="585" T="0" /><Point X="526" Y="572" T="0" /><Point X="536" Y="548" T="0" /><Point X="549" Y="523" T="0" /><Point X="556" Y="509" T="0" /><Point X="567" Y="493" T="0" /><Point X="580" Y="467" T="0" /><Point X="588" Y="449" T="0" /><Point X="594" Y="439" T="0" /><Point X="597" Y="433" T="0" /><Point X="598" Y="427" T="0" /><Point X="602" Y="423" T="0" /><Point X="602" Y="419" T="0" /><Point X="603" Y="416" T="0" /><Point X="604" Y="413" T="0" /><Point X="604" Y="412" T="0" /><Point X="604" Y="411" T="0" /><Point X="604" Y="410" T="0" /></Gesture>