<Gesture Name="zig-zig" Subject="1" Number="1" NumPts="282" Millseconds="0" AppName="Gestures" AppVer="1.0" Date="Wednesday, March 01, 2023" TimeOfDay="16:30:43" ID="10"><Point X="201" Y="548" T="0" /><Point X="202" Y="543" T="0" /><Point X="204" Y="538" T="0" /><Point X="206" Y="534" T="0" /><Point X="209" Y="530" T="0" /><Point X="211" Y="524" T="0" /><Point X="214" Y="518" T="0" /><Point X="218" Y="510" T="0" /><Point X="222" Y="501" T="0" /><Point X="226" Y="491" T="0" /><Point X="231" Y="483" T="0" /><Point X="236" Y="475" T="0" /><Point X="242" Y="462" T="0" /><Point X="246" Y="451" T="0" /><Point X="253" Y="440" T="0" /><Point X="257" Y="430" T="0" /><Point X="261" Y="423" T="0" /><Point X="263" Y="420" T="0" /><Point X="265" Y="419" T="0" /><Point X="266" Y="416" T="0" /><Point X="267" Y="415" T="0" /><Point X="267" Y="414" T="0" /><Point X="268" Y="414" T="0" /><Point X="270" Y="413" T="0" /><Point X="270" Y="412" T="0" /><Point X="270" Y="413" T="0" /><Point X="272" Y="415" T="0" /><Point X="274" Y="419" T="0" /><Point X="278" Y="421" T="0" /><Point X="280" Y="423" T="0" /><Point X="283" Y="428" T="0" /><Point X="288" Y="431" T="0" /><Point X="290" Y="436" T="0" /><Point X="294" Y="440" T="0" /><Point X="297" Y="443" T="0" /><Point X="300" Y="448" T="0" /><Point X="302" Y="453" T="0" /><Point X="306" Y="458" T="0" /><Point X="310" Y="463" T="0" /><Point X="311" Y="467" T="0" /><Point X="315" Y="471" T="0" /><Point X="318" Y="478" T="0" /><Point X="319" Y="481" T="0" /><Point X="322" Y="485" T="0" /><Point X="323" Y="487" T="0" /><Point X="325" Y="490" T="0" /><Point X="326" Y="493" T="0" /><Point X="327" Y="495" T="0" /><Point X="329" Y="498" T="0" /><Point X="330" Y="499" T="0" /><Point X="331" Y="502" T="0" /><Point X="333" Y="503" T="0" /><Point X="334" Y="505" T="0" /><Point X="334" Y="507" T="0" /><Point X="335" Y="508" T="0" /><Point X="336" Y="510" T="0" /><Point X="337" Y="511" T="0" /><Point X="338" Y="512" T="0" /><Point X="339" Y="515" T="0" /><Point X="339" Y="516" T="0" /><Point X="340" Y="518" T="0" /><Point X="341" Y="519" T="0" /><Point X="342" Y="521" T="0" /><Point X="343" Y="523" T="0" /><Point X="344" Y="524" T="0" /><Point X="346" Y="525" T="0" /><Point X="346" Y="527" T="0" /><Point X="346" Y="528" T="0" /><Point X="347" Y="528" T="0" /><Point X="348" Y="529" T="0" /><Point X="348" Y="530" T="0" /><Point X="349" Y="531" T="0" /><Point X="350" Y="531" T="0" /><Point X="351" Y="533" T="0" /><Point X="351" Y="534" T="0" /><Point X="351" Y="535" T="0" /><Point X="353" Y="534" T="0" /><Point X="354" Y="530" T="0" /><Point X="356" Y="527" T="0" /><Point X="358" Y="525" T="0" /><Point X="361" Y="523" T="0" /><Point X="363" Y="520" T="0" /><Point X="366" Y="517" T="0" /><Point X="369" Y="515" T="0" /><Point X="371" Y="511" T="0" /><Point X="374" Y="505" T="0" /><Point X="378" Y="500" T="0" /><Point X="382" Y="493" T="0" /><Point X="386" Y="487" T="0" /><Point X="388" Y="483" T="0" /><Point X="390" Y="479" T="0" /><Point X="391" Y="477" T="0" /><Point X="392" Y="475" T="0" /><Point X="393" Y="473" T="0" /><Point X="394" Y="471" T="0" /><Point X="395" Y="470" T="0" /><Point X="396" Y="469" T="0" /><Point X="396" Y="467" T="0" /><Point X="397" Y="467" T="0" /><Point X="398" Y="463" T="0" /><Point X="399" Y="461" T="0" /><Point X="402" Y="459" T="0" /><Point X="404" Y="454" T="0" /><Point X="406" Y="451" T="0" /><Point X="408" Y="447" T="0" /><Point X="409" Y="445" T="0" /><Point X="410" Y="444" T="0" /><Point X="411" Y="443" T="0" /><Point X="412" Y="441" T="0" /><Point X="413" Y="440" T="0" /><Point X="413" Y="439" T="0" /><Point X="414" Y="438" T="0" /><Point X="415" Y="436" T="0" /><Point X="416" Y="434" T="0" /><Point X="418" Y="432" T="0" /><Point X="419" Y="431" T="0" /><Point X="421" Y="429" T="0" /><Point X="422" Y="427" T="0" /><Point X="422" Y="426" T="0" /><Point X="423" Y="425" T="0" /><Point X="423" Y="424" T="0" /><Point X="423" Y="423" T="0" /><Point X="425" Y="422" T="0" /><Point X="426" Y="419" T="0" /><Point X="427" Y="416" T="0" /><Point X="428" Y="415" T="0" /><Point X="430" Y="411" T="0" /><Point X="431" Y="408" T="0" /><Point X="434" Y="403" T="0" /><Point X="435" Y="401" T="0" /><Point X="436" Y="399" T="0" /><Point X="437" Y="398" T="0" /><Point X="437" Y="396" T="0" /><Point X="437" Y="395" T="0" /><Point X="437" Y="394" T="0" /><Point X="439" Y="394" T="0" /><Point X="441" Y="396" T="0" /><Point X="442" Y="400" T="0" /><Point X="445" Y="404" T="0" /><Point X="449" Y="409" T="0" /><Point X="451" Y="412" T="0" /><Point X="454" Y="417" T="0" /><Point X="458" Y="420" T="0" /><Point X="461" Y="425" T="0" /><Point X="463" Y="427" T="0" /><Point X="466" Y="430" T="0" /><Point X="469" Y="432" T="0" /><Point X="471" Y="436" T="0" /><Point X="474" Y="439" T="0" /><Point X="477" Y="441" T="0" /><Point X="478" Y="444" T="0" /><Point X="480" Y="447" T="0" /><Point X="482" Y="449" T="0" /><Point X="484" Y="452" T="0" /><Point X="486" Y="455" T="0" /><Point X="487" Y="456" T="0" /><Point X="489" Y="459" T="0" /><Point X="492" Y="463" T="0" /><Point X="494" Y="464" T="0" /><Point X="495" Y="467" T="0" /><Point X="497" Y="468" T="0" /><Point X="499" Y="470" T="0" /><Point X="500" Y="471" T="0" /><Point X="502" Y="472" T="0" /><Point X="503" Y="475" T="0" /><Point X="506" Y="476" T="0" /><Point X="507" Y="478" T="0" /><Point X="508" Y="479" T="0" /><Point X="510" Y="480" T="0" /><Point X="511" Y="481" T="0" /><Point X="514" Y="483" T="0" /><Point X="514" Y="484" T="0" /><Point X="515" Y="486" T="0" /><Point X="516" Y="487" T="0" /><Point X="517" Y="489" T="0" /><Point X="518" Y="491" T="0" /><Point X="520" Y="492" T="0" /><Point X="521" Y="493" T="0" /><Point X="521" Y="495" T="0" /><Point X="522" Y="497" T="0" /><Point X="522" Y="499" T="0" /><Point X="523" Y="499" T="0" /><Point X="524" Y="501" T="0" /><Point X="525" Y="503" T="0" /><Point X="526" Y="503" T="0" /><Point X="526" Y="504" T="0" /><Point X="527" Y="505" T="0" /><Point X="527" Y="506" T="0" /><Point X="528" Y="506" T="0" /><Point X="529" Y="507" T="0" /><Point X="530" Y="507" T="0" /><Point X="530" Y="508" T="0" /><Point X="530" Y="509" T="0" /><Point X="532" Y="511" T="0" /><Point X="534" Y="511" T="0" /><Point X="535" Y="512" T="0" /><Point X="536" Y="513" T="0" /><Point X="537" Y="513" T="0" /><Point X="538" Y="515" T="0" /><Point X="540" Y="515" T="0" /><Point X="541" Y="516" T="0" /><Point X="542" Y="518" T="0" /><Point X="543" Y="518" T="0" /><Point X="545" Y="519" T="0" /><Point X="546" Y="520" T="0" /><Point X="547" Y="520" T="0" /><Point X="547" Y="521" T="0" /><Point X="547" Y="522" T="0" /><Point X="548" Y="523" T="0" /><Point X="549" Y="523" T="0" /><Point X="550" Y="518" T="0" /><Point X="550" Y="517" T="0" /><Point X="551" Y="515" T="0" /><Point X="554" Y="511" T="0" /><Point X="554" Y="509" T="0" /><Point X="556" Y="507" T="0" /><Point X="558" Y="505" T="0" /><Point X="559" Y="503" T="0" /><Point X="562" Y="502" T="0" /><Point X="563" Y="500" T="0" /><Point X="564" Y="499" T="0" /><Point X="566" Y="497" T="0" /><Point X="567" Y="495" T="0" /><Point X="570" Y="493" T="0" /><Point X="571" Y="490" T="0" /><Point X="574" Y="486" T="0" /><Point X="578" Y="480" T="0" /><Point X="580" Y="477" T="0" /><Point X="583" Y="473" T="0" /><Point X="585" Y="469" T="0" /><Point X="587" Y="467" T="0" /><Point X="589" Y="463" T="0" /><Point X="590" Y="462" T="0" /><Point X="590" Y="460" T="0" /><Point X="591" Y="459" T="0" /><Point X="591" Y="458" T="0" /><Point X="592" Y="455" T="0" /><Point X="594" Y="453" T="0" /><Point X="594" Y="451" T="0" /><Point X="595" Y="448" T="0" /><Point X="596" Y="446" T="0" /><Point X="598" Y="443" T="0" /><Point X="598" Y="439" T="0" /><Point X="600" Y="436" T="0" /><Point X="602" Y="433" T="0" /><Point X="602" Y="431" T="0" /><Point X="603" Y="429" T="0" /><Point X="603" Y="428" T="0" /><Point X="603" Y="427" T="0" /><Point X="603" Y="426" T="0" /><Point X="603" Y="425" T="0" /><Point X="604" Y="424" T="0" /><Point X="604" Y="423" T="0" /><Point X="605" Y="423" T="0" /><Point X="606" Y="422" T="0" /><Point X="606" Y="419" T="0" /><Point X="607" Y="418" T="0" /><Point X="608" Y="416" T="0" /><Point X="609" Y="415" T="0" /><Point X="610" Y="413" T="0" /><Point X="610" Y="411" T="0" /><Point X="611" Y="411" T="0" /><Point X="612" Y="409" T="0" /><Point X="613" Y="407" T="0" /><Point X="614" Y="404" T="0" /><Point X="615" Y="403" T="0" /><Point X="617" Y="402" T="0" /><Point X="618" Y="399" T="0" /><Point X="618" Y="397" T="0" /><Point X="619" Y="395" T="0" /><Point X="620" Y="395" T="0" /><Point X="620" Y="393" T="0" /><Point X="621" Y="391" T="0" /><Point X="622" Y="389" T="0" /><Point X="623" Y="389" T="0" /><Point X="624" Y="388" T="0" /><Point X="624" Y="387" T="0" /><Point X="625" Y="387" T="0" /><Point X="626" Y="387" T="0" /><Point X="626" Y="386" T="0" /><Point X="626" Y="385" T="0" /><Point X="626" Y="384" T="0" /></Gesture>