<Gesture Name="zig-zig" Subject="1" Number="1" NumPts="102" Millseconds="0" AppName="Gestures" AppVer="1.0" Date="Wednesday, March 01, 2023" TimeOfDay="16:16:44" ID="1"><Point X="187" Y="437" T="0" /><Point X="208" Y="400" T="0" /><Point X="224" Y="375" T="0" /><Point X="238" Y="354" T="0" /><Point X="257" Y="315" T="0" /><Point X="270" Y="288" T="0" /><Point X="278" Y="277" T="0" /><Point X="286" Y="266" T="0" /><Point X="294" Y="256" T="0" /><Point X="298" Y="247" T="0" /><Point X="302" Y="241" T="0" /><Point X="302" Y="239" T="0" /><Point X="303" Y="239" T="0" /><Point X="303" Y="238" T="0" /><Point X="303" Y="239" T="0" /><Point X="304" Y="239" T="0" /><Point X="305" Y="243" T="0" /><Point X="306" Y="252" T="0" /><Point X="310" Y="265" T="0" /><Point X="310" Y="282" T="0" /><Point X="312" Y="293" T="0" /><Point X="313" Y="305" T="0" /><Point X="314" Y="323" T="0" /><Point X="315" Y="343" T="0" /><Point X="316" Y="355" T="0" /><Point X="318" Y="366" T="0" /><Point X="320" Y="383" T="0" /><Point X="321" Y="398" T="0" /><Point X="322" Y="407" T="0" /><Point X="323" Y="414" T="0" /><Point X="323" Y="417" T="0" /><Point X="323" Y="419" T="0" /><Point X="323" Y="421" T="0" /><Point X="323" Y="423" T="0" /><Point X="323" Y="424" T="0" /><Point X="323" Y="425" T="0" /><Point X="323" Y="427" T="0" /><Point X="324" Y="427" T="0" /><Point X="326" Y="419" T="0" /><Point X="332" Y="407" T="0" /><Point X="338" Y="398" T="0" /><Point X="346" Y="384" T="0" /><Point X="364" Y="350" T="0" /><Point X="378" Y="322" T="0" /><Point X="383" Y="307" T="0" /><Point X="394" Y="279" T="0" /><Point X="401" Y="255" T="0" /><Point X="409" Y="239" T="0" /><Point X="413" Y="231" T="0" /><Point X="418" Y="224" T="0" /><Point X="421" Y="219" T="0" /><Point X="424" Y="215" T="0" /><Point X="426" Y="213" T="0" /><Point X="427" Y="209" T="0" /><Point X="428" Y="208" T="0" /><Point X="429" Y="207" T="0" /><Point X="430" Y="207" T="0" /><Point X="430" Y="206" T="0" /><Point X="431" Y="214" T="0" /><Point X="436" Y="230" T="0" /><Point X="439" Y="258" T="0" /><Point X="442" Y="279" T="0" /><Point X="444" Y="290" T="0" /><Point X="447" Y="303" T="0" /><Point X="451" Y="319" T="0" /><Point X="453" Y="331" T="0" /><Point X="455" Y="338" T="0" /><Point X="458" Y="343" T="0" /><Point X="458" Y="347" T="0" /><Point X="459" Y="350" T="0" /><Point X="459" Y="351" T="0" /><Point X="459" Y="352" T="0" /><Point X="459" Y="353" T="0" /><Point X="459" Y="354" T="0" /><Point X="459" Y="355" T="0" /><Point X="459" Y="356" T="0" /><Point X="459" Y="357" T="0" /><Point X="460" Y="357" T="0" /><Point X="463" Y="352" T="0" /><Point X="471" Y="342" T="0" /><Point X="478" Y="331" T="0" /><Point X="483" Y="323" T="0" /><Point X="492" Y="307" T="0" /><Point X="507" Y="279" T="0" /><Point X="521" Y="259" T="0" /><Point X="530" Y="247" T="0" /><Point X="542" Y="233" T="0" /><Point X="555" Y="214" T="0" /><Point X="564" Y="198" T="0" /><Point X="570" Y="188" T="0" /><Point X="574" Y="181" T="0" /><Point X="577" Y="175" T="0" /><Point X="578" Y="173" T="0" /><Point X="580" Y="171" T="0" /><Point X="582" Y="170" T="0" /><Point X="582" Y="169" T="0" /><Point X="583" Y="168" T="0" /><Point X="584" Y="167" T="0" /><Point X="585" Y="167" T="0" /><Point X="585" Y="166" T="0" /><Point X="586" Y="166" T="0" /><Point X="586" Y="165" T="0" /></Gesture>