<Gesture Name="zig-zig" Subject="1" Number="1" NumPts="91" Millseconds="0" AppName="Gestures" AppVer="1.0" Date="Wednesday, March 01, 2023" TimeOfDay="16:21:14" ID="3"><Point X="230" Y="623" T="0" /><Point X="238" Y="613" T="0" /><Point X="244" Y="604" T="0" /><Point X="249" Y="598" T="0" /><Point X="254" Y="594" T="0" /><Point X="255" Y="591" T="0" /><Point X="257" Y="590" T="0" /><Point X="258" Y="589" T="0" /><Point X="258" Y="588" T="0" /><Point X="259" Y="587" T="0" /><Point X="259" Y="588" T="0" /><Point X="259" Y="589" T="0" /><Point X="260" Y="591" T="0" /><Point X="262" Y="597" T="0" /><Point X="264" Y="607" T="0" /><Point X="266" Y="614" T="0" /><Point X="269" Y="621" T="0" /><Point X="271" Y="629" T="0" /><Point X="274" Y="643" T="0" /><Point X="277" Y="654" T="0" /><Point X="280" Y="662" T="0" /><Point X="282" Y="669" T="0" /><Point X="282" Y="673" T="0" /><Point X="283" Y="676" T="0" /><Point X="284" Y="679" T="0" /><Point X="285" Y="681" T="0" /><Point X="285" Y="682" T="0" /><Point X="285" Y="683" T="0" /><Point X="285" Y="684" T="0" /><Point X="285" Y="685" T="0" /><Point X="285" Y="686" T="0" /><Point X="285" Y="687" T="0" /><Point X="287" Y="685" T="0" /><Point X="292" Y="679" T="0" /><Point X="303" Y="665" T="0" /><Point X="318" Y="646" T="0" /><Point X="330" Y="631" T="0" /><Point X="337" Y="621" T="0" /><Point X="346" Y="608" T="0" /><Point X="357" Y="590" T="0" /><Point X="363" Y="577" T="0" /><Point X="369" Y="567" T="0" /><Point X="373" Y="559" T="0" /><Point X="378" Y="555" T="0" /><Point X="381" Y="550" T="0" /><Point X="383" Y="547" T="0" /><Point X="386" Y="546" T="0" /><Point X="387" Y="545" T="0" /><Point X="388" Y="543" T="0" /><Point X="390" Y="543" T="0" /><Point X="391" Y="543" T="0" /><Point X="392" Y="544" T="0" /><Point X="392" Y="545" T="0" /><Point X="393" Y="546" T="0" /><Point X="394" Y="549" T="0" /><Point X="397" Y="556" T="0" /><Point X="400" Y="565" T="0" /><Point X="402" Y="573" T="0" /><Point X="404" Y="579" T="0" /><Point X="406" Y="588" T="0" /><Point X="408" Y="599" T="0" /><Point X="411" Y="611" T="0" /><Point X="414" Y="621" T="0" /><Point X="415" Y="628" T="0" /><Point X="417" Y="632" T="0" /><Point X="420" Y="637" T="0" /><Point X="421" Y="639" T="0" /><Point X="422" Y="641" T="0" /><Point X="422" Y="643" T="0" /><Point X="422" Y="644" T="0" /><Point X="422" Y="645" T="0" /><Point X="422" Y="646" T="0" /><Point X="422" Y="647" T="0" /><Point X="422" Y="648" T="0" /><Point X="423" Y="648" T="0" /><Point X="426" Y="647" T="0" /><Point X="431" Y="643" T="0" /><Point X="440" Y="633" T="0" /><Point X="452" Y="616" T="0" /><Point X="468" Y="601" T="0" /><Point X="490" Y="575" T="0" /><Point X="512" Y="550" T="0" /><Point X="527" Y="530" T="0" /><Point X="536" Y="522" T="0" /><Point X="543" Y="515" T="0" /><Point X="548" Y="512" T="0" /><Point X="552" Y="508" T="0" /><Point X="553" Y="507" T="0" /><Point X="554" Y="507" T="0" /><Point X="554" Y="506" T="0" /><Point X="555" Y="505" T="0" /></Gesture>