<Gesture Name="zig-zig" Subject="1" Number="1" NumPts="100" Millseconds="0" AppName="Gestures" AppVer="1.0" Date="Wednesday, March 01, 2023" TimeOfDay="16:24:13" ID="5"><Point X="242" Y="647" T="0" /><Point X="256" Y="627" T="0" /><Point X="268" Y="607" T="0" /><Point X="278" Y="591" T="0" /><Point X="282" Y="579" T="0" /><Point X="286" Y="572" T="0" /><Point X="286" Y="569" T="0" /><Point X="287" Y="567" T="0" /><Point X="287" Y="565" T="0" /><Point X="287" Y="566" T="0" /><Point X="288" Y="566" T="0" /><Point X="289" Y="567" T="0" /><Point X="290" Y="571" T="0" /><Point X="295" Y="578" T="0" /><Point X="300" Y="587" T="0" /><Point X="306" Y="599" T="0" /><Point X="312" Y="609" T="0" /><Point X="320" Y="620" T="0" /><Point X="328" Y="633" T="0" /><Point X="336" Y="651" T="0" /><Point X="342" Y="660" T="0" /><Point X="346" Y="667" T="0" /><Point X="350" Y="672" T="0" /><Point X="353" Y="677" T="0" /><Point X="354" Y="679" T="0" /><Point X="356" Y="682" T="0" /><Point X="358" Y="683" T="0" /><Point X="358" Y="686" T="0" /><Point X="359" Y="686" T="0" /><Point X="359" Y="687" T="0" /><Point X="360" Y="687" T="0" /><Point X="360" Y="688" T="0" /><Point X="360" Y="689" T="0" /><Point X="361" Y="689" T="0" /><Point X="362" Y="689" T="0" /><Point X="365" Y="687" T="0" /><Point X="370" Y="679" T="0" /><Point X="382" Y="662" T="0" /><Point X="394" Y="643" T="0" /><Point X="402" Y="625" T="0" /><Point X="417" Y="601" T="0" /><Point X="428" Y="583" T="0" /><Point X="437" Y="569" T="0" /><Point X="441" Y="560" T="0" /><Point X="446" Y="553" T="0" /><Point X="449" Y="548" T="0" /><Point X="451" Y="543" T="0" /><Point X="453" Y="540" T="0" /><Point X="455" Y="537" T="0" /><Point X="456" Y="535" T="0" /><Point X="456" Y="533" T="0" /><Point X="457" Y="532" T="0" /><Point X="458" Y="530" T="0" /><Point X="458" Y="529" T="0" /><Point X="459" Y="529" T="0" /><Point X="459" Y="528" T="0" /><Point X="459" Y="527" T="0" /><Point X="459" Y="528" T="0" /><Point X="460" Y="533" T="0" /><Point X="463" Y="539" T="0" /><Point X="466" Y="549" T="0" /><Point X="468" Y="564" T="0" /><Point X="470" Y="576" T="0" /><Point X="474" Y="586" T="0" /><Point X="475" Y="595" T="0" /><Point X="478" Y="604" T="0" /><Point X="482" Y="615" T="0" /><Point X="486" Y="626" T="0" /><Point X="488" Y="635" T="0" /><Point X="490" Y="640" T="0" /><Point X="491" Y="643" T="0" /><Point X="492" Y="644" T="0" /><Point X="493" Y="646" T="0" /><Point X="494" Y="647" T="0" /><Point X="494" Y="648" T="0" /><Point X="494" Y="649" T="0" /><Point X="494" Y="650" T="0" /><Point X="496" Y="650" T="0" /><Point X="498" Y="649" T="0" /><Point X="504" Y="643" T="0" /><Point X="514" Y="631" T="0" /><Point X="525" Y="621" T="0" /><Point X="539" Y="607" T="0" /><Point X="559" Y="579" T="0" /><Point X="578" Y="552" T="0" /><Point X="592" Y="537" T="0" /><Point X="608" Y="519" T="0" /><Point X="622" Y="502" T="0" /><Point X="636" Y="483" T="0" /><Point X="642" Y="472" T="0" /><Point X="646" Y="467" T="0" /><Point X="650" Y="463" T="0" /><Point X="652" Y="461" T="0" /><Point X="653" Y="459" T="0" /><Point X="654" Y="459" T="0" /><Point X="654" Y="458" T="0" /><Point X="654" Y="456" T="0" /><Point X="655" Y="456" T="0" /><Point X="656" Y="455" T="0" /><Point X="657" Y="455" T="0" /></Gesture>