<Gesture Name="arrow" Subject="1" Number="1" NumPts="109" Millseconds="0" AppName="Gestures" AppVer="1.0" Date="Wednesday, March 01, 2023" TimeOfDay="19:15:34" ID="3"><Point X="114" Y="275" T="0" /><Point X="150" Y="246" T="0" /><Point X="170" Y="231" T="0" /><Point X="184" Y="222" T="0" /><Point X="202" Y="211" T="0" /><Point X="224" Y="199" T="0" /><Point X="234" Y="191" T="0" /><Point X="242" Y="187" T="0" /><Point X="250" Y="181" T="0" /><Point X="255" Y="179" T="0" /><Point X="259" Y="175" T="0" /><Point X="262" Y="174" T="0" /><Point X="267" Y="171" T="0" /><Point X="270" Y="171" T="0" /><Point X="273" Y="170" T="0" /><Point X="275" Y="169" T="0" /><Point X="278" Y="168" T="0" /><Point X="282" Y="167" T="0" /><Point X="285" Y="166" T="0" /><Point X="287" Y="164" T="0" /><Point X="290" Y="163" T="0" /><Point X="291" Y="163" T="0" /><Point X="292" Y="163" T="0" /><Point X="292" Y="162" T="0" /><Point X="290" Y="161" T="0" /><Point X="284" Y="159" T="0" /><Point X="280" Y="159" T="0" /><Point X="274" Y="156" T="0" /><Point X="268" Y="155" T="0" /><Point X="264" Y="154" T="0" /><Point X="257" Y="152" T="0" /><Point X="251" Y="151" T="0" /><Point X="245" Y="151" T="0" /><Point X="238" Y="150" T="0" /><Point X="232" Y="149" T="0" /><Point X="227" Y="147" T="0" /><Point X="224" Y="146" T="0" /><Point X="222" Y="146" T="0" /><Point X="219" Y="145" T="0" /><Point X="217" Y="145" T="0" /><Point X="215" Y="145" T="0" /><Point X="213" Y="145" T="0" /><Point X="211" Y="145" T="0" /><Point X="210" Y="145" T="0" /><Point X="209" Y="145" T="0" /><Point X="208" Y="145" T="0" /><Point X="207" Y="145" T="0" /><Point X="206" Y="145" T="0" /><Point X="205" Y="145" T="0" /><Point X="204" Y="145" T="0" /><Point X="205" Y="145" T="0" /><Point X="206" Y="145" T="0" /><Point X="209" Y="145" T="0" /><Point X="213" Y="145" T="0" /><Point X="219" Y="145" T="0" /><Point X="228" Y="145" T="0" /><Point X="234" Y="146" T="0" /><Point X="239" Y="147" T="0" /><Point X="243" Y="148" T="0" /><Point X="248" Y="150" T="0" /><Point X="250" Y="150" T="0" /><Point X="252" Y="151" T="0" /><Point X="255" Y="151" T="0" /><Point X="258" Y="152" T="0" /><Point X="259" Y="153" T="0" /><Point X="262" Y="154" T="0" /><Point X="265" Y="155" T="0" /><Point X="267" Y="155" T="0" /><Point X="270" Y="156" T="0" /><Point X="272" Y="157" T="0" /><Point X="274" Y="158" T="0" /><Point X="278" Y="158" T="0" /><Point X="280" Y="159" T="0" /><Point X="282" Y="159" T="0" /><Point X="284" Y="159" T="0" /><Point X="286" Y="160" T="0" /><Point X="287" Y="160" T="0" /><Point X="288" Y="160" T="0" /><Point X="289" Y="160" T="0" /><Point X="290" Y="161" T="0" /><Point X="291" Y="161" T="0" /><Point X="291" Y="162" T="0" /><Point X="291" Y="163" T="0" /><Point X="291" Y="164" T="0" /><Point X="291" Y="165" T="0" /><Point X="291" Y="166" T="0" /><Point X="291" Y="167" T="0" /><Point X="291" Y="170" T="0" /><Point X="291" Y="173" T="0" /><Point X="289" Y="180" T="0" /><Point X="287" Y="184" T="0" /><Point X="285" Y="193" T="0" /><Point X="281" Y="204" T="0" /><Point X="275" Y="218" T="0" /><Point X="270" Y="229" T="0" /><Point X="266" Y="238" T="0" /><Point X="263" Y="246" T="0" /><Point X="260" Y="255" T="0" /><Point X="257" Y="264" T="0" /><Point X="254" Y="274" T="0" /><Point X="253" Y="282" T="0" /><Point X="250" Y="287" T="0" /><Point X="250" Y="291" T="0" /><Point X="249" Y="295" T="0" /><Point X="248" Y="297" T="0" /><Point X="248" Y="299" T="0" /><Point X="246" Y="301" T="0" /><Point X="246" Y="302" T="0" /><Point X="246" Y="303" T="0" /></Gesture>