<Gesture Name="arrow" Subject="1" Number="1" NumPts="106" Millseconds="0" AppName="Gestures" AppVer="1.0" Date="Wednesday, March 01, 2023" TimeOfDay="19:19:32" ID="8"><Point X="82" Y="320" T="0" /><Point X="113" Y="307" T="0" /><Point X="139" Y="291" T="0" /><Point X="159" Y="276" T="0" /><Point X="184" Y="258" T="0" /><Point X="208" Y="243" T="0" /><Point X="221" Y="237" T="0" /><Point X="230" Y="232" T="0" /><Point X="241" Y="226" T="0" /><Point X="253" Y="220" T="0" /><Point X="264" Y="215" T="0" /><Point X="273" Y="211" T="0" /><Point X="277" Y="210" T="0" /><Point X="282" Y="207" T="0" /><Point X="285" Y="205" T="0" /><Point X="287" Y="204" T="0" /><Point X="290" Y="203" T="0" /><Point X="293" Y="202" T="0" /><Point X="294" Y="201" T="0" /><Point X="298" Y="200" T="0" /><Point X="300" Y="199" T="0" /><Point X="302" Y="199" T="0" /><Point X="304" Y="198" T="0" /><Point X="306" Y="197" T="0" /><Point X="307" Y="196" T="0" /><Point X="309" Y="195" T="0" /><Point X="310" Y="195" T="0" /><Point X="311" Y="195" T="0" /><Point X="312" Y="195" T="0" /><Point X="314" Y="194" T="0" /><Point X="315" Y="191" T="0" /><Point X="318" Y="191" T="0" /><Point X="319" Y="190" T="0" /><Point X="320" Y="190" T="0" /><Point X="320" Y="189" T="0" /><Point X="321" Y="188" T="0" /><Point X="322" Y="188" T="0" /><Point X="320" Y="187" T="0" /><Point X="318" Y="187" T="0" /><Point X="311" Y="185" T="0" /><Point X="306" Y="184" T="0" /><Point X="303" Y="183" T="0" /><Point X="297" Y="183" T="0" /><Point X="291" Y="182" T="0" /><Point X="285" Y="180" T="0" /><Point X="278" Y="179" T="0" /><Point X="272" Y="179" T="0" /><Point X="266" Y="178" T="0" /><Point X="261" Y="175" T="0" /><Point X="257" Y="175" T="0" /><Point X="254" Y="175" T="0" /><Point X="249" Y="175" T="0" /><Point X="245" Y="175" T="0" /><Point X="239" Y="175" T="0" /><Point X="236" Y="175" T="0" /><Point X="232" Y="175" T="0" /><Point X="231" Y="175" T="0" /><Point X="230" Y="175" T="0" /><Point X="229" Y="175" T="0" /><Point X="227" Y="175" T="0" /><Point X="226" Y="175" T="0" /><Point X="230" Y="175" T="0" /><Point X="233" Y="175" T="0" /><Point X="238" Y="175" T="0" /><Point X="248" Y="174" T="0" /><Point X="260" Y="174" T="0" /><Point X="271" Y="173" T="0" /><Point X="279" Y="173" T="0" /><Point X="284" Y="173" T="0" /><Point X="292" Y="173" T="0" /><Point X="299" Y="173" T="0" /><Point X="303" Y="173" T="0" /><Point X="307" Y="173" T="0" /><Point X="310" Y="173" T="0" /><Point X="311" Y="174" T="0" /><Point X="312" Y="174" T="0" /><Point X="314" Y="174" T="0" /><Point X="314" Y="175" T="0" /><Point X="315" Y="175" T="0" /><Point X="316" Y="175" T="0" /><Point X="316" Y="176" T="0" /><Point X="316" Y="177" T="0" /><Point X="316" Y="178" T="0" /><Point X="316" Y="179" T="0" /><Point X="316" Y="183" T="0" /><Point X="316" Y="190" T="0" /><Point X="316" Y="200" T="0" /><Point X="316" Y="210" T="0" /><Point X="316" Y="222" T="0" /><Point X="314" Y="239" T="0" /><Point X="312" Y="254" T="0" /><Point X="310" Y="264" T="0" /><Point X="309" Y="273" T="0" /><Point X="308" Y="279" T="0" /><Point X="307" Y="285" T="0" /><Point X="306" Y="291" T="0" /><Point X="306" Y="294" T="0" /><Point X="305" Y="296" T="0" /><Point X="305" Y="298" T="0" /><Point X="305" Y="299" T="0" /><Point X="305" Y="300" T="0" /><Point X="305" Y="301" T="0" /><Point X="305" Y="302" T="0" /><Point X="305" Y="303" T="0" /><Point X="305" Y="304" T="0" /><Point X="305" Y="305" T="0" /></Gesture>