<Gesture Name="arrow" Subject="1" Number="1" NumPts="89" Millseconds="0" AppName="Gestures" AppVer="1.0" Date="Wednesday, March 01, 2023" TimeOfDay="19:16:22" ID="4"><Point X="130" Y="274" T="0" /><Point X="144" Y="259" T="0" /><Point X="151" Y="251" T="0" /><Point X="159" Y="243" T="0" /><Point X="166" Y="237" T="0" /><Point X="173" Y="232" T="0" /><Point X="182" Y="224" T="0" /><Point X="190" Y="219" T="0" /><Point X="197" Y="214" T="0" /><Point X="203" Y="210" T="0" /><Point X="208" Y="207" T="0" /><Point X="211" Y="203" T="0" /><Point X="216" Y="200" T="0" /><Point X="218" Y="199" T="0" /><Point X="221" Y="197" T="0" /><Point X="226" Y="194" T="0" /><Point X="229" Y="192" T="0" /><Point X="231" Y="191" T="0" /><Point X="234" Y="188" T="0" /><Point X="236" Y="187" T="0" /><Point X="238" Y="186" T="0" /><Point X="242" Y="184" T="0" /><Point X="244" Y="183" T="0" /><Point X="246" Y="183" T="0" /><Point X="249" Y="182" T="0" /><Point X="250" Y="181" T="0" /><Point X="251" Y="180" T="0" /><Point X="252" Y="179" T="0" /><Point X="253" Y="179" T="0" /><Point X="254" Y="178" T="0" /><Point X="251" Y="177" T="0" /><Point X="244" Y="176" T="0" /><Point X="238" Y="175" T="0" /><Point X="229" Y="173" T="0" /><Point X="221" Y="173" T="0" /><Point X="212" Y="173" T="0" /><Point X="205" Y="172" T="0" /><Point X="198" Y="172" T="0" /><Point X="193" Y="172" T="0" /><Point X="190" Y="172" T="0" /><Point X="187" Y="172" T="0" /><Point X="186" Y="172" T="0" /><Point X="184" Y="172" T="0" /><Point X="183" Y="172" T="0" /><Point X="182" Y="172" T="0" /><Point X="180" Y="172" T="0" /><Point X="179" Y="172" T="0" /><Point X="182" Y="172" T="0" /><Point X="186" Y="171" T="0" /><Point X="192" Y="171" T="0" /><Point X="197" Y="171" T="0" /><Point X="202" Y="171" T="0" /><Point X="207" Y="171" T="0" /><Point X="211" Y="171" T="0" /><Point X="218" Y="171" T="0" /><Point X="224" Y="171" T="0" /><Point X="232" Y="172" T="0" /><Point X="238" Y="175" T="0" /><Point X="242" Y="175" T="0" /><Point X="246" Y="176" T="0" /><Point X="249" Y="177" T="0" /><Point X="251" Y="178" T="0" /><Point X="252" Y="178" T="0" /><Point X="254" Y="178" T="0" /><Point X="255" Y="178" T="0" /><Point X="256" Y="178" T="0" /><Point X="257" Y="178" T="0" /><Point X="258" Y="178" T="0" /><Point X="258" Y="179" T="0" /><Point X="258" Y="180" T="0" /><Point X="258" Y="181" T="0" /><Point X="258" Y="183" T="0" /><Point X="258" Y="184" T="0" /><Point X="258" Y="190" T="0" /><Point X="258" Y="195" T="0" /><Point X="257" Y="203" T="0" /><Point X="255" Y="211" T="0" /><Point X="254" Y="217" T="0" /><Point X="251" Y="227" T="0" /><Point X="247" Y="238" T="0" /><Point X="244" Y="247" T="0" /><Point X="241" Y="256" T="0" /><Point X="238" Y="263" T="0" /><Point X="236" Y="267" T="0" /><Point X="235" Y="270" T="0" /><Point X="234" Y="272" T="0" /><Point X="234" Y="274" T="0" /><Point X="233" Y="275" T="0" /><Point X="232" Y="276" T="0" /></Gesture>