<Gesture Name="arrow" Subject="1" Number="1" NumPts="83" Millseconds="0" AppName="Gestures" AppVer="1.0" Date="Wednesday, March 01, 2023" TimeOfDay="19:18:50" ID="7"><Point X="94" Y="303" T="0" /><Point X="122" Y="282" T="0" /><Point X="151" Y="263" T="0" /><Point X="170" Y="250" T="0" /><Point X="182" Y="239" T="0" /><Point X="195" Y="227" T="0" /><Point X="210" Y="215" T="0" /><Point X="226" Y="207" T="0" /><Point X="234" Y="199" T="0" /><Point X="242" Y="195" T="0" /><Point X="250" Y="191" T="0" /><Point X="257" Y="188" T="0" /><Point X="262" Y="187" T="0" /><Point X="269" Y="183" T="0" /><Point X="273" Y="180" T="0" /><Point X="278" Y="179" T="0" /><Point X="280" Y="178" T="0" /><Point X="282" Y="176" T="0" /><Point X="285" Y="175" T="0" /><Point X="286" Y="175" T="0" /><Point X="288" Y="174" T="0" /><Point X="289" Y="173" T="0" /><Point X="290" Y="173" T="0" /><Point X="290" Y="172" T="0" /><Point X="287" Y="171" T="0" /><Point X="283" Y="171" T="0" /><Point X="278" Y="169" T="0" /><Point X="273" Y="168" T="0" /><Point X="267" Y="167" T="0" /><Point X="256" Y="164" T="0" /><Point X="247" Y="163" T="0" /><Point X="240" Y="162" T="0" /><Point X="234" Y="162" T="0" /><Point X="230" Y="162" T="0" /><Point X="228" Y="162" T="0" /><Point X="227" Y="162" T="0" /><Point X="225" Y="162" T="0" /><Point X="224" Y="162" T="0" /><Point X="223" Y="162" T="0" /><Point X="222" Y="162" T="0" /><Point X="222" Y="161" T="0" /><Point X="228" Y="161" T="0" /><Point X="233" Y="161" T="0" /><Point X="241" Y="161" T="0" /><Point X="248" Y="161" T="0" /><Point X="254" Y="161" T="0" /><Point X="262" Y="163" T="0" /><Point X="270" Y="163" T="0" /><Point X="276" Y="167" T="0" /><Point X="282" Y="167" T="0" /><Point X="288" Y="168" T="0" /><Point X="291" Y="170" T="0" /><Point X="294" Y="171" T="0" /><Point X="297" Y="172" T="0" /><Point X="298" Y="174" T="0" /><Point X="300" Y="175" T="0" /><Point X="301" Y="175" T="0" /><Point X="302" Y="176" T="0" /><Point X="303" Y="177" T="0" /><Point X="303" Y="178" T="0" /><Point X="303" Y="179" T="0" /><Point X="303" Y="181" T="0" /><Point X="303" Y="183" T="0" /><Point X="303" Y="187" T="0" /><Point X="303" Y="191" T="0" /><Point X="303" Y="199" T="0" /><Point X="300" Y="204" T="0" /><Point X="298" Y="210" T="0" /><Point X="297" Y="213" T="0" /><Point X="296" Y="218" T="0" /><Point X="295" Y="221" T="0" /><Point X="294" Y="225" T="0" /><Point X="293" Y="227" T="0" /><Point X="292" Y="229" T="0" /><Point X="291" Y="232" T="0" /><Point X="290" Y="234" T="0" /><Point X="290" Y="236" T="0" /><Point X="289" Y="239" T="0" /><Point X="288" Y="241" T="0" /><Point X="287" Y="243" T="0" /><Point X="287" Y="246" T="0" /><Point X="286" Y="249" T="0" /><Point X="285" Y="252" T="0" /></Gesture>