<Gesture Name="arrow" Subject="1" Number="1" NumPts="107" Millseconds="0" AppName="Gestures" AppVer="1.0" Date="Wednesday, March 01, 2023" TimeOfDay="19:17:57" ID="6"><Point X="108" Y="290" T="0" /><Point X="126" Y="279" T="0" /><Point X="155" Y="265" T="0" /><Point X="173" Y="258" T="0" /><Point X="190" Y="250" T="0" /><Point X="215" Y="243" T="0" /><Point X="233" Y="234" T="0" /><Point X="245" Y="228" T="0" /><Point X="258" Y="223" T="0" /><Point X="270" Y="219" T="0" /><Point X="282" Y="214" T="0" /><Point X="292" Y="211" T="0" /><Point X="300" Y="210" T="0" /><Point X="307" Y="209" T="0" /><Point X="313" Y="207" T="0" /><Point X="318" Y="207" T="0" /><Point X="322" Y="207" T="0" /><Point X="326" Y="207" T="0" /><Point X="329" Y="207" T="0" /><Point X="332" Y="207" T="0" /><Point X="334" Y="207" T="0" /><Point X="335" Y="207" T="0" /><Point X="336" Y="207" T="0" /><Point X="336" Y="206" T="0" /><Point X="336" Y="205" T="0" /><Point X="336" Y="204" T="0" /><Point X="335" Y="203" T="0" /><Point X="334" Y="203" T="0" /><Point X="331" Y="202" T="0" /><Point X="330" Y="201" T="0" /><Point X="328" Y="199" T="0" /><Point X="322" Y="197" T="0" /><Point X="316" Y="196" T="0" /><Point X="310" Y="195" T="0" /><Point X="302" Y="194" T="0" /><Point X="298" Y="194" T="0" /><Point X="290" Y="194" T="0" /><Point X="286" Y="194" T="0" /><Point X="281" Y="194" T="0" /><Point X="277" Y="194" T="0" /><Point X="271" Y="194" T="0" /><Point X="268" Y="194" T="0" /><Point X="266" Y="194" T="0" /><Point X="264" Y="194" T="0" /><Point X="263" Y="194" T="0" /><Point X="262" Y="194" T="0" /><Point X="260" Y="194" T="0" /><Point X="259" Y="194" T="0" /><Point X="258" Y="194" T="0" /><Point X="260" Y="193" T="0" /><Point X="263" Y="193" T="0" /><Point X="267" Y="192" T="0" /><Point X="273" Y="192" T="0" /><Point X="281" Y="192" T="0" /><Point X="287" Y="192" T="0" /><Point X="295" Y="192" T="0" /><Point X="302" Y="192" T="0" /><Point X="306" Y="193" T="0" /><Point X="309" Y="194" T="0" /><Point X="310" Y="195" T="0" /><Point X="312" Y="195" T="0" /><Point X="314" Y="196" T="0" /><Point X="315" Y="197" T="0" /><Point X="317" Y="199" T="0" /><Point X="318" Y="199" T="0" /><Point X="320" Y="199" T="0" /><Point X="322" Y="200" T="0" /><Point X="325" Y="202" T="0" /><Point X="327" Y="203" T="0" /><Point X="329" Y="206" T="0" /><Point X="331" Y="207" T="0" /><Point X="332" Y="207" T="0" /><Point X="333" Y="208" T="0" /><Point X="334" Y="209" T="0" /><Point X="334" Y="210" T="0" /><Point X="334" Y="211" T="0" /><Point X="334" Y="212" T="0" /><Point X="334" Y="213" T="0" /><Point X="334" Y="214" T="0" /><Point X="334" Y="215" T="0" /><Point X="334" Y="218" T="0" /><Point X="334" Y="219" T="0" /><Point X="334" Y="220" T="0" /><Point X="334" Y="222" T="0" /><Point X="334" Y="223" T="0" /><Point X="333" Y="226" T="0" /><Point X="331" Y="231" T="0" /><Point X="328" Y="238" T="0" /><Point X="325" Y="246" T="0" /><Point X="322" Y="251" T="0" /><Point X="318" Y="259" T="0" /><Point X="315" Y="265" T="0" /><Point X="313" Y="271" T="0" /><Point X="307" Y="281" T="0" /><Point X="303" Y="291" T="0" /><Point X="300" Y="298" T="0" /><Point X="296" Y="303" T="0" /><Point X="293" Y="310" T="0" /><Point X="291" Y="311" T="0" /><Point X="290" Y="315" T="0" /><Point X="289" Y="316" T="0" /><Point X="288" Y="318" T="0" /><Point X="287" Y="319" T="0" /><Point X="286" Y="319" T="0" /><Point X="286" Y="321" T="0" /><Point X="286" Y="322" T="0" /><Point X="286" Y="323" T="0" /></Gesture>