<Gesture Name="arrow" Subject="1" Number="1" NumPts="88" Millseconds="0" AppName="Gestures" AppVer="1.0" Date="Wednesday, March 01, 2023" TimeOfDay="19:17:10" ID="5"><Point X="120" Y="273" T="0" /><Point X="134" Y="265" T="0" /><Point X="143" Y="260" T="0" /><Point X="152" Y="255" T="0" /><Point X="160" Y="251" T="0" /><Point X="173" Y="247" T="0" /><Point X="183" Y="243" T="0" /><Point X="193" Y="239" T="0" /><Point X="202" Y="238" T="0" /><Point X="210" Y="235" T="0" /><Point X="218" Y="235" T="0" /><Point X="225" Y="233" T="0" /><Point X="234" Y="231" T="0" /><Point X="242" Y="228" T="0" /><Point X="249" Y="227" T="0" /><Point X="252" Y="226" T="0" /><Point X="254" Y="225" T="0" /><Point X="257" Y="224" T="0" /><Point X="259" Y="223" T="0" /><Point X="262" Y="222" T="0" /><Point X="264" Y="221" T="0" /><Point X="265" Y="220" T="0" /><Point X="267" Y="218" T="0" /><Point X="269" Y="216" T="0" /><Point X="271" Y="215" T="0" /><Point X="273" Y="213" T="0" /><Point X="274" Y="213" T="0" /><Point X="274" Y="211" T="0" /><Point X="275" Y="211" T="0" /><Point X="276" Y="211" T="0" /><Point X="275" Y="211" T="0" /><Point X="274" Y="210" T="0" /><Point X="272" Y="209" T="0" /><Point X="266" Y="208" T="0" /><Point X="260" Y="207" T="0" /><Point X="250" Y="207" T="0" /><Point X="242" Y="206" T="0" /><Point X="235" Y="204" T="0" /><Point X="228" Y="203" T="0" /><Point X="224" Y="202" T="0" /><Point X="218" Y="201" T="0" /><Point X="215" Y="200" T="0" /><Point X="212" Y="199" T="0" /><Point X="211" Y="199" T="0" /><Point X="210" Y="199" T="0" /><Point X="209" Y="199" T="0" /><Point X="208" Y="199" T="0" /><Point X="206" Y="199" T="0" /><Point X="208" Y="198" T="0" /><Point X="211" Y="197" T="0" /><Point X="217" Y="197" T="0" /><Point X="223" Y="197" T="0" /><Point X="231" Y="197" T="0" /><Point X="239" Y="197" T="0" /><Point X="246" Y="199" T="0" /><Point X="250" Y="199" T="0" /><Point X="254" Y="200" T="0" /><Point X="257" Y="202" T="0" /><Point X="261" Y="204" T="0" /><Point X="266" Y="207" T="0" /><Point X="270" Y="210" T="0" /><Point X="276" Y="214" T="0" /><Point X="282" Y="217" T="0" /><Point X="285" Y="219" T="0" /><Point X="287" Y="220" T="0" /><Point X="290" Y="223" T="0" /><Point X="292" Y="223" T="0" /><Point X="293" Y="223" T="0" /><Point X="293" Y="224" T="0" /><Point X="294" Y="225" T="0" /><Point X="294" Y="226" T="0" /><Point X="294" Y="227" T="0" /><Point X="294" Y="228" T="0" /><Point X="294" Y="229" T="0" /><Point X="294" Y="231" T="0" /><Point X="292" Y="234" T="0" /><Point X="286" Y="241" T="0" /><Point X="282" Y="251" T="0" /><Point X="277" Y="259" T="0" /><Point X="274" Y="264" T="0" /><Point X="272" Y="269" T="0" /><Point X="270" Y="272" T="0" /><Point X="268" Y="275" T="0" /><Point X="267" Y="275" T="0" /><Point X="267" Y="276" T="0" /><Point X="266" Y="277" T="0" /><Point X="266" Y="278" T="0" /><Point X="265" Y="278" T="0" /></Gesture>