<Gesture Name="arrow" Subject="1" Number="1" NumPts="98" Millseconds="0" AppName="Gestures" AppVer="1.0" Date="Wednesday, March 01, 2023" TimeOfDay="19:20:18" ID="9"><Point X="102" Y="280" T="0" /><Point X="118" Y="271" T="0" /><Point X="144" Y="255" T="0" /><Point X="170" Y="239" T="0" /><Point X="190" Y="226" T="0" /><Point X="210" Y="212" T="0" /><Point X="228" Y="201" T="0" /><Point X="240" Y="195" T="0" /><Point X="250" Y="191" T="0" /><Point X="257" Y="189" T="0" /><Point X="262" Y="187" T="0" /><Point X="266" Y="186" T="0" /><Point X="269" Y="185" T="0" /><Point X="274" Y="184" T="0" /><Point X="276" Y="183" T="0" /><Point X="278" Y="183" T="0" /><Point X="281" Y="182" T="0" /><Point X="283" Y="181" T="0" /><Point X="286" Y="180" T="0" /><Point X="289" Y="179" T="0" /><Point X="290" Y="178" T="0" /><Point X="291" Y="177" T="0" /><Point X="292" Y="177" T="0" /><Point X="293" Y="177" T="0" /><Point X="293" Y="176" T="0" /><Point X="291" Y="175" T="0" /><Point X="286" Y="171" T="0" /><Point X="281" Y="169" T="0" /><Point X="272" Y="163" T="0" /><Point X="262" Y="160" T="0" /><Point X="255" Y="157" T="0" /><Point X="250" Y="154" T="0" /><Point X="245" Y="153" T="0" /><Point X="242" Y="152" T="0" /><Point X="240" Y="152" T="0" /><Point X="238" Y="152" T="0" /><Point X="237" Y="152" T="0" /><Point X="235" Y="152" T="0" /><Point X="234" Y="152" T="0" /><Point X="232" Y="152" T="0" /><Point X="230" Y="152" T="0" /><Point X="229" Y="152" T="0" /><Point X="228" Y="152" T="0" /><Point X="226" Y="152" T="0" /><Point X="225" Y="152" T="0" /><Point X="223" Y="152" T="0" /><Point X="222" Y="152" T="0" /><Point X="221" Y="152" T="0" /><Point X="218" Y="152" T="0" /><Point X="217" Y="152" T="0" /><Point X="216" Y="152" T="0" /><Point X="215" Y="152" T="0" /><Point X="217" Y="152" T="0" /><Point X="220" Y="151" T="0" /><Point X="224" Y="151" T="0" /><Point X="232" Y="149" T="0" /><Point X="241" Y="148" T="0" /><Point X="250" Y="148" T="0" /><Point X="257" Y="148" T="0" /><Point X="263" Y="148" T="0" /><Point X="269" Y="149" T="0" /><Point X="272" Y="151" T="0" /><Point X="276" Y="153" T="0" /><Point X="279" Y="155" T="0" /><Point X="282" Y="157" T="0" /><Point X="286" Y="159" T="0" /><Point X="288" Y="161" T="0" /><Point X="290" Y="163" T="0" /><Point X="294" Y="165" T="0" /><Point X="295" Y="167" T="0" /><Point X="297" Y="167" T="0" /><Point X="298" Y="168" T="0" /><Point X="298" Y="169" T="0" /><Point X="299" Y="169" T="0" /><Point X="299" Y="170" T="0" /><Point X="299" Y="171" T="0" /><Point X="299" Y="172" T="0" /><Point X="299" Y="173" T="0" /><Point X="298" Y="175" T="0" /><Point X="297" Y="181" T="0" /><Point X="294" Y="191" T="0" /><Point X="289" Y="202" T="0" /><Point X="286" Y="211" T="0" /><Point X="282" Y="221" T="0" /><Point X="279" Y="230" T="0" /><Point X="276" Y="240" T="0" /><Point X="274" Y="250" T="0" /><Point X="272" Y="257" T="0" /><Point X="271" Y="261" T="0" /><Point X="270" Y="264" T="0" /><Point X="269" Y="267" T="0" /><Point X="268" Y="269" T="0" /><Point X="268" Y="270" T="0" /><Point X="268" Y="271" T="0" /><Point X="268" Y="272" T="0" /><Point X="268" Y="273" T="0" /><Point X="268" Y="274" T="0" /><Point X="268" Y="275" T="0" /></Gesture>