<Gesture Name="arrow" Subject="1" Number="1" NumPts="100" Millseconds="0" AppName="Gestures" AppVer="1.0" Date="Wednesday, March 01, 2023" TimeOfDay="19:13:47" ID="1"><Point X="108" Y="244" T="0" /><Point X="117" Y="239" T="0" /><Point X="125" Y="235" T="0" /><Point X="134" Y="232" T="0" /><Point X="142" Y="227" T="0" /><Point X="152" Y="223" T="0" /><Point X="162" Y="216" T="0" /><Point X="170" Y="211" T="0" /><Point X="178" Y="206" T="0" /><Point X="187" Y="201" T="0" /><Point X="194" Y="198" T="0" /><Point X="201" Y="194" T="0" /><Point X="207" Y="191" T="0" /><Point X="216" Y="188" T="0" /><Point X="223" Y="183" T="0" /><Point X="230" Y="182" T="0" /><Point X="236" Y="180" T="0" /><Point X="239" Y="178" T="0" /><Point X="242" Y="177" T="0" /><Point X="247" Y="175" T="0" /><Point X="250" Y="174" T="0" /><Point X="254" Y="172" T="0" /><Point X="256" Y="171" T="0" /><Point X="259" Y="170" T="0" /><Point X="262" Y="167" T="0" /><Point X="265" Y="166" T="0" /><Point X="266" Y="165" T="0" /><Point X="270" Y="164" T="0" /><Point X="272" Y="163" T="0" /><Point X="274" Y="162" T="0" /><Point X="276" Y="161" T="0" /><Point X="277" Y="160" T="0" /><Point X="278" Y="159" T="0" /><Point X="277" Y="158" T="0" /><Point X="274" Y="157" T="0" /><Point X="270" Y="155" T="0" /><Point X="263" Y="152" T="0" /><Point X="259" Y="150" T="0" /><Point X="252" Y="148" T="0" /><Point X="245" Y="146" T="0" /><Point X="239" Y="144" T="0" /><Point X="234" Y="143" T="0" /><Point X="230" Y="142" T="0" /><Point X="227" Y="142" T="0" /><Point X="226" Y="142" T="0" /><Point X="225" Y="142" T="0" /><Point X="224" Y="142" T="0" /><Point X="223" Y="142" T="0" /><Point X="222" Y="142" T="0" /><Point X="221" Y="142" T="0" /><Point X="220" Y="142" T="0" /><Point X="222" Y="142" T="0" /><Point X="226" Y="142" T="0" /><Point X="230" Y="142" T="0" /><Point X="234" Y="142" T="0" /><Point X="239" Y="143" T="0" /><Point X="242" Y="144" T="0" /><Point X="248" Y="146" T="0" /><Point X="253" Y="148" T="0" /><Point X="258" Y="150" T="0" /><Point X="262" Y="152" T="0" /><Point X="266" Y="155" T="0" /><Point X="270" Y="156" T="0" /><Point X="274" Y="158" T="0" /><Point X="277" Y="159" T="0" /><Point X="279" Y="162" T="0" /><Point X="281" Y="163" T="0" /><Point X="284" Y="164" T="0" /><Point X="286" Y="166" T="0" /><Point X="287" Y="167" T="0" /><Point X="288" Y="168" T="0" /><Point X="288" Y="169" T="0" /><Point X="290" Y="169" T="0" /><Point X="290" Y="170" T="0" /><Point X="290" Y="171" T="0" /><Point X="290" Y="172" T="0" /><Point X="290" Y="173" T="0" /><Point X="290" Y="174" T="0" /><Point X="290" Y="175" T="0" /><Point X="289" Y="175" T="0" /><Point X="288" Y="178" T="0" /><Point X="286" Y="182" T="0" /><Point X="284" Y="187" T="0" /><Point X="278" Y="194" T="0" /><Point X="274" Y="200" T="0" /><Point X="272" Y="205" T="0" /><Point X="267" Y="210" T="0" /><Point X="263" Y="215" T="0" /><Point X="258" Y="223" T="0" /><Point X="256" Y="229" T="0" /><Point X="253" Y="236" T="0" /><Point X="250" Y="241" T="0" /><Point X="248" Y="245" T="0" /><Point X="247" Y="247" T="0" /><Point X="246" Y="249" T="0" /><Point X="246" Y="251" T="0" /><Point X="246" Y="252" T="0" /><Point X="246" Y="253" T="0" /><Point X="246" Y="254" T="0" /><Point X="246" Y="255" T="0" /></Gesture>