<Gesture Name="arrow" Subject="1" Number="1" NumPts="115" Millseconds="0" AppName="Gestures" AppVer="1.0" Date="Wednesday, March 01, 2023" TimeOfDay="19:14:39" ID="2"><Point X="121" Y="256" T="0" /><Point X="127" Y="251" T="0" /><Point X="134" Y="247" T="0" /><Point X="142" Y="242" T="0" /><Point X="149" Y="236" T="0" /><Point X="158" Y="230" T="0" /><Point X="166" Y="224" T="0" /><Point X="175" Y="218" T="0" /><Point X="181" Y="213" T="0" /><Point X="187" Y="207" T="0" /><Point X="192" Y="204" T="0" /><Point X="199" Y="199" T="0" /><Point X="206" Y="197" T="0" /><Point X="212" Y="194" T="0" /><Point X="218" Y="191" T="0" /><Point X="222" Y="189" T="0" /><Point X="226" Y="188" T="0" /><Point X="228" Y="187" T="0" /><Point X="230" Y="187" T="0" /><Point X="234" Y="186" T="0" /><Point X="234" Y="185" T="0" /><Point X="236" Y="185" T="0" /><Point X="238" Y="184" T="0" /><Point X="240" Y="183" T="0" /><Point X="241" Y="182" T="0" /><Point X="242" Y="181" T="0" /><Point X="243" Y="181" T="0" /><Point X="244" Y="181" T="0" /><Point X="246" Y="181" T="0" /><Point X="244" Y="179" T="0" /><Point X="239" Y="178" T="0" /><Point X="237" Y="177" T="0" /><Point X="236" Y="175" T="0" /><Point X="234" Y="175" T="0" /><Point X="232" Y="175" T="0" /><Point X="231" Y="175" T="0" /><Point X="230" Y="175" T="0" /><Point X="229" Y="175" T="0" /><Point X="228" Y="175" T="0" /><Point X="227" Y="175" T="0" /><Point X="226" Y="175" T="0" /><Point X="225" Y="175" T="0" /><Point X="222" Y="174" T="0" /><Point X="222" Y="173" T="0" /><Point X="218" Y="172" T="0" /><Point X="217" Y="172" T="0" /><Point X="216" Y="172" T="0" /><Point X="215" Y="172" T="0" /><Point X="214" Y="172" T="0" /><Point X="213" Y="172" T="0" /><Point X="212" Y="172" T="0" /><Point X="211" Y="172" T="0" /><Point X="210" Y="172" T="0" /><Point X="211" Y="172" T="0" /><Point X="212" Y="172" T="0" /><Point X="213" Y="172" T="0" /><Point X="214" Y="172" T="0" /><Point X="216" Y="172" T="0" /><Point X="218" Y="172" T="0" /><Point X="222" Y="172" T="0" /><Point X="223" Y="173" T="0" /><Point X="226" Y="174" T="0" /><Point X="228" Y="175" T="0" /><Point X="230" Y="175" T="0" /><Point X="231" Y="175" T="0" /><Point X="233" Y="175" T="0" /><Point X="235" Y="176" T="0" /><Point X="236" Y="177" T="0" /><Point X="238" Y="177" T="0" /><Point X="239" Y="179" T="0" /><Point X="241" Y="179" T="0" /><Point X="242" Y="180" T="0" /><Point X="244" Y="180" T="0" /><Point X="246" Y="181" T="0" /><Point X="249" Y="182" T="0" /><Point X="250" Y="182" T="0" /><Point X="251" Y="182" T="0" /><Point X="253" Y="182" T="0" /><Point X="254" Y="182" T="0" /><Point X="255" Y="183" T="0" /><Point X="256" Y="183" T="0" /><Point X="257" Y="183" T="0" /><Point X="257" Y="184" T="0" /><Point X="257" Y="185" T="0" /><Point X="257" Y="186" T="0" /><Point X="257" Y="187" T="0" /><Point X="256" Y="188" T="0" /><Point X="255" Y="189" T="0" /><Point X="254" Y="189" T="0" /><Point X="254" Y="190" T="0" /><Point X="253" Y="191" T="0" /><Point X="251" Y="194" T="0" /><Point X="247" Y="199" T="0" /><Point X="244" Y="208" T="0" /><Point X="241" Y="218" T="0" /><Point X="239" Y="225" T="0" /><Point X="236" Y="232" T="0" /><Point X="234" Y="238" T="0" /><Point X="232" Y="245" T="0" /><Point X="230" Y="251" T="0" /><Point X="229" Y="256" T="0" /><Point X="227" Y="262" T="0" /><Point X="226" Y="266" T="0" /><Point X="226" Y="268" T="0" /><Point X="225" Y="271" T="0" /><Point X="224" Y="273" T="0" /><Point X="224" Y="274" T="0" /><Point X="224" Y="275" T="0" /><Point X="224" Y="277" T="0" /><Point X="224" Y="278" T="0" /><Point X="224" Y="279" T="0" /><Point X="223" Y="279" T="0" /><Point X="223" Y="280" T="0" /><Point X="223" Y="281" T="0" /><Point X="223" Y="282" T="0" /></Gesture>