<Gesture Name="arrow" Subject="1" Number="1" NumPts="85" Millseconds="0" AppName="Gestures" AppVer="1.0" Date="Wednesday, March 01, 2023" TimeOfDay="19:21:43" ID="10"><Point X="93" Y="291" T="0" /><Point X="115" Y="276" T="0" /><Point X="149" Y="260" T="0" /><Point X="177" Y="250" T="0" /><Point X="191" Y="245" T="0" /><Point X="210" Y="239" T="0" /><Point X="230" Y="233" T="0" /><Point X="242" Y="228" T="0" /><Point X="252" Y="224" T="0" /><Point X="258" Y="222" T="0" /><Point X="263" Y="221" T="0" /><Point X="269" Y="219" T="0" /><Point X="272" Y="219" T="0" /><Point X="275" Y="217" T="0" /><Point X="280" Y="216" T="0" /><Point X="283" Y="215" T="0" /><Point X="287" Y="215" T="0" /><Point X="290" Y="214" T="0" /><Point X="292" Y="213" T="0" /><Point X="294" Y="212" T="0" /><Point X="295" Y="211" T="0" /><Point X="296" Y="211" T="0" /><Point X="297" Y="211" T="0" /><Point X="298" Y="211" T="0" /><Point X="296" Y="210" T="0" /><Point X="294" Y="208" T="0" /><Point X="287" Y="205" T="0" /><Point X="280" Y="203" T="0" /><Point X="274" Y="199" T="0" /><Point X="263" Y="195" T="0" /><Point X="253" Y="192" T="0" /><Point X="242" Y="189" T="0" /><Point X="236" Y="188" T="0" /><Point X="233" Y="187" T="0" /><Point X="230" Y="187" T="0" /><Point X="227" Y="186" T="0" /><Point X="226" Y="186" T="0" /><Point X="225" Y="186" T="0" /><Point X="223" Y="186" T="0" /><Point X="222" Y="186" T="0" /><Point X="221" Y="186" T="0" /><Point X="225" Y="186" T="0" /><Point X="230" Y="186" T="0" /><Point X="238" Y="187" T="0" /><Point X="246" Y="188" T="0" /><Point X="250" Y="189" T="0" /><Point X="254" Y="192" T="0" /><Point X="259" Y="194" T="0" /><Point X="264" Y="196" T="0" /><Point X="267" Y="200" T="0" /><Point X="270" Y="203" T="0" /><Point X="275" Y="207" T="0" /><Point X="279" Y="210" T="0" /><Point X="282" Y="213" T="0" /><Point X="286" Y="215" T="0" /><Point X="289" Y="219" T="0" /><Point X="292" Y="220" T="0" /><Point X="294" Y="222" T="0" /><Point X="296" Y="223" T="0" /><Point X="298" Y="226" T="0" /><Point X="299" Y="227" T="0" /><Point X="301" Y="227" T="0" /><Point X="302" Y="227" T="0" /><Point X="302" Y="228" T="0" /><Point X="302" Y="229" T="0" /><Point X="303" Y="229" T="0" /><Point X="303" Y="230" T="0" /><Point X="303" Y="231" T="0" /><Point X="303" Y="232" T="0" /><Point X="303" Y="233" T="0" /><Point X="303" Y="235" T="0" /><Point X="303" Y="238" T="0" /><Point X="302" Y="245" T="0" /><Point X="300" Y="252" T="0" /><Point X="298" Y="257" T="0" /><Point X="296" Y="263" T="0" /><Point X="294" Y="266" T="0" /><Point X="293" Y="269" T="0" /><Point X="292" Y="271" T="0" /><Point X="291" Y="271" T="0" /><Point X="291" Y="272" T="0" /><Point X="290" Y="273" T="0" /><Point X="290" Y="274" T="0" /><Point X="290" Y="275" T="0" /><Point X="290" Y="276" T="0" /></Gesture>