<Gesture Name="caret" Subject="1" Number="1" NumPts="54" Millseconds="0" AppName="Gestures" AppVer="1.0" Date="Wednesday, March 01, 2023" TimeOfDay="19:18:44" ID="7"><Point X="103" Y="262" T="0" /><Point X="112" Y="248" T="0" /><Point X="119" Y="237" T="0" /><Point X="129" Y="219" T="0" /><Point X="142" Y="195" T="0" /><Point X="150" Y="181" T="0" /><Point X="154" Y="173" T="0" /><Point X="159" Y="166" T="0" /><Point X="164" Y="155" T="0" /><Point X="170" Y="146" T="0" /><Point X="174" Y="136" T="0" /><Point X="177" Y="127" T="0" /><Point X="180" Y="123" T="0" /><Point X="181" Y="119" T="0" /><Point X="182" Y="116" T="0" /><Point X="182" Y="115" T="0" /><Point X="182" Y="112" T="0" /><Point X="183" Y="111" T="0" /><Point X="183" Y="110" T="0" /><Point X="183" Y="109" T="0" /><Point X="183" Y="108" T="0" /><Point X="183" Y="107" T="0" /><Point X="184" Y="107" T="0" /><Point X="185" Y="107" T="0" /><Point X="186" Y="107" T="0" /><Point X="189" Y="108" T="0" /><Point X="191" Y="111" T="0" /><Point X="195" Y="115" T="0" /><Point X="199" Y="122" T="0" /><Point X="206" Y="131" T="0" /><Point X="210" Y="141" T="0" /><Point X="214" Y="151" T="0" /><Point X="220" Y="165" T="0" /><Point X="225" Y="177" T="0" /><Point X="229" Y="188" T="0" /><Point X="232" Y="198" T="0" /><Point X="234" Y="207" T="0" /><Point X="238" Y="216" T="0" /><Point X="241" Y="224" T="0" /><Point X="242" Y="233" T="0" /><Point X="245" Y="239" T="0" /><Point X="246" Y="244" T="0" /><Point X="247" Y="248" T="0" /><Point X="249" Y="251" T="0" /><Point X="250" Y="254" T="0" /><Point X="250" Y="255" T="0" /><Point X="250" Y="256" T="0" /><Point X="250" Y="257" T="0" /><Point X="250" Y="258" T="0" /><Point X="250" Y="259" T="0" /><Point X="250" Y="260" T="0" /><Point X="250" Y="261" T="0" /><Point X="251" Y="261" T="0" /><Point X="251" Y="262" T="0" /></Gesture>