<Gesture Name="caret" Subject="1" Number="1" NumPts="48" Millseconds="0" AppName="Gestures" AppVer="1.0" Date="Wednesday, March 01, 2023" TimeOfDay="19:17:51" ID="6"><Point X="136" Y="240" T="0" /><Point X="148" Y="222" T="0" /><Point X="156" Y="208" T="0" /><Point X="168" Y="187" T="0" /><Point X="177" Y="169" T="0" /><Point X="184" Y="156" T="0" /><Point X="187" Y="147" T="0" /><Point X="189" Y="143" T="0" /><Point X="191" Y="139" T="0" /><Point X="193" Y="138" T="0" /><Point X="194" Y="136" T="0" /><Point X="194" Y="135" T="0" /><Point X="194" Y="134" T="0" /><Point X="194" Y="135" T="0" /><Point X="194" Y="136" T="0" /><Point X="195" Y="138" T="0" /><Point X="197" Y="144" T="0" /><Point X="200" Y="151" T="0" /><Point X="202" Y="157" T="0" /><Point X="204" Y="164" T="0" /><Point X="206" Y="174" T="0" /><Point X="210" Y="185" T="0" /><Point X="214" Y="196" T="0" /><Point X="217" Y="204" T="0" /><Point X="219" Y="213" T="0" /><Point X="222" Y="219" T="0" /><Point X="224" Y="224" T="0" /><Point X="226" Y="230" T="0" /><Point X="227" Y="233" T="0" /><Point X="229" Y="238" T="0" /><Point X="230" Y="240" T="0" /><Point X="230" Y="241" T="0" /><Point X="230" Y="242" T="0" /><Point X="230" Y="243" T="0" /><Point X="230" Y="244" T="0" /><Point X="230" Y="245" T="0" /><Point X="230" Y="246" T="0" /><Point X="230" Y="247" T="0" /><Point X="231" Y="247" T="0" /><Point X="232" Y="250" T="0" /><Point X="233" Y="252" T="0" /><Point X="233" Y="253" T="0" /><Point X="234" Y="256" T="0" /><Point X="234" Y="258" T="0" /><Point X="234" Y="259" T="0" /><Point X="234" Y="260" T="0" /><Point X="234" Y="262" T="0" /><Point X="234" Y="263" T="0" /></Gesture>