<Gesture Name="caret" Subject="1" Number="1" NumPts="67" Millseconds="0" AppName="Gestures" AppVer="1.0" Date="Wednesday, March 01, 2023" TimeOfDay="19:16:15" ID="4"><Point X="127" Y="254" T="0" /><Point X="133" Y="232" T="0" /><Point X="137" Y="219" T="0" /><Point X="140" Y="209" T="0" /><Point X="148" Y="192" T="0" /><Point X="155" Y="170" T="0" /><Point X="162" Y="155" T="0" /><Point X="167" Y="145" T="0" /><Point X="170" Y="138" T="0" /><Point X="174" Y="132" T="0" /><Point X="178" Y="123" T="0" /><Point X="181" Y="116" T="0" /><Point X="185" Y="108" T="0" /><Point X="186" Y="103" T="0" /><Point X="188" Y="98" T="0" /><Point X="190" Y="95" T="0" /><Point X="193" Y="91" T="0" /><Point X="194" Y="88" T="0" /><Point X="196" Y="87" T="0" /><Point X="198" Y="83" T="0" /><Point X="201" Y="82" T="0" /><Point X="202" Y="79" T="0" /><Point X="203" Y="78" T="0" /><Point X="205" Y="75" T="0" /><Point X="206" Y="75" T="0" /><Point X="206" Y="76" T="0" /><Point X="206" Y="77" T="0" /><Point X="207" Y="79" T="0" /><Point X="209" Y="83" T="0" /><Point X="210" Y="88" T="0" /><Point X="210" Y="94" T="0" /><Point X="211" Y="98" T="0" /><Point X="212" Y="103" T="0" /><Point X="213" Y="107" T="0" /><Point X="214" Y="111" T="0" /><Point X="214" Y="115" T="0" /><Point X="215" Y="122" T="0" /><Point X="218" Y="132" T="0" /><Point X="221" Y="140" T="0" /><Point X="223" Y="147" T="0" /><Point X="225" Y="154" T="0" /><Point X="226" Y="161" T="0" /><Point X="229" Y="167" T="0" /><Point X="230" Y="174" T="0" /><Point X="233" Y="183" T="0" /><Point X="235" Y="189" T="0" /><Point X="238" Y="198" T="0" /><Point X="240" Y="205" T="0" /><Point X="242" Y="209" T="0" /><Point X="244" Y="215" T="0" /><Point X="246" Y="219" T="0" /><Point X="248" Y="224" T="0" /><Point X="250" Y="231" T="0" /><Point X="252" Y="235" T="0" /><Point X="254" Y="240" T="0" /><Point X="257" Y="245" T="0" /><Point X="258" Y="249" T="0" /><Point X="258" Y="252" T="0" /><Point X="259" Y="255" T="0" /><Point X="260" Y="257" T="0" /><Point X="261" Y="258" T="0" /><Point X="261" Y="259" T="0" /><Point X="261" Y="260" T="0" /><Point X="261" Y="262" T="0" /><Point X="261" Y="263" T="0" /><Point X="261" Y="264" T="0" /><Point X="261" Y="265" T="0" /></Gesture>