<Gesture Name="caret" Subject="1" Number="1" NumPts="45" Millseconds="0" AppName="Gestures" AppVer="1.0" Date="Wednesday, March 01, 2023" TimeOfDay="19:21:38" ID="10"><Point X="116" Y="265" T="0" /><Point X="122" Y="248" T="0" /><Point X="132" Y="223" T="0" /><Point X="135" Y="211" T="0" /><Point X="138" Y="203" T="0" /><Point X="139" Y="200" T="0" /><Point X="140" Y="198" T="0" /><Point X="140" Y="195" T="0" /><Point X="141" Y="194" T="0" /><Point X="142" Y="193" T="0" /><Point X="142" Y="192" T="0" /><Point X="142" Y="191" T="0" /><Point X="144" Y="192" T="0" /><Point X="148" Y="199" T="0" /><Point X="150" Y="206" T="0" /><Point X="154" Y="213" T="0" /><Point X="158" Y="220" T="0" /><Point X="161" Y="227" T="0" /><Point X="164" Y="233" T="0" /><Point X="168" Y="241" T="0" /><Point X="171" Y="247" T="0" /><Point X="174" Y="255" T="0" /><Point X="178" Y="262" T="0" /><Point X="179" Y="267" T="0" /><Point X="181" Y="271" T="0" /><Point X="182" Y="275" T="0" /><Point X="185" Y="277" T="0" /><Point X="187" Y="280" T="0" /><Point X="190" Y="283" T="0" /><Point X="196" Y="287" T="0" /><Point X="202" Y="291" T="0" /><Point X="210" Y="295" T="0" /><Point X="217" Y="301" T="0" /><Point X="222" Y="305" T="0" /><Point X="225" Y="307" T="0" /><Point X="227" Y="310" T="0" /><Point X="229" Y="311" T="0" /><Point X="230" Y="313" T="0" /><Point X="230" Y="314" T="0" /><Point X="232" Y="315" T="0" /><Point X="233" Y="315" T="0" /><Point X="233" Y="316" T="0" /><Point X="233" Y="317" T="0" /><Point X="233" Y="318" T="0" /><Point X="234" Y="318" T="0" /></Gesture>