<Gesture Name="caret" Subject="1" Number="1" NumPts="59" Millseconds="0" AppName="Gestures" AppVer="1.0" Date="Wednesday, March 01, 2023" TimeOfDay="19:19:26" ID="8"><Point X="126" Y="263" T="0" /><Point X="134" Y="250" T="0" /><Point X="145" Y="231" T="0" /><Point X="158" Y="203" T="0" /><Point X="167" Y="180" T="0" /><Point X="174" Y="167" T="0" /><Point X="180" Y="156" T="0" /><Point X="186" Y="145" T="0" /><Point X="192" Y="137" T="0" /><Point X="197" Y="128" T="0" /><Point X="200" Y="122" T="0" /><Point X="202" Y="119" T="0" /><Point X="204" Y="116" T="0" /><Point X="205" Y="115" T="0" /><Point X="206" Y="113" T="0" /><Point X="206" Y="112" T="0" /><Point X="207" Y="111" T="0" /><Point X="208" Y="111" T="0" /><Point X="208" Y="110" T="0" /><Point X="209" Y="109" T="0" /><Point X="210" Y="108" T="0" /><Point X="210" Y="109" T="0" /><Point X="210" Y="111" T="0" /><Point X="210" Y="115" T="0" /><Point X="210" Y="120" T="0" /><Point X="210" Y="124" T="0" /><Point X="210" Y="130" T="0" /><Point X="210" Y="134" T="0" /><Point X="210" Y="139" T="0" /><Point X="211" Y="146" T="0" /><Point X="212" Y="151" T="0" /><Point X="213" Y="161" T="0" /><Point X="214" Y="168" T="0" /><Point X="216" Y="174" T="0" /><Point X="218" Y="181" T="0" /><Point X="222" Y="188" T="0" /><Point X="225" Y="194" T="0" /><Point X="228" Y="202" T="0" /><Point X="231" Y="209" T="0" /><Point X="234" Y="216" T="0" /><Point X="235" Y="222" T="0" /><Point X="237" Y="227" T="0" /><Point X="238" Y="230" T="0" /><Point X="238" Y="234" T="0" /><Point X="240" Y="236" T="0" /><Point X="241" Y="239" T="0" /><Point X="242" Y="240" T="0" /><Point X="242" Y="241" T="0" /><Point X="243" Y="243" T="0" /><Point X="244" Y="244" T="0" /><Point X="244" Y="245" T="0" /><Point X="244" Y="247" T="0" /><Point X="244" Y="249" T="0" /><Point X="244" Y="250" T="0" /><Point X="245" Y="251" T="0" /><Point X="245" Y="253" T="0" /><Point X="245" Y="254" T="0" /><Point X="245" Y="255" T="0" /><Point X="245" Y="256" T="0" /></Gesture>