<Gesture Name="caret" Subject="1" Number="1" NumPts="59" Millseconds="0" AppName="Gestures" AppVer="1.0" Date="Wednesday, March 01, 2023" TimeOfDay="19:17:05" ID="5"><Point X="123" Y="251" T="0" /><Point X="130" Y="235" T="0" /><Point X="134" Y="227" T="0" /><Point X="138" Y="221" T="0" /><Point X="143" Y="214" T="0" /><Point X="147" Y="205" T="0" /><Point X="153" Y="197" T="0" /><Point X="157" Y="190" T="0" /><Point X="160" Y="183" T="0" /><Point X="162" Y="176" T="0" /><Point X="165" Y="173" T="0" /><Point X="166" Y="171" T="0" /><Point X="166" Y="169" T="0" /><Point X="166" Y="167" T="0" /><Point X="167" Y="166" T="0" /><Point X="168" Y="165" T="0" /><Point X="169" Y="165" T="0" /><Point X="169" Y="164" T="0" /><Point X="170" Y="163" T="0" /><Point X="171" Y="162" T="0" /><Point X="171" Y="161" T="0" /><Point X="172" Y="160" T="0" /><Point X="173" Y="160" T="0" /><Point X="174" Y="159" T="0" /><Point X="175" Y="155" T="0" /><Point X="176" Y="153" T="0" /><Point X="177" Y="152" T="0" /><Point X="178" Y="151" T="0" /><Point X="179" Y="150" T="0" /><Point X="179" Y="149" T="0" /><Point X="180" Y="149" T="0" /><Point X="181" Y="150" T="0" /><Point X="182" Y="151" T="0" /><Point X="183" Y="153" T="0" /><Point X="186" Y="158" T="0" /><Point X="190" Y="171" T="0" /><Point X="195" Y="184" T="0" /><Point X="198" Y="195" T="0" /><Point X="202" Y="205" T="0" /><Point X="206" Y="216" T="0" /><Point X="210" Y="230" T="0" /><Point X="213" Y="240" T="0" /><Point X="217" Y="247" T="0" /><Point X="219" Y="253" T="0" /><Point X="221" Y="258" T="0" /><Point X="222" Y="261" T="0" /><Point X="225" Y="266" T="0" /><Point X="226" Y="268" T="0" /><Point X="229" Y="271" T="0" /><Point X="230" Y="274" T="0" /><Point X="233" Y="275" T="0" /><Point X="234" Y="276" T="0" /><Point X="234" Y="278" T="0" /><Point X="235" Y="279" T="0" /><Point X="235" Y="280" T="0" /><Point X="236" Y="281" T="0" /><Point X="236" Y="282" T="0" /><Point X="236" Y="283" T="0" /><Point X="236" Y="284" T="0" /></Gesture>