<Gesture Name="caret" Subject="1" Number="1" NumPts="64" Millseconds="0" AppName="Gestures" AppVer="1.0" Date="Wednesday, March 01, 2023" TimeOfDay="19:14:32" ID="2"><Point X="143" Y="239" T="0" /><Point X="157" Y="220" T="0" /><Point X="166" Y="209" T="0" /><Point X="174" Y="195" T="0" /><Point X="185" Y="181" T="0" /><Point X="192" Y="168" T="0" /><Point X="196" Y="159" T="0" /><Point X="199" Y="154" T="0" /><Point X="202" Y="151" T="0" /><Point X="202" Y="149" T="0" /><Point X="203" Y="147" T="0" /><Point X="204" Y="146" T="0" /><Point X="206" Y="143" T="0" /><Point X="207" Y="140" T="0" /><Point X="210" Y="139" T="0" /><Point X="210" Y="137" T="0" /><Point X="212" Y="136" T="0" /><Point X="214" Y="131" T="0" /><Point X="218" Y="128" T="0" /><Point X="219" Y="126" T="0" /><Point X="220" Y="123" T="0" /><Point X="221" Y="123" T="0" /><Point X="222" Y="123" T="0" /><Point X="222" Y="124" T="0" /><Point X="222" Y="125" T="0" /><Point X="222" Y="126" T="0" /><Point X="222" Y="127" T="0" /><Point X="224" Y="128" T="0" /><Point X="225" Y="131" T="0" /><Point X="226" Y="136" T="0" /><Point X="229" Y="145" T="0" /><Point X="231" Y="156" T="0" /><Point X="234" Y="166" T="0" /><Point X="236" Y="173" T="0" /><Point X="238" Y="180" T="0" /><Point X="240" Y="190" T="0" /><Point X="245" Y="203" T="0" /><Point X="247" Y="215" T="0" /><Point X="249" Y="225" T="0" /><Point X="251" Y="232" T="0" /><Point X="253" Y="238" T="0" /><Point X="256" Y="243" T="0" /><Point X="257" Y="247" T="0" /><Point X="258" Y="250" T="0" /><Point X="259" Y="253" T="0" /><Point X="260" Y="256" T="0" /><Point X="261" Y="259" T="0" /><Point X="262" Y="260" T="0" /><Point X="263" Y="261" T="0" /><Point X="263" Y="263" T="0" /><Point X="263" Y="264" T="0" /><Point X="263" Y="265" T="0" /><Point X="263" Y="266" T="0" /><Point X="264" Y="266" T="0" /><Point X="265" Y="267" T="0" /><Point X="266" Y="270" T="0" /><Point X="266" Y="271" T="0" /><Point X="266" Y="272" T="0" /><Point X="267" Y="274" T="0" /><Point X="268" Y="275" T="0" /><Point X="270" Y="276" T="0" /><Point X="270" Y="277" T="0" /><Point X="270" Y="278" T="0" /><Point X="270" Y="279" T="0" /></Gesture>