<Gesture Name="caret" Subject="1" Number="1" NumPts="70" Millseconds="0" AppName="Gestures" AppVer="1.0" Date="Wednesday, March 01, 2023" TimeOfDay="19:20:11" ID="9"><Point X="132" Y="291" T="0" /><Point X="140" Y="280" T="0" /><Point X="146" Y="271" T="0" /><Point X="152" Y="262" T="0" /><Point X="158" Y="253" T="0" /><Point X="160" Y="247" T="0" /><Point X="164" Y="242" T="0" /><Point X="166" Y="237" T="0" /><Point X="167" Y="235" T="0" /><Point X="168" Y="233" T="0" /><Point X="169" Y="233" T="0" /><Point X="170" Y="232" T="0" /><Point X="170" Y="231" T="0" /><Point X="171" Y="231" T="0" /><Point X="173" Y="228" T="0" /><Point X="175" Y="226" T="0" /><Point X="178" Y="223" T="0" /><Point X="179" Y="223" T="0" /><Point X="179" Y="222" T="0" /><Point X="180" Y="221" T="0" /><Point X="181" Y="220" T="0" /><Point X="182" Y="219" T="0" /><Point X="184" Y="219" T="0" /><Point X="186" Y="218" T="0" /><Point X="188" Y="217" T="0" /><Point X="191" Y="215" T="0" /><Point X="192" Y="214" T="0" /><Point X="194" Y="212" T="0" /><Point X="195" Y="210" T="0" /><Point X="197" Y="209" T="0" /><Point X="198" Y="209" T="0" /><Point X="198" Y="208" T="0" /><Point X="199" Y="207" T="0" /><Point X="200" Y="207" T="0" /><Point X="201" Y="207" T="0" /><Point X="202" Y="208" T="0" /><Point X="202" Y="211" T="0" /><Point X="204" Y="211" T="0" /><Point X="205" Y="213" T="0" /><Point X="206" Y="215" T="0" /><Point X="208" Y="219" T="0" /><Point X="210" Y="224" T="0" /><Point X="215" Y="231" T="0" /><Point X="218" Y="239" T="0" /><Point X="221" Y="244" T="0" /><Point X="224" Y="251" T="0" /><Point X="226" Y="254" T="0" /><Point X="229" Y="259" T="0" /><Point X="230" Y="263" T="0" /><Point X="234" Y="269" T="0" /><Point X="236" Y="274" T="0" /><Point X="238" Y="279" T="0" /><Point X="240" Y="285" T="0" /><Point X="242" Y="291" T="0" /><Point X="243" Y="294" T="0" /><Point X="244" Y="299" T="0" /><Point X="245" Y="300" T="0" /><Point X="246" Y="303" T="0" /><Point X="247" Y="306" T="0" /><Point X="248" Y="308" T="0" /><Point X="249" Y="310" T="0" /><Point X="250" Y="311" T="0" /><Point X="251" Y="312" T="0" /><Point X="251" Y="313" T="0" /><Point X="251" Y="314" T="0" /><Point X="251" Y="315" T="0" /><Point X="251" Y="316" T="0" /><Point X="251" Y="317" T="0" /><Point X="251" Y="318" T="0" /><Point X="251" Y="319" T="0" /></Gesture>