<Gesture Name="caret" Subject="1" Number="1" NumPts="53" Millseconds="0" AppName="Gestures" AppVer="1.0" Date="Wednesday, March 01, 2023" TimeOfDay="19:15:27" ID="3"><Point X="120" Y="255" T="0" /><Point X="132" Y="239" T="0" /><Point X="141" Y="231" T="0" /><Point X="147" Y="222" T="0" /><Point X="153" Y="216" T="0" /><Point X="159" Y="208" T="0" /><Point X="165" Y="200" T="0" /><Point X="169" Y="193" T="0" /><Point X="173" Y="186" T="0" /><Point X="176" Y="179" T="0" /><Point X="179" Y="175" T="0" /><Point X="182" Y="170" T="0" /><Point X="186" Y="165" T="0" /><Point X="192" Y="158" T="0" /><Point X="196" Y="150" T="0" /><Point X="202" Y="142" T="0" /><Point X="205" Y="135" T="0" /><Point X="207" Y="129" T="0" /><Point X="209" Y="126" T="0" /><Point X="211" Y="123" T="0" /><Point X="212" Y="121" T="0" /><Point X="213" Y="120" T="0" /><Point X="214" Y="119" T="0" /><Point X="214" Y="118" T="0" /><Point X="214" Y="119" T="0" /><Point X="214" Y="120" T="0" /><Point X="215" Y="126" T="0" /><Point X="216" Y="132" T="0" /><Point X="217" Y="138" T="0" /><Point X="220" Y="149" T="0" /><Point X="221" Y="163" T="0" /><Point X="222" Y="181" T="0" /><Point X="222" Y="191" T="0" /><Point X="223" Y="203" T="0" /><Point X="225" Y="211" T="0" /><Point X="226" Y="223" T="0" /><Point X="226" Y="233" T="0" /><Point X="228" Y="243" T="0" /><Point X="230" Y="248" T="0" /><Point X="230" Y="253" T="0" /><Point X="231" Y="255" T="0" /><Point X="232" Y="256" T="0" /><Point X="232" Y="258" T="0" /><Point X="232" Y="259" T="0" /><Point X="232" Y="260" T="0" /><Point X="232" Y="261" T="0" /><Point X="232" Y="262" T="0" /><Point X="232" Y="263" T="0" /><Point X="232" Y="265" T="0" /><Point X="232" Y="266" T="0" /><Point X="233" Y="266" T="0" /><Point X="233" Y="267" T="0" /><Point X="233" Y="268" T="0" /></Gesture>