<Gesture Name="caret" Subject="1" Number="1" NumPts="76" Millseconds="0" AppName="Gestures" AppVer="1.0" Date="Wednesday, March 01, 2023" TimeOfDay="19:13:16" ID="1"><Point X="136" Y="227" T="0" /><Point X="140" Y="218" T="0" /><Point X="144" Y="212" T="0" /><Point X="147" Y="206" T="0" /><Point X="149" Y="203" T="0" /><Point X="150" Y="199" T="0" /><Point X="151" Y="197" T="0" /><Point X="152" Y="196" T="0" /><Point X="153" Y="194" T="0" /><Point X="154" Y="191" T="0" /><Point X="156" Y="189" T="0" /><Point X="158" Y="187" T="0" /><Point X="160" Y="183" T="0" /><Point X="162" Y="181" T="0" /><Point X="164" Y="179" T="0" /><Point X="166" Y="176" T="0" /><Point X="168" Y="172" T="0" /><Point X="170" Y="170" T="0" /><Point X="171" Y="167" T="0" /><Point X="173" Y="165" T="0" /><Point X="174" Y="163" T="0" /><Point X="176" Y="162" T="0" /><Point X="178" Y="159" T="0" /><Point X="179" Y="156" T="0" /><Point X="181" Y="154" T="0" /><Point X="182" Y="152" T="0" /><Point X="183" Y="151" T="0" /><Point X="184" Y="149" T="0" /><Point X="184" Y="148" T="0" /><Point X="185" Y="148" T="0" /><Point X="186" Y="147" T="0" /><Point X="186" Y="146" T="0" /><Point X="187" Y="147" T="0" /><Point X="189" Y="151" T="0" /><Point X="191" Y="155" T="0" /><Point X="193" Y="158" T="0" /><Point X="194" Y="164" T="0" /><Point X="198" Y="169" T="0" /><Point X="200" Y="175" T="0" /><Point X="202" Y="182" T="0" /><Point X="204" Y="186" T="0" /><Point X="206" Y="191" T="0" /><Point X="209" Y="194" T="0" /><Point X="210" Y="196" T="0" /><Point X="210" Y="199" T="0" /><Point X="211" Y="203" T="0" /><Point X="213" Y="205" T="0" /><Point X="214" Y="207" T="0" /><Point X="215" Y="210" T="0" /><Point X="216" Y="212" T="0" /><Point X="217" Y="215" T="0" /><Point X="218" Y="218" T="0" /><Point X="218" Y="219" T="0" /><Point X="219" Y="222" T="0" /><Point X="220" Y="223" T="0" /><Point X="220" Y="224" T="0" /><Point X="220" Y="225" T="0" /><Point X="220" Y="226" T="0" /><Point X="220" Y="227" T="0" /><Point X="220" Y="228" T="0" /><Point X="220" Y="229" T="0" /><Point X="220" Y="230" T="0" /><Point X="220" Y="231" T="0" /><Point X="221" Y="231" T="0" /><Point X="222" Y="232" T="0" /><Point X="222" Y="233" T="0" /><Point X="222" Y="234" T="0" /><Point X="223" Y="235" T="0" /><Point X="224" Y="235" T="0" /><Point X="224" Y="236" T="0" /><Point X="225" Y="237" T="0" /><Point X="225" Y="238" T="0" /><Point X="225" Y="239" T="0" /><Point X="226" Y="239" T="0" /><Point X="226" Y="240" T="0" /><Point X="226" Y="241" T="0" /></Gesture>