<Gesture Name="check" Subject="1" Number="1" NumPts="53" Millseconds="0" AppName="Gestures" AppVer="1.0" Date="Wednesday, March 01, 2023" TimeOfDay="19:16:13" ID="4"><Point X="103" Y="219" T="0" /><Point X="109" Y="228" T="0" /><Point X="112" Y="238" T="0" /><Point X="116" Y="245" T="0" /><Point X="118" Y="252" T="0" /><Point X="120" Y="258" T="0" /><Point X="122" Y="261" T="0" /><Point X="123" Y="266" T="0" /><Point X="124" Y="268" T="0" /><Point X="126" Y="270" T="0" /><Point X="126" Y="273" T="0" /><Point X="127" Y="275" T="0" /><Point X="128" Y="278" T="0" /><Point X="129" Y="281" T="0" /><Point X="130" Y="283" T="0" /><Point X="130" Y="285" T="0" /><Point X="130" Y="287" T="0" /><Point X="131" Y="289" T="0" /><Point X="131" Y="290" T="0" /><Point X="131" Y="291" T="0" /><Point X="131" Y="292" T="0" /><Point X="131" Y="293" T="0" /><Point X="131" Y="294" T="0" /><Point X="131" Y="295" T="0" /><Point X="133" Y="295" T="0" /><Point X="134" Y="295" T="0" /><Point X="136" Y="293" T="0" /><Point X="138" Y="291" T="0" /><Point X="142" Y="287" T="0" /><Point X="145" Y="281" T="0" /><Point X="149" Y="274" T="0" /><Point X="155" Y="263" T="0" /><Point X="163" Y="248" T="0" /><Point X="169" Y="236" T="0" /><Point X="175" Y="226" T="0" /><Point X="181" Y="215" T="0" /><Point X="190" Y="200" T="0" /><Point X="199" Y="182" T="0" /><Point X="205" Y="171" T="0" /><Point X="210" Y="163" T="0" /><Point X="214" Y="155" T="0" /><Point X="221" Y="149" T="0" /><Point X="226" Y="143" T="0" /><Point X="232" Y="136" T="0" /><Point X="235" Y="133" T="0" /><Point X="238" Y="131" T="0" /><Point X="241" Y="128" T="0" /><Point X="242" Y="127" T="0" /><Point X="244" Y="125" T="0" /><Point X="246" Y="124" T="0" /><Point X="246" Y="123" T="0" /><Point X="247" Y="123" T="0" /><Point X="248" Y="123" T="0" /></Gesture>