<Gesture Name="check" Subject="1" Number="1" NumPts="46" Millseconds="0" AppName="Gestures" AppVer="1.0" Date="Wednesday, March 01, 2023" TimeOfDay="19:14:29" ID="2"><Point X="110" Y="260" T="0" /><Point X="114" Y="264" T="0" /><Point X="118" Y="269" T="0" /><Point X="122" Y="272" T="0" /><Point X="127" Y="276" T="0" /><Point X="130" Y="279" T="0" /><Point X="131" Y="281" T="0" /><Point X="135" Y="285" T="0" /><Point X="138" Y="287" T="0" /><Point X="140" Y="289" T="0" /><Point X="142" Y="293" T="0" /><Point X="144" Y="294" T="0" /><Point X="145" Y="295" T="0" /><Point X="145" Y="297" T="0" /><Point X="146" Y="298" T="0" /><Point X="147" Y="299" T="0" /><Point X="147" Y="300" T="0" /><Point X="147" Y="301" T="0" /><Point X="147" Y="302" T="0" /><Point X="147" Y="303" T="0" /><Point X="149" Y="303" T="0" /><Point X="150" Y="304" T="0" /><Point X="151" Y="304" T="0" /><Point X="152" Y="304" T="0" /><Point X="154" Y="304" T="0" /><Point X="159" Y="299" T="0" /><Point X="168" Y="290" T="0" /><Point X="185" Y="268" T="0" /><Point X="210" Y="228" T="0" /><Point X="225" Y="203" T="0" /><Point X="245" Y="169" T="0" /><Point X="270" Y="129" T="0" /><Point X="282" Y="107" T="0" /><Point X="292" Y="94" T="0" /><Point X="303" Y="75" T="0" /><Point X="311" Y="57" T="0" /><Point X="317" Y="47" T="0" /><Point X="321" Y="40" T="0" /><Point X="325" Y="36" T="0" /><Point X="327" Y="33" T="0" /><Point X="329" Y="31" T="0" /><Point X="330" Y="31" T="0" /><Point X="331" Y="30" T="0" /><Point X="332" Y="30" T="0" /><Point X="333" Y="30" T="0" /><Point X="334" Y="30" T="0" /></Gesture>