<Gesture Name="check" Subject="1" Number="1" NumPts="43" Millseconds="0" AppName="Gestures" AppVer="1.0" Date="Wednesday, March 01, 2023" TimeOfDay="19:15:25" ID="3"><Point X="81" Y="255" T="0" /><Point X="87" Y="263" T="0" /><Point X="93" Y="268" T="0" /><Point X="99" Y="276" T="0" /><Point X="104" Y="283" T="0" /><Point X="109" Y="289" T="0" /><Point X="112" Y="296" T="0" /><Point X="116" Y="303" T="0" /><Point X="118" Y="307" T="0" /><Point X="119" Y="309" T="0" /><Point X="120" Y="312" T="0" /><Point X="121" Y="314" T="0" /><Point X="122" Y="315" T="0" /><Point X="122" Y="316" T="0" /><Point X="123" Y="318" T="0" /><Point X="123" Y="319" T="0" /><Point X="124" Y="319" T="0" /><Point X="124" Y="320" T="0" /><Point X="125" Y="321" T="0" /><Point X="125" Y="322" T="0" /><Point X="125" Y="323" T="0" /><Point X="126" Y="323" T="0" /><Point X="128" Y="323" T="0" /><Point X="132" Y="318" T="0" /><Point X="140" Y="307" T="0" /><Point X="150" Y="294" T="0" /><Point X="161" Y="277" T="0" /><Point X="178" Y="235" T="0" /><Point X="191" Y="207" T="0" /><Point X="202" Y="181" T="0" /><Point X="221" Y="147" T="0" /><Point X="235" Y="123" T="0" /><Point X="244" Y="107" T="0" /><Point X="249" Y="99" T="0" /><Point X="254" Y="92" T="0" /><Point X="258" Y="85" T="0" /><Point X="262" Y="80" T="0" /><Point X="264" Y="77" T="0" /><Point X="266" Y="75" T="0" /><Point X="267" Y="73" T="0" /><Point X="270" Y="72" T="0" /><Point X="270" Y="71" T="0" /><Point X="271" Y="71" T="0" /></Gesture>