<Gesture Name="check" Subject="1" Number="1" NumPts="64" Millseconds="0" AppName="Gestures" AppVer="1.0" Date="Wednesday, March 01, 2023" TimeOfDay="19:21:36" ID="10"><Point X="122" Y="220" T="0" /><Point X="122" Y="223" T="0" /><Point X="124" Y="226" T="0" /><Point X="128" Y="230" T="0" /><Point X="130" Y="232" T="0" /><Point X="131" Y="234" T="0" /><Point X="133" Y="239" T="0" /><Point X="135" Y="241" T="0" /><Point X="136" Y="243" T="0" /><Point X="137" Y="246" T="0" /><Point X="137" Y="247" T="0" /><Point X="138" Y="248" T="0" /><Point X="138" Y="250" T="0" /><Point X="139" Y="252" T="0" /><Point X="140" Y="254" T="0" /><Point X="142" Y="255" T="0" /><Point X="142" Y="256" T="0" /><Point X="143" Y="259" T="0" /><Point X="145" Y="260" T="0" /><Point X="146" Y="262" T="0" /><Point X="149" Y="263" T="0" /><Point X="150" Y="266" T="0" /><Point X="151" Y="267" T="0" /><Point X="151" Y="270" T="0" /><Point X="152" Y="271" T="0" /><Point X="153" Y="272" T="0" /><Point X="154" Y="275" T="0" /><Point X="155" Y="275" T="0" /><Point X="155" Y="276" T="0" /><Point X="155" Y="277" T="0" /><Point X="156" Y="277" T="0" /><Point X="157" Y="277" T="0" /><Point X="158" Y="277" T="0" /><Point X="161" Y="276" T="0" /><Point X="164" Y="275" T="0" /><Point X="166" Y="271" T="0" /><Point X="173" Y="265" T="0" /><Point X="181" Y="252" T="0" /><Point X="191" Y="238" T="0" /><Point X="200" Y="227" T="0" /><Point X="208" Y="219" T="0" /><Point X="214" Y="211" T="0" /><Point X="220" Y="205" T="0" /><Point X="226" Y="197" T="0" /><Point X="232" Y="191" T="0" /><Point X="237" Y="186" T="0" /><Point X="242" Y="181" T="0" /><Point X="246" Y="177" T="0" /><Point X="254" Y="171" T="0" /><Point X="260" Y="169" T="0" /><Point X="265" Y="166" T="0" /><Point X="269" Y="164" T="0" /><Point X="273" Y="162" T="0" /><Point X="274" Y="160" T="0" /><Point X="278" Y="159" T="0" /><Point X="280" Y="157" T="0" /><Point X="282" Y="155" T="0" /><Point X="286" Y="155" T="0" /><Point X="288" Y="153" T="0" /><Point X="290" Y="152" T="0" /><Point X="292" Y="151" T="0" /><Point X="294" Y="151" T="0" /><Point X="295" Y="151" T="0" /><Point X="296" Y="151" T="0" /></Gesture>