<Gesture Name="check" Subject="1" Number="1" NumPts="47" Millseconds="0" AppName="Gestures" AppVer="1.0" Date="Wednesday, March 01, 2023" TimeOfDay="19:17:03" ID="5"><Point X="61" Y="228" T="0" /><Point X="64" Y="235" T="0" /><Point X="68" Y="243" T="0" /><Point X="70" Y="247" T="0" /><Point X="74" Y="252" T="0" /><Point X="77" Y="255" T="0" /><Point X="80" Y="262" T="0" /><Point X="82" Y="267" T="0" /><Point X="87" Y="274" T="0" /><Point X="90" Y="278" T="0" /><Point X="91" Y="283" T="0" /><Point X="93" Y="285" T="0" /><Point X="94" Y="287" T="0" /><Point X="95" Y="289" T="0" /><Point X="96" Y="291" T="0" /><Point X="96" Y="292" T="0" /><Point X="96" Y="293" T="0" /><Point X="97" Y="294" T="0" /><Point X="97" Y="295" T="0" /><Point X="97" Y="296" T="0" /><Point X="98" Y="296" T="0" /><Point X="99" Y="296" T="0" /><Point X="101" Y="296" T="0" /><Point X="102" Y="296" T="0" /><Point X="104" Y="295" T="0" /><Point X="106" Y="292" T="0" /><Point X="111" Y="288" T="0" /><Point X="117" Y="281" T="0" /><Point X="124" Y="273" T="0" /><Point X="133" Y="264" T="0" /><Point X="145" Y="247" T="0" /><Point X="158" Y="221" T="0" /><Point X="166" Y="207" T="0" /><Point X="177" Y="194" T="0" /><Point X="193" Y="169" T="0" /><Point X="208" Y="149" T="0" /><Point X="218" Y="138" T="0" /><Point X="223" Y="129" T="0" /><Point X="228" Y="124" T="0" /><Point X="233" Y="120" T="0" /><Point X="238" Y="117" T="0" /><Point X="241" Y="114" T="0" /><Point X="244" Y="112" T="0" /><Point X="248" Y="111" T="0" /><Point X="249" Y="110" T="0" /><Point X="250" Y="109" T="0" /><Point X="251" Y="109" T="0" /></Gesture>