<Gesture Name="check" Subject="1" Number="1" NumPts="51" Millseconds="0" AppName="Gestures" AppVer="1.0" Date="Wednesday, March 01, 2023" TimeOfDay="19:17:48" ID="6"><Point X="100" Y="238" T="0" /><Point X="102" Y="243" T="0" /><Point X="104" Y="251" T="0" /><Point X="107" Y="255" T="0" /><Point X="109" Y="260" T="0" /><Point X="110" Y="263" T="0" /><Point X="110" Y="266" T="0" /><Point X="111" Y="268" T="0" /><Point X="112" Y="271" T="0" /><Point X="113" Y="273" T="0" /><Point X="114" Y="274" T="0" /><Point X="114" Y="275" T="0" /><Point X="114" Y="277" T="0" /><Point X="114" Y="278" T="0" /><Point X="114" Y="279" T="0" /><Point X="114" Y="280" T="0" /><Point X="114" Y="281" T="0" /><Point X="114" Y="282" T="0" /><Point X="115" Y="283" T="0" /><Point X="115" Y="284" T="0" /><Point X="116" Y="286" T="0" /><Point X="117" Y="287" T="0" /><Point X="118" Y="288" T="0" /><Point X="118" Y="289" T="0" /><Point X="119" Y="290" T="0" /><Point X="119" Y="291" T="0" /><Point X="119" Y="292" T="0" /><Point X="119" Y="293" T="0" /><Point X="120" Y="294" T="0" /><Point X="121" Y="294" T="0" /><Point X="122" Y="294" T="0" /><Point X="125" Y="294" T="0" /><Point X="129" Y="292" T="0" /><Point X="135" Y="286" T="0" /><Point X="144" Y="279" T="0" /><Point X="155" Y="269" T="0" /><Point X="171" Y="254" T="0" /><Point X="191" Y="226" T="0" /><Point X="209" Y="206" T="0" /><Point X="222" Y="191" T="0" /><Point X="246" Y="167" T="0" /><Point X="265" Y="147" T="0" /><Point X="278" Y="132" T="0" /><Point X="288" Y="124" T="0" /><Point X="300" Y="115" T="0" /><Point X="308" Y="111" T="0" /><Point X="313" Y="107" T="0" /><Point X="318" Y="105" T="0" /><Point X="319" Y="104" T="0" /><Point X="321" Y="103" T="0" /><Point X="322" Y="103" T="0" /></Gesture>