<Gesture Name="check" Subject="1" Number="1" NumPts="61" Millseconds="0" AppName="Gestures" AppVer="1.0" Date="Wednesday, March 01, 2023" TimeOfDay="19:13:12" ID="1"><Point X="118" Y="205" T="0" /><Point X="120" Y="211" T="0" /><Point X="121" Y="215" T="0" /><Point X="122" Y="219" T="0" /><Point X="122" Y="223" T="0" /><Point X="123" Y="227" T="0" /><Point X="124" Y="229" T="0" /><Point X="125" Y="231" T="0" /><Point X="126" Y="234" T="0" /><Point X="126" Y="235" T="0" /><Point X="126" Y="236" T="0" /><Point X="126" Y="238" T="0" /><Point X="127" Y="239" T="0" /><Point X="127" Y="241" T="0" /><Point X="128" Y="243" T="0" /><Point X="129" Y="243" T="0" /><Point X="130" Y="245" T="0" /><Point X="130" Y="247" T="0" /><Point X="131" Y="249" T="0" /><Point X="131" Y="251" T="0" /><Point X="132" Y="252" T="0" /><Point X="133" Y="255" T="0" /><Point X="134" Y="256" T="0" /><Point X="134" Y="257" T="0" /><Point X="134" Y="258" T="0" /><Point X="134" Y="259" T="0" /><Point X="134" Y="261" T="0" /><Point X="134" Y="262" T="0" /><Point X="135" Y="262" T="0" /><Point X="136" Y="262" T="0" /><Point X="138" Y="261" T="0" /><Point X="140" Y="258" T="0" /><Point X="146" Y="254" T="0" /><Point X="152" Y="247" T="0" /><Point X="157" Y="243" T="0" /><Point X="166" Y="233" T="0" /><Point X="176" Y="219" T="0" /><Point X="183" Y="208" T="0" /><Point X="193" Y="198" T="0" /><Point X="201" Y="191" T="0" /><Point X="209" Y="185" T="0" /><Point X="215" Y="178" T="0" /><Point X="224" Y="167" T="0" /><Point X="233" Y="158" T="0" /><Point X="239" Y="151" T="0" /><Point X="246" Y="143" T="0" /><Point X="254" Y="136" T="0" /><Point X="259" Y="132" T="0" /><Point X="262" Y="130" T="0" /><Point X="265" Y="128" T="0" /><Point X="267" Y="127" T="0" /><Point X="268" Y="127" T="0" /><Point X="270" Y="126" T="0" /><Point X="272" Y="125" T="0" /><Point X="272" Y="124" T="0" /><Point X="273" Y="123" T="0" /><Point X="274" Y="123" T="0" /><Point X="274" Y="122" T="0" /><Point X="274" Y="121" T="0" /><Point X="276" Y="121" T="0" /><Point X="277" Y="121" T="0" /></Gesture>