<Gesture Name="check" Subject="1" Number="1" NumPts="46" Millseconds="0" AppName="Gestures" AppVer="1.0" Date="Wednesday, March 01, 2023" TimeOfDay="19:18:42" ID="7"><Point X="83" Y="218" T="0" /><Point X="88" Y="227" T="0" /><Point X="93" Y="238" T="0" /><Point X="96" Y="243" T="0" /><Point X="99" Y="249" T="0" /><Point X="102" Y="253" T="0" /><Point X="103" Y="257" T="0" /><Point X="105" Y="261" T="0" /><Point X="106" Y="264" T="0" /><Point X="107" Y="267" T="0" /><Point X="108" Y="269" T="0" /><Point X="110" Y="271" T="0" /><Point X="110" Y="273" T="0" /><Point X="111" Y="275" T="0" /><Point X="111" Y="276" T="0" /><Point X="112" Y="277" T="0" /><Point X="112" Y="278" T="0" /><Point X="112" Y="279" T="0" /><Point X="113" Y="279" T="0" /><Point X="114" Y="279" T="0" /><Point X="116" Y="277" T="0" /><Point X="120" Y="275" T="0" /><Point X="125" Y="268" T="0" /><Point X="134" Y="259" T="0" /><Point X="149" Y="240" T="0" /><Point X="165" Y="219" T="0" /><Point X="176" Y="202" T="0" /><Point X="190" Y="178" T="0" /><Point X="204" Y="156" T="0" /><Point X="217" Y="139" T="0" /><Point X="223" Y="129" T="0" /><Point X="230" Y="123" T="0" /><Point X="236" Y="117" T="0" /><Point X="239" Y="113" T="0" /><Point X="243" Y="110" T="0" /><Point X="248" Y="106" T="0" /><Point X="250" Y="104" T="0" /><Point X="252" Y="103" T="0" /><Point X="255" Y="101" T="0" /><Point X="257" Y="99" T="0" /><Point X="258" Y="99" T="0" /><Point X="260" Y="99" T="0" /><Point X="261" Y="98" T="0" /><Point X="262" Y="97" T="0" /><Point X="263" Y="96" T="0" /><Point X="264" Y="96" T="0" /></Gesture>