<Gesture Name="check" Subject="1" Number="1" NumPts="51" Millseconds="0" AppName="Gestures" AppVer="1.0" Date="Wednesday, March 01, 2023" TimeOfDay="19:19:24" ID="8"><Point X="122" Y="241" T="0" /><Point X="133" Y="250" T="0" /><Point X="142" Y="258" T="0" /><Point X="151" Y="266" T="0" /><Point X="160" Y="275" T="0" /><Point X="168" Y="286" T="0" /><Point X="178" Y="297" T="0" /><Point X="185" Y="307" T="0" /><Point X="190" Y="315" T="0" /><Point X="196" Y="323" T="0" /><Point X="198" Y="329" T="0" /><Point X="202" Y="336" T="0" /><Point X="203" Y="339" T="0" /><Point X="204" Y="345" T="0" /><Point X="205" Y="348" T="0" /><Point X="206" Y="351" T="0" /><Point X="206" Y="352" T="0" /><Point X="206" Y="353" T="0" /><Point X="206" Y="354" T="0" /><Point X="206" Y="355" T="0" /><Point X="206" Y="356" T="0" /><Point X="206" Y="355" T="0" /><Point X="206" Y="354" T="0" /><Point X="206" Y="351" T="0" /><Point X="206" Y="348" T="0" /><Point X="206" Y="346" T="0" /><Point X="206" Y="340" T="0" /><Point X="207" Y="335" T="0" /><Point X="208" Y="327" T="0" /><Point X="209" Y="317" T="0" /><Point X="211" Y="307" T="0" /><Point X="213" Y="298" T="0" /><Point X="215" Y="288" T="0" /><Point X="218" Y="276" T="0" /><Point X="221" Y="263" T="0" /><Point X="226" Y="251" T="0" /><Point X="230" Y="241" T="0" /><Point X="235" Y="232" T="0" /><Point X="242" Y="219" T="0" /><Point X="249" Y="208" T="0" /><Point X="254" Y="199" T="0" /><Point X="259" Y="191" T="0" /><Point X="262" Y="187" T="0" /><Point X="264" Y="184" T="0" /><Point X="266" Y="181" T="0" /><Point X="267" Y="179" T="0" /><Point X="268" Y="179" T="0" /><Point X="269" Y="179" T="0" /><Point X="270" Y="178" T="0" /><Point X="270" Y="177" T="0" /><Point X="270" Y="176" T="0" /></Gesture>