<Gesture Name="check" Subject="1" Number="1" NumPts="43" Millseconds="0" AppName="Gestures" AppVer="1.0" Date="Wednesday, March 01, 2023" TimeOfDay="19:20:09" ID="9"><Point X="113" Y="215" T="0" /><Point X="119" Y="225" T="0" /><Point X="125" Y="235" T="0" /><Point X="130" Y="243" T="0" /><Point X="134" Y="250" T="0" /><Point X="135" Y="255" T="0" /><Point X="138" Y="259" T="0" /><Point X="139" Y="262" T="0" /><Point X="140" Y="264" T="0" /><Point X="141" Y="266" T="0" /><Point X="142" Y="267" T="0" /><Point X="142" Y="268" T="0" /><Point X="142" Y="269" T="0" /><Point X="142" Y="270" T="0" /><Point X="142" Y="271" T="0" /><Point X="142" Y="272" T="0" /><Point X="142" Y="273" T="0" /><Point X="142" Y="274" T="0" /><Point X="143" Y="274" T="0" /><Point X="145" Y="274" T="0" /><Point X="146" Y="274" T="0" /><Point X="148" Y="274" T="0" /><Point X="152" Y="273" T="0" /><Point X="157" Y="269" T="0" /><Point X="166" Y="263" T="0" /><Point X="174" Y="255" T="0" /><Point X="186" Y="239" T="0" /><Point X="199" Y="224" T="0" /><Point X="220" Y="203" T="0" /><Point X="243" Y="175" T="0" /><Point X="262" Y="151" T="0" /><Point X="273" Y="136" T="0" /><Point X="284" Y="124" T="0" /><Point X="298" Y="109" T="0" /><Point X="307" Y="99" T="0" /><Point X="314" Y="90" T="0" /><Point X="321" Y="85" T="0" /><Point X="324" Y="83" T="0" /><Point X="327" Y="80" T="0" /><Point X="330" Y="79" T="0" /><Point X="330" Y="78" T="0" /><Point X="331" Y="77" T="0" /><Point X="332" Y="77" T="0" /></Gesture>