<Gesture Name="circle" Subject="1" Number="1" NumPts="159" Millseconds="0" AppName="Gestures" AppVer="1.0" Date="Wednesday, March 01, 2023" TimeOfDay="19:16:10" ID="4"><Point X="202" Y="83" T="0" /><Point X="198" Y="83" T="0" /><Point X="196" Y="84" T="0" /><Point X="194" Y="85" T="0" /><Point X="191" Y="85" T="0" /><Point X="190" Y="86" T="0" /><Point X="188" Y="87" T="0" /><Point X="187" Y="87" T="0" /><Point X="184" Y="89" T="0" /><Point X="182" Y="90" T="0" /><Point X="179" Y="91" T="0" /><Point X="177" Y="91" T="0" /><Point X="175" Y="93" T="0" /><Point X="173" Y="95" T="0" /><Point X="169" Y="99" T="0" /><Point X="166" Y="104" T="0" /><Point X="162" Y="115" T="0" /><Point X="160" Y="121" T="0" /><Point X="157" Y="126" T="0" /><Point X="155" Y="131" T="0" /><Point X="154" Y="136" T="0" /><Point X="154" Y="140" T="0" /><Point X="153" Y="145" T="0" /><Point X="152" Y="149" T="0" /><Point X="151" Y="151" T="0" /><Point X="151" Y="152" T="0" /><Point X="151" Y="155" T="0" /><Point X="151" Y="156" T="0" /><Point X="151" Y="157" T="0" /><Point X="151" Y="159" T="0" /><Point X="151" Y="163" T="0" /><Point X="151" Y="167" T="0" /><Point X="151" Y="169" T="0" /><Point X="151" Y="171" T="0" /><Point X="151" Y="174" T="0" /><Point X="152" Y="178" T="0" /><Point X="153" Y="181" T="0" /><Point X="154" Y="185" T="0" /><Point X="154" Y="188" T="0" /><Point X="155" Y="193" T="0" /><Point X="157" Y="196" T="0" /><Point X="159" Y="202" T="0" /><Point X="162" Y="205" T="0" /><Point X="165" Y="209" T="0" /><Point X="169" Y="214" T="0" /><Point X="172" Y="216" T="0" /><Point X="176" Y="220" T="0" /><Point X="181" Y="223" T="0" /><Point X="185" Y="226" T="0" /><Point X="192" Y="227" T="0" /><Point X="199" Y="230" T="0" /><Point X="205" Y="231" T="0" /><Point X="212" Y="231" T="0" /><Point X="218" Y="232" T="0" /><Point X="222" Y="232" T="0" /><Point X="226" Y="232" T="0" /><Point X="230" Y="232" T="0" /><Point X="234" Y="232" T="0" /><Point X="238" Y="232" T="0" /><Point X="244" Y="231" T="0" /><Point X="248" Y="231" T="0" /><Point X="253" Y="229" T="0" /><Point X="257" Y="227" T="0" /><Point X="262" Y="226" T="0" /><Point X="265" Y="224" T="0" /><Point X="268" Y="223" T="0" /><Point X="270" Y="220" T="0" /><Point X="273" Y="218" T="0" /><Point X="275" Y="215" T="0" /><Point X="278" Y="212" T="0" /><Point X="280" Y="210" T="0" /><Point X="282" Y="207" T="0" /><Point X="283" Y="202" T="0" /><Point X="286" Y="200" T="0" /><Point X="287" Y="198" T="0" /><Point X="289" Y="195" T="0" /><Point X="290" Y="191" T="0" /><Point X="294" Y="187" T="0" /><Point X="294" Y="184" T="0" /><Point X="295" Y="182" T="0" /><Point X="295" Y="179" T="0" /><Point X="295" Y="177" T="0" /><Point X="295" Y="174" T="0" /><Point X="295" Y="170" T="0" /><Point X="295" Y="167" T="0" /><Point X="295" Y="163" T="0" /><Point X="295" Y="162" T="0" /><Point X="295" Y="159" T="0" /><Point X="295" Y="155" T="0" /><Point X="294" Y="152" T="0" /><Point X="292" Y="148" T="0" /><Point X="290" Y="143" T="0" /><Point X="290" Y="138" T="0" /><Point X="289" Y="135" T="0" /><Point X="288" Y="132" T="0" /><Point X="287" Y="129" T="0" /><Point X="286" Y="128" T="0" /><Point X="286" Y="126" T="0" /><Point X="284" Y="123" T="0" /><Point X="283" Y="121" T="0" /><Point X="282" Y="120" T="0" /><Point X="281" Y="119" T="0" /><Point X="279" Y="116" T="0" /><Point X="277" Y="115" T="0" /><Point X="275" Y="113" T="0" /><Point X="274" Y="111" T="0" /><Point X="273" Y="111" T="0" /><Point X="271" Y="111" T="0" /><Point X="269" Y="109" T="0" /><Point X="268" Y="108" T="0" /><Point X="266" Y="107" T="0" /><Point X="265" Y="107" T="0" /><Point X="264" Y="107" T="0" /><Point X="262" Y="106" T="0" /><Point X="260" Y="105" T="0" /><Point X="258" Y="104" T="0" /><Point X="258" Y="103" T="0" /><Point X="256" Y="103" T="0" /><Point X="254" Y="101" T="0" /><Point X="252" Y="100" T="0" /><Point X="250" Y="99" T="0" /><Point X="248" Y="99" T="0" /><Point X="247" Y="98" T="0" /><Point X="246" Y="97" T="0" /><Point X="243" Y="96" T="0" /><Point X="240" Y="96" T="0" /><Point X="238" Y="95" T="0" /><Point X="236" Y="95" T="0" /><Point X="233" Y="95" T="0" /><Point X="230" Y="95" T="0" /><Point X="229" Y="94" T="0" /><Point X="226" Y="93" T="0" /><Point X="224" Y="92" T="0" /><Point X="222" Y="91" T="0" /><Point X="219" Y="90" T="0" /><Point X="218" Y="88" T="0" /><Point X="217" Y="88" T="0" /><Point X="215" Y="88" T="0" /><Point X="213" Y="87" T="0" /><Point X="210" Y="87" T="0" /><Point X="209" Y="86" T="0" /><Point X="206" Y="85" T="0" /><Point X="203" Y="84" T="0" /><Point X="201" Y="83" T="0" /><Point X="199" Y="83" T="0" /><Point X="197" Y="83" T="0" /><Point X="195" Y="83" T="0" /><Point X="194" Y="83" T="0" /><Point X="193" Y="83" T="0" /><Point X="191" Y="83" T="0" /><Point X="190" Y="83" T="0" /><Point X="189" Y="83" T="0" /><Point X="188" Y="83" T="0" /><Point X="187" Y="83" T="0" /><Point X="186" Y="83" T="0" /><Point X="185" Y="83" T="0" /><Point X="184" Y="83" T="0" /><Point X="183" Y="83" T="0" /><Point X="182" Y="83" T="0" /></Gesture>