<Gesture Name="circle" Subject="1" Number="1" NumPts="145" Millseconds="0" AppName="Gestures" AppVer="1.0" Date="Wednesday, March 01, 2023" TimeOfDay="19:15:23" ID="3"><Point X="202" Y="128" T="0" /><Point X="194" Y="129" T="0" /><Point X="186" Y="130" T="0" /><Point X="181" Y="131" T="0" /><Point X="174" Y="132" T="0" /><Point X="170" Y="133" T="0" /><Point X="166" Y="134" T="0" /><Point X="162" Y="134" T="0" /><Point X="159" Y="135" T="0" /><Point X="157" Y="135" T="0" /><Point X="156" Y="135" T="0" /><Point X="154" Y="136" T="0" /><Point X="152" Y="137" T="0" /><Point X="150" Y="138" T="0" /><Point X="150" Y="139" T="0" /><Point X="148" Y="139" T="0" /><Point X="146" Y="140" T="0" /><Point X="143" Y="141" T="0" /><Point X="142" Y="142" T="0" /><Point X="141" Y="143" T="0" /><Point X="138" Y="147" T="0" /><Point X="134" Y="151" T="0" /><Point X="131" Y="158" T="0" /><Point X="130" Y="165" T="0" /><Point X="126" Y="171" T="0" /><Point X="126" Y="177" T="0" /><Point X="125" Y="179" T="0" /><Point X="124" Y="185" T="0" /><Point X="123" Y="191" T="0" /><Point X="123" Y="200" T="0" /><Point X="123" Y="208" T="0" /><Point X="123" Y="215" T="0" /><Point X="124" Y="219" T="0" /><Point X="126" Y="224" T="0" /><Point X="129" Y="227" T="0" /><Point X="130" Y="232" T="0" /><Point X="132" Y="235" T="0" /><Point X="134" Y="239" T="0" /><Point X="139" Y="243" T="0" /><Point X="144" Y="249" T="0" /><Point X="152" Y="255" T="0" /><Point X="161" Y="262" T="0" /><Point X="166" Y="266" T="0" /><Point X="174" Y="269" T="0" /><Point X="180" Y="273" T="0" /><Point X="184" Y="275" T="0" /><Point X="191" Y="276" T="0" /><Point X="199" Y="278" T="0" /><Point X="207" Y="278" T="0" /><Point X="217" Y="278" T="0" /><Point X="226" Y="277" T="0" /><Point X="234" Y="276" T="0" /><Point X="242" Y="274" T="0" /><Point X="249" Y="271" T="0" /><Point X="257" Y="268" T="0" /><Point X="264" Y="265" T="0" /><Point X="273" Y="262" T="0" /><Point X="278" Y="259" T="0" /><Point X="284" Y="257" T="0" /><Point X="287" Y="255" T="0" /><Point X="292" Y="254" T="0" /><Point X="294" Y="251" T="0" /><Point X="297" Y="250" T="0" /><Point X="299" Y="249" T="0" /><Point X="302" Y="247" T="0" /><Point X="303" Y="246" T="0" /><Point X="306" Y="243" T="0" /><Point X="310" Y="237" T="0" /><Point X="315" Y="228" T="0" /><Point X="319" Y="221" T="0" /><Point X="321" Y="216" T="0" /><Point X="322" Y="212" T="0" /><Point X="322" Y="209" T="0" /><Point X="323" Y="207" T="0" /><Point X="323" Y="203" T="0" /><Point X="323" Y="202" T="0" /><Point X="323" Y="200" T="0" /><Point X="323" Y="197" T="0" /><Point X="322" Y="195" T="0" /><Point X="322" Y="194" T="0" /><Point X="321" Y="191" T="0" /><Point X="320" Y="188" T="0" /><Point X="318" Y="185" T="0" /><Point X="316" Y="180" T="0" /><Point X="314" Y="177" T="0" /><Point X="313" Y="173" T="0" /><Point X="311" Y="171" T="0" /><Point X="309" Y="167" T="0" /><Point X="307" Y="164" T="0" /><Point X="306" Y="163" T="0" /><Point X="304" Y="161" T="0" /><Point X="302" Y="159" T="0" /><Point X="300" Y="157" T="0" /><Point X="299" Y="157" T="0" /><Point X="298" Y="155" T="0" /><Point X="295" Y="154" T="0" /><Point X="292" Y="152" T="0" /><Point X="289" Y="148" T="0" /><Point X="285" Y="147" T="0" /><Point X="281" Y="145" T="0" /><Point X="278" Y="143" T="0" /><Point X="275" Y="141" T="0" /><Point X="274" Y="139" T="0" /><Point X="271" Y="139" T="0" /><Point X="270" Y="139" T="0" /><Point X="268" Y="138" T="0" /><Point X="266" Y="137" T="0" /><Point X="263" Y="135" T="0" /><Point X="260" Y="135" T="0" /><Point X="258" Y="133" T="0" /><Point X="256" Y="132" T="0" /><Point X="252" Y="131" T="0" /><Point X="250" Y="131" T="0" /><Point X="246" Y="130" T="0" /><Point X="244" Y="129" T="0" /><Point X="242" Y="129" T="0" /><Point X="239" Y="129" T="0" /><Point X="238" Y="129" T="0" /><Point X="237" Y="129" T="0" /><Point X="235" Y="129" T="0" /><Point X="234" Y="129" T="0" /><Point X="232" Y="129" T="0" /><Point X="230" Y="129" T="0" /><Point X="228" Y="129" T="0" /><Point X="225" Y="129" T="0" /><Point X="222" Y="129" T="0" /><Point X="220" Y="129" T="0" /><Point X="218" Y="129" T="0" /><Point X="217" Y="129" T="0" /><Point X="215" Y="129" T="0" /><Point X="214" Y="129" T="0" /><Point X="213" Y="129" T="0" /><Point X="210" Y="129" T="0" /><Point X="208" Y="129" T="0" /><Point X="207" Y="130" T="0" /><Point X="206" Y="130" T="0" /><Point X="206" Y="131" T="0" /><Point X="205" Y="131" T="0" /><Point X="204" Y="131" T="0" /><Point X="203" Y="131" T="0" /><Point X="202" Y="131" T="0" /><Point X="201" Y="132" T="0" /><Point X="200" Y="132" T="0" /><Point X="198" Y="132" T="0" /><Point X="197" Y="132" T="0" /></Gesture>