<Gesture Name="circle" Subject="1" Number="1" NumPts="154" Millseconds="0" AppName="Gestures" AppVer="1.0" Date="Wednesday, March 01, 2023" TimeOfDay="19:14:26" ID="2"><Point X="243" Y="92" T="0" /><Point X="241" Y="92" T="0" /><Point X="237" Y="92" T="0" /><Point X="234" Y="92" T="0" /><Point X="230" Y="93" T="0" /><Point X="228" Y="94" T="0" /><Point X="226" Y="95" T="0" /><Point X="223" Y="95" T="0" /><Point X="222" Y="95" T="0" /><Point X="220" Y="97" T="0" /><Point X="218" Y="99" T="0" /><Point X="215" Y="100" T="0" /><Point X="214" Y="103" T="0" /><Point X="212" Y="103" T="0" /><Point X="210" Y="105" T="0" /><Point X="209" Y="107" T="0" /><Point X="207" Y="110" T="0" /><Point X="204" Y="113" T="0" /><Point X="202" Y="120" T="0" /><Point X="196" Y="129" T="0" /><Point X="193" Y="135" T="0" /><Point X="189" Y="142" T="0" /><Point X="187" Y="146" T="0" /><Point X="186" Y="150" T="0" /><Point X="185" Y="153" T="0" /><Point X="184" Y="155" T="0" /><Point X="183" Y="159" T="0" /><Point X="182" Y="163" T="0" /><Point X="182" Y="168" T="0" /><Point X="182" Y="172" T="0" /><Point X="182" Y="178" T="0" /><Point X="182" Y="182" T="0" /><Point X="182" Y="187" T="0" /><Point X="182" Y="190" T="0" /><Point X="182" Y="194" T="0" /><Point X="183" Y="197" T="0" /><Point X="185" Y="202" T="0" /><Point X="188" Y="207" T="0" /><Point X="192" Y="214" T="0" /><Point X="196" Y="221" T="0" /><Point X="199" Y="227" T="0" /><Point X="203" Y="233" T="0" /><Point X="205" Y="236" T="0" /><Point X="206" Y="240" T="0" /><Point X="210" Y="244" T="0" /><Point X="214" Y="249" T="0" /><Point X="221" Y="252" T="0" /><Point X="228" Y="256" T="0" /><Point X="237" Y="262" T="0" /><Point X="246" Y="265" T="0" /><Point X="253" Y="269" T="0" /><Point X="259" Y="271" T="0" /><Point X="266" Y="272" T="0" /><Point X="274" Y="273" T="0" /><Point X="278" Y="273" T="0" /><Point X="286" Y="273" T="0" /><Point X="292" Y="273" T="0" /><Point X="297" Y="273" T="0" /><Point X="301" Y="272" T="0" /><Point X="305" Y="271" T="0" /><Point X="311" Y="268" T="0" /><Point X="315" Y="267" T="0" /><Point X="322" Y="264" T="0" /><Point X="331" Y="263" T="0" /><Point X="338" Y="260" T="0" /><Point X="342" Y="258" T="0" /><Point X="347" Y="255" T="0" /><Point X="350" Y="253" T="0" /><Point X="353" Y="250" T="0" /><Point X="358" Y="244" T="0" /><Point X="362" Y="239" T="0" /><Point X="365" Y="234" T="0" /><Point X="369" Y="228" T="0" /><Point X="372" Y="223" T="0" /><Point X="374" Y="219" T="0" /><Point X="378" Y="214" T="0" /><Point X="382" Y="207" T="0" /><Point X="383" Y="199" T="0" /><Point X="386" Y="190" T="0" /><Point X="387" Y="187" T="0" /><Point X="388" Y="184" T="0" /><Point X="388" Y="182" T="0" /><Point X="388" Y="179" T="0" /><Point X="388" Y="177" T="0" /><Point X="388" Y="175" T="0" /><Point X="388" Y="172" T="0" /><Point X="386" Y="170" T="0" /><Point X="386" Y="167" T="0" /><Point X="384" Y="163" T="0" /><Point X="382" Y="154" T="0" /><Point X="380" Y="146" T="0" /><Point X="378" Y="139" T="0" /><Point X="376" Y="133" T="0" /><Point X="375" Y="131" T="0" /><Point X="374" Y="127" T="0" /><Point X="373" Y="125" T="0" /><Point X="372" Y="123" T="0" /><Point X="372" Y="122" T="0" /><Point X="370" Y="121" T="0" /><Point X="368" Y="119" T="0" /><Point X="366" Y="118" T="0" /><Point X="363" Y="116" T="0" /><Point X="360" Y="115" T="0" /><Point X="358" Y="112" T="0" /><Point X="354" Y="111" T="0" /><Point X="351" Y="109" T="0" /><Point X="349" Y="107" T="0" /><Point X="347" Y="107" T="0" /><Point X="344" Y="105" T="0" /><Point X="342" Y="104" T="0" /><Point X="340" Y="103" T="0" /><Point X="337" Y="103" T="0" /><Point X="335" Y="102" T="0" /><Point X="333" Y="100" T="0" /><Point X="329" Y="99" T="0" /><Point X="325" Y="97" T="0" /><Point X="321" Y="95" T="0" /><Point X="316" Y="93" T="0" /><Point X="313" Y="92" T="0" /><Point X="310" Y="91" T="0" /><Point X="306" Y="90" T="0" /><Point X="303" Y="89" T="0" /><Point X="301" Y="88" T="0" /><Point X="299" Y="88" T="0" /><Point X="296" Y="88" T="0" /><Point X="294" Y="88" T="0" /><Point X="291" Y="88" T="0" /><Point X="287" Y="88" T="0" /><Point X="286" Y="88" T="0" /><Point X="282" Y="88" T="0" /><Point X="279" Y="88" T="0" /><Point X="276" Y="88" T="0" /><Point X="274" Y="88" T="0" /><Point X="271" Y="88" T="0" /><Point X="269" Y="88" T="0" /><Point X="266" Y="89" T="0" /><Point X="264" Y="90" T="0" /><Point X="262" Y="90" T="0" /><Point X="261" Y="90" T="0" /><Point X="259" Y="91" T="0" /><Point X="258" Y="92" T="0" /><Point X="256" Y="92" T="0" /><Point X="255" Y="92" T="0" /><Point X="253" Y="92" T="0" /><Point X="251" Y="92" T="0" /><Point X="250" Y="92" T="0" /><Point X="249" Y="92" T="0" /><Point X="248" Y="92" T="0" /><Point X="247" Y="92" T="0" /><Point X="246" Y="92" T="0" /><Point X="245" Y="92" T="0" /><Point X="245" Y="93" T="0" /><Point X="244" Y="93" T="0" /><Point X="244" Y="94" T="0" /></Gesture>