<Gesture Name="circle" Subject="1" Number="1" NumPts="165" Millseconds="0" AppName="Gestures" AppVer="1.0" Date="Wednesday, March 01, 2023" TimeOfDay="19:13:09" ID="1"><Point X="206" Y="99" T="0" /><Point X="202" Y="99" T="0" /><Point X="198" Y="99" T="0" /><Point X="194" Y="99" T="0" /><Point X="190" Y="99" T="0" /><Point X="187" Y="99" T="0" /><Point X="183" Y="99" T="0" /><Point X="180" Y="100" T="0" /><Point X="178" Y="100" T="0" /><Point X="174" Y="101" T="0" /><Point X="173" Y="102" T="0" /><Point X="171" Y="103" T="0" /><Point X="170" Y="103" T="0" /><Point X="167" Y="104" T="0" /><Point X="166" Y="105" T="0" /><Point X="165" Y="107" T="0" /><Point X="163" Y="107" T="0" /><Point X="160" Y="109" T="0" /><Point X="158" Y="111" T="0" /><Point X="155" Y="115" T="0" /><Point X="151" Y="119" T="0" /><Point X="147" Y="126" T="0" /><Point X="145" Y="132" T="0" /><Point X="140" Y="139" T="0" /><Point X="138" Y="144" T="0" /><Point X="136" Y="148" T="0" /><Point X="134" Y="151" T="0" /><Point X="133" Y="154" T="0" /><Point X="132" Y="155" T="0" /><Point X="131" Y="157" T="0" /><Point X="130" Y="159" T="0" /><Point X="130" Y="163" T="0" /><Point X="130" Y="166" T="0" /><Point X="130" Y="171" T="0" /><Point X="130" Y="179" T="0" /><Point X="131" Y="184" T="0" /><Point X="134" Y="190" T="0" /><Point X="136" Y="195" T="0" /><Point X="138" Y="199" T="0" /><Point X="140" Y="203" T="0" /><Point X="142" Y="206" T="0" /><Point X="146" Y="208" T="0" /><Point X="148" Y="211" T="0" /><Point X="151" Y="215" T="0" /><Point X="154" Y="218" T="0" /><Point X="157" Y="222" T="0" /><Point X="160" Y="227" T="0" /><Point X="165" Y="230" T="0" /><Point X="169" Y="235" T="0" /><Point X="174" Y="239" T="0" /><Point X="179" Y="243" T="0" /><Point X="186" Y="247" T="0" /><Point X="190" Y="248" T="0" /><Point X="194" Y="251" T="0" /><Point X="198" Y="252" T="0" /><Point X="202" Y="253" T="0" /><Point X="206" Y="253" T="0" /><Point X="211" Y="253" T="0" /><Point X="216" Y="253" T="0" /><Point X="220" Y="253" T="0" /><Point X="226" Y="250" T="0" /><Point X="232" Y="248" T="0" /><Point X="238" Y="246" T="0" /><Point X="242" Y="244" T="0" /><Point X="246" Y="242" T="0" /><Point X="249" Y="240" T="0" /><Point X="251" Y="239" T="0" /><Point X="254" Y="237" T="0" /><Point X="257" Y="235" T="0" /><Point X="259" Y="233" T="0" /><Point X="262" Y="231" T="0" /><Point X="263" Y="230" T="0" /><Point X="265" Y="228" T="0" /><Point X="266" Y="227" T="0" /><Point X="269" Y="226" T="0" /><Point X="270" Y="224" T="0" /><Point X="271" Y="223" T="0" /><Point X="273" Y="221" T="0" /><Point X="274" Y="219" T="0" /><Point X="277" Y="217" T="0" /><Point X="278" Y="214" T="0" /><Point X="280" Y="207" T="0" /><Point X="282" Y="203" T="0" /><Point X="282" Y="198" T="0" /><Point X="282" Y="195" T="0" /><Point X="282" Y="193" T="0" /><Point X="282" Y="191" T="0" /><Point X="282" Y="190" T="0" /><Point X="282" Y="189" T="0" /><Point X="282" Y="188" T="0" /><Point X="282" Y="187" T="0" /><Point X="282" Y="185" T="0" /><Point X="282" Y="183" T="0" /><Point X="281" Y="178" T="0" /><Point X="280" Y="174" T="0" /><Point X="279" Y="167" T="0" /><Point X="278" Y="161" T="0" /><Point X="276" Y="158" T="0" /><Point X="275" Y="155" T="0" /><Point X="274" Y="152" T="0" /><Point X="274" Y="150" T="0" /><Point X="274" Y="148" T="0" /><Point X="273" Y="147" T="0" /><Point X="272" Y="145" T="0" /><Point X="271" Y="143" T="0" /><Point X="270" Y="143" T="0" /><Point X="270" Y="142" T="0" /><Point X="269" Y="141" T="0" /><Point X="267" Y="139" T="0" /><Point X="266" Y="137" T="0" /><Point X="265" Y="136" T="0" /><Point X="265" Y="135" T="0" /><Point X="263" Y="133" T="0" /><Point X="261" Y="131" T="0" /><Point X="259" Y="129" T="0" /><Point X="258" Y="127" T="0" /><Point X="257" Y="126" T="0" /><Point X="255" Y="123" T="0" /><Point X="253" Y="120" T="0" /><Point X="252" Y="119" T="0" /><Point X="250" Y="116" T="0" /><Point X="249" Y="115" T="0" /><Point X="246" Y="114" T="0" /><Point X="244" Y="112" T="0" /><Point X="242" Y="110" T="0" /><Point X="242" Y="109" T="0" /><Point X="240" Y="108" T="0" /><Point X="238" Y="107" T="0" /><Point X="237" Y="107" T="0" /><Point X="235" Y="106" T="0" /><Point X="234" Y="105" T="0" /><Point X="231" Y="104" T="0" /><Point X="230" Y="103" T="0" /><Point X="229" Y="102" T="0" /><Point X="227" Y="101" T="0" /><Point X="226" Y="101" T="0" /><Point X="225" Y="101" T="0" /><Point X="223" Y="101" T="0" /><Point X="222" Y="101" T="0" /><Point X="219" Y="100" T="0" /><Point X="218" Y="100" T="0" /><Point X="217" Y="100" T="0" /><Point X="216" Y="100" T="0" /><Point X="215" Y="100" T="0" /><Point X="214" Y="100" T="0" /><Point X="213" Y="100" T="0" /><Point X="212" Y="100" T="0" /><Point X="211" Y="100" T="0" /><Point X="210" Y="100" T="0" /><Point X="209" Y="100" T="0" /><Point X="208" Y="100" T="0" /><Point X="207" Y="100" T="0" /><Point X="206" Y="100" T="0" /><Point X="205" Y="100" T="0" /><Point X="204" Y="100" T="0" /><Point X="203" Y="100" T="0" /><Point X="202" Y="100" T="0" /><Point X="201" Y="100" T="0" /><Point X="200" Y="100" T="0" /><Point X="199" Y="100" T="0" /><Point X="198" Y="100" T="0" /><Point X="197" Y="100" T="0" /><Point X="196" Y="100" T="0" /><Point X="195" Y="100" T="0" /><Point X="194" Y="100" T="0" /></Gesture>