<Gesture Name="circle" Subject="1" Number="1" NumPts="96" Millseconds="0" AppName="Gestures" AppVer="1.0" Date="Wednesday, March 01, 2023" TimeOfDay="19:19:21" ID="8"><Point X="233" Y="143" T="0" /><Point X="226" Y="141" T="0" /><Point X="219" Y="139" T="0" /><Point X="214" Y="138" T="0" /><Point X="210" Y="136" T="0" /><Point X="206" Y="135" T="0" /><Point X="200" Y="135" T="0" /><Point X="194" Y="133" T="0" /><Point X="186" Y="131" T="0" /><Point X="178" Y="131" T="0" /><Point X="171" Y="131" T="0" /><Point X="166" Y="131" T="0" /><Point X="160" Y="131" T="0" /><Point X="154" Y="133" T="0" /><Point X="147" Y="135" T="0" /><Point X="140" Y="138" T="0" /><Point X="134" Y="139" T="0" /><Point X="130" Y="142" T="0" /><Point X="126" Y="144" T="0" /><Point X="123" Y="147" T="0" /><Point X="121" Y="149" T="0" /><Point X="118" Y="154" T="0" /><Point X="115" Y="159" T="0" /><Point X="113" Y="165" T="0" /><Point X="111" Y="170" T="0" /><Point X="110" Y="175" T="0" /><Point X="110" Y="179" T="0" /><Point X="110" Y="183" T="0" /><Point X="110" Y="191" T="0" /><Point X="112" Y="199" T="0" /><Point X="114" Y="208" T="0" /><Point X="117" Y="216" T="0" /><Point X="119" Y="223" T="0" /><Point X="121" Y="227" T="0" /><Point X="123" Y="231" T="0" /><Point X="127" Y="234" T="0" /><Point X="129" Y="236" T="0" /><Point X="132" Y="240" T="0" /><Point X="137" Y="243" T="0" /><Point X="140" Y="245" T="0" /><Point X="146" Y="247" T="0" /><Point X="150" Y="250" T="0" /><Point X="158" Y="252" T="0" /><Point X="166" Y="253" T="0" /><Point X="171" Y="254" T="0" /><Point X="178" Y="254" T="0" /><Point X="183" Y="254" T="0" /><Point X="187" Y="254" T="0" /><Point X="191" Y="254" T="0" /><Point X="196" Y="254" T="0" /><Point X="202" Y="253" T="0" /><Point X="205" Y="252" T="0" /><Point X="209" Y="251" T="0" /><Point X="212" Y="251" T="0" /><Point X="215" Y="249" T="0" /><Point X="220" Y="248" T="0" /><Point X="222" Y="247" T="0" /><Point X="224" Y="246" T="0" /><Point X="227" Y="244" T="0" /><Point X="229" Y="243" T="0" /><Point X="231" Y="240" T="0" /><Point X="234" Y="239" T="0" /><Point X="234" Y="236" T="0" /><Point X="238" Y="231" T="0" /><Point X="242" Y="226" T="0" /><Point X="243" Y="221" T="0" /><Point X="245" Y="218" T="0" /><Point X="246" Y="214" T="0" /><Point X="247" Y="211" T="0" /><Point X="249" Y="208" T="0" /><Point X="250" Y="205" T="0" /><Point X="250" Y="202" T="0" /><Point X="251" Y="198" T="0" /><Point X="251" Y="195" T="0" /><Point X="251" Y="190" T="0" /><Point X="251" Y="187" T="0" /><Point X="251" Y="184" T="0" /><Point X="251" Y="181" T="0" /><Point X="251" Y="179" T="0" /><Point X="251" Y="178" T="0" /><Point X="251" Y="176" T="0" /><Point X="251" Y="175" T="0" /><Point X="251" Y="174" T="0" /><Point X="251" Y="173" T="0" /><Point X="250" Y="169" T="0" /><Point X="248" Y="167" T="0" /><Point X="246" Y="164" T="0" /><Point X="246" Y="163" T="0" /><Point X="245" Y="163" T="0" /><Point X="244" Y="161" T="0" /><Point X="242" Y="154" T="0" /><Point X="241" Y="149" T="0" /><Point X="240" Y="146" T="0" /><Point X="239" Y="145" T="0" /><Point X="238" Y="143" T="0" /><Point X="238" Y="142" T="0" /></Gesture>