<Gesture Name="circle" Subject="1" Number="1" NumPts="124" Millseconds="0" AppName="Gestures" AppVer="1.0" Date="Wednesday, March 01, 2023" TimeOfDay="19:20:07" ID="9"><Point X="214" Y="163" T="0" /><Point X="205" Y="163" T="0" /><Point X="198" Y="163" T="0" /><Point X="191" Y="165" T="0" /><Point X="186" Y="166" T="0" /><Point X="181" Y="167" T="0" /><Point X="177" Y="169" T="0" /><Point X="174" Y="171" T="0" /><Point X="170" Y="172" T="0" /><Point X="166" Y="175" T="0" /><Point X="162" Y="177" T="0" /><Point X="157" Y="181" T="0" /><Point X="154" Y="186" T="0" /><Point X="148" Y="193" T="0" /><Point X="145" Y="200" T="0" /><Point X="142" Y="205" T="0" /><Point X="140" Y="209" T="0" /><Point X="138" Y="213" T="0" /><Point X="137" Y="217" T="0" /><Point X="136" Y="223" T="0" /><Point X="136" Y="230" T="0" /><Point X="136" Y="236" T="0" /><Point X="136" Y="243" T="0" /><Point X="137" Y="250" T="0" /><Point X="140" Y="255" T="0" /><Point X="142" Y="259" T="0" /><Point X="143" Y="263" T="0" /><Point X="146" Y="267" T="0" /><Point X="149" Y="270" T="0" /><Point X="151" Y="272" T="0" /><Point X="154" Y="276" T="0" /><Point X="158" Y="280" T="0" /><Point X="163" Y="285" T="0" /><Point X="170" Y="289" T="0" /><Point X="174" Y="292" T="0" /><Point X="182" Y="296" T="0" /><Point X="189" Y="299" T="0" /><Point X="193" Y="300" T="0" /><Point X="198" Y="301" T="0" /><Point X="204" Y="302" T="0" /><Point X="211" Y="302" T="0" /><Point X="219" Y="302" T="0" /><Point X="229" Y="302" T="0" /><Point X="237" Y="299" T="0" /><Point X="245" Y="298" T="0" /><Point X="254" Y="295" T="0" /><Point X="261" Y="291" T="0" /><Point X="268" Y="287" T="0" /><Point X="274" Y="284" T="0" /><Point X="281" Y="281" T="0" /><Point X="286" Y="279" T="0" /><Point X="290" Y="278" T="0" /><Point X="294" Y="275" T="0" /><Point X="296" Y="273" T="0" /><Point X="299" Y="270" T="0" /><Point X="302" Y="267" T="0" /><Point X="305" Y="262" T="0" /><Point X="308" Y="257" T="0" /><Point X="311" Y="251" T="0" /><Point X="313" Y="245" T="0" /><Point X="316" Y="242" T="0" /><Point X="318" Y="239" T="0" /><Point X="318" Y="235" T="0" /><Point X="319" Y="233" T="0" /><Point X="320" Y="231" T="0" /><Point X="321" Y="227" T="0" /><Point X="321" Y="225" T="0" /><Point X="321" Y="222" T="0" /><Point X="321" Y="219" T="0" /><Point X="321" Y="217" T="0" /><Point X="321" Y="213" T="0" /><Point X="321" Y="208" T="0" /><Point X="321" Y="204" T="0" /><Point X="321" Y="203" T="0" /><Point X="320" Y="199" T="0" /><Point X="319" Y="196" T="0" /><Point X="318" Y="195" T="0" /><Point X="318" Y="193" T="0" /><Point X="317" Y="192" T="0" /><Point X="315" Y="190" T="0" /><Point X="314" Y="187" T="0" /><Point X="314" Y="185" T="0" /><Point X="312" Y="183" T="0" /><Point X="310" Y="179" T="0" /><Point X="306" Y="176" T="0" /><Point X="303" Y="171" T="0" /><Point X="301" Y="169" T="0" /><Point X="297" Y="165" T="0" /><Point X="294" Y="163" T="0" /><Point X="293" Y="161" T="0" /><Point X="289" Y="159" T="0" /><Point X="287" Y="157" T="0" /><Point X="285" Y="156" T="0" /><Point X="282" Y="156" T="0" /><Point X="278" Y="155" T="0" /><Point X="274" Y="154" T="0" /><Point X="269" Y="154" T="0" /><Point X="262" Y="154" T="0" /><Point X="255" Y="154" T="0" /><Point X="252" Y="154" T="0" /><Point X="248" Y="154" T="0" /><Point X="246" Y="154" T="0" /><Point X="244" Y="154" T="0" /><Point X="241" Y="154" T="0" /><Point X="240" Y="154" T="0" /><Point X="238" Y="154" T="0" /><Point X="235" Y="154" T="0" /><Point X="233" Y="154" T="0" /><Point X="230" Y="154" T="0" /><Point X="228" Y="154" T="0" /><Point X="226" Y="154" T="0" /><Point X="222" Y="154" T="0" /><Point X="219" Y="154" T="0" /><Point X="217" Y="155" T="0" /><Point X="215" Y="155" T="0" /><Point X="214" Y="156" T="0" /><Point X="211" Y="157" T="0" /><Point X="210" Y="157" T="0" /><Point X="210" Y="158" T="0" /><Point X="209" Y="159" T="0" /><Point X="208" Y="159" T="0" /><Point X="207" Y="159" T="0" /><Point X="206" Y="159" T="0" /><Point X="205" Y="159" T="0" /></Gesture>