<Gesture Name="delete" Subject="1" Number="1" NumPts="83" Millseconds="0" AppName="Gestures" AppVer="1.0" Date="Wednesday, March 01, 2023" TimeOfDay="19:18:07" ID="6"><Point X="141" Y="166" T="0" /><Point X="148" Y="177" T="0" /><Point X="157" Y="186" T="0" /><Point X="166" Y="195" T="0" /><Point X="174" Y="203" T="0" /><Point X="183" Y="211" T="0" /><Point X="192" Y="219" T="0" /><Point X="201" Y="227" T="0" /><Point X="210" Y="236" T="0" /><Point X="218" Y="243" T="0" /><Point X="222" Y="248" T="0" /><Point X="227" Y="255" T="0" /><Point X="229" Y="257" T="0" /><Point X="231" Y="263" T="0" /><Point X="234" Y="266" T="0" /><Point X="238" Y="269" T="0" /><Point X="239" Y="273" T="0" /><Point X="240" Y="274" T="0" /><Point X="241" Y="275" T="0" /><Point X="242" Y="277" T="0" /><Point X="242" Y="279" T="0" /><Point X="243" Y="280" T="0" /><Point X="243" Y="281" T="0" /><Point X="243" Y="282" T="0" /><Point X="243" Y="283" T="0" /><Point X="244" Y="284" T="0" /><Point X="244" Y="285" T="0" /><Point X="244" Y="286" T="0" /><Point X="244" Y="287" T="0" /><Point X="244" Y="288" T="0" /><Point X="244" Y="289" T="0" /><Point X="244" Y="290" T="0" /><Point X="244" Y="291" T="0" /><Point X="243" Y="291" T="0" /><Point X="242" Y="291" T="0" /><Point X="238" Y="288" T="0" /><Point X="226" Y="285" T="0" /><Point X="213" Y="280" T="0" /><Point X="191" Y="275" T="0" /><Point X="172" Y="269" T="0" /><Point X="151" Y="267" T="0" /><Point X="141" Y="264" T="0" /><Point X="133" Y="264" T="0" /><Point X="127" Y="264" T="0" /><Point X="120" Y="264" T="0" /><Point X="114" Y="265" T="0" /><Point X="109" Y="265" T="0" /><Point X="106" Y="265" T="0" /><Point X="103" Y="266" T="0" /><Point X="102" Y="266" T="0" /><Point X="101" Y="266" T="0" /><Point X="100" Y="266" T="0" /><Point X="99" Y="266" T="0" /><Point X="99" Y="267" T="0" /><Point X="98" Y="267" T="0" /><Point X="101" Y="267" T="0" /><Point X="103" Y="266" T="0" /><Point X="110" Y="263" T="0" /><Point X="118" Y="259" T="0" /><Point X="126" Y="253" T="0" /><Point X="139" Y="247" T="0" /><Point X="150" Y="241" T="0" /><Point X="160" Y="236" T="0" /><Point X="168" Y="231" T="0" /><Point X="178" Y="227" T="0" /><Point X="189" Y="223" T="0" /><Point X="199" Y="217" T="0" /><Point X="207" Y="213" T="0" /><Point X="212" Y="209" T="0" /><Point X="218" Y="206" T="0" /><Point X="222" Y="203" T="0" /><Point X="226" Y="199" T="0" /><Point X="230" Y="195" T="0" /><Point X="233" Y="190" T="0" /><Point X="237" Y="187" T="0" /><Point X="239" Y="184" T="0" /><Point X="241" Y="182" T="0" /><Point X="242" Y="180" T="0" /><Point X="243" Y="179" T="0" /><Point X="244" Y="179" T="0" /><Point X="244" Y="178" T="0" /><Point X="245" Y="178" T="0" /><Point X="246" Y="177" T="0" /></Gesture>