<Gesture Name="delete" Subject="1" Number="1" NumPts="86" Millseconds="0" AppName="Gestures" AppVer="1.0" Date="Wednesday, March 01, 2023" TimeOfDay="19:21:54" ID="10"><Point X="168" Y="130" T="0" /><Point X="176" Y="139" T="0" /><Point X="182" Y="148" T="0" /><Point X="188" Y="155" T="0" /><Point X="193" Y="162" T="0" /><Point X="197" Y="169" T="0" /><Point X="202" Y="176" T="0" /><Point X="206" Y="181" T="0" /><Point X="209" Y="187" T="0" /><Point X="213" Y="191" T="0" /><Point X="216" Y="196" T="0" /><Point X="218" Y="201" T="0" /><Point X="221" Y="206" T="0" /><Point X="222" Y="208" T="0" /><Point X="224" Y="211" T="0" /><Point X="225" Y="211" T="0" /><Point X="226" Y="214" T="0" /><Point X="228" Y="215" T="0" /><Point X="230" Y="218" T="0" /><Point X="232" Y="221" T="0" /><Point X="234" Y="223" T="0" /><Point X="234" Y="225" T="0" /><Point X="238" Y="229" T="0" /><Point X="238" Y="230" T="0" /><Point X="239" Y="232" T="0" /><Point X="240" Y="234" T="0" /><Point X="241" Y="236" T="0" /><Point X="242" Y="236" T="0" /><Point X="242" Y="237" T="0" /><Point X="242" Y="238" T="0" /><Point X="242" Y="239" T="0" /><Point X="244" Y="241" T="0" /><Point X="245" Y="243" T="0" /><Point X="246" Y="245" T="0" /><Point X="248" Y="247" T="0" /><Point X="249" Y="251" T="0" /><Point X="250" Y="252" T="0" /><Point X="250" Y="253" T="0" /><Point X="251" Y="255" T="0" /><Point X="252" Y="257" T="0" /><Point X="253" Y="258" T="0" /><Point X="253" Y="259" T="0" /><Point X="253" Y="260" T="0" /><Point X="251" Y="260" T="0" /><Point X="248" Y="260" T="0" /><Point X="241" Y="259" T="0" /><Point X="231" Y="255" T="0" /><Point X="217" Y="249" T="0" /><Point X="200" Y="243" T="0" /><Point X="187" Y="237" T="0" /><Point X="175" Y="232" T="0" /><Point X="162" Y="227" T="0" /><Point X="152" Y="223" T="0" /><Point X="142" Y="222" T="0" /><Point X="135" Y="219" T="0" /><Point X="132" Y="218" T="0" /><Point X="129" Y="217" T="0" /><Point X="126" Y="216" T="0" /><Point X="124" Y="216" T="0" /><Point X="123" Y="216" T="0" /><Point X="122" Y="216" T="0" /><Point X="121" Y="216" T="0" /><Point X="120" Y="216" T="0" /><Point X="119" Y="216" T="0" /><Point X="118" Y="216" T="0" /><Point X="119" Y="215" T="0" /><Point X="126" Y="213" T="0" /><Point X="137" Y="208" T="0" /><Point X="146" Y="204" T="0" /><Point X="160" Y="195" T="0" /><Point X="179" Y="184" T="0" /><Point X="195" Y="173" T="0" /><Point X="206" Y="165" T="0" /><Point X="215" Y="159" T="0" /><Point X="222" Y="154" T="0" /><Point X="228" Y="147" T="0" /><Point X="234" Y="141" T="0" /><Point X="239" Y="134" T="0" /><Point X="244" Y="127" T="0" /><Point X="247" Y="124" T="0" /><Point X="250" Y="122" T="0" /><Point X="250" Y="119" T="0" /><Point X="252" Y="118" T="0" /><Point X="253" Y="118" T="0" /><Point X="253" Y="117" T="0" /><Point X="254" Y="117" T="0" /></Gesture>