<Gesture Name="delete" Subject="1" Number="1" NumPts="82" Millseconds="0" AppName="Gestures" AppVer="1.0" Date="Wednesday, March 01, 2023" TimeOfDay="19:18:58" ID="7"><Point X="150" Y="153" T="0" /><Point X="161" Y="176" T="0" /><Point X="165" Y="187" T="0" /><Point X="170" Y="194" T="0" /><Point X="174" Y="201" T="0" /><Point X="178" Y="208" T="0" /><Point X="184" Y="214" T="0" /><Point X="188" Y="221" T="0" /><Point X="192" Y="227" T="0" /><Point X="194" Y="231" T="0" /><Point X="196" Y="234" T="0" /><Point X="198" Y="238" T="0" /><Point X="201" Y="240" T="0" /><Point X="202" Y="242" T="0" /><Point X="205" Y="245" T="0" /><Point X="206" Y="247" T="0" /><Point X="209" Y="249" T="0" /><Point X="210" Y="251" T="0" /><Point X="212" Y="253" T="0" /><Point X="213" Y="254" T="0" /><Point X="214" Y="255" T="0" /><Point X="215" Y="255" T="0" /><Point X="215" Y="256" T="0" /><Point X="215" Y="258" T="0" /><Point X="216" Y="258" T="0" /><Point X="216" Y="259" T="0" /><Point X="217" Y="259" T="0" /><Point X="218" Y="260" T="0" /><Point X="218" Y="261" T="0" /><Point X="219" Y="262" T="0" /><Point X="220" Y="263" T="0" /><Point X="222" Y="264" T="0" /><Point X="222" Y="265" T="0" /><Point X="222" Y="266" T="0" /><Point X="222" Y="267" T="0" /><Point X="222" Y="268" T="0" /><Point X="221" Y="268" T="0" /><Point X="218" Y="268" T="0" /><Point X="216" Y="268" T="0" /><Point X="209" Y="267" T="0" /><Point X="199" Y="264" T="0" /><Point X="187" Y="261" T="0" /><Point X="176" Y="258" T="0" /><Point X="165" Y="255" T="0" /><Point X="153" Y="253" T="0" /><Point X="139" Y="251" T="0" /><Point X="127" Y="250" T="0" /><Point X="118" Y="247" T="0" /><Point X="111" Y="247" T="0" /><Point X="106" Y="246" T="0" /><Point X="104" Y="246" T="0" /><Point X="102" Y="246" T="0" /><Point X="99" Y="246" T="0" /><Point X="98" Y="246" T="0" /><Point X="96" Y="246" T="0" /><Point X="95" Y="246" T="0" /><Point X="94" Y="246" T="0" /><Point X="92" Y="246" T="0" /><Point X="92" Y="245" T="0" /><Point X="93" Y="244" T="0" /><Point X="94" Y="242" T="0" /><Point X="98" Y="239" T="0" /><Point X="106" Y="233" T="0" /><Point X="118" Y="223" T="0" /><Point X="131" Y="215" T="0" /><Point X="141" Y="210" T="0" /><Point X="154" Y="202" T="0" /><Point X="174" Y="191" T="0" /><Point X="193" Y="181" T="0" /><Point X="203" Y="174" T="0" /><Point X="213" Y="164" T="0" /><Point X="219" Y="159" T="0" /><Point X="226" Y="153" T="0" /><Point X="231" Y="149" T="0" /><Point X="238" Y="144" T="0" /><Point X="240" Y="142" T="0" /><Point X="243" Y="140" T="0" /><Point X="246" Y="138" T="0" /><Point X="246" Y="137" T="0" /><Point X="248" Y="136" T="0" /><Point X="249" Y="136" T="0" /><Point X="250" Y="136" T="0" /></Gesture>