<Gesture Name="delete" Subject="1" Number="1" NumPts="69" Millseconds="0" AppName="Gestures" AppVer="1.0" Date="Wednesday, March 01, 2023" TimeOfDay="19:19:42" ID="8"><Point X="132" Y="123" T="0" /><Point X="141" Y="133" T="0" /><Point X="149" Y="144" T="0" /><Point X="161" Y="160" T="0" /><Point X="175" Y="184" T="0" /><Point X="186" Y="200" T="0" /><Point X="195" Y="212" T="0" /><Point X="204" Y="226" T="0" /><Point X="213" Y="239" T="0" /><Point X="219" Y="251" T="0" /><Point X="223" Y="260" T="0" /><Point X="226" Y="267" T="0" /><Point X="230" Y="272" T="0" /><Point X="234" Y="277" T="0" /><Point X="238" Y="280" T="0" /><Point X="240" Y="283" T="0" /><Point X="242" Y="285" T="0" /><Point X="243" Y="287" T="0" /><Point X="245" Y="288" T="0" /><Point X="247" Y="290" T="0" /><Point X="248" Y="291" T="0" /><Point X="249" Y="292" T="0" /><Point X="248" Y="292" T="0" /><Point X="246" Y="292" T="0" /><Point X="243" Y="291" T="0" /><Point X="238" Y="288" T="0" /><Point X="229" Y="285" T="0" /><Point X="218" Y="279" T="0" /><Point X="207" Y="275" T="0" /><Point X="198" Y="272" T="0" /><Point X="185" Y="267" T="0" /><Point X="171" Y="263" T="0" /><Point X="161" Y="261" T="0" /><Point X="151" Y="258" T="0" /><Point X="144" Y="258" T="0" /><Point X="138" Y="258" T="0" /><Point X="132" Y="258" T="0" /><Point X="126" Y="258" T="0" /><Point X="118" Y="259" T="0" /><Point X="114" Y="259" T="0" /><Point X="110" Y="260" T="0" /><Point X="106" Y="262" T="0" /><Point X="101" Y="263" T="0" /><Point X="98" Y="263" T="0" /><Point X="96" Y="263" T="0" /><Point X="94" Y="263" T="0" /><Point X="92" Y="263" T="0" /><Point X="91" Y="263" T="0" /><Point X="90" Y="263" T="0" /><Point X="90" Y="262" T="0" /><Point X="92" Y="256" T="0" /><Point X="99" Y="251" T="0" /><Point X="111" Y="242" T="0" /><Point X="122" Y="230" T="0" /><Point X="146" Y="202" T="0" /><Point X="175" Y="177" T="0" /><Point X="195" Y="159" T="0" /><Point X="213" Y="145" T="0" /><Point X="233" Y="128" T="0" /><Point X="252" Y="113" T="0" /><Point X="264" Y="103" T="0" /><Point X="270" Y="98" T="0" /><Point X="276" Y="94" T="0" /><Point X="278" Y="92" T="0" /><Point X="280" Y="91" T="0" /><Point X="282" Y="89" T="0" /><Point X="282" Y="88" T="0" /><Point X="283" Y="88" T="0" /><Point X="284" Y="88" T="0" /></Gesture>