<Gesture Name="delete" Subject="1" Number="1" NumPts="91" Millseconds="0" AppName="Gestures" AppVer="1.0" Date="Wednesday, March 01, 2023" TimeOfDay="19:15:43" ID="3"><Point X="149" Y="163" T="0" /><Point X="153" Y="167" T="0" /><Point X="158" Y="172" T="0" /><Point X="162" Y="179" T="0" /><Point X="166" Y="183" T="0" /><Point X="170" Y="188" T="0" /><Point X="177" Y="193" T="0" /><Point X="180" Y="198" T="0" /><Point X="186" Y="203" T="0" /><Point X="191" Y="209" T="0" /><Point X="198" Y="215" T="0" /><Point X="202" Y="223" T="0" /><Point X="208" Y="230" T="0" /><Point X="212" Y="236" T="0" /><Point X="215" Y="241" T="0" /><Point X="220" Y="244" T="0" /><Point X="222" Y="248" T="0" /><Point X="224" Y="251" T="0" /><Point X="226" Y="252" T="0" /><Point X="228" Y="254" T="0" /><Point X="230" Y="256" T="0" /><Point X="230" Y="258" T="0" /><Point X="231" Y="259" T="0" /><Point X="234" Y="260" T="0" /><Point X="234" Y="261" T="0" /><Point X="234" Y="263" T="0" /><Point X="235" Y="263" T="0" /><Point X="236" Y="263" T="0" /><Point X="237" Y="264" T="0" /><Point X="237" Y="265" T="0" /><Point X="238" Y="267" T="0" /><Point X="240" Y="268" T="0" /><Point X="241" Y="271" T="0" /><Point X="242" Y="271" T="0" /><Point X="242" Y="272" T="0" /><Point X="244" Y="275" T="0" /><Point X="246" Y="277" T="0" /><Point X="247" Y="278" T="0" /><Point X="247" Y="279" T="0" /><Point X="248" Y="279" T="0" /><Point X="249" Y="280" T="0" /><Point X="250" Y="281" T="0" /><Point X="250" Y="282" T="0" /><Point X="250" Y="283" T="0" /><Point X="249" Y="283" T="0" /><Point X="248" Y="283" T="0" /><Point X="243" Y="281" T="0" /><Point X="236" Y="277" T="0" /><Point X="225" Y="271" T="0" /><Point X="214" Y="267" T="0" /><Point X="199" Y="259" T="0" /><Point X="183" Y="255" T="0" /><Point X="172" Y="251" T="0" /><Point X="165" Y="250" T="0" /><Point X="161" Y="249" T="0" /><Point X="157" Y="249" T="0" /><Point X="154" Y="249" T="0" /><Point X="151" Y="249" T="0" /><Point X="149" Y="249" T="0" /><Point X="146" Y="249" T="0" /><Point X="143" Y="249" T="0" /><Point X="140" Y="249" T="0" /><Point X="138" Y="249" T="0" /><Point X="137" Y="250" T="0" /><Point X="134" Y="250" T="0" /><Point X="134" Y="251" T="0" /><Point X="132" Y="251" T="0" /><Point X="131" Y="251" T="0" /><Point X="130" Y="251" T="0" /><Point X="129" Y="251" T="0" /><Point X="128" Y="251" T="0" /><Point X="127" Y="251" T="0" /><Point X="126" Y="251" T="0" /><Point X="128" Y="251" T="0" /><Point X="134" Y="247" T="0" /><Point X="142" Y="242" T="0" /><Point X="158" Y="231" T="0" /><Point X="180" Y="213" T="0" /><Point X="202" Y="197" T="0" /><Point X="222" Y="182" T="0" /><Point X="241" Y="167" T="0" /><Point X="263" Y="153" T="0" /><Point X="277" Y="143" T="0" /><Point X="284" Y="136" T="0" /><Point X="292" Y="130" T="0" /><Point X="298" Y="127" T="0" /><Point X="302" Y="123" T="0" /><Point X="303" Y="122" T="0" /><Point X="306" Y="121" T="0" /><Point X="306" Y="120" T="0" /><Point X="307" Y="119" T="0" /></Gesture>