<Gesture Name="delete" Subject="1" Number="1" NumPts="98" Millseconds="0" AppName="Gestures" AppVer="1.0" Date="Wednesday, March 01, 2023" TimeOfDay="19:13:59" ID="1"><Point X="112" Y="137" T="0" /><Point X="118" Y="143" T="0" /><Point X="127" Y="150" T="0" /><Point X="134" Y="157" T="0" /><Point X="141" Y="163" T="0" /><Point X="146" Y="169" T="0" /><Point X="153" Y="175" T="0" /><Point X="158" Y="179" T="0" /><Point X="164" Y="185" T="0" /><Point X="168" Y="188" T="0" /><Point X="173" Y="196" T="0" /><Point X="177" Y="201" T="0" /><Point X="180" Y="207" T="0" /><Point X="183" Y="211" T="0" /><Point X="186" Y="216" T="0" /><Point X="189" Y="219" T="0" /><Point X="193" Y="223" T="0" /><Point X="195" Y="226" T="0" /><Point X="197" Y="227" T="0" /><Point X="200" Y="231" T="0" /><Point X="202" Y="234" T="0" /><Point X="203" Y="235" T="0" /><Point X="205" Y="236" T="0" /><Point X="206" Y="239" T="0" /><Point X="209" Y="240" T="0" /><Point X="210" Y="242" T="0" /><Point X="211" Y="243" T="0" /><Point X="212" Y="243" T="0" /><Point X="214" Y="243" T="0" /><Point X="215" Y="246" T="0" /><Point X="217" Y="247" T="0" /><Point X="218" Y="248" T="0" /><Point X="220" Y="248" T="0" /><Point X="221" Y="249" T="0" /><Point X="223" Y="250" T="0" /><Point X="225" Y="251" T="0" /><Point X="226" Y="253" T="0" /><Point X="227" Y="255" T="0" /><Point X="230" Y="255" T="0" /><Point X="231" Y="257" T="0" /><Point X="233" Y="259" T="0" /><Point X="234" Y="260" T="0" /><Point X="235" Y="261" T="0" /><Point X="237" Y="262" T="0" /><Point X="237" Y="263" T="0" /><Point X="238" Y="263" T="0" /><Point X="238" Y="264" T="0" /><Point X="238" Y="265" T="0" /><Point X="238" Y="266" T="0" /><Point X="238" Y="267" T="0" /><Point X="234" Y="267" T="0" /><Point X="226" Y="267" T="0" /><Point X="220" Y="267" T="0" /><Point X="210" Y="266" T="0" /><Point X="198" Y="266" T="0" /><Point X="186" Y="264" T="0" /><Point X="175" Y="263" T="0" /><Point X="167" Y="262" T="0" /><Point X="159" Y="260" T="0" /><Point X="151" Y="258" T="0" /><Point X="144" Y="255" T="0" /><Point X="137" Y="253" T="0" /><Point X="131" Y="251" T="0" /><Point X="128" Y="249" T="0" /><Point X="126" Y="248" T="0" /><Point X="122" Y="247" T="0" /><Point X="121" Y="247" T="0" /><Point X="120" Y="247" T="0" /><Point X="118" Y="247" T="0" /><Point X="117" Y="247" T="0" /><Point X="116" Y="247" T="0" /><Point X="115" Y="247" T="0" /><Point X="114" Y="247" T="0" /><Point X="114" Y="246" T="0" /><Point X="116" Y="243" T="0" /><Point X="125" Y="239" T="0" /><Point X="134" Y="234" T="0" /><Point X="145" Y="228" T="0" /><Point X="154" Y="219" T="0" /><Point X="169" Y="205" T="0" /><Point X="184" Y="191" T="0" /><Point X="194" Y="183" T="0" /><Point X="202" Y="176" T="0" /><Point X="207" Y="172" T="0" /><Point X="214" Y="168" T="0" /><Point X="219" Y="164" T="0" /><Point X="226" Y="161" T="0" /><Point X="230" Y="159" T="0" /><Point X="234" Y="155" T="0" /><Point X="237" Y="153" T="0" /><Point X="239" Y="151" T="0" /><Point X="242" Y="150" T="0" /><Point X="244" Y="149" T="0" /><Point X="245" Y="147" T="0" /><Point X="246" Y="147" T="0" /><Point X="247" Y="146" T="0" /><Point X="248" Y="146" T="0" /><Point X="249" Y="146" T="0" /></Gesture>