<Gesture Name="delete" Subject="1" Number="1" NumPts="83" Millseconds="0" AppName="Gestures" AppVer="1.0" Date="Wednesday, March 01, 2023" TimeOfDay="19:16:35" ID="4"><Point X="155" Y="139" T="0" /><Point X="162" Y="145" T="0" /><Point X="168" Y="151" T="0" /><Point X="174" Y="156" T="0" /><Point X="180" Y="163" T="0" /><Point X="185" Y="167" T="0" /><Point X="191" Y="174" T="0" /><Point X="198" Y="179" T="0" /><Point X="202" Y="185" T="0" /><Point X="209" Y="192" T="0" /><Point X="214" Y="199" T="0" /><Point X="220" Y="204" T="0" /><Point X="224" Y="208" T="0" /><Point X="229" Y="215" T="0" /><Point X="232" Y="218" T="0" /><Point X="238" Y="223" T="0" /><Point X="241" Y="227" T="0" /><Point X="245" Y="231" T="0" /><Point X="248" Y="235" T="0" /><Point X="250" Y="237" T="0" /><Point X="252" Y="240" T="0" /><Point X="254" Y="242" T="0" /><Point X="255" Y="243" T="0" /><Point X="256" Y="244" T="0" /><Point X="257" Y="244" T="0" /><Point X="257" Y="245" T="0" /><Point X="257" Y="247" T="0" /><Point X="257" Y="248" T="0" /><Point X="256" Y="247" T="0" /><Point X="254" Y="247" T="0" /><Point X="252" Y="245" T="0" /><Point X="245" Y="242" T="0" /><Point X="236" Y="239" T="0" /><Point X="226" Y="234" T="0" /><Point X="217" Y="232" T="0" /><Point X="210" Y="231" T="0" /><Point X="203" Y="230" T="0" /><Point X="195" Y="229" T="0" /><Point X="186" Y="229" T="0" /><Point X="179" Y="229" T="0" /><Point X="171" Y="229" T="0" /><Point X="166" Y="229" T="0" /><Point X="159" Y="229" T="0" /><Point X="152" Y="229" T="0" /><Point X="144" Y="231" T="0" /><Point X="134" Y="231" T="0" /><Point X="127" Y="232" T="0" /><Point X="121" Y="233" T="0" /><Point X="118" Y="234" T="0" /><Point X="115" Y="234" T="0" /><Point X="114" Y="235" T="0" /><Point X="113" Y="235" T="0" /><Point X="112" Y="235" T="0" /><Point X="111" Y="235" T="0" /><Point X="110" Y="235" T="0" /><Point X="109" Y="235" T="0" /><Point X="108" Y="235" T="0" /><Point X="111" Y="234" T="0" /><Point X="114" Y="231" T="0" /><Point X="121" Y="226" T="0" /><Point X="130" Y="219" T="0" /><Point X="137" Y="211" T="0" /><Point X="146" Y="202" T="0" /><Point X="156" Y="193" T="0" /><Point X="166" Y="186" T="0" /><Point X="174" Y="179" T="0" /><Point X="182" Y="175" T="0" /><Point X="188" Y="168" T="0" /><Point X="193" Y="162" T="0" /><Point X="199" Y="155" T="0" /><Point X="206" Y="150" T="0" /><Point X="210" Y="145" T="0" /><Point X="217" Y="141" T="0" /><Point X="222" Y="137" T="0" /><Point X="226" Y="134" T="0" /><Point X="228" Y="132" T="0" /><Point X="230" Y="130" T="0" /><Point X="233" Y="130" T="0" /><Point X="234" Y="129" T="0" /><Point X="235" Y="128" T="0" /><Point X="237" Y="127" T="0" /><Point X="238" Y="127" T="0" /><Point X="239" Y="127" T="0" /></Gesture>