<Gesture Name="delete" Subject="1" Number="1" NumPts="95" Millseconds="0" AppName="Gestures" AppVer="1.0" Date="Wednesday, March 01, 2023" TimeOfDay="19:20:54" ID="9"><Point X="170" Y="132" T="0" /><Point X="174" Y="139" T="0" /><Point X="181" Y="144" T="0" /><Point X="186" Y="151" T="0" /><Point X="192" Y="155" T="0" /><Point X="196" Y="161" T="0" /><Point X="202" Y="166" T="0" /><Point X="207" Y="173" T="0" /><Point X="214" Y="180" T="0" /><Point X="220" Y="187" T="0" /><Point X="226" Y="195" T="0" /><Point X="232" Y="199" T="0" /><Point X="238" Y="206" T="0" /><Point X="243" Y="210" T="0" /><Point X="247" Y="215" T="0" /><Point X="252" Y="218" T="0" /><Point X="254" Y="222" T="0" /><Point X="257" Y="225" T="0" /><Point X="262" Y="229" T="0" /><Point X="267" Y="235" T="0" /><Point X="274" Y="241" T="0" /><Point X="278" Y="246" T="0" /><Point X="283" Y="251" T="0" /><Point X="288" Y="256" T="0" /><Point X="293" Y="261" T="0" /><Point X="297" Y="264" T="0" /><Point X="300" Y="267" T="0" /><Point X="302" Y="271" T="0" /><Point X="305" Y="273" T="0" /><Point X="306" Y="275" T="0" /><Point X="310" Y="279" T="0" /><Point X="311" Y="281" T="0" /><Point X="313" Y="282" T="0" /><Point X="314" Y="283" T="0" /><Point X="317" Y="286" T="0" /><Point X="317" Y="287" T="0" /><Point X="318" Y="289" T="0" /><Point X="319" Y="290" T="0" /><Point X="319" Y="291" T="0" /><Point X="319" Y="292" T="0" /><Point X="319" Y="293" T="0" /><Point X="319" Y="294" T="0" /><Point X="319" Y="295" T="0" /><Point X="319" Y="296" T="0" /><Point X="319" Y="297" T="0" /><Point X="317" Y="298" T="0" /><Point X="310" Y="299" T="0" /><Point X="298" Y="299" T="0" /><Point X="284" Y="299" T="0" /><Point X="266" Y="299" T="0" /><Point X="247" Y="299" T="0" /><Point X="225" Y="299" T="0" /><Point X="212" Y="299" T="0" /><Point X="198" Y="299" T="0" /><Point X="186" Y="298" T="0" /><Point X="170" Y="295" T="0" /><Point X="161" Y="295" T="0" /><Point X="154" Y="292" T="0" /><Point X="146" Y="290" T="0" /><Point X="140" Y="288" T="0" /><Point X="135" Y="285" T="0" /><Point X="130" Y="284" T="0" /><Point X="128" Y="284" T="0" /><Point X="126" Y="284" T="0" /><Point X="124" Y="284" T="0" /><Point X="123" Y="284" T="0" /><Point X="122" Y="284" T="0" /><Point X="122" Y="283" T="0" /><Point X="126" Y="280" T="0" /><Point X="131" Y="275" T="0" /><Point X="139" Y="270" T="0" /><Point X="153" Y="259" T="0" /><Point X="170" Y="243" T="0" /><Point X="188" Y="223" T="0" /><Point X="201" Y="210" T="0" /><Point X="210" Y="200" T="0" /><Point X="222" Y="188" T="0" /><Point X="238" Y="169" T="0" /><Point X="246" Y="160" T="0" /><Point X="254" Y="150" T="0" /><Point X="258" Y="143" T="0" /><Point X="261" Y="139" T="0" /><Point X="264" Y="135" T="0" /><Point X="266" Y="135" T="0" /><Point X="266" Y="133" T="0" /><Point X="266" Y="132" T="0" /><Point X="267" Y="132" T="0" /><Point X="267" Y="131" T="0" /><Point X="268" Y="131" T="0" /><Point X="269" Y="130" T="0" /><Point X="270" Y="130" T="0" /><Point X="270" Y="129" T="0" /><Point X="271" Y="129" T="0" /><Point X="272" Y="129" T="0" /><Point X="272" Y="128" T="0" /></Gesture>