<Gesture Name="delete" Subject="1" Number="1" NumPts="85" Millseconds="0" AppName="Gestures" AppVer="1.0" Date="Wednesday, March 01, 2023" TimeOfDay="19:14:49" ID="2"><Point X="137" Y="135" T="0" /><Point X="143" Y="143" T="0" /><Point X="151" Y="153" T="0" /><Point X="158" Y="163" T="0" /><Point X="166" Y="174" T="0" /><Point X="174" Y="184" T="0" /><Point X="178" Y="191" T="0" /><Point X="184" Y="199" T="0" /><Point X="189" Y="205" T="0" /><Point X="195" Y="210" T="0" /><Point X="199" Y="217" T="0" /><Point X="204" Y="223" T="0" /><Point X="207" Y="228" T="0" /><Point X="210" Y="231" T="0" /><Point X="211" Y="235" T="0" /><Point X="214" Y="237" T="0" /><Point X="215" Y="239" T="0" /><Point X="216" Y="241" T="0" /><Point X="217" Y="242" T="0" /><Point X="218" Y="243" T="0" /><Point X="218" Y="244" T="0" /><Point X="218" Y="245" T="0" /><Point X="220" Y="245" T="0" /><Point X="220" Y="246" T="0" /><Point X="221" Y="247" T="0" /><Point X="221" Y="248" T="0" /><Point X="221" Y="249" T="0" /><Point X="221" Y="250" T="0" /><Point X="221" Y="251" T="0" /><Point X="222" Y="251" T="0" /><Point X="222" Y="253" T="0" /><Point X="220" Y="253" T="0" /><Point X="213" Y="251" T="0" /><Point X="199" Y="247" T="0" /><Point X="175" Y="239" T="0" /><Point X="154" Y="233" T="0" /><Point X="134" Y="228" T="0" /><Point X="114" Y="221" T="0" /><Point X="98" Y="217" T="0" /><Point X="90" Y="215" T="0" /><Point X="85" Y="213" T="0" /><Point X="82" Y="212" T="0" /><Point X="79" Y="211" T="0" /><Point X="77" Y="211" T="0" /><Point X="75" Y="211" T="0" /><Point X="73" Y="211" T="0" /><Point X="72" Y="211" T="0" /><Point X="70" Y="211" T="0" /><Point X="69" Y="211" T="0" /><Point X="67" Y="211" T="0" /><Point X="66" Y="211" T="0" /><Point X="69" Y="211" T="0" /><Point X="70" Y="210" T="0" /><Point X="76" Y="209" T="0" /><Point X="82" Y="207" T="0" /><Point X="89" Y="203" T="0" /><Point X="96" Y="202" T="0" /><Point X="103" Y="199" T="0" /><Point X="111" Y="196" T="0" /><Point X="124" Y="188" T="0" /><Point X="141" Y="177" T="0" /><Point X="157" Y="167" T="0" /><Point X="166" Y="160" T="0" /><Point X="174" Y="153" T="0" /><Point X="183" Y="149" T="0" /><Point X="191" Y="143" T="0" /><Point X="200" Y="140" T="0" /><Point X="206" Y="138" T="0" /><Point X="210" Y="135" T="0" /><Point X="214" Y="133" T="0" /><Point X="216" Y="132" T="0" /><Point X="218" Y="131" T="0" /><Point X="219" Y="131" T="0" /><Point X="220" Y="131" T="0" /><Point X="221" Y="130" T="0" /><Point X="222" Y="129" T="0" /><Point X="222" Y="128" T="0" /><Point X="222" Y="127" T="0" /><Point X="223" Y="127" T="0" /><Point X="224" Y="127" T="0" /><Point X="225" Y="127" T="0" /><Point X="226" Y="126" T="0" /><Point X="226" Y="125" T="0" /><Point X="227" Y="125" T="0" /><Point X="228" Y="125" T="0" /></Gesture>