<Gesture Name="delete" Subject="1" Number="1" NumPts="112" Millseconds="0" AppName="Gestures" AppVer="1.0" Date="Wednesday, March 01, 2023" TimeOfDay="19:17:20" ID="5"><Point X="146" Y="137" T="0" /><Point X="155" Y="143" T="0" /><Point X="166" Y="149" T="0" /><Point X="175" Y="155" T="0" /><Point X="182" Y="162" T="0" /><Point X="189" Y="168" T="0" /><Point X="193" Y="174" T="0" /><Point X="198" Y="180" T="0" /><Point X="201" Y="186" T="0" /><Point X="205" Y="191" T="0" /><Point X="207" Y="195" T="0" /><Point X="210" Y="199" T="0" /><Point X="214" Y="202" T="0" /><Point X="217" Y="206" T="0" /><Point X="219" Y="210" T="0" /><Point X="223" Y="215" T="0" /><Point X="226" Y="218" T="0" /><Point X="228" Y="223" T="0" /><Point X="230" Y="225" T="0" /><Point X="232" Y="227" T="0" /><Point X="234" Y="231" T="0" /><Point X="235" Y="232" T="0" /><Point X="237" Y="234" T="0" /><Point X="238" Y="235" T="0" /><Point X="240" Y="238" T="0" /><Point X="240" Y="239" T="0" /><Point X="241" Y="240" T="0" /><Point X="242" Y="242" T="0" /><Point X="243" Y="244" T="0" /><Point X="245" Y="246" T="0" /><Point X="246" Y="246" T="0" /><Point X="248" Y="247" T="0" /><Point X="250" Y="248" T="0" /><Point X="252" Y="250" T="0" /><Point X="255" Y="251" T="0" /><Point X="257" Y="252" T="0" /><Point X="259" Y="254" T="0" /><Point X="262" Y="255" T="0" /><Point X="265" Y="257" T="0" /><Point X="267" Y="259" T="0" /><Point X="269" Y="259" T="0" /><Point X="272" Y="261" T="0" /><Point X="274" Y="263" T="0" /><Point X="275" Y="263" T="0" /><Point X="278" Y="265" T="0" /><Point X="279" Y="267" T="0" /><Point X="280" Y="267" T="0" /><Point X="280" Y="268" T="0" /><Point X="281" Y="269" T="0" /><Point X="282" Y="270" T="0" /><Point X="282" Y="271" T="0" /><Point X="280" Y="271" T="0" /><Point X="278" Y="271" T="0" /><Point X="273" Y="270" T="0" /><Point X="263" Y="267" T="0" /><Point X="254" Y="262" T="0" /><Point X="242" Y="259" T="0" /><Point X="229" Y="256" T="0" /><Point X="218" Y="255" T="0" /><Point X="209" Y="255" T="0" /><Point X="200" Y="255" T="0" /><Point X="192" Y="255" T="0" /><Point X="182" Y="255" T="0" /><Point X="173" Y="255" T="0" /><Point X="163" Y="257" T="0" /><Point X="155" Y="258" T="0" /><Point X="149" Y="259" T="0" /><Point X="144" Y="259" T="0" /><Point X="139" Y="259" T="0" /><Point X="136" Y="259" T="0" /><Point X="134" Y="259" T="0" /><Point X="132" Y="259" T="0" /><Point X="131" Y="259" T="0" /><Point X="130" Y="259" T="0" /><Point X="129" Y="259" T="0" /><Point X="128" Y="259" T="0" /><Point X="126" Y="259" T="0" /><Point X="127" Y="259" T="0" /><Point X="129" Y="258" T="0" /><Point X="130" Y="256" T="0" /><Point X="136" Y="252" T="0" /><Point X="146" Y="247" T="0" /><Point X="158" Y="239" T="0" /><Point X="166" Y="231" T="0" /><Point X="176" Y="223" T="0" /><Point X="186" Y="215" T="0" /><Point X="197" Y="207" T="0" /><Point X="208" Y="202" T="0" /><Point X="218" Y="195" T="0" /><Point X="226" Y="191" T="0" /><Point X="231" Y="186" T="0" /><Point X="238" Y="182" T="0" /><Point X="242" Y="177" T="0" /><Point X="246" Y="174" T="0" /><Point X="249" Y="170" T="0" /><Point X="251" Y="167" T="0" /><Point X="255" Y="164" T="0" /><Point X="257" Y="163" T="0" /><Point X="258" Y="160" T="0" /><Point X="260" Y="159" T="0" /><Point X="262" Y="157" T="0" /><Point X="264" Y="156" T="0" /><Point X="266" Y="155" T="0" /><Point X="267" Y="155" T="0" /><Point X="270" Y="154" T="0" /><Point X="271" Y="152" T="0" /><Point X="272" Y="151" T="0" /><Point X="273" Y="151" T="0" /><Point X="274" Y="151" T="0" /><Point X="274" Y="150" T="0" /><Point X="275" Y="150" T="0" /><Point X="276" Y="150" T="0" /></Gesture>