<Gesture Name="left-square-bracket" Subject="1" Number="1" NumPts="75" Millseconds="0" AppName="Gestures" AppVer="1.0" Date="Wednesday, March 01, 2023" TimeOfDay="19:20:20" ID="9"><Point X="174" Y="167" T="0" /><Point X="170" Y="167" T="0" /><Point X="168" Y="167" T="0" /><Point X="166" Y="167" T="0" /><Point X="163" Y="167" T="0" /><Point X="161" Y="167" T="0" /><Point X="160" Y="168" T="0" /><Point X="158" Y="168" T="0" /><Point X="156" Y="168" T="0" /><Point X="155" Y="168" T="0" /><Point X="154" Y="168" T="0" /><Point X="153" Y="168" T="0" /><Point X="152" Y="168" T="0" /><Point X="151" Y="168" T="0" /><Point X="150" Y="168" T="0" /><Point X="150" Y="169" T="0" /><Point X="150" Y="170" T="0" /><Point X="149" Y="171" T="0" /><Point X="149" Y="172" T="0" /><Point X="149" Y="174" T="0" /><Point X="148" Y="176" T="0" /><Point X="147" Y="179" T="0" /><Point X="146" Y="182" T="0" /><Point X="146" Y="183" T="0" /><Point X="144" Y="184" T="0" /><Point X="143" Y="186" T="0" /><Point X="142" Y="189" T="0" /><Point X="142" Y="191" T="0" /><Point X="142" Y="192" T="0" /><Point X="141" Y="195" T="0" /><Point X="140" Y="198" T="0" /><Point X="139" Y="199" T="0" /><Point X="138" Y="204" T="0" /><Point X="136" Y="210" T="0" /><Point X="135" Y="219" T="0" /><Point X="134" Y="228" T="0" /><Point X="132" Y="238" T="0" /><Point X="131" Y="243" T="0" /><Point X="130" Y="249" T="0" /><Point X="130" Y="256" T="0" /><Point X="130" Y="262" T="0" /><Point X="130" Y="270" T="0" /><Point X="130" Y="276" T="0" /><Point X="130" Y="282" T="0" /><Point X="130" Y="286" T="0" /><Point X="130" Y="289" T="0" /><Point X="130" Y="291" T="0" /><Point X="130" Y="293" T="0" /><Point X="130" Y="295" T="0" /><Point X="130" Y="296" T="0" /><Point X="130" Y="298" T="0" /><Point X="130" Y="299" T="0" /><Point X="133" Y="299" T="0" /><Point X="135" Y="299" T="0" /><Point X="139" Y="299" T="0" /><Point X="145" Y="299" T="0" /><Point X="149" Y="299" T="0" /><Point X="156" Y="299" T="0" /><Point X="164" Y="299" T="0" /><Point X="174" Y="299" T="0" /><Point X="182" Y="299" T="0" /><Point X="188" Y="297" T="0" /><Point X="194" Y="297" T="0" /><Point X="197" Y="297" T="0" /><Point X="200" Y="297" T="0" /><Point X="202" Y="297" T="0" /><Point X="205" Y="297" T="0" /><Point X="207" Y="297" T="0" /><Point X="209" Y="297" T="0" /><Point X="210" Y="297" T="0" /><Point X="212" Y="297" T="0" /><Point X="213" Y="297" T="0" /><Point X="214" Y="297" T="0" /><Point X="214" Y="298" T="0" /><Point X="214" Y="299" T="0" /></Gesture>