<Gesture Name="left-square-bracket" Subject="1" Number="1" NumPts="67" Millseconds="0" AppName="Gestures" AppVer="1.0" Date="Wednesday, March 01, 2023" TimeOfDay="19:21:46" ID="10"><Point X="134" Y="126" T="0" /><Point X="127" Y="126" T="0" /><Point X="125" Y="126" T="0" /><Point X="121" Y="126" T="0" /><Point X="118" Y="126" T="0" /><Point X="114" Y="126" T="0" /><Point X="110" Y="126" T="0" /><Point X="107" Y="126" T="0" /><Point X="103" Y="126" T="0" /><Point X="100" Y="126" T="0" /><Point X="96" Y="126" T="0" /><Point X="94" Y="126" T="0" /><Point X="92" Y="126" T="0" /><Point X="90" Y="127" T="0" /><Point X="89" Y="127" T="0" /><Point X="87" Y="127" T="0" /><Point X="86" Y="127" T="0" /><Point X="85" Y="127" T="0" /><Point X="84" Y="127" T="0" /><Point X="83" Y="128" T="0" /><Point X="83" Y="129" T="0" /><Point X="83" Y="130" T="0" /><Point X="83" Y="133" T="0" /><Point X="83" Y="139" T="0" /><Point X="83" Y="147" T="0" /><Point X="83" Y="152" T="0" /><Point X="83" Y="159" T="0" /><Point X="83" Y="166" T="0" /><Point X="83" Y="176" T="0" /><Point X="83" Y="190" T="0" /><Point X="83" Y="202" T="0" /><Point X="83" Y="211" T="0" /><Point X="83" Y="216" T="0" /><Point X="83" Y="224" T="0" /><Point X="83" Y="234" T="0" /><Point X="83" Y="244" T="0" /><Point X="83" Y="254" T="0" /><Point X="82" Y="260" T="0" /><Point X="82" Y="265" T="0" /><Point X="82" Y="269" T="0" /><Point X="82" Y="271" T="0" /><Point X="82" Y="272" T="0" /><Point X="82" Y="274" T="0" /><Point X="82" Y="275" T="0" /><Point X="82" Y="276" T="0" /><Point X="82" Y="277" T="0" /><Point X="82" Y="278" T="0" /><Point X="82" Y="279" T="0" /><Point X="85" Y="280" T="0" /><Point X="88" Y="282" T="0" /><Point X="94" Y="283" T="0" /><Point X="98" Y="283" T="0" /><Point X="105" Y="284" T="0" /><Point X="110" Y="285" T="0" /><Point X="120" Y="285" T="0" /><Point X="130" Y="285" T="0" /><Point X="140" Y="285" T="0" /><Point X="146" Y="285" T="0" /><Point X="152" Y="285" T="0" /><Point X="159" Y="284" T="0" /><Point X="166" Y="283" T="0" /><Point X="171" Y="283" T="0" /><Point X="178" Y="283" T="0" /><Point X="182" Y="283" T="0" /><Point X="184" Y="283" T="0" /><Point X="186" Y="283" T="0" /><Point X="187" Y="283" T="0" /></Gesture>