<Gesture Name="left-curly-brace" Subject="1" Number="1" NumPts="126" Millseconds="0" AppName="Gestures" AppVer="1.0" Date="Wednesday, March 01, 2023" TimeOfDay="19:14:02" ID="1"><Point X="140" Y="150" T="0" /><Point X="139" Y="150" T="0" /><Point X="138" Y="151" T="0" /><Point X="137" Y="152" T="0" /><Point X="136" Y="152" T="0" /><Point X="136" Y="153" T="0" /><Point X="135" Y="155" T="0" /><Point X="134" Y="155" T="0" /><Point X="133" Y="158" T="0" /><Point X="130" Y="160" T="0" /><Point X="127" Y="164" T="0" /><Point X="126" Y="166" T="0" /><Point X="122" Y="168" T="0" /><Point X="121" Y="172" T="0" /><Point X="119" Y="174" T="0" /><Point X="118" Y="175" T="0" /><Point X="117" Y="177" T="0" /><Point X="115" Y="179" T="0" /><Point X="115" Y="180" T="0" /><Point X="114" Y="182" T="0" /><Point X="114" Y="183" T="0" /><Point X="114" Y="186" T="0" /><Point X="114" Y="188" T="0" /><Point X="114" Y="191" T="0" /><Point X="115" Y="195" T="0" /><Point X="118" Y="199" T="0" /><Point X="119" Y="203" T="0" /><Point X="121" Y="207" T="0" /><Point X="122" Y="209" T="0" /><Point X="125" Y="212" T="0" /><Point X="126" Y="214" T="0" /><Point X="128" Y="215" T="0" /><Point X="130" Y="217" T="0" /><Point X="130" Y="219" T="0" /><Point X="132" Y="220" T="0" /><Point X="134" Y="222" T="0" /><Point X="134" Y="223" T="0" /><Point X="136" Y="226" T="0" /><Point X="137" Y="227" T="0" /><Point X="138" Y="227" T="0" /><Point X="139" Y="228" T="0" /><Point X="139" Y="229" T="0" /><Point X="139" Y="230" T="0" /><Point X="139" Y="231" T="0" /><Point X="139" Y="232" T="0" /><Point X="139" Y="233" T="0" /><Point X="139" Y="235" T="0" /><Point X="138" Y="236" T="0" /><Point X="138" Y="238" T="0" /><Point X="137" Y="239" T="0" /><Point X="136" Y="241" T="0" /><Point X="135" Y="243" T="0" /><Point X="134" Y="243" T="0" /><Point X="134" Y="245" T="0" /><Point X="131" Y="246" T="0" /><Point X="130" Y="247" T="0" /><Point X="128" Y="248" T="0" /><Point X="127" Y="248" T="0" /><Point X="126" Y="248" T="0" /><Point X="123" Y="248" T="0" /><Point X="122" Y="248" T="0" /><Point X="121" Y="248" T="0" /><Point X="120" Y="248" T="0" /><Point X="120" Y="247" T="0" /><Point X="120" Y="245" T="0" /><Point X="120" Y="244" T="0" /><Point X="120" Y="243" T="0" /><Point X="120" Y="242" T="0" /><Point X="120" Y="241" T="0" /><Point X="120" Y="240" T="0" /><Point X="121" Y="240" T="0" /><Point X="122" Y="240" T="0" /><Point X="122" Y="241" T="0" /><Point X="123" Y="243" T="0" /><Point X="124" Y="247" T="0" /><Point X="126" Y="251" T="0" /><Point X="126" Y="258" T="0" /><Point X="126" Y="263" T="0" /><Point X="124" Y="271" T="0" /><Point X="123" Y="280" T="0" /><Point X="122" Y="289" T="0" /><Point X="120" Y="299" T="0" /><Point X="119" Y="304" T="0" /><Point X="118" Y="309" T="0" /><Point X="118" Y="312" T="0" /><Point X="117" Y="315" T="0" /><Point X="115" Y="317" T="0" /><Point X="114" Y="319" T="0" /><Point X="114" Y="321" T="0" /><Point X="113" Y="324" T="0" /><Point X="111" Y="327" T="0" /><Point X="110" Y="331" T="0" /><Point X="110" Y="336" T="0" /><Point X="109" Y="342" T="0" /><Point X="108" Y="344" T="0" /><Point X="106" Y="349" T="0" /><Point X="106" Y="351" T="0" /><Point X="106" Y="353" T="0" /><Point X="106" Y="355" T="0" /><Point X="106" Y="357" T="0" /><Point X="106" Y="358" T="0" /><Point X="106" Y="359" T="0" /><Point X="106" Y="360" T="0" /><Point X="106" Y="361" T="0" /><Point X="107" Y="363" T="0" /><Point X="109" Y="363" T="0" /><Point X="110" Y="363" T="0" /><Point X="111" Y="364" T="0" /><Point X="113" Y="364" T="0" /><Point X="114" Y="364" T="0" /><Point X="116" Y="364" T="0" /><Point X="117" Y="364" T="0" /><Point X="118" Y="364" T="0" /><Point X="119" Y="364" T="0" /><Point X="120" Y="364" T="0" /><Point X="122" Y="364" T="0" /><Point X="122" Y="363" T="0" /><Point X="122" Y="362" T="0" /><Point X="123" Y="362" T="0" /><Point X="124" Y="361" T="0" /><Point X="125" Y="360" T="0" /><Point X="127" Y="359" T="0" /><Point X="129" Y="357" T="0" /><Point X="130" Y="355" T="0" /><Point X="131" Y="354" T="0" /><Point X="131" Y="353" T="0" /></Gesture>