<Gesture Name="left-square-bracket" Subject="1" Number="1" NumPts="76" Millseconds="0" AppName="Gestures" AppVer="1.0" Date="Wednesday, March 01, 2023" TimeOfDay="19:18:00" ID="6"><Point X="154" Y="133" T="0" /><Point X="147" Y="131" T="0" /><Point X="141" Y="131" T="0" /><Point X="134" Y="129" T="0" /><Point X="128" Y="128" T="0" /><Point X="120" Y="128" T="0" /><Point X="113" Y="127" T="0" /><Point X="108" Y="127" T="0" /><Point X="102" Y="127" T="0" /><Point X="98" Y="127" T="0" /><Point X="94" Y="127" T="0" /><Point X="92" Y="127" T="0" /><Point X="90" Y="127" T="0" /><Point X="86" Y="127" T="0" /><Point X="85" Y="127" T="0" /><Point X="83" Y="127" T="0" /><Point X="81" Y="127" T="0" /><Point X="80" Y="127" T="0" /><Point X="79" Y="127" T="0" /><Point X="78" Y="127" T="0" /><Point X="77" Y="127" T="0" /><Point X="75" Y="127" T="0" /><Point X="74" Y="127" T="0" /><Point X="74" Y="129" T="0" /><Point X="74" Y="132" T="0" /><Point X="74" Y="137" T="0" /><Point X="74" Y="144" T="0" /><Point X="74" Y="151" T="0" /><Point X="74" Y="158" T="0" /><Point X="74" Y="168" T="0" /><Point X="74" Y="182" T="0" /><Point X="74" Y="192" T="0" /><Point X="74" Y="200" T="0" /><Point X="74" Y="207" T="0" /><Point X="74" Y="215" T="0" /><Point X="74" Y="223" T="0" /><Point X="74" Y="232" T="0" /><Point X="73" Y="240" T="0" /><Point X="73" Y="247" T="0" /><Point X="72" Y="253" T="0" /><Point X="71" Y="259" T="0" /><Point X="71" Y="264" T="0" /><Point X="70" Y="268" T="0" /><Point X="70" Y="275" T="0" /><Point X="68" Y="284" T="0" /><Point X="66" Y="291" T="0" /><Point X="66" Y="297" T="0" /><Point X="66" Y="303" T="0" /><Point X="65" Y="306" T="0" /><Point X="64" Y="309" T="0" /><Point X="64" Y="311" T="0" /><Point X="64" Y="313" T="0" /><Point X="64" Y="315" T="0" /><Point X="64" Y="317" T="0" /><Point X="64" Y="318" T="0" /><Point X="64" Y="319" T="0" /><Point X="65" Y="319" T="0" /><Point X="68" Y="319" T="0" /><Point X="70" Y="319" T="0" /><Point X="76" Y="319" T="0" /><Point X="84" Y="318" T="0" /><Point X="93" Y="315" T="0" /><Point X="102" Y="311" T="0" /><Point X="112" Y="309" T="0" /><Point X="122" Y="306" T="0" /><Point X="133" Y="303" T="0" /><Point X="143" Y="300" T="0" /><Point X="153" Y="299" T="0" /><Point X="161" Y="298" T="0" /><Point X="165" Y="298" T="0" /><Point X="169" Y="298" T="0" /><Point X="171" Y="298" T="0" /><Point X="173" Y="298" T="0" /><Point X="174" Y="298" T="0" /><Point X="175" Y="298" T="0" /><Point X="175" Y="299" T="0" /></Gesture>