<Gesture Name="left-curly-brace" Subject="1" Number="1" NumPts="108" Millseconds="0" AppName="Gestures" AppVer="1.0" Date="Wednesday, March 01, 2023" TimeOfDay="19:17:23" ID="5"><Point X="168" Y="111" T="0" /><Point X="166" Y="115" T="0" /><Point X="165" Y="119" T="0" /><Point X="162" Y="125" T="0" /><Point X="162" Y="131" T="0" /><Point X="160" Y="134" T="0" /><Point X="160" Y="138" T="0" /><Point X="160" Y="141" T="0" /><Point X="161" Y="144" T="0" /><Point X="162" Y="150" T="0" /><Point X="164" Y="155" T="0" /><Point X="165" Y="159" T="0" /><Point X="166" Y="162" T="0" /><Point X="166" Y="166" T="0" /><Point X="167" Y="168" T="0" /><Point X="167" Y="169" T="0" /><Point X="169" Y="171" T="0" /><Point X="170" Y="173" T="0" /><Point X="171" Y="175" T="0" /><Point X="173" Y="176" T="0" /><Point X="174" Y="177" T="0" /><Point X="176" Y="179" T="0" /><Point X="178" Y="181" T="0" /><Point X="181" Y="183" T="0" /><Point X="184" Y="184" T="0" /><Point X="186" Y="187" T="0" /><Point X="187" Y="188" T="0" /><Point X="187" Y="189" T="0" /><Point X="188" Y="191" T="0" /><Point X="189" Y="192" T="0" /><Point X="190" Y="194" T="0" /><Point X="190" Y="195" T="0" /><Point X="190" Y="198" T="0" /><Point X="190" Y="200" T="0" /><Point X="190" Y="203" T="0" /><Point X="190" Y="205" T="0" /><Point X="189" Y="208" T="0" /><Point X="187" Y="210" T="0" /><Point X="186" Y="212" T="0" /><Point X="182" Y="215" T="0" /><Point X="179" Y="219" T="0" /><Point X="176" Y="220" T="0" /><Point X="170" Y="222" T="0" /><Point X="166" Y="224" T="0" /><Point X="162" Y="226" T="0" /><Point X="160" Y="226" T="0" /><Point X="158" Y="226" T="0" /><Point X="157" Y="226" T="0" /><Point X="155" Y="226" T="0" /><Point X="154" Y="220" T="0" /><Point X="154" Y="214" T="0" /><Point X="154" Y="208" T="0" /><Point X="155" Y="201" T="0" /><Point X="158" Y="195" T="0" /><Point X="160" Y="192" T="0" /><Point X="162" Y="190" T="0" /><Point X="163" Y="187" T="0" /><Point X="166" Y="185" T="0" /><Point X="167" Y="184" T="0" /><Point X="169" Y="183" T="0" /><Point X="170" Y="183" T="0" /><Point X="171" Y="183" T="0" /><Point X="174" Y="184" T="0" /><Point X="174" Y="185" T="0" /><Point X="175" Y="186" T="0" /><Point X="176" Y="188" T="0" /><Point X="177" Y="191" T="0" /><Point X="178" Y="197" T="0" /><Point X="178" Y="203" T="0" /><Point X="178" Y="209" T="0" /><Point X="178" Y="215" T="0" /><Point X="178" Y="218" T="0" /><Point X="178" Y="223" T="0" /><Point X="177" Y="227" T="0" /><Point X="174" Y="236" T="0" /><Point X="171" Y="247" T="0" /><Point X="169" Y="258" T="0" /><Point X="167" Y="267" T="0" /><Point X="165" Y="273" T="0" /><Point X="164" Y="279" T="0" /><Point X="161" Y="287" T="0" /><Point X="158" Y="297" T="0" /><Point X="158" Y="309" T="0" /><Point X="157" Y="318" T="0" /><Point X="156" Y="323" T="0" /><Point X="156" Y="329" T="0" /><Point X="156" Y="332" T="0" /><Point X="156" Y="336" T="0" /><Point X="156" Y="339" T="0" /><Point X="157" Y="343" T="0" /><Point X="158" Y="347" T="0" /><Point X="161" Y="351" T="0" /><Point X="162" Y="354" T="0" /><Point X="164" Y="356" T="0" /><Point X="166" Y="357" T="0" /><Point X="170" Y="359" T="0" /><Point X="174" Y="359" T="0" /><Point X="180" Y="359" T="0" /><Point X="185" Y="358" T="0" /><Point X="190" Y="355" T="0" /><Point X="194" Y="353" T="0" /><Point X="197" Y="351" T="0" /><Point X="199" Y="349" T="0" /><Point X="201" Y="348" T="0" /><Point X="203" Y="347" T="0" /><Point X="204" Y="347" T="0" /><Point X="204" Y="346" T="0" /><Point X="205" Y="346" T="0" /></Gesture>