<Gesture Name="left-square-bracket" Subject="1" Number="1" NumPts="67" Millseconds="0" AppName="Gestures" AppVer="1.0" Date="Wednesday, March 01, 2023" TimeOfDay="19:18:52" ID="7"><Point X="170" Y="130" T="0" /><Point X="166" Y="130" T="0" /><Point X="162" Y="130" T="0" /><Point X="158" Y="130" T="0" /><Point X="155" Y="130" T="0" /><Point X="150" Y="130" T="0" /><Point X="145" Y="130" T="0" /><Point X="142" Y="130" T="0" /><Point X="139" Y="130" T="0" /><Point X="136" Y="130" T="0" /><Point X="134" Y="130" T="0" /><Point X="133" Y="130" T="0" /><Point X="131" Y="130" T="0" /><Point X="130" Y="130" T="0" /><Point X="129" Y="130" T="0" /><Point X="128" Y="130" T="0" /><Point X="127" Y="130" T="0" /><Point X="127" Y="131" T="0" /><Point X="126" Y="131" T="0" /><Point X="126" Y="133" T="0" /><Point X="126" Y="135" T="0" /><Point X="126" Y="138" T="0" /><Point X="126" Y="145" T="0" /><Point X="123" Y="156" T="0" /><Point X="123" Y="165" T="0" /><Point X="122" Y="172" T="0" /><Point X="122" Y="178" T="0" /><Point X="122" Y="186" T="0" /><Point X="121" Y="196" T="0" /><Point X="120" Y="211" T="0" /><Point X="119" Y="222" T="0" /><Point X="118" Y="228" T="0" /><Point X="117" Y="235" T="0" /><Point X="116" Y="245" T="0" /><Point X="114" Y="253" T="0" /><Point X="113" Y="263" T="0" /><Point X="112" Y="271" T="0" /><Point X="112" Y="278" T="0" /><Point X="111" Y="280" T="0" /><Point X="111" Y="285" T="0" /><Point X="111" Y="287" T="0" /><Point X="111" Y="289" T="0" /><Point X="111" Y="291" T="0" /><Point X="111" Y="293" T="0" /><Point X="111" Y="295" T="0" /><Point X="111" Y="298" T="0" /><Point X="111" Y="299" T="0" /><Point X="111" Y="300" T="0" /><Point X="111" Y="301" T="0" /><Point X="113" Y="303" T="0" /><Point X="116" Y="304" T="0" /><Point X="122" Y="306" T="0" /><Point X="126" Y="306" T="0" /><Point X="131" Y="306" T="0" /><Point X="135" Y="306" T="0" /><Point X="139" Y="306" T="0" /><Point X="144" Y="306" T="0" /><Point X="149" Y="306" T="0" /><Point X="154" Y="306" T="0" /><Point X="160" Y="305" T="0" /><Point X="164" Y="305" T="0" /><Point X="170" Y="305" T="0" /><Point X="173" Y="305" T="0" /><Point X="176" Y="305" T="0" /><Point X="178" Y="305" T="0" /><Point X="179" Y="305" T="0" /><Point X="180" Y="305" T="0" /></Gesture>