<Gesture Name="left-square-bracket" Subject="1" Number="1" NumPts="71" Millseconds="0" AppName="Gestures" AppVer="1.0" Date="Wednesday, March 01, 2023" TimeOfDay="19:17:12" ID="5"><Point X="181" Y="127" T="0" /><Point X="174" Y="127" T="0" /><Point X="167" Y="125" T="0" /><Point X="162" Y="125" T="0" /><Point X="157" Y="125" T="0" /><Point X="154" Y="125" T="0" /><Point X="150" Y="125" T="0" /><Point X="146" Y="125" T="0" /><Point X="143" Y="125" T="0" /><Point X="138" Y="124" T="0" /><Point X="133" Y="124" T="0" /><Point X="130" Y="124" T="0" /><Point X="128" Y="124" T="0" /><Point X="126" Y="124" T="0" /><Point X="124" Y="124" T="0" /><Point X="123" Y="124" T="0" /><Point X="122" Y="124" T="0" /><Point X="121" Y="124" T="0" /><Point X="120" Y="124" T="0" /><Point X="119" Y="125" T="0" /><Point X="119" Y="126" T="0" /><Point X="118" Y="127" T="0" /><Point X="118" Y="130" T="0" /><Point X="117" Y="137" T="0" /><Point X="117" Y="146" T="0" /><Point X="116" Y="151" T="0" /><Point X="116" Y="157" T="0" /><Point X="116" Y="163" T="0" /><Point X="116" Y="168" T="0" /><Point X="114" Y="175" T="0" /><Point X="114" Y="184" T="0" /><Point X="113" Y="194" T="0" /><Point X="112" Y="199" T="0" /><Point X="110" Y="207" T="0" /><Point X="109" Y="211" T="0" /><Point X="108" Y="216" T="0" /><Point X="108" Y="223" T="0" /><Point X="107" Y="228" T="0" /><Point X="106" Y="235" T="0" /><Point X="105" Y="243" T="0" /><Point X="104" Y="248" T="0" /><Point X="103" Y="255" T="0" /><Point X="102" Y="258" T="0" /><Point X="101" Y="263" T="0" /><Point X="100" Y="265" T="0" /><Point X="100" Y="267" T="0" /><Point X="100" Y="269" T="0" /><Point X="100" Y="270" T="0" /><Point X="100" Y="271" T="0" /><Point X="100" Y="272" T="0" /><Point X="100" Y="273" T="0" /><Point X="100" Y="275" T="0" /><Point X="101" Y="275" T="0" /><Point X="103" Y="275" T="0" /><Point X="105" Y="275" T="0" /><Point X="110" Y="275" T="0" /><Point X="114" Y="275" T="0" /><Point X="120" Y="275" T="0" /><Point X="124" Y="275" T="0" /><Point X="130" Y="275" T="0" /><Point X="136" Y="275" T="0" /><Point X="142" Y="275" T="0" /><Point X="150" Y="277" T="0" /><Point X="158" Y="277" T="0" /><Point X="163" Y="277" T="0" /><Point X="169" Y="277" T="0" /><Point X="172" Y="278" T="0" /><Point X="174" Y="278" T="0" /><Point X="176" Y="278" T="0" /><Point X="177" Y="278" T="0" /><Point X="178" Y="278" T="0" /></Gesture>