<Gesture Name="left-curly-brace" Subject="1" Number="1" NumPts="98" Millseconds="0" AppName="Gestures" AppVer="1.0" Date="Wednesday, March 01, 2023" TimeOfDay="19:18:10" ID="6"><Point X="139" Y="126" T="0" /><Point X="137" Y="127" T="0" /><Point X="134" Y="129" T="0" /><Point X="131" Y="133" T="0" /><Point X="127" Y="139" T="0" /><Point X="123" Y="145" T="0" /><Point X="120" Y="151" T="0" /><Point X="118" Y="154" T="0" /><Point X="117" Y="159" T="0" /><Point X="115" Y="161" T="0" /><Point X="114" Y="163" T="0" /><Point X="114" Y="165" T="0" /><Point X="114" Y="167" T="0" /><Point X="114" Y="170" T="0" /><Point X="114" Y="173" T="0" /><Point X="114" Y="175" T="0" /><Point X="117" Y="178" T="0" /><Point X="118" Y="182" T="0" /><Point X="120" Y="185" T="0" /><Point X="123" Y="190" T="0" /><Point X="126" Y="192" T="0" /><Point X="130" Y="196" T="0" /><Point X="135" Y="200" T="0" /><Point X="138" Y="203" T="0" /><Point X="142" Y="205" T="0" /><Point X="146" Y="208" T="0" /><Point X="148" Y="209" T="0" /><Point X="149" Y="211" T="0" /><Point X="150" Y="212" T="0" /><Point X="152" Y="215" T="0" /><Point X="153" Y="215" T="0" /><Point X="154" Y="216" T="0" /><Point X="154" Y="217" T="0" /><Point X="154" Y="219" T="0" /><Point X="154" Y="222" T="0" /><Point X="154" Y="225" T="0" /><Point X="152" Y="229" T="0" /><Point X="150" Y="233" T="0" /><Point X="146" Y="236" T="0" /><Point X="144" Y="241" T="0" /><Point X="141" Y="243" T="0" /><Point X="138" Y="247" T="0" /><Point X="135" Y="248" T="0" /><Point X="134" Y="249" T="0" /><Point X="132" Y="250" T="0" /><Point X="130" Y="251" T="0" /><Point X="129" Y="251" T="0" /><Point X="128" Y="251" T="0" /><Point X="126" Y="250" T="0" /><Point X="126" Y="249" T="0" /><Point X="125" Y="248" T="0" /><Point X="125" Y="247" T="0" /><Point X="124" Y="247" T="0" /><Point X="124" Y="246" T="0" /><Point X="124" Y="245" T="0" /><Point X="125" Y="246" T="0" /><Point X="126" Y="246" T="0" /><Point X="127" Y="248" T="0" /><Point X="129" Y="250" T="0" /><Point X="130" Y="251" T="0" /><Point X="131" Y="253" T="0" /><Point X="133" Y="257" T="0" /><Point X="134" Y="262" T="0" /><Point X="135" Y="270" T="0" /><Point X="137" Y="279" T="0" /><Point X="137" Y="289" T="0" /><Point X="137" Y="294" T="0" /><Point X="137" Y="299" T="0" /><Point X="137" Y="303" T="0" /><Point X="137" Y="307" T="0" /><Point X="137" Y="312" T="0" /><Point X="137" Y="316" T="0" /><Point X="135" Y="322" T="0" /><Point X="135" Y="327" T="0" /><Point X="135" Y="334" T="0" /><Point X="135" Y="339" T="0" /><Point X="135" Y="343" T="0" /><Point X="135" Y="346" T="0" /><Point X="135" Y="348" T="0" /><Point X="136" Y="351" T="0" /><Point X="137" Y="352" T="0" /><Point X="138" Y="354" T="0" /><Point X="138" Y="355" T="0" /><Point X="138" Y="357" T="0" /><Point X="138" Y="358" T="0" /><Point X="139" Y="358" T="0" /><Point X="139" Y="359" T="0" /><Point X="140" Y="359" T="0" /><Point X="142" Y="360" T="0" /><Point X="143" Y="360" T="0" /><Point X="145" Y="360" T="0" /><Point X="146" Y="360" T="0" /><Point X="149" Y="360" T="0" /><Point X="150" Y="360" T="0" /><Point X="151" Y="360" T="0" /><Point X="152" Y="360" T="0" /><Point X="153" Y="360" T="0" /><Point X="154" Y="360" T="0" /></Gesture>