<Gesture Name="left-curly-brace" Subject="1" Number="1" NumPts="201" Millseconds="0" AppName="Gestures" AppVer="1.0" Date="Wednesday, March 01, 2023" TimeOfDay="19:19:46" ID="8"><Point X="156" Y="107" T="0" /><Point X="154" Y="107" T="0" /><Point X="151" Y="107" T="0" /><Point X="150" Y="107" T="0" /><Point X="149" Y="107" T="0" /><Point X="147" Y="107" T="0" /><Point X="146" Y="107" T="0" /><Point X="144" Y="107" T="0" /><Point X="143" Y="107" T="0" /><Point X="142" Y="107" T="0" /><Point X="141" Y="107" T="0" /><Point X="139" Y="107" T="0" /><Point X="138" Y="107" T="0" /><Point X="137" Y="107" T="0" /><Point X="136" Y="107" T="0" /><Point X="135" Y="107" T="0" /><Point X="134" Y="107" T="0" /><Point X="133" Y="107" T="0" /><Point X="132" Y="107" T="0" /><Point X="131" Y="107" T="0" /><Point X="130" Y="108" T="0" /><Point X="130" Y="109" T="0" /><Point X="129" Y="110" T="0" /><Point X="127" Y="111" T="0" /><Point X="126" Y="113" T="0" /><Point X="126" Y="115" T="0" /><Point X="126" Y="118" T="0" /><Point X="126" Y="121" T="0" /><Point X="126" Y="123" T="0" /><Point X="126" Y="125" T="0" /><Point X="126" Y="127" T="0" /><Point X="126" Y="128" T="0" /><Point X="126" Y="130" T="0" /><Point X="126" Y="131" T="0" /><Point X="126" Y="133" T="0" /><Point X="126" Y="135" T="0" /><Point X="126" Y="136" T="0" /><Point X="126" Y="138" T="0" /><Point X="126" Y="139" T="0" /><Point X="126" Y="140" T="0" /><Point X="126" Y="142" T="0" /><Point X="126" Y="143" T="0" /><Point X="126" Y="144" T="0" /><Point X="127" Y="147" T="0" /><Point X="128" Y="148" T="0" /><Point X="128" Y="150" T="0" /><Point X="129" Y="151" T="0" /><Point X="129" Y="153" T="0" /><Point X="130" Y="155" T="0" /><Point X="130" Y="156" T="0" /><Point X="130" Y="158" T="0" /><Point X="130" Y="159" T="0" /><Point X="130" Y="161" T="0" /><Point X="130" Y="163" T="0" /><Point X="130" Y="165" T="0" /><Point X="130" Y="167" T="0" /><Point X="130" Y="168" T="0" /><Point X="130" Y="170" T="0" /><Point X="130" Y="171" T="0" /><Point X="130" Y="172" T="0" /><Point X="130" Y="175" T="0" /><Point X="128" Y="177" T="0" /><Point X="127" Y="179" T="0" /><Point X="127" Y="180" T="0" /><Point X="127" Y="181" T="0" /><Point X="127" Y="182" T="0" /><Point X="127" Y="183" T="0" /><Point X="127" Y="184" T="0" /><Point X="126" Y="184" T="0" /><Point X="126" Y="185" T="0" /><Point X="126" Y="187" T="0" /><Point X="125" Y="189" T="0" /><Point X="124" Y="190" T="0" /><Point X="124" Y="191" T="0" /><Point X="123" Y="191" T="0" /><Point X="122" Y="193" T="0" /><Point X="120" Y="195" T="0" /><Point X="119" Y="195" T="0" /><Point X="118" Y="196" T="0" /><Point X="118" Y="197" T="0" /><Point X="117" Y="197" T="0" /><Point X="117" Y="198" T="0" /><Point X="116" Y="199" T="0" /><Point X="114" Y="200" T="0" /><Point X="113" Y="200" T="0" /><Point X="112" Y="201" T="0" /><Point X="111" Y="201" T="0" /><Point X="110" Y="201" T="0" /><Point X="107" Y="201" T="0" /><Point X="106" Y="201" T="0" /><Point X="105" Y="201" T="0" /><Point X="104" Y="201" T="0" /><Point X="103" Y="201" T="0" /><Point X="103" Y="200" T="0" /><Point X="103" Y="199" T="0" /><Point X="103" Y="198" T="0" /><Point X="103" Y="197" T="0" /><Point X="104" Y="197" T="0" /><Point X="105" Y="197" T="0" /><Point X="106" Y="197" T="0" /><Point X="106" Y="196" T="0" /><Point X="107" Y="195" T="0" /><Point X="110" Y="195" T="0" /><Point X="111" Y="195" T="0" /><Point X="112" Y="195" T="0" /><Point X="114" Y="195" T="0" /><Point X="115" Y="195" T="0" /><Point X="117" Y="195" T="0" /><Point X="118" Y="195" T="0" /><Point X="119" Y="195" T="0" /><Point X="120" Y="195" T="0" /><Point X="120" Y="196" T="0" /><Point X="121" Y="196" T="0" /><Point X="122" Y="197" T="0" /><Point X="122" Y="198" T="0" /><Point X="123" Y="199" T="0" /><Point X="124" Y="199" T="0" /><Point X="125" Y="200" T="0" /><Point X="125" Y="201" T="0" /><Point X="126" Y="201" T="0" /><Point X="126" Y="202" T="0" /><Point X="126" Y="203" T="0" /><Point X="128" Y="203" T="0" /><Point X="128" Y="204" T="0" /><Point X="128" Y="205" T="0" /><Point X="128" Y="206" T="0" /><Point X="128" Y="207" T="0" /><Point X="128" Y="208" T="0" /><Point X="128" Y="210" T="0" /><Point X="128" Y="211" T="0" /><Point X="128" Y="213" T="0" /><Point X="128" Y="215" T="0" /><Point X="128" Y="219" T="0" /><Point X="129" Y="221" T="0" /><Point X="129" Y="224" T="0" /><Point X="129" Y="227" T="0" /><Point X="129" Y="229" T="0" /><Point X="129" Y="231" T="0" /><Point X="129" Y="234" T="0" /><Point X="129" Y="236" T="0" /><Point X="129" Y="239" T="0" /><Point X="129" Y="240" T="0" /><Point X="129" Y="242" T="0" /><Point X="129" Y="243" T="0" /><Point X="129" Y="244" T="0" /><Point X="129" Y="246" T="0" /><Point X="129" Y="247" T="0" /><Point X="129" Y="249" T="0" /><Point X="129" Y="251" T="0" /><Point X="127" Y="251" T="0" /><Point X="126" Y="254" T="0" /><Point X="126" Y="256" T="0" /><Point X="126" Y="259" T="0" /><Point X="126" Y="261" T="0" /><Point X="126" Y="263" T="0" /><Point X="125" Y="266" T="0" /><Point X="125" Y="269" T="0" /><Point X="125" Y="271" T="0" /><Point X="124" Y="273" T="0" /><Point X="124" Y="276" T="0" /><Point X="124" Y="278" T="0" /><Point X="123" Y="280" T="0" /><Point X="123" Y="282" T="0" /><Point X="123" Y="283" T="0" /><Point X="123" Y="286" T="0" /><Point X="123" Y="289" T="0" /><Point X="123" Y="293" T="0" /><Point X="123" Y="296" T="0" /><Point X="123" Y="301" T="0" /><Point X="123" Y="305" T="0" /><Point X="123" Y="311" T="0" /><Point X="123" Y="314" T="0" /><Point X="123" Y="318" T="0" /><Point X="123" Y="319" T="0" /><Point X="123" Y="322" T="0" /><Point X="123" Y="325" T="0" /><Point X="124" Y="327" T="0" /><Point X="124" Y="328" T="0" /><Point X="125" Y="331" T="0" /><Point X="126" Y="334" T="0" /><Point X="126" Y="335" T="0" /><Point X="129" Y="337" T="0" /><Point X="130" Y="341" T="0" /><Point X="132" Y="343" T="0" /><Point X="134" Y="344" T="0" /><Point X="137" Y="347" T="0" /><Point X="139" Y="348" T="0" /><Point X="140" Y="349" T="0" /><Point X="142" Y="350" T="0" /><Point X="145" Y="350" T="0" /><Point X="146" Y="350" T="0" /><Point X="148" Y="350" T="0" /><Point X="150" Y="350" T="0" /><Point X="151" Y="349" T="0" /><Point X="153" Y="348" T="0" /><Point X="154" Y="346" T="0" /><Point X="156" Y="344" T="0" /><Point X="158" Y="343" T="0" /><Point X="159" Y="343" T="0" /><Point X="160" Y="342" T="0" /><Point X="161" Y="341" T="0" /></Gesture>