<Gesture Name="left-curly-brace" Subject="1" Number="1" NumPts="159" Millseconds="0" AppName="Gestures" AppVer="1.0" Date="Wednesday, March 01, 2023" TimeOfDay="19:16:38" ID="4"><Point X="142" Y="127" T="0" /><Point X="140" Y="127" T="0" /><Point X="139" Y="126" T="0" /><Point X="137" Y="125" T="0" /><Point X="135" Y="124" T="0" /><Point X="134" Y="123" T="0" /><Point X="133" Y="123" T="0" /><Point X="131" Y="122" T="0" /><Point X="129" Y="122" T="0" /><Point X="128" Y="122" T="0" /><Point X="126" Y="122" T="0" /><Point X="125" Y="122" T="0" /><Point X="123" Y="122" T="0" /><Point X="122" Y="121" T="0" /><Point X="120" Y="121" T="0" /><Point X="118" Y="120" T="0" /><Point X="115" Y="120" T="0" /><Point X="113" Y="120" T="0" /><Point X="111" Y="120" T="0" /><Point X="108" Y="120" T="0" /><Point X="106" Y="120" T="0" /><Point X="104" Y="120" T="0" /><Point X="102" Y="120" T="0" /><Point X="100" Y="120" T="0" /><Point X="99" Y="120" T="0" /><Point X="98" Y="120" T="0" /><Point X="97" Y="121" T="0" /><Point X="96" Y="122" T="0" /><Point X="94" Y="123" T="0" /><Point X="93" Y="125" T="0" /><Point X="91" Y="127" T="0" /><Point X="90" Y="130" T="0" /><Point X="90" Y="131" T="0" /><Point X="89" Y="135" T="0" /><Point X="88" Y="139" T="0" /><Point X="86" Y="142" T="0" /><Point X="86" Y="147" T="0" /><Point X="86" Y="149" T="0" /><Point X="86" Y="152" T="0" /><Point X="86" Y="155" T="0" /><Point X="86" Y="157" T="0" /><Point X="86" Y="159" T="0" /><Point X="87" Y="160" T="0" /><Point X="87" Y="162" T="0" /><Point X="88" Y="163" T="0" /><Point X="89" Y="165" T="0" /><Point X="90" Y="166" T="0" /><Point X="91" Y="167" T="0" /><Point X="93" Y="168" T="0" /><Point X="95" Y="169" T="0" /><Point X="96" Y="170" T="0" /><Point X="98" Y="171" T="0" /><Point X="99" Y="172" T="0" /><Point X="101" Y="173" T="0" /><Point X="102" Y="174" T="0" /><Point X="103" Y="175" T="0" /><Point X="105" Y="175" T="0" /><Point X="106" Y="177" T="0" /><Point X="106" Y="179" T="0" /><Point X="107" Y="180" T="0" /><Point X="108" Y="182" T="0" /><Point X="109" Y="183" T="0" /><Point X="110" Y="187" T="0" /><Point X="110" Y="189" T="0" /><Point X="110" Y="191" T="0" /><Point X="110" Y="194" T="0" /><Point X="110" Y="195" T="0" /><Point X="110" Y="197" T="0" /><Point X="110" Y="198" T="0" /><Point X="110" Y="201" T="0" /><Point X="110" Y="203" T="0" /><Point X="109" Y="205" T="0" /><Point X="108" Y="207" T="0" /><Point X="107" Y="208" T="0" /><Point X="106" Y="208" T="0" /><Point X="106" Y="209" T="0" /><Point X="106" Y="210" T="0" /><Point X="105" Y="211" T="0" /><Point X="104" Y="211" T="0" /><Point X="103" Y="211" T="0" /><Point X="102" Y="211" T="0" /><Point X="101" Y="211" T="0" /><Point X="100" Y="210" T="0" /><Point X="99" Y="208" T="0" /><Point X="98" Y="206" T="0" /><Point X="98" Y="204" T="0" /><Point X="98" Y="202" T="0" /><Point X="98" Y="201" T="0" /><Point X="98" Y="199" T="0" /><Point X="98" Y="196" T="0" /><Point X="98" Y="195" T="0" /><Point X="99" Y="194" T="0" /><Point X="100" Y="191" T="0" /><Point X="101" Y="190" T="0" /><Point X="102" Y="189" T="0" /><Point X="103" Y="188" T="0" /><Point X="104" Y="187" T="0" /><Point X="105" Y="187" T="0" /><Point X="106" Y="187" T="0" /><Point X="108" Y="187" T="0" /><Point X="108" Y="188" T="0" /><Point X="109" Y="189" T="0" /><Point X="110" Y="190" T="0" /><Point X="110" Y="191" T="0" /><Point X="111" Y="194" T="0" /><Point X="111" Y="195" T="0" /><Point X="111" Y="198" T="0" /><Point X="111" Y="202" T="0" /><Point X="111" Y="205" T="0" /><Point X="111" Y="211" T="0" /><Point X="110" Y="218" T="0" /><Point X="110" Y="223" T="0" /><Point X="109" Y="231" T="0" /><Point X="107" Y="235" T="0" /><Point X="104" Y="241" T="0" /><Point X="102" Y="244" T="0" /><Point X="101" Y="248" T="0" /><Point X="98" Y="253" T="0" /><Point X="96" Y="259" T="0" /><Point X="94" Y="265" T="0" /><Point X="92" Y="271" T="0" /><Point X="90" Y="276" T="0" /><Point X="88" Y="281" T="0" /><Point X="86" Y="285" T="0" /><Point X="85" Y="288" T="0" /><Point X="84" Y="291" T="0" /><Point X="83" Y="294" T="0" /><Point X="82" Y="297" T="0" /><Point X="82" Y="301" T="0" /><Point X="81" Y="306" T="0" /><Point X="81" Y="312" T="0" /><Point X="81" Y="319" T="0" /><Point X="81" Y="324" T="0" /><Point X="81" Y="330" T="0" /><Point X="81" Y="333" T="0" /><Point X="81" Y="335" T="0" /><Point X="81" Y="338" T="0" /><Point X="82" Y="339" T="0" /><Point X="82" Y="341" T="0" /><Point X="85" Y="343" T="0" /><Point X="90" Y="345" T="0" /><Point X="94" Y="346" T="0" /><Point X="99" Y="346" T="0" /><Point X="105" Y="346" T="0" /><Point X="110" Y="346" T="0" /><Point X="117" Y="345" T="0" /><Point X="123" Y="342" T="0" /><Point X="129" Y="339" T="0" /><Point X="134" Y="335" T="0" /><Point X="138" Y="332" T="0" /><Point X="142" Y="328" T="0" /><Point X="147" Y="323" T="0" /><Point X="150" Y="319" T="0" /><Point X="151" Y="313" T="0" /><Point X="154" Y="310" T="0" /><Point X="154" Y="307" T="0" /><Point X="154" Y="306" T="0" /><Point X="154" Y="304" T="0" /><Point X="154" Y="303" T="0" /></Gesture>