<Gesture Name="left-curly-brace" Subject="1" Number="1" NumPts="95" Millseconds="0" AppName="Gestures" AppVer="1.0" Date="Wednesday, March 01, 2023" TimeOfDay="19:21:59" ID="10"><Point X="178" Y="143" T="0" /><Point X="177" Y="144" T="0" /><Point X="175" Y="146" T="0" /><Point X="173" Y="150" T="0" /><Point X="170" Y="153" T="0" /><Point X="168" Y="159" T="0" /><Point X="166" Y="166" T="0" /><Point X="163" Y="172" T="0" /><Point X="161" Y="177" T="0" /><Point X="159" Y="180" T="0" /><Point X="158" Y="183" T="0" /><Point X="158" Y="187" T="0" /><Point X="157" Y="191" T="0" /><Point X="155" Y="195" T="0" /><Point X="154" Y="199" T="0" /><Point X="154" Y="204" T="0" /><Point X="154" Y="209" T="0" /><Point X="155" Y="215" T="0" /><Point X="156" Y="217" T="0" /><Point X="158" Y="222" T="0" /><Point X="159" Y="224" T="0" /><Point X="162" Y="227" T="0" /><Point X="163" Y="229" T="0" /><Point X="164" Y="231" T="0" /><Point X="166" Y="232" T="0" /><Point X="170" Y="235" T="0" /><Point X="172" Y="236" T="0" /><Point X="174" Y="238" T="0" /><Point X="178" Y="239" T="0" /><Point X="179" Y="241" T="0" /><Point X="181" Y="243" T="0" /><Point X="181" Y="245" T="0" /><Point X="182" Y="246" T="0" /><Point X="182" Y="248" T="0" /><Point X="183" Y="251" T="0" /><Point X="183" Y="255" T="0" /><Point X="183" Y="259" T="0" /><Point X="183" Y="260" T="0" /><Point X="183" Y="263" T="0" /><Point X="182" Y="265" T="0" /><Point X="182" Y="267" T="0" /><Point X="180" Y="267" T="0" /><Point X="178" Y="269" T="0" /><Point X="175" Y="271" T="0" /><Point X="173" Y="272" T="0" /><Point X="170" Y="273" T="0" /><Point X="168" Y="274" T="0" /><Point X="166" Y="274" T="0" /><Point X="164" Y="274" T="0" /><Point X="163" Y="274" T="0" /><Point X="161" Y="274" T="0" /><Point X="159" Y="274" T="0" /><Point X="158" Y="271" T="0" /><Point X="157" Y="270" T="0" /><Point X="156" Y="269" T="0" /><Point X="155" Y="267" T="0" /><Point X="154" Y="267" T="0" /><Point X="154" Y="266" T="0" /><Point X="154" Y="265" T="0" /><Point X="154" Y="266" T="0" /><Point X="155" Y="266" T="0" /><Point X="156" Y="267" T="0" /><Point X="157" Y="269" T="0" /><Point X="158" Y="270" T="0" /><Point X="158" Y="273" T="0" /><Point X="159" Y="276" T="0" /><Point X="162" Y="283" T="0" /><Point X="163" Y="294" T="0" /><Point X="163" Y="305" T="0" /><Point X="163" Y="311" T="0" /><Point X="162" Y="317" T="0" /><Point X="162" Y="324" T="0" /><Point X="160" Y="330" T="0" /><Point X="159" Y="339" T="0" /><Point X="159" Y="347" T="0" /><Point X="159" Y="354" T="0" /><Point X="159" Y="358" T="0" /><Point X="159" Y="362" T="0" /><Point X="159" Y="364" T="0" /><Point X="160" Y="366" T="0" /><Point X="161" Y="367" T="0" /><Point X="161" Y="369" T="0" /><Point X="162" Y="371" T="0" /><Point X="163" Y="372" T="0" /><Point X="164" Y="372" T="0" /><Point X="166" Y="373" T="0" /><Point X="167" Y="374" T="0" /><Point X="170" Y="374" T="0" /><Point X="173" Y="374" T="0" /><Point X="175" Y="373" T="0" /><Point X="177" Y="372" T="0" /><Point X="178" Y="371" T="0" /><Point X="180" Y="371" T="0" /><Point X="181" Y="371" T="0" /><Point X="182" Y="371" T="0" /></Gesture>