<Gesture Name="left-square-bracket" Subject="1" Number="1" NumPts="104" Millseconds="0" AppName="Gestures" AppVer="1.0" Date="Wednesday, March 01, 2023" TimeOfDay="19:13:50" ID="1"><Point X="162" Y="115" T="0" /><Point X="158" Y="115" T="0" /><Point X="155" Y="115" T="0" /><Point X="154" Y="115" T="0" /><Point X="152" Y="115" T="0" /><Point X="150" Y="115" T="0" /><Point X="149" Y="115" T="0" /><Point X="148" Y="115" T="0" /><Point X="146" Y="115" T="0" /><Point X="145" Y="115" T="0" /><Point X="144" Y="115" T="0" /><Point X="143" Y="115" T="0" /><Point X="142" Y="115" T="0" /><Point X="141" Y="115" T="0" /><Point X="140" Y="116" T="0" /><Point X="139" Y="116" T="0" /><Point X="139" Y="117" T="0" /><Point X="138" Y="118" T="0" /><Point X="138" Y="119" T="0" /><Point X="137" Y="119" T="0" /><Point X="136" Y="120" T="0" /><Point X="134" Y="121" T="0" /><Point X="134" Y="122" T="0" /><Point X="132" Y="122" T="0" /><Point X="130" Y="123" T="0" /><Point X="127" Y="124" T="0" /><Point X="125" Y="124" T="0" /><Point X="123" Y="125" T="0" /><Point X="122" Y="125" T="0" /><Point X="120" Y="125" T="0" /><Point X="119" Y="125" T="0" /><Point X="118" Y="125" T="0" /><Point X="117" Y="125" T="0" /><Point X="116" Y="125" T="0" /><Point X="115" Y="125" T="0" /><Point X="114" Y="125" T="0" /><Point X="113" Y="125" T="0" /><Point X="113" Y="126" T="0" /><Point X="113" Y="127" T="0" /><Point X="112" Y="127" T="0" /><Point X="111" Y="128" T="0" /><Point X="110" Y="130" T="0" /><Point X="110" Y="133" T="0" /><Point X="110" Y="136" T="0" /><Point X="110" Y="143" T="0" /><Point X="110" Y="149" T="0" /><Point X="110" Y="159" T="0" /><Point X="110" Y="166" T="0" /><Point X="110" Y="172" T="0" /><Point X="110" Y="176" T="0" /><Point X="110" Y="180" T="0" /><Point X="110" Y="185" T="0" /><Point X="111" Y="191" T="0" /><Point X="112" Y="199" T="0" /><Point X="113" Y="205" T="0" /><Point X="114" Y="212" T="0" /><Point X="114" Y="219" T="0" /><Point X="114" Y="223" T="0" /><Point X="114" Y="227" T="0" /><Point X="114" Y="229" T="0" /><Point X="114" Y="231" T="0" /><Point X="114" Y="232" T="0" /><Point X="114" Y="234" T="0" /><Point X="114" Y="235" T="0" /><Point X="114" Y="236" T="0" /><Point X="114" Y="237" T="0" /><Point X="114" Y="239" T="0" /><Point X="115" Y="242" T="0" /><Point X="116" Y="244" T="0" /><Point X="116" Y="246" T="0" /><Point X="116" Y="249" T="0" /><Point X="118" Y="251" T="0" /><Point X="118" Y="253" T="0" /><Point X="118" Y="254" T="0" /><Point X="118" Y="256" T="0" /><Point X="119" Y="258" T="0" /><Point X="120" Y="259" T="0" /><Point X="120" Y="260" T="0" /><Point X="121" Y="263" T="0" /><Point X="122" Y="264" T="0" /><Point X="123" Y="265" T="0" /><Point X="126" Y="267" T="0" /><Point X="128" Y="268" T="0" /><Point X="131" Y="270" T="0" /><Point X="138" Y="271" T="0" /><Point X="146" Y="272" T="0" /><Point X="155" Y="272" T="0" /><Point X="163" Y="272" T="0" /><Point X="170" Y="272" T="0" /><Point X="178" Y="272" T="0" /><Point X="186" Y="272" T="0" /><Point X="194" Y="272" T="0" /><Point X="201" Y="272" T="0" /><Point X="209" Y="272" T="0" /><Point X="214" Y="272" T="0" /><Point X="218" Y="272" T="0" /><Point X="219" Y="272" T="0" /><Point X="222" Y="272" T="0" /><Point X="224" Y="272" T="0" /><Point X="225" Y="273" T="0" /><Point X="227" Y="273" T="0" /><Point X="228" Y="273" T="0" /><Point X="229" Y="273" T="0" /><Point X="230" Y="274" T="0" /></Gesture>