<Gesture Name="left-curly-brace" Subject="1" Number="1" NumPts="109" Millseconds="0" AppName="Gestures" AppVer="1.0" Date="Wednesday, March 01, 2023" TimeOfDay="19:19:01" ID="7"><Point X="163" Y="117" T="0" /><Point X="161" Y="118" T="0" /><Point X="159" Y="119" T="0" /><Point X="154" Y="120" T="0" /><Point X="151" Y="122" T="0" /><Point X="146" Y="125" T="0" /><Point X="143" Y="127" T="0" /><Point X="141" Y="131" T="0" /><Point X="137" Y="134" T="0" /><Point X="135" Y="135" T="0" /><Point X="134" Y="139" T="0" /><Point X="132" Y="141" T="0" /><Point X="130" Y="143" T="0" /><Point X="128" Y="148" T="0" /><Point X="127" Y="151" T="0" /><Point X="126" Y="155" T="0" /><Point X="126" Y="158" T="0" /><Point X="126" Y="160" T="0" /><Point X="126" Y="164" T="0" /><Point X="126" Y="167" T="0" /><Point X="128" Y="172" T="0" /><Point X="130" Y="175" T="0" /><Point X="132" Y="179" T="0" /><Point X="134" Y="181" T="0" /><Point X="137" Y="183" T="0" /><Point X="139" Y="185" T="0" /><Point X="142" Y="187" T="0" /><Point X="142" Y="189" T="0" /><Point X="144" Y="190" T="0" /><Point X="146" Y="191" T="0" /><Point X="147" Y="194" T="0" /><Point X="148" Y="195" T="0" /><Point X="148" Y="196" T="0" /><Point X="149" Y="199" T="0" /><Point X="150" Y="202" T="0" /><Point X="150" Y="205" T="0" /><Point X="150" Y="209" T="0" /><Point X="150" Y="212" T="0" /><Point X="150" Y="215" T="0" /><Point X="150" Y="218" T="0" /><Point X="149" Y="220" T="0" /><Point X="148" Y="223" T="0" /><Point X="146" Y="225" T="0" /><Point X="145" Y="226" T="0" /><Point X="143" Y="227" T="0" /><Point X="142" Y="229" T="0" /><Point X="140" Y="230" T="0" /><Point X="138" Y="231" T="0" /><Point X="137" Y="232" T="0" /><Point X="135" Y="232" T="0" /><Point X="134" Y="232" T="0" /><Point X="133" Y="231" T="0" /><Point X="131" Y="227" T="0" /><Point X="130" Y="219" T="0" /><Point X="130" Y="211" T="0" /><Point X="130" Y="206" T="0" /><Point X="132" Y="200" T="0" /><Point X="133" Y="197" T="0" /><Point X="134" Y="194" T="0" /><Point X="134" Y="192" T="0" /><Point X="135" Y="191" T="0" /><Point X="136" Y="191" T="0" /><Point X="137" Y="190" T="0" /><Point X="139" Y="190" T="0" /><Point X="140" Y="190" T="0" /><Point X="141" Y="190" T="0" /><Point X="142" Y="190" T="0" /><Point X="142" Y="191" T="0" /><Point X="142" Y="193" T="0" /><Point X="143" Y="198" T="0" /><Point X="144" Y="205" T="0" /><Point X="146" Y="211" T="0" /><Point X="146" Y="217" T="0" /><Point X="146" Y="223" T="0" /><Point X="145" Y="229" T="0" /><Point X="144" Y="238" T="0" /><Point X="143" Y="248" T="0" /><Point X="141" Y="259" T="0" /><Point X="140" Y="267" T="0" /><Point X="139" Y="273" T="0" /><Point X="137" Y="280" T="0" /><Point X="134" Y="288" T="0" /><Point X="133" Y="298" T="0" /><Point X="132" Y="307" T="0" /><Point X="130" Y="314" T="0" /><Point X="130" Y="319" T="0" /><Point X="130" Y="323" T="0" /><Point X="130" Y="327" T="0" /><Point X="130" Y="329" T="0" /><Point X="130" Y="330" T="0" /><Point X="130" Y="332" T="0" /><Point X="130" Y="334" T="0" /><Point X="131" Y="335" T="0" /><Point X="133" Y="336" T="0" /><Point X="134" Y="338" T="0" /><Point X="137" Y="339" T="0" /><Point X="139" Y="340" T="0" /><Point X="142" Y="340" T="0" /><Point X="144" Y="340" T="0" /><Point X="147" Y="340" T="0" /><Point X="151" Y="340" T="0" /><Point X="154" Y="340" T="0" /><Point X="159" Y="339" T="0" /><Point X="162" Y="338" T="0" /><Point X="165" Y="337" T="0" /><Point X="168" Y="336" T="0" /><Point X="170" Y="335" T="0" /><Point X="171" Y="335" T="0" /><Point X="172" Y="335" T="0" /></Gesture>