<Gesture Name="left-curly-brace" Subject="1" Number="1" NumPts="135" Millseconds="0" AppName="Gestures" AppVer="1.0" Date="Wednesday, March 01, 2023" TimeOfDay="19:14:59" ID="2"><Point X="158" Y="113" T="0" /><Point X="156" Y="113" T="0" /><Point X="154" Y="113" T="0" /><Point X="153" Y="113" T="0" /><Point X="150" Y="113" T="0" /><Point X="148" Y="113" T="0" /><Point X="146" Y="113" T="0" /><Point X="145" Y="113" T="0" /><Point X="142" Y="113" T="0" /><Point X="140" Y="114" T="0" /><Point X="138" Y="115" T="0" /><Point X="137" Y="115" T="0" /><Point X="135" Y="115" T="0" /><Point X="134" Y="117" T="0" /><Point X="132" Y="119" T="0" /><Point X="130" Y="121" T="0" /><Point X="130" Y="122" T="0" /><Point X="129" Y="122" T="0" /><Point X="128" Y="123" T="0" /><Point X="127" Y="123" T="0" /><Point X="126" Y="125" T="0" /><Point X="126" Y="128" T="0" /><Point X="125" Y="129" T="0" /><Point X="124" Y="131" T="0" /><Point X="124" Y="132" T="0" /><Point X="122" Y="135" T="0" /><Point X="121" Y="137" T="0" /><Point X="121" Y="139" T="0" /><Point X="121" Y="141" T="0" /><Point X="121" Y="143" T="0" /><Point X="121" Y="146" T="0" /><Point X="121" Y="149" T="0" /><Point X="122" Y="151" T="0" /><Point X="123" Y="154" T="0" /><Point X="124" Y="157" T="0" /><Point X="126" Y="159" T="0" /><Point X="127" Y="162" T="0" /><Point X="128" Y="164" T="0" /><Point X="130" Y="166" T="0" /><Point X="131" Y="167" T="0" /><Point X="133" Y="169" T="0" /><Point X="134" Y="171" T="0" /><Point X="136" Y="173" T="0" /><Point X="137" Y="174" T="0" /><Point X="138" Y="175" T="0" /><Point X="139" Y="175" T="0" /><Point X="139" Y="176" T="0" /><Point X="140" Y="176" T="0" /><Point X="141" Y="178" T="0" /><Point X="141" Y="179" T="0" /><Point X="141" Y="180" T="0" /><Point X="141" Y="181" T="0" /><Point X="141" Y="182" T="0" /><Point X="141" Y="183" T="0" /><Point X="140" Y="185" T="0" /><Point X="139" Y="187" T="0" /><Point X="139" Y="188" T="0" /><Point X="137" Y="191" T="0" /><Point X="135" Y="194" T="0" /><Point X="134" Y="195" T="0" /><Point X="133" Y="197" T="0" /><Point X="132" Y="199" T="0" /><Point X="131" Y="200" T="0" /><Point X="130" Y="200" T="0" /><Point X="130" Y="201" T="0" /><Point X="129" Y="202" T="0" /><Point X="129" Y="203" T="0" /><Point X="128" Y="203" T="0" /><Point X="127" Y="203" T="0" /><Point X="126" Y="203" T="0" /><Point X="125" Y="203" T="0" /><Point X="125" Y="197" T="0" /><Point X="126" Y="190" T="0" /><Point X="127" Y="184" T="0" /><Point X="128" Y="181" T="0" /><Point X="128" Y="178" T="0" /><Point X="128" Y="177" T="0" /><Point X="128" Y="176" T="0" /><Point X="128" Y="175" T="0" /><Point X="129" Y="175" T="0" /><Point X="129" Y="176" T="0" /><Point X="130" Y="177" T="0" /><Point X="130" Y="181" T="0" /><Point X="131" Y="186" T="0" /><Point X="133" Y="193" T="0" /><Point X="133" Y="201" T="0" /><Point X="133" Y="206" T="0" /><Point X="132" Y="212" T="0" /><Point X="131" Y="218" T="0" /><Point X="130" Y="227" T="0" /><Point X="129" Y="236" T="0" /><Point X="127" Y="246" T="0" /><Point X="126" Y="254" T="0" /><Point X="125" Y="259" T="0" /><Point X="124" Y="263" T="0" /><Point X="123" Y="266" T="0" /><Point X="122" Y="271" T="0" /><Point X="121" Y="274" T="0" /><Point X="120" Y="277" T="0" /><Point X="119" Y="279" T="0" /><Point X="118" Y="283" T="0" /><Point X="118" Y="287" T="0" /><Point X="118" Y="290" T="0" /><Point X="118" Y="295" T="0" /><Point X="118" Y="298" T="0" /><Point X="118" Y="302" T="0" /><Point X="118" Y="304" T="0" /><Point X="118" Y="307" T="0" /><Point X="118" Y="309" T="0" /><Point X="118" Y="311" T="0" /><Point X="118" Y="313" T="0" /><Point X="118" Y="315" T="0" /><Point X="119" Y="316" T="0" /><Point X="120" Y="318" T="0" /><Point X="121" Y="319" T="0" /><Point X="122" Y="320" T="0" /><Point X="122" Y="323" T="0" /><Point X="123" Y="324" T="0" /><Point X="125" Y="325" T="0" /><Point X="126" Y="326" T="0" /><Point X="127" Y="327" T="0" /><Point X="130" Y="327" T="0" /><Point X="133" Y="329" T="0" /><Point X="136" Y="329" T="0" /><Point X="140" Y="329" T="0" /><Point X="142" Y="328" T="0" /><Point X="146" Y="327" T="0" /><Point X="148" Y="326" T="0" /><Point X="150" Y="325" T="0" /><Point X="153" Y="324" T="0" /><Point X="154" Y="324" T="0" /><Point X="154" Y="323" T="0" /><Point X="155" Y="323" T="0" /><Point X="156" Y="322" T="0" /><Point X="157" Y="322" T="0" /></Gesture>