<Gesture Name="left-curly-brace" Subject="1" Number="1" NumPts="121" Millseconds="0" AppName="Gestures" AppVer="1.0" Date="Wednesday, March 01, 2023" TimeOfDay="19:15:47" ID="3"><Point X="158" Y="99" T="0" /><Point X="156" Y="99" T="0" /><Point X="154" Y="100" T="0" /><Point X="152" Y="101" T="0" /><Point X="151" Y="102" T="0" /><Point X="150" Y="103" T="0" /><Point X="148" Y="104" T="0" /><Point X="146" Y="107" T="0" /><Point X="144" Y="111" T="0" /><Point X="143" Y="117" T="0" /><Point X="142" Y="121" T="0" /><Point X="142" Y="126" T="0" /><Point X="142" Y="128" T="0" /><Point X="142" Y="132" T="0" /><Point X="142" Y="135" T="0" /><Point X="142" Y="137" T="0" /><Point X="142" Y="138" T="0" /><Point X="142" Y="140" T="0" /><Point X="142" Y="142" T="0" /><Point X="142" Y="143" T="0" /><Point X="143" Y="144" T="0" /><Point X="146" Y="146" T="0" /><Point X="147" Y="148" T="0" /><Point X="149" Y="150" T="0" /><Point X="150" Y="151" T="0" /><Point X="152" Y="152" T="0" /><Point X="154" Y="155" T="0" /><Point X="155" Y="156" T="0" /><Point X="157" Y="158" T="0" /><Point X="158" Y="159" T="0" /><Point X="160" Y="160" T="0" /><Point X="162" Y="163" T="0" /><Point X="162" Y="164" T="0" /><Point X="163" Y="165" T="0" /><Point X="164" Y="166" T="0" /><Point X="164" Y="167" T="0" /><Point X="164" Y="170" T="0" /><Point X="164" Y="171" T="0" /><Point X="164" Y="172" T="0" /><Point X="164" Y="174" T="0" /><Point X="164" Y="175" T="0" /><Point X="164" Y="177" T="0" /><Point X="164" Y="178" T="0" /><Point X="163" Y="179" T="0" /><Point X="162" Y="181" T="0" /><Point X="161" Y="183" T="0" /><Point X="158" Y="185" T="0" /><Point X="157" Y="186" T="0" /><Point X="155" Y="187" T="0" /><Point X="154" Y="190" T="0" /><Point X="153" Y="191" T="0" /><Point X="150" Y="191" T="0" /><Point X="149" Y="192" T="0" /><Point X="148" Y="192" T="0" /><Point X="146" Y="192" T="0" /><Point X="145" Y="192" T="0" /><Point X="144" Y="192" T="0" /><Point X="143" Y="192" T="0" /><Point X="142" Y="192" T="0" /><Point X="141" Y="192" T="0" /><Point X="140" Y="192" T="0" /><Point X="140" Y="195" T="0" /><Point X="141" Y="199" T="0" /><Point X="142" Y="203" T="0" /><Point X="142" Y="206" T="0" /><Point X="142" Y="209" T="0" /><Point X="142" Y="213" T="0" /><Point X="142" Y="216" T="0" /><Point X="142" Y="220" T="0" /><Point X="141" Y="224" T="0" /><Point X="140" Y="230" T="0" /><Point X="138" Y="235" T="0" /><Point X="136" Y="240" T="0" /><Point X="134" Y="243" T="0" /><Point X="133" Y="248" T="0" /><Point X="132" Y="251" T="0" /><Point X="131" Y="253" T="0" /><Point X="130" Y="255" T="0" /><Point X="130" Y="258" T="0" /><Point X="129" Y="261" T="0" /><Point X="128" Y="263" T="0" /><Point X="126" Y="265" T="0" /><Point X="126" Y="268" T="0" /><Point X="125" Y="271" T="0" /><Point X="125" Y="275" T="0" /><Point X="125" Y="279" T="0" /><Point X="125" Y="280" T="0" /><Point X="125" Y="284" T="0" /><Point X="125" Y="287" T="0" /><Point X="125" Y="289" T="0" /><Point X="125" Y="291" T="0" /><Point X="125" Y="294" T="0" /><Point X="125" Y="296" T="0" /><Point X="125" Y="300" T="0" /><Point X="125" Y="303" T="0" /><Point X="125" Y="306" T="0" /><Point X="125" Y="311" T="0" /><Point X="126" Y="317" T="0" /><Point X="128" Y="320" T="0" /><Point X="129" Y="323" T="0" /><Point X="130" Y="327" T="0" /><Point X="130" Y="330" T="0" /><Point X="131" Y="333" T="0" /><Point X="131" Y="334" T="0" /><Point X="132" Y="335" T="0" /><Point X="133" Y="337" T="0" /><Point X="135" Y="339" T="0" /><Point X="137" Y="340" T="0" /><Point X="139" Y="342" T="0" /><Point X="141" Y="343" T="0" /><Point X="144" Y="343" T="0" /><Point X="146" Y="344" T="0" /><Point X="150" Y="344" T="0" /><Point X="153" Y="344" T="0" /><Point X="155" Y="344" T="0" /><Point X="158" Y="344" T="0" /><Point X="161" Y="344" T="0" /><Point X="162" Y="344" T="0" /><Point X="163" Y="344" T="0" /><Point X="164" Y="344" T="0" /><Point X="165" Y="344" T="0" /></Gesture>