<Gesture Name="left-square-bracket" Subject="1" Number="1" NumPts="84" Millseconds="0" AppName="Gestures" AppVer="1.0" Date="Wednesday, March 01, 2023" TimeOfDay="19:19:34" ID="8"><Point X="138" Y="167" T="0" /><Point X="135" Y="166" T="0" /><Point X="131" Y="166" T="0" /><Point X="128" Y="165" T="0" /><Point X="126" Y="165" T="0" /><Point X="123" Y="165" T="0" /><Point X="122" Y="165" T="0" /><Point X="121" Y="165" T="0" /><Point X="119" Y="165" T="0" /><Point X="118" Y="165" T="0" /><Point X="116" Y="165" T="0" /><Point X="114" Y="165" T="0" /><Point X="113" Y="165" T="0" /><Point X="112" Y="165" T="0" /><Point X="111" Y="165" T="0" /><Point X="110" Y="166" T="0" /><Point X="109" Y="166" T="0" /><Point X="107" Y="167" T="0" /><Point X="105" Y="168" T="0" /><Point X="103" Y="168" T="0" /><Point X="101" Y="169" T="0" /><Point X="98" Y="170" T="0" /><Point X="95" Y="171" T="0" /><Point X="94" Y="171" T="0" /><Point X="93" Y="171" T="0" /><Point X="90" Y="171" T="0" /><Point X="89" Y="171" T="0" /><Point X="88" Y="171" T="0" /><Point X="87" Y="171" T="0" /><Point X="86" Y="171" T="0" /><Point X="85" Y="171" T="0" /><Point X="84" Y="171" T="0" /><Point X="83" Y="171" T="0" /><Point X="82" Y="171" T="0" /><Point X="81" Y="171" T="0" /><Point X="80" Y="171" T="0" /><Point X="79" Y="173" T="0" /><Point X="78" Y="175" T="0" /><Point X="78" Y="178" T="0" /><Point X="77" Y="186" T="0" /><Point X="75" Y="197" T="0" /><Point X="74" Y="209" T="0" /><Point X="74" Y="219" T="0" /><Point X="74" Y="225" T="0" /><Point X="72" Y="235" T="0" /><Point X="71" Y="244" T="0" /><Point X="69" Y="252" T="0" /><Point X="69" Y="262" T="0" /><Point X="68" Y="268" T="0" /><Point X="68" Y="273" T="0" /><Point X="68" Y="277" T="0" /><Point X="68" Y="279" T="0" /><Point X="67" Y="282" T="0" /><Point X="67" Y="283" T="0" /><Point X="67" Y="284" T="0" /><Point X="67" Y="286" T="0" /><Point X="67" Y="287" T="0" /><Point X="67" Y="288" T="0" /><Point X="67" Y="289" T="0" /><Point X="67" Y="290" T="0" /><Point X="67" Y="291" T="0" /><Point X="67" Y="292" T="0" /><Point X="67" Y="293" T="0" /><Point X="68" Y="295" T="0" /><Point X="69" Y="296" T="0" /><Point X="70" Y="297" T="0" /><Point X="72" Y="299" T="0" /><Point X="74" Y="300" T="0" /><Point X="80" Y="304" T="0" /><Point X="88" Y="307" T="0" /><Point X="95" Y="309" T="0" /><Point X="103" Y="312" T="0" /><Point X="110" Y="315" T="0" /><Point X="118" Y="316" T="0" /><Point X="123" Y="318" T="0" /><Point X="130" Y="319" T="0" /><Point X="137" Y="320" T="0" /><Point X="142" Y="322" T="0" /><Point X="144" Y="323" T="0" /><Point X="147" Y="323" T="0" /><Point X="148" Y="324" T="0" /><Point X="149" Y="324" T="0" /><Point X="150" Y="324" T="0" /><Point X="150" Y="325" T="0" /></Gesture>