<Gesture Name="left-square-bracket" Subject="1" Number="1" NumPts="82" Millseconds="0" AppName="Gestures" AppVer="1.0" Date="Wednesday, March 01, 2023" TimeOfDay="19:15:36" ID="3"><Point X="157" Y="144" T="0" /><Point X="150" Y="144" T="0" /><Point X="146" Y="144" T="0" /><Point X="142" Y="144" T="0" /><Point X="139" Y="144" T="0" /><Point X="134" Y="143" T="0" /><Point X="130" Y="143" T="0" /><Point X="125" Y="143" T="0" /><Point X="120" Y="143" T="0" /><Point X="116" Y="143" T="0" /><Point X="114" Y="143" T="0" /><Point X="110" Y="143" T="0" /><Point X="108" Y="143" T="0" /><Point X="107" Y="143" T="0" /><Point X="106" Y="143" T="0" /><Point X="104" Y="143" T="0" /><Point X="103" Y="143" T="0" /><Point X="102" Y="143" T="0" /><Point X="101" Y="143" T="0" /><Point X="100" Y="143" T="0" /><Point X="100" Y="144" T="0" /><Point X="98" Y="145" T="0" /><Point X="98" Y="146" T="0" /><Point X="98" Y="148" T="0" /><Point X="98" Y="155" T="0" /><Point X="98" Y="169" T="0" /><Point X="98" Y="181" T="0" /><Point X="98" Y="190" T="0" /><Point X="98" Y="201" T="0" /><Point X="98" Y="217" T="0" /><Point X="98" Y="230" T="0" /><Point X="98" Y="239" T="0" /><Point X="98" Y="246" T="0" /><Point X="98" Y="251" T="0" /><Point X="98" Y="255" T="0" /><Point X="98" Y="258" T="0" /><Point X="98" Y="261" T="0" /><Point X="98" Y="264" T="0" /><Point X="98" Y="267" T="0" /><Point X="98" Y="271" T="0" /><Point X="98" Y="273" T="0" /><Point X="98" Y="277" T="0" /><Point X="98" Y="280" T="0" /><Point X="98" Y="283" T="0" /><Point X="97" Y="286" T="0" /><Point X="97" Y="287" T="0" /><Point X="97" Y="289" T="0" /><Point X="96" Y="291" T="0" /><Point X="96" Y="292" T="0" /><Point X="96" Y="293" T="0" /><Point X="96" Y="294" T="0" /><Point X="96" Y="295" T="0" /><Point X="96" Y="296" T="0" /><Point X="96" Y="297" T="0" /><Point X="96" Y="298" T="0" /><Point X="96" Y="299" T="0" /><Point X="97" Y="300" T="0" /><Point X="98" Y="300" T="0" /><Point X="100" Y="301" T="0" /><Point X="102" Y="302" T="0" /><Point X="103" Y="303" T="0" /><Point X="106" Y="304" T="0" /><Point X="107" Y="305" T="0" /><Point X="110" Y="306" T="0" /><Point X="111" Y="307" T="0" /><Point X="114" Y="307" T="0" /><Point X="117" Y="307" T="0" /><Point X="121" Y="307" T="0" /><Point X="124" Y="307" T="0" /><Point X="129" Y="307" T="0" /><Point X="134" Y="307" T="0" /><Point X="142" Y="306" T="0" /><Point X="150" Y="305" T="0" /><Point X="154" Y="304" T="0" /><Point X="159" Y="304" T="0" /><Point X="162" Y="304" T="0" /><Point X="164" Y="304" T="0" /><Point X="167" Y="304" T="0" /><Point X="170" Y="304" T="0" /><Point X="172" Y="304" T="0" /><Point X="174" Y="304" T="0" /><Point X="175" Y="304" T="0" /></Gesture>