<Gesture Name="left-square-bracket" Subject="1" Number="1" NumPts="70" Millseconds="0" AppName="Gestures" AppVer="1.0" Date="Wednesday, March 01, 2023" TimeOfDay="19:16:26" ID="4"><Point X="178" Y="163" T="0" /><Point X="172" Y="163" T="0" /><Point X="168" Y="163" T="0" /><Point X="162" Y="163" T="0" /><Point X="157" Y="163" T="0" /><Point X="150" Y="163" T="0" /><Point X="143" Y="163" T="0" /><Point X="138" Y="163" T="0" /><Point X="133" Y="163" T="0" /><Point X="129" Y="163" T="0" /><Point X="124" Y="163" T="0" /><Point X="122" Y="163" T="0" /><Point X="119" Y="163" T="0" /><Point X="116" Y="163" T="0" /><Point X="115" Y="163" T="0" /><Point X="114" Y="163" T="0" /><Point X="113" Y="163" T="0" /><Point X="110" Y="163" T="0" /><Point X="109" Y="163" T="0" /><Point X="107" Y="163" T="0" /><Point X="106" Y="163" T="0" /><Point X="105" Y="163" T="0" /><Point X="103" Y="163" T="0" /><Point X="102" Y="163" T="0" /><Point X="101" Y="163" T="0" /><Point X="100" Y="163" T="0" /><Point X="98" Y="163" T="0" /><Point X="97" Y="163" T="0" /><Point X="97" Y="164" T="0" /><Point X="97" Y="167" T="0" /><Point X="97" Y="174" T="0" /><Point X="97" Y="180" T="0" /><Point X="97" Y="188" T="0" /><Point X="97" Y="199" T="0" /><Point X="98" Y="215" T="0" /><Point X="101" Y="234" T="0" /><Point X="102" Y="244" T="0" /><Point X="104" Y="256" T="0" /><Point X="105" Y="273" T="0" /><Point X="106" Y="287" T="0" /><Point X="106" Y="297" T="0" /><Point X="106" Y="303" T="0" /><Point X="106" Y="307" T="0" /><Point X="106" Y="310" T="0" /><Point X="106" Y="312" T="0" /><Point X="106" Y="314" T="0" /><Point X="106" Y="315" T="0" /><Point X="106" Y="316" T="0" /><Point X="106" Y="317" T="0" /><Point X="106" Y="318" T="0" /><Point X="106" Y="319" T="0" /><Point X="106" Y="320" T="0" /><Point X="108" Y="320" T="0" /><Point X="112" Y="320" T="0" /><Point X="118" Y="320" T="0" /><Point X="129" Y="320" T="0" /><Point X="140" Y="320" T="0" /><Point X="149" Y="320" T="0" /><Point X="158" Y="321" T="0" /><Point X="166" Y="323" T="0" /><Point X="175" Y="323" T="0" /><Point X="182" Y="325" T="0" /><Point X="189" Y="327" T="0" /><Point X="194" Y="327" T="0" /><Point X="198" Y="328" T="0" /><Point X="200" Y="328" T="0" /><Point X="202" Y="328" T="0" /><Point X="203" Y="328" T="0" /><Point X="204" Y="328" T="0" /><Point X="205" Y="328" T="0" /></Gesture>