<Gesture Name="left-curly-brace" Subject="1" Number="1" NumPts="106" Millseconds="0" AppName="Gestures" AppVer="1.0" Date="Wednesday, March 01, 2023" TimeOfDay="19:20:58" ID="9"><Point X="182" Y="107" T="0" /><Point X="179" Y="111" T="0" /><Point X="176" Y="116" T="0" /><Point X="174" Y="120" T="0" /><Point X="172" Y="124" T="0" /><Point X="171" Y="127" T="0" /><Point X="170" Y="129" T="0" /><Point X="170" Y="131" T="0" /><Point X="169" Y="135" T="0" /><Point X="169" Y="136" T="0" /><Point X="169" Y="139" T="0" /><Point X="169" Y="143" T="0" /><Point X="169" Y="147" T="0" /><Point X="169" Y="151" T="0" /><Point X="169" Y="152" T="0" /><Point X="169" Y="155" T="0" /><Point X="169" Y="158" T="0" /><Point X="170" Y="160" T="0" /><Point X="170" Y="162" T="0" /><Point X="171" Y="165" T="0" /><Point X="172" Y="167" T="0" /><Point X="174" Y="168" T="0" /><Point X="178" Y="170" T="0" /><Point X="181" Y="171" T="0" /><Point X="183" Y="174" T="0" /><Point X="186" Y="175" T="0" /><Point X="189" Y="177" T="0" /><Point X="191" Y="179" T="0" /><Point X="193" Y="179" T="0" /><Point X="194" Y="181" T="0" /><Point X="196" Y="183" T="0" /><Point X="198" Y="184" T="0" /><Point X="198" Y="186" T="0" /><Point X="201" Y="189" T="0" /><Point X="202" Y="192" T="0" /><Point X="203" Y="198" T="0" /><Point X="204" Y="201" T="0" /><Point X="204" Y="205" T="0" /><Point X="204" Y="208" T="0" /><Point X="204" Y="210" T="0" /><Point X="204" Y="213" T="0" /><Point X="203" Y="216" T="0" /><Point X="202" Y="219" T="0" /><Point X="199" Y="222" T="0" /><Point X="197" Y="224" T="0" /><Point X="194" Y="227" T="0" /><Point X="189" Y="231" T="0" /><Point X="186" Y="232" T="0" /><Point X="182" Y="234" T="0" /><Point X="180" Y="235" T="0" /><Point X="178" Y="237" T="0" /><Point X="177" Y="237" T="0" /><Point X="175" Y="237" T="0" /><Point X="174" Y="237" T="0" /><Point X="172" Y="237" T="0" /><Point X="171" Y="237" T="0" /><Point X="170" Y="237" T="0" /><Point X="170" Y="236" T="0" /><Point X="168" Y="236" T="0" /><Point X="167" Y="236" T="0" /><Point X="167" Y="235" T="0" /><Point X="170" Y="235" T="0" /><Point X="173" Y="238" T="0" /><Point X="174" Y="239" T="0" /><Point X="178" Y="243" T="0" /><Point X="180" Y="249" T="0" /><Point X="182" Y="252" T="0" /><Point X="183" Y="257" T="0" /><Point X="184" Y="261" T="0" /><Point X="186" Y="267" T="0" /><Point X="186" Y="272" T="0" /><Point X="186" Y="279" T="0" /><Point X="186" Y="286" T="0" /><Point X="185" Y="294" T="0" /><Point X="184" Y="299" T="0" /><Point X="183" Y="304" T="0" /><Point X="182" Y="307" T="0" /><Point X="181" Y="312" T="0" /><Point X="180" Y="318" T="0" /><Point X="179" Y="327" T="0" /><Point X="179" Y="335" T="0" /><Point X="179" Y="339" T="0" /><Point X="179" Y="347" T="0" /><Point X="179" Y="352" T="0" /><Point X="179" Y="355" T="0" /><Point X="179" Y="359" T="0" /><Point X="179" Y="361" T="0" /><Point X="179" Y="363" T="0" /><Point X="180" Y="367" T="0" /><Point X="181" Y="368" T="0" /><Point X="182" Y="370" T="0" /><Point X="182" Y="371" T="0" /><Point X="182" Y="374" T="0" /><Point X="184" Y="374" T="0" /><Point X="185" Y="375" T="0" /><Point X="186" Y="375" T="0" /><Point X="187" Y="376" T="0" /><Point X="189" Y="377" T="0" /><Point X="190" Y="378" T="0" /><Point X="192" Y="378" T="0" /><Point X="193" Y="378" T="0" /><Point X="194" Y="378" T="0" /><Point X="195" Y="378" T="0" /><Point X="197" Y="378" T="0" /><Point X="198" Y="378" T="0" /><Point X="198" Y="377" T="0" /></Gesture>