<Gesture Name="left-square-bracket" Subject="1" Number="1" NumPts="83" Millseconds="0" AppName="Gestures" AppVer="1.0" Date="Wednesday, March 01, 2023" TimeOfDay="19:14:41" ID="2"><Point X="157" Y="134" T="0" /><Point X="155" Y="134" T="0" /><Point X="152" Y="133" T="0" /><Point X="150" Y="131" T="0" /><Point X="147" Y="131" T="0" /><Point X="145" Y="131" T="0" /><Point X="142" Y="131" T="0" /><Point X="140" Y="131" T="0" /><Point X="137" Y="131" T="0" /><Point X="135" Y="131" T="0" /><Point X="133" Y="131" T="0" /><Point X="130" Y="131" T="0" /><Point X="128" Y="131" T="0" /><Point X="126" Y="131" T="0" /><Point X="125" Y="131" T="0" /><Point X="123" Y="131" T="0" /><Point X="122" Y="131" T="0" /><Point X="121" Y="131" T="0" /><Point X="119" Y="131" T="0" /><Point X="117" Y="131" T="0" /><Point X="116" Y="131" T="0" /><Point X="114" Y="131" T="0" /><Point X="113" Y="131" T="0" /><Point X="110" Y="131" T="0" /><Point X="109" Y="131" T="0" /><Point X="108" Y="131" T="0" /><Point X="106" Y="131" T="0" /><Point X="105" Y="131" T="0" /><Point X="104" Y="131" T="0" /><Point X="103" Y="131" T="0" /><Point X="102" Y="131" T="0" /><Point X="101" Y="131" T="0" /><Point X="101" Y="132" T="0" /><Point X="101" Y="133" T="0" /><Point X="101" Y="135" T="0" /><Point X="101" Y="139" T="0" /><Point X="102" Y="143" T="0" /><Point X="103" Y="153" T="0" /><Point X="103" Y="163" T="0" /><Point X="103" Y="171" T="0" /><Point X="103" Y="178" T="0" /><Point X="103" Y="186" T="0" /><Point X="103" Y="197" T="0" /><Point X="102" Y="210" T="0" /><Point X="102" Y="222" T="0" /><Point X="101" Y="231" T="0" /><Point X="99" Y="237" T="0" /><Point X="98" Y="244" T="0" /><Point X="98" Y="251" T="0" /><Point X="96" Y="256" T="0" /><Point X="94" Y="263" T="0" /><Point X="94" Y="269" T="0" /><Point X="94" Y="272" T="0" /><Point X="94" Y="274" T="0" /><Point X="94" Y="277" T="0" /><Point X="94" Y="279" T="0" /><Point X="94" Y="281" T="0" /><Point X="94" Y="282" T="0" /><Point X="94" Y="283" T="0" /><Point X="94" Y="284" T="0" /><Point X="94" Y="285" T="0" /><Point X="94" Y="286" T="0" /><Point X="94" Y="287" T="0" /><Point X="97" Y="289" T="0" /><Point X="98" Y="290" T="0" /><Point X="100" Y="291" T="0" /><Point X="103" Y="291" T="0" /><Point X="107" Y="292" T="0" /><Point X="116" Y="294" T="0" /><Point X="125" Y="295" T="0" /><Point X="134" Y="295" T="0" /><Point X="142" Y="295" T="0" /><Point X="150" Y="295" T="0" /><Point X="158" Y="295" T="0" /><Point X="168" Y="295" T="0" /><Point X="178" Y="295" T="0" /><Point X="186" Y="295" T="0" /><Point X="190" Y="295" T="0" /><Point X="195" Y="295" T="0" /><Point X="197" Y="295" T="0" /><Point X="198" Y="295" T="0" /><Point X="200" Y="295" T="0" /><Point X="202" Y="295" T="0" /></Gesture>