<Gesture Name="pigtail" Subject="1" Number="1" NumPts="82" Millseconds="0" AppName="Gestures" AppVer="1.0" Date="Wednesday, March 01, 2023" TimeOfDay="19:21:12" ID="9"><Point X="77" Y="237" T="0" /><Point X="84" Y="238" T="0" /><Point X="90" Y="239" T="0" /><Point X="92" Y="239" T="0" /><Point X="95" Y="239" T="0" /><Point X="98" Y="239" T="0" /><Point X="100" Y="239" T="0" /><Point X="104" Y="239" T="0" /><Point X="107" Y="239" T="0" /><Point X="113" Y="238" T="0" /><Point X="119" Y="235" T="0" /><Point X="126" Y="234" T="0" /><Point X="133" Y="230" T="0" /><Point X="138" Y="227" T="0" /><Point X="142" Y="225" T="0" /><Point X="146" Y="223" T="0" /><Point X="148" Y="222" T="0" /><Point X="151" Y="219" T="0" /><Point X="155" Y="215" T="0" /><Point X="160" Y="210" T="0" /><Point X="164" Y="203" T="0" /><Point X="170" Y="194" T="0" /><Point X="174" Y="187" T="0" /><Point X="178" Y="182" T="0" /><Point X="182" Y="177" T="0" /><Point X="186" Y="172" T="0" /><Point X="188" Y="169" T="0" /><Point X="192" Y="163" T="0" /><Point X="194" Y="157" T="0" /><Point X="198" Y="148" T="0" /><Point X="202" Y="140" T="0" /><Point X="204" Y="131" T="0" /><Point X="205" Y="127" T="0" /><Point X="206" Y="122" T="0" /><Point X="207" Y="119" T="0" /><Point X="207" Y="115" T="0" /><Point X="207" Y="111" T="0" /><Point X="207" Y="109" T="0" /><Point X="207" Y="107" T="0" /><Point X="207" Y="105" T="0" /><Point X="207" Y="104" T="0" /><Point X="207" Y="103" T="0" /><Point X="206" Y="103" T="0" /><Point X="203" Y="103" T="0" /><Point X="199" Y="103" T="0" /><Point X="194" Y="103" T="0" /><Point X="190" Y="103" T="0" /><Point X="185" Y="106" T="0" /><Point X="182" Y="107" T="0" /><Point X="178" Y="111" T="0" /><Point X="174" Y="115" T="0" /><Point X="170" Y="125" T="0" /><Point X="166" Y="136" T="0" /><Point X="164" Y="143" T="0" /><Point X="163" Y="149" T="0" /><Point X="163" Y="155" T="0" /><Point X="163" Y="165" T="0" /><Point X="166" Y="176" T="0" /><Point X="168" Y="187" T="0" /><Point X="171" Y="196" T="0" /><Point X="174" Y="203" T="0" /><Point X="179" Y="208" T="0" /><Point X="186" Y="215" T="0" /><Point X="194" Y="221" T="0" /><Point X="202" Y="227" T="0" /><Point X="213" Y="233" T="0" /><Point X="222" Y="239" T="0" /><Point X="234" Y="243" T="0" /><Point X="243" Y="247" T="0" /><Point X="250" Y="250" T="0" /><Point X="257" Y="251" T="0" /><Point X="264" Y="251" T="0" /><Point X="270" Y="251" T="0" /><Point X="276" Y="251" T="0" /><Point X="283" Y="249" T="0" /><Point X="288" Y="247" T="0" /><Point X="294" Y="244" T="0" /><Point X="297" Y="243" T="0" /><Point X="300" Y="242" T="0" /><Point X="302" Y="241" T="0" /><Point X="303" Y="241" T="0" /><Point X="304" Y="241" T="0" /></Gesture>