<Gesture Name="pigtail" Subject="1" Number="1" NumPts="81" Millseconds="0" AppName="Gestures" AppVer="1.0" Date="Wednesday, March 01, 2023" TimeOfDay="19:19:10" ID="7"><Point X="98" Y="264" T="0" /><Point X="99" Y="264" T="0" /><Point X="101" Y="263" T="0" /><Point X="103" Y="263" T="0" /><Point X="105" Y="263" T="0" /><Point X="107" Y="262" T="0" /><Point X="110" Y="261" T="0" /><Point X="113" Y="259" T="0" /><Point X="115" Y="258" T="0" /><Point X="117" Y="256" T="0" /><Point X="122" Y="254" T="0" /><Point X="125" Y="250" T="0" /><Point X="129" Y="245" T="0" /><Point X="134" Y="239" T="0" /><Point X="137" Y="235" T="0" /><Point X="141" Y="231" T="0" /><Point X="143" Y="227" T="0" /><Point X="147" Y="221" T="0" /><Point X="152" Y="214" T="0" /><Point X="157" Y="204" T="0" /><Point X="162" Y="193" T="0" /><Point X="166" Y="184" T="0" /><Point X="170" Y="178" T="0" /><Point X="174" Y="171" T="0" /><Point X="177" Y="162" T="0" /><Point X="180" Y="150" T="0" /><Point X="183" Y="137" T="0" /><Point X="185" Y="129" T="0" /><Point X="186" Y="123" T="0" /><Point X="186" Y="119" T="0" /><Point X="186" Y="116" T="0" /><Point X="186" Y="114" T="0" /><Point X="186" Y="113" T="0" /><Point X="186" Y="112" T="0" /><Point X="186" Y="111" T="0" /><Point X="185" Y="110" T="0" /><Point X="182" Y="110" T="0" /><Point X="182" Y="109" T="0" /><Point X="180" Y="109" T="0" /><Point X="178" Y="109" T="0" /><Point X="175" Y="109" T="0" /><Point X="174" Y="109" T="0" /><Point X="172" Y="109" T="0" /><Point X="169" Y="111" T="0" /><Point X="167" Y="112" T="0" /><Point X="165" Y="115" T="0" /><Point X="161" Y="123" T="0" /><Point X="156" Y="132" T="0" /><Point X="154" Y="141" T="0" /><Point X="154" Y="147" T="0" /><Point X="152" Y="155" T="0" /><Point X="150" Y="168" T="0" /><Point X="150" Y="181" T="0" /><Point X="150" Y="191" T="0" /><Point X="151" Y="200" T="0" /><Point X="153" Y="207" T="0" /><Point X="154" Y="214" T="0" /><Point X="157" Y="223" T="0" /><Point X="160" Y="232" T="0" /><Point X="165" Y="239" T="0" /><Point X="169" Y="245" T="0" /><Point X="177" Y="251" T="0" /><Point X="186" Y="259" T="0" /><Point X="194" Y="262" T="0" /><Point X="204" Y="265" T="0" /><Point X="215" Y="266" T="0" /><Point X="226" Y="266" T="0" /><Point X="234" Y="266" T="0" /><Point X="242" Y="266" T="0" /><Point X="249" Y="263" T="0" /><Point X="254" Y="262" T="0" /><Point X="258" Y="260" T="0" /><Point X="262" Y="257" T="0" /><Point X="264" Y="255" T="0" /><Point X="266" Y="255" T="0" /><Point X="269" Y="255" T="0" /><Point X="270" Y="254" T="0" /><Point X="271" Y="253" T="0" /><Point X="272" Y="253" T="0" /><Point X="273" Y="253" T="0" /><Point X="274" Y="253" T="0" /></Gesture>