<Gesture Name="pigtail" Subject="1" Number="1" NumPts="95" Millseconds="0" AppName="Gestures" AppVer="1.0" Date="Wednesday, March 01, 2023" TimeOfDay="19:15:08" ID="2"><Point X="113" Y="278" T="0" /><Point X="118" Y="278" T="0" /><Point X="122" Y="278" T="0" /><Point X="127" Y="278" T="0" /><Point X="132" Y="278" T="0" /><Point X="137" Y="278" T="0" /><Point X="140" Y="278" T="0" /><Point X="143" Y="278" T="0" /><Point X="146" Y="278" T="0" /><Point X="147" Y="278" T="0" /><Point X="150" Y="278" T="0" /><Point X="153" Y="277" T="0" /><Point X="155" Y="276" T="0" /><Point X="159" Y="275" T="0" /><Point X="162" Y="275" T="0" /><Point X="168" Y="274" T="0" /><Point X="170" Y="273" T="0" /><Point X="174" Y="272" T="0" /><Point X="177" Y="271" T="0" /><Point X="181" Y="268" T="0" /><Point X="184" Y="267" T="0" /><Point X="186" Y="266" T="0" /><Point X="188" Y="263" T="0" /><Point X="194" Y="257" T="0" /><Point X="198" Y="250" T="0" /><Point X="205" Y="243" T="0" /><Point X="210" Y="235" T="0" /><Point X="215" Y="227" T="0" /><Point X="221" Y="220" T="0" /><Point X="226" Y="211" T="0" /><Point X="230" Y="200" T="0" /><Point X="234" Y="191" T="0" /><Point X="238" Y="183" T="0" /><Point X="240" Y="175" T="0" /><Point X="241" Y="171" T="0" /><Point X="242" Y="166" T="0" /><Point X="242" Y="161" T="0" /><Point X="242" Y="155" T="0" /><Point X="244" Y="150" T="0" /><Point X="244" Y="145" T="0" /><Point X="244" Y="139" T="0" /><Point X="244" Y="136" T="0" /><Point X="244" Y="133" T="0" /><Point X="244" Y="130" T="0" /><Point X="243" Y="129" T="0" /><Point X="242" Y="127" T="0" /><Point X="241" Y="127" T="0" /><Point X="241" Y="125" T="0" /><Point X="240" Y="124" T="0" /><Point X="239" Y="124" T="0" /><Point X="238" Y="124" T="0" /><Point X="237" Y="124" T="0" /><Point X="235" Y="123" T="0" /><Point X="234" Y="123" T="0" /><Point X="232" Y="123" T="0" /><Point X="229" Y="123" T="0" /><Point X="228" Y="123" T="0" /><Point X="226" Y="123" T="0" /><Point X="223" Y="123" T="0" /><Point X="222" Y="123" T="0" /><Point X="221" Y="124" T="0" /><Point X="219" Y="127" T="0" /><Point X="216" Y="130" T="0" /><Point X="213" Y="136" T="0" /><Point X="210" Y="141" T="0" /><Point X="208" Y="147" T="0" /><Point X="206" Y="151" T="0" /><Point X="203" Y="159" T="0" /><Point X="201" Y="167" T="0" /><Point X="200" Y="177" T="0" /><Point X="199" Y="187" T="0" /><Point X="199" Y="193" T="0" /><Point X="199" Y="200" T="0" /><Point X="199" Y="206" T="0" /><Point X="199" Y="210" T="0" /><Point X="201" Y="217" T="0" /><Point X="203" Y="224" T="0" /><Point X="205" Y="230" T="0" /><Point X="208" Y="235" T="0" /><Point X="210" Y="238" T="0" /><Point X="214" Y="243" T="0" /><Point X="220" Y="247" T="0" /><Point X="227" Y="250" T="0" /><Point X="234" Y="254" T="0" /><Point X="243" Y="256" T="0" /><Point X="250" Y="257" T="0" /><Point X="258" Y="257" T="0" /><Point X="266" Y="257" T="0" /><Point X="274" Y="257" T="0" /><Point X="281" Y="255" T="0" /><Point X="284" Y="255" T="0" /><Point X="287" Y="255" T="0" /><Point X="288" Y="255" T="0" /><Point X="290" Y="255" T="0" /><Point X="291" Y="255" T="0" /></Gesture>