<Gesture Name="pigtail" Subject="1" Number="1" NumPts="96" Millseconds="0" AppName="Gestures" AppVer="1.0" Date="Wednesday, March 01, 2023" TimeOfDay="19:14:11" ID="1"><Point X="116" Y="261" T="0" /><Point X="124" Y="261" T="0" /><Point X="132" Y="259" T="0" /><Point X="139" Y="259" T="0" /><Point X="143" Y="259" T="0" /><Point X="148" Y="258" T="0" /><Point X="150" Y="257" T="0" /><Point X="155" Y="256" T="0" /><Point X="158" Y="255" T="0" /><Point X="162" Y="255" T="0" /><Point X="164" Y="254" T="0" /><Point X="166" Y="253" T="0" /><Point X="169" Y="251" T="0" /><Point X="172" Y="250" T="0" /><Point X="174" Y="247" T="0" /><Point X="177" Y="244" T="0" /><Point X="181" Y="241" T="0" /><Point X="185" Y="235" T="0" /><Point X="190" Y="230" T="0" /><Point X="192" Y="224" T="0" /><Point X="195" Y="217" T="0" /><Point X="201" Y="208" T="0" /><Point X="206" Y="192" T="0" /><Point X="211" Y="180" T="0" /><Point X="214" Y="169" T="0" /><Point X="218" Y="162" T="0" /><Point X="221" Y="154" T="0" /><Point X="224" Y="145" T="0" /><Point X="226" Y="137" T="0" /><Point X="228" Y="130" T="0" /><Point X="230" Y="123" T="0" /><Point X="231" Y="117" T="0" /><Point X="233" Y="114" T="0" /><Point X="233" Y="110" T="0" /><Point X="234" Y="107" T="0" /><Point X="234" Y="101" T="0" /><Point X="234" Y="95" T="0" /><Point X="234" Y="91" T="0" /><Point X="234" Y="87" T="0" /><Point X="234" Y="86" T="0" /><Point X="234" Y="85" T="0" /><Point X="234" Y="84" T="0" /><Point X="232" Y="84" T="0" /><Point X="231" Y="84" T="0" /><Point X="230" Y="84" T="0" /><Point X="230" Y="85" T="0" /><Point X="230" Y="86" T="0" /><Point X="229" Y="87" T="0" /><Point X="228" Y="87" T="0" /><Point X="226" Y="88" T="0" /><Point X="225" Y="90" T="0" /><Point X="223" Y="92" T="0" /><Point X="222" Y="95" T="0" /><Point X="218" Y="105" T="0" /><Point X="214" Y="115" T="0" /><Point X="211" Y="126" T="0" /><Point X="208" Y="134" T="0" /><Point X="205" Y="140" T="0" /><Point X="202" Y="149" T="0" /><Point X="201" Y="160" T="0" /><Point X="198" Y="174" T="0" /><Point X="198" Y="183" T="0" /><Point X="198" Y="190" T="0" /><Point X="198" Y="195" T="0" /><Point X="198" Y="201" T="0" /><Point X="198" Y="205" T="0" /><Point X="198" Y="211" T="0" /><Point X="199" Y="216" T="0" /><Point X="201" Y="221" T="0" /><Point X="203" Y="225" T="0" /><Point X="206" Y="229" T="0" /><Point X="207" Y="231" T="0" /><Point X="210" Y="235" T="0" /><Point X="214" Y="237" T="0" /><Point X="220" Y="240" T="0" /><Point X="229" Y="244" T="0" /><Point X="237" Y="247" T="0" /><Point X="242" Y="248" T="0" /><Point X="250" Y="249" T="0" /><Point X="256" Y="251" T="0" /><Point X="261" Y="251" T="0" /><Point X="266" Y="251" T="0" /><Point X="269" Y="251" T="0" /><Point X="273" Y="251" T="0" /><Point X="277" Y="251" T="0" /><Point X="281" Y="251" T="0" /><Point X="283" Y="251" T="0" /><Point X="286" Y="251" T="0" /><Point X="289" Y="250" T="0" /><Point X="290" Y="249" T="0" /><Point X="292" Y="248" T="0" /><Point X="294" Y="247" T="0" /><Point X="296" Y="247" T="0" /><Point X="296" Y="246" T="0" /><Point X="297" Y="246" T="0" /><Point X="298" Y="246" T="0" /></Gesture>