<Gesture Name="pigtail" Subject="1" Number="1" NumPts="108" Millseconds="0" AppName="Gestures" AppVer="1.0" Date="Wednesday, March 01, 2023" TimeOfDay="19:15:58" ID="3"><Point X="97" Y="257" T="0" /><Point X="100" Y="259" T="0" /><Point X="102" Y="260" T="0" /><Point X="104" Y="261" T="0" /><Point X="107" Y="262" T="0" /><Point X="110" Y="263" T="0" /><Point X="112" Y="263" T="0" /><Point X="114" Y="263" T="0" /><Point X="118" Y="263" T="0" /><Point X="122" Y="263" T="0" /><Point X="126" Y="263" T="0" /><Point X="131" Y="263" T="0" /><Point X="135" Y="263" T="0" /><Point X="142" Y="263" T="0" /><Point X="146" Y="262" T="0" /><Point X="152" Y="260" T="0" /><Point X="159" Y="259" T="0" /><Point X="165" Y="256" T="0" /><Point X="172" Y="253" T="0" /><Point X="179" Y="251" T="0" /><Point X="185" Y="249" T="0" /><Point X="190" Y="247" T="0" /><Point X="194" Y="245" T="0" /><Point X="197" Y="243" T="0" /><Point X="199" Y="242" T="0" /><Point X="202" Y="240" T="0" /><Point X="205" Y="239" T="0" /><Point X="207" Y="236" T="0" /><Point X="210" Y="234" T="0" /><Point X="213" Y="231" T="0" /><Point X="216" Y="227" T="0" /><Point X="218" Y="223" T="0" /><Point X="221" Y="219" T="0" /><Point X="225" Y="215" T="0" /><Point X="226" Y="211" T="0" /><Point X="228" Y="210" T="0" /><Point X="230" Y="207" T="0" /><Point X="232" Y="202" T="0" /><Point X="234" Y="195" T="0" /><Point X="236" Y="189" T="0" /><Point X="237" Y="181" T="0" /><Point X="238" Y="173" T="0" /><Point X="238" Y="169" T="0" /><Point X="238" Y="164" T="0" /><Point X="238" Y="163" T="0" /><Point X="238" Y="160" T="0" /><Point X="238" Y="158" T="0" /><Point X="238" Y="157" T="0" /><Point X="238" Y="156" T="0" /><Point X="237" Y="155" T="0" /><Point X="236" Y="155" T="0" /><Point X="235" Y="154" T="0" /><Point X="233" Y="153" T="0" /><Point X="232" Y="152" T="0" /><Point X="230" Y="151" T="0" /><Point X="229" Y="151" T="0" /><Point X="228" Y="150" T="0" /><Point X="226" Y="149" T="0" /><Point X="224" Y="149" T="0" /><Point X="223" Y="149" T="0" /><Point X="222" Y="149" T="0" /><Point X="220" Y="149" T="0" /><Point X="218" Y="149" T="0" /><Point X="216" Y="149" T="0" /><Point X="214" Y="149" T="0" /><Point X="212" Y="150" T="0" /><Point X="210" Y="151" T="0" /><Point X="209" Y="153" T="0" /><Point X="206" Y="156" T="0" /><Point X="202" Y="163" T="0" /><Point X="198" Y="174" T="0" /><Point X="196" Y="181" T="0" /><Point X="194" Y="188" T="0" /><Point X="192" Y="196" T="0" /><Point X="190" Y="207" T="0" /><Point X="190" Y="219" T="0" /><Point X="190" Y="230" T="0" /><Point X="190" Y="238" T="0" /><Point X="190" Y="243" T="0" /><Point X="193" Y="248" T="0" /><Point X="194" Y="254" T="0" /><Point X="195" Y="258" T="0" /><Point X="197" Y="264" T="0" /><Point X="199" Y="267" T="0" /><Point X="202" Y="272" T="0" /><Point X="203" Y="274" T="0" /><Point X="206" Y="276" T="0" /><Point X="211" Y="280" T="0" /><Point X="216" Y="282" T="0" /><Point X="224" Y="284" T="0" /><Point X="233" Y="285" T="0" /><Point X="241" Y="285" T="0" /><Point X="249" Y="285" T="0" /><Point X="257" Y="284" T="0" /><Point X="266" Y="282" T="0" /><Point X="276" Y="278" T="0" /><Point X="287" Y="275" T="0" /><Point X="297" Y="271" T="0" /><Point X="304" Y="267" T="0" /><Point X="311" Y="264" T="0" /><Point X="317" Y="261" T="0" /><Point X="323" Y="257" T="0" /><Point X="329" Y="254" T="0" /><Point X="332" Y="251" T="0" /><Point X="336" Y="249" T="0" /><Point X="338" Y="247" T="0" /><Point X="339" Y="246" T="0" /><Point X="340" Y="246" T="0" /></Gesture>