<Gesture Name="pigtail" Subject="1" Number="1" NumPts="85" Millseconds="0" AppName="Gestures" AppVer="1.0" Date="Wednesday, March 01, 2023" TimeOfDay="19:17:33" ID="5"><Point X="82" Y="251" T="0" /><Point X="86" Y="253" T="0" /><Point X="90" Y="255" T="0" /><Point X="94" Y="256" T="0" /><Point X="99" Y="259" T="0" /><Point X="105" Y="259" T="0" /><Point X="113" Y="259" T="0" /><Point X="121" Y="257" T="0" /><Point X="127" Y="255" T="0" /><Point X="133" Y="253" T="0" /><Point X="138" Y="251" T="0" /><Point X="144" Y="248" T="0" /><Point X="151" Y="246" T="0" /><Point X="160" Y="241" T="0" /><Point X="166" Y="236" T="0" /><Point X="174" Y="232" T="0" /><Point X="179" Y="226" T="0" /><Point X="184" Y="221" T="0" /><Point X="190" Y="215" T="0" /><Point X="194" Y="209" T="0" /><Point X="196" Y="205" T="0" /><Point X="200" Y="202" T="0" /><Point X="203" Y="197" T="0" /><Point X="210" Y="191" T="0" /><Point X="215" Y="184" T="0" /><Point X="222" Y="175" T="0" /><Point X="226" Y="170" T="0" /><Point X="229" Y="163" T="0" /><Point X="231" Y="159" T="0" /><Point X="233" Y="155" T="0" /><Point X="234" Y="154" T="0" /><Point X="234" Y="152" T="0" /><Point X="234" Y="151" T="0" /><Point X="234" Y="150" T="0" /><Point X="234" Y="149" T="0" /><Point X="234" Y="148" T="0" /><Point X="234" Y="147" T="0" /><Point X="231" Y="144" T="0" /><Point X="228" Y="143" T="0" /><Point X="226" Y="141" T="0" /><Point X="224" Y="139" T="0" /><Point X="221" Y="139" T="0" /><Point X="218" Y="138" T="0" /><Point X="214" Y="138" T="0" /><Point X="210" Y="138" T="0" /><Point X="207" Y="139" T="0" /><Point X="203" Y="139" T="0" /><Point X="201" Y="140" T="0" /><Point X="198" Y="142" T="0" /><Point X="195" Y="143" T="0" /><Point X="193" Y="147" T="0" /><Point X="189" Y="151" T="0" /><Point X="187" Y="159" T="0" /><Point X="186" Y="165" T="0" /><Point X="185" Y="171" T="0" /><Point X="185" Y="176" T="0" /><Point X="185" Y="181" T="0" /><Point X="186" Y="187" T="0" /><Point X="188" Y="195" T="0" /><Point X="191" Y="204" T="0" /><Point X="194" Y="212" T="0" /><Point X="197" Y="219" T="0" /><Point X="198" Y="226" T="0" /><Point X="201" Y="229" T="0" /><Point X="203" Y="231" T="0" /><Point X="207" Y="236" T="0" /><Point X="214" Y="239" T="0" /><Point X="222" Y="241" T="0" /><Point X="231" Y="244" T="0" /><Point X="238" Y="245" T="0" /><Point X="245" Y="245" T="0" /><Point X="253" Y="245" T="0" /><Point X="260" Y="243" T="0" /><Point X="270" Y="239" T="0" /><Point X="282" Y="236" T="0" /><Point X="291" Y="231" T="0" /><Point X="300" Y="227" T="0" /><Point X="307" Y="223" T="0" /><Point X="312" Y="220" T="0" /><Point X="317" Y="218" T="0" /><Point X="318" Y="216" T="0" /><Point X="320" Y="215" T="0" /><Point X="322" Y="214" T="0" /><Point X="323" Y="213" T="0" /><Point X="323" Y="212" T="0" /></Gesture>