<Gesture Name="pigtail" Subject="1" Number="1" NumPts="78" Millseconds="0" AppName="Gestures" AppVer="1.0" Date="Wednesday, March 01, 2023" TimeOfDay="19:16:48" ID="4"><Point X="84" Y="256" T="0" /><Point X="92" Y="256" T="0" /><Point X="100" Y="256" T="0" /><Point X="108" Y="256" T="0" /><Point X="114" Y="256" T="0" /><Point X="120" Y="256" T="0" /><Point X="126" Y="256" T="0" /><Point X="134" Y="255" T="0" /><Point X="141" Y="254" T="0" /><Point X="149" Y="253" T="0" /><Point X="154" Y="251" T="0" /><Point X="162" Y="249" T="0" /><Point X="166" Y="245" T="0" /><Point X="171" Y="243" T="0" /><Point X="176" Y="239" T="0" /><Point X="182" Y="234" T="0" /><Point X="188" Y="230" T="0" /><Point X="193" Y="223" T="0" /><Point X="201" Y="218" T="0" /><Point X="206" Y="212" T="0" /><Point X="212" Y="203" T="0" /><Point X="218" Y="194" T="0" /><Point X="223" Y="185" T="0" /><Point X="227" Y="176" T="0" /><Point X="231" Y="169" T="0" /><Point X="233" Y="165" T="0" /><Point X="235" Y="159" T="0" /><Point X="237" Y="151" T="0" /><Point X="238" Y="140" T="0" /><Point X="239" Y="131" T="0" /><Point X="242" Y="122" T="0" /><Point X="242" Y="115" T="0" /><Point X="242" Y="111" T="0" /><Point X="242" Y="108" T="0" /><Point X="242" Y="106" T="0" /><Point X="241" Y="103" T="0" /><Point X="240" Y="102" T="0" /><Point X="239" Y="100" T="0" /><Point X="238" Y="99" T="0" /><Point X="236" Y="96" T="0" /><Point X="235" Y="96" T="0" /><Point X="232" Y="95" T="0" /><Point X="229" Y="95" T="0" /><Point X="225" Y="95" T="0" /><Point X="222" Y="95" T="0" /><Point X="218" Y="95" T="0" /><Point X="215" Y="96" T="0" /><Point X="212" Y="99" T="0" /><Point X="206" Y="106" T="0" /><Point X="199" Y="120" T="0" /><Point X="192" Y="133" T="0" /><Point X="189" Y="144" T="0" /><Point X="186" Y="154" T="0" /><Point X="183" Y="165" T="0" /><Point X="182" Y="175" T="0" /><Point X="182" Y="186" T="0" /><Point X="182" Y="193" T="0" /><Point X="183" Y="199" T="0" /><Point X="186" Y="202" T="0" /><Point X="186" Y="206" T="0" /><Point X="188" Y="210" T="0" /><Point X="190" Y="215" T="0" /><Point X="195" Y="219" T="0" /><Point X="202" Y="225" T="0" /><Point X="210" Y="231" T="0" /><Point X="219" Y="237" T="0" /><Point X="227" Y="240" T="0" /><Point X="234" Y="243" T="0" /><Point X="244" Y="243" T="0" /><Point X="253" Y="243" T="0" /><Point X="262" Y="243" T="0" /><Point X="270" Y="243" T="0" /><Point X="277" Y="240" T="0" /><Point X="282" Y="239" T="0" /><Point X="285" Y="238" T="0" /><Point X="287" Y="237" T="0" /><Point X="289" Y="235" T="0" /><Point X="290" Y="235" T="0" /></Gesture>