<Gesture Name="pigtail" Subject="1" Number="1" NumPts="77" Millseconds="0" AppName="Gestures" AppVer="1.0" Date="Wednesday, March 01, 2023" TimeOfDay="19:22:11" ID="10"><Point X="98" Y="244" T="0" /><Point X="110" Y="239" T="0" /><Point X="117" Y="235" T="0" /><Point X="126" Y="230" T="0" /><Point X="135" Y="226" T="0" /><Point X="146" Y="220" T="0" /><Point X="156" Y="216" T="0" /><Point X="163" Y="211" T="0" /><Point X="170" Y="207" T="0" /><Point X="174" Y="202" T="0" /><Point X="179" Y="195" T="0" /><Point X="185" Y="188" T="0" /><Point X="187" Y="183" T="0" /><Point X="190" Y="178" T="0" /><Point X="193" Y="175" T="0" /><Point X="195" Y="168" T="0" /><Point X="197" Y="162" T="0" /><Point X="199" Y="155" T="0" /><Point X="200" Y="145" T="0" /><Point X="201" Y="135" T="0" /><Point X="203" Y="128" T="0" /><Point X="203" Y="124" T="0" /><Point X="203" Y="119" T="0" /><Point X="203" Y="116" T="0" /><Point X="203" Y="111" T="0" /><Point X="203" Y="107" T="0" /><Point X="203" Y="101" T="0" /><Point X="203" Y="97" T="0" /><Point X="203" Y="92" T="0" /><Point X="203" Y="89" T="0" /><Point X="202" Y="85" T="0" /><Point X="202" Y="83" T="0" /><Point X="201" Y="79" T="0" /><Point X="200" Y="77" T="0" /><Point X="199" Y="75" T="0" /><Point X="198" Y="75" T="0" /><Point X="197" Y="75" T="0" /><Point X="195" Y="75" T="0" /><Point X="194" Y="75" T="0" /><Point X="192" Y="75" T="0" /><Point X="186" Y="76" T="0" /><Point X="182" Y="80" T="0" /><Point X="177" Y="87" T="0" /><Point X="171" Y="94" T="0" /><Point X="166" Y="99" T="0" /><Point X="163" Y="110" T="0" /><Point X="162" Y="120" T="0" /><Point X="162" Y="134" T="0" /><Point X="162" Y="146" T="0" /><Point X="164" Y="154" T="0" /><Point X="167" Y="162" T="0" /><Point X="173" Y="172" T="0" /><Point X="178" Y="183" T="0" /><Point X="184" Y="194" T="0" /><Point X="188" Y="203" T="0" /><Point X="194" Y="209" T="0" /><Point X="197" Y="214" T="0" /><Point X="205" Y="219" T="0" /><Point X="213" Y="224" T="0" /><Point X="220" Y="227" T="0" /><Point X="229" Y="229" T="0" /><Point X="235" Y="231" T="0" /><Point X="243" Y="231" T="0" /><Point X="250" Y="231" T="0" /><Point X="258" Y="231" T="0" /><Point X="266" Y="230" T="0" /><Point X="272" Y="228" T="0" /><Point X="278" Y="225" T="0" /><Point X="282" Y="222" T="0" /><Point X="286" Y="219" T="0" /><Point X="289" Y="216" T="0" /><Point X="293" Y="213" T="0" /><Point X="294" Y="211" T="0" /><Point X="295" Y="209" T="0" /><Point X="296" Y="208" T="0" /><Point X="297" Y="207" T="0" /><Point X="298" Y="206" T="0" /></Gesture>