<Gesture Name="pigtail" Subject="1" Number="1" NumPts="82" Millseconds="0" AppName="Gestures" AppVer="1.0" Date="Wednesday, March 01, 2023" TimeOfDay="19:19:55" ID="8"><Point X="78" Y="252" T="0" /><Point X="85" Y="254" T="0" /><Point X="92" Y="255" T="0" /><Point X="98" Y="255" T="0" /><Point X="110" Y="255" T="0" /><Point X="123" Y="252" T="0" /><Point X="133" Y="251" T="0" /><Point X="141" Y="247" T="0" /><Point X="148" Y="245" T="0" /><Point X="154" Y="243" T="0" /><Point X="161" Y="239" T="0" /><Point X="170" Y="236" T="0" /><Point X="175" Y="233" T="0" /><Point X="182" Y="229" T="0" /><Point X="188" Y="226" T="0" /><Point X="192" Y="223" T="0" /><Point X="198" Y="215" T="0" /><Point X="202" Y="207" T="0" /><Point X="207" Y="202" T="0" /><Point X="210" Y="195" T="0" /><Point X="213" Y="192" T="0" /><Point X="217" Y="187" T="0" /><Point X="218" Y="183" T="0" /><Point X="221" Y="177" T="0" /><Point X="222" Y="174" T="0" /><Point X="223" Y="171" T="0" /><Point X="224" Y="169" T="0" /><Point X="226" Y="167" T="0" /><Point X="226" Y="161" T="0" /><Point X="227" Y="157" T="0" /><Point X="227" Y="153" T="0" /><Point X="227" Y="151" T="0" /><Point X="227" Y="150" T="0" /><Point X="227" Y="149" T="0" /><Point X="227" Y="148" T="0" /><Point X="226" Y="148" T="0" /><Point X="225" Y="147" T="0" /><Point X="223" Y="147" T="0" /><Point X="222" Y="147" T="0" /><Point X="218" Y="147" T="0" /><Point X="214" Y="150" T="0" /><Point X="211" Y="151" T="0" /><Point X="206" Y="155" T="0" /><Point X="202" Y="162" T="0" /><Point X="198" Y="165" T="0" /><Point X="195" Y="170" T="0" /><Point X="194" Y="173" T="0" /><Point X="190" Y="179" T="0" /><Point X="190" Y="183" T="0" /><Point X="189" Y="191" T="0" /><Point X="189" Y="197" T="0" /><Point X="189" Y="204" T="0" /><Point X="192" Y="211" T="0" /><Point X="194" Y="218" T="0" /><Point X="195" Y="223" T="0" /><Point X="198" Y="228" T="0" /><Point X="202" Y="235" T="0" /><Point X="206" Y="243" T="0" /><Point X="209" Y="251" T="0" /><Point X="213" Y="257" T="0" /><Point X="216" Y="263" T="0" /><Point X="218" Y="268" T="0" /><Point X="225" Y="272" T="0" /><Point X="232" Y="277" T="0" /><Point X="238" Y="280" T="0" /><Point X="245" Y="282" T="0" /><Point X="253" Y="283" T="0" /><Point X="260" Y="283" T="0" /><Point X="268" Y="283" T="0" /><Point X="278" Y="282" T="0" /><Point X="286" Y="279" T="0" /><Point X="293" Y="276" T="0" /><Point X="298" Y="272" T="0" /><Point X="302" Y="270" T="0" /><Point X="306" Y="267" T="0" /><Point X="308" Y="264" T="0" /><Point X="310" Y="263" T="0" /><Point X="310" Y="262" T="0" /><Point X="311" Y="261" T="0" /><Point X="312" Y="261" T="0" /><Point X="313" Y="260" T="0" /><Point X="313" Y="259" T="0" /></Gesture>