<Gesture Name="pigtail" Subject="1" Number="1" NumPts="100" Millseconds="0" AppName="Gestures" AppVer="1.0" Date="Wednesday, March 01, 2023" TimeOfDay="19:18:26" ID="6"><Point X="112" Y="291" T="0" /><Point X="117" Y="291" T="0" /><Point X="122" Y="291" T="0" /><Point X="127" Y="291" T="0" /><Point X="131" Y="291" T="0" /><Point X="137" Y="288" T="0" /><Point X="142" Y="287" T="0" /><Point X="147" Y="285" T="0" /><Point X="152" Y="282" T="0" /><Point X="159" Y="279" T="0" /><Point X="165" Y="277" T="0" /><Point X="170" Y="273" T="0" /><Point X="175" Y="270" T="0" /><Point X="179" Y="267" T="0" /><Point X="186" Y="259" T="0" /><Point X="190" Y="251" T="0" /><Point X="193" Y="245" T="0" /><Point X="197" Y="238" T="0" /><Point X="200" Y="231" T="0" /><Point X="202" Y="228" T="0" /><Point X="205" Y="225" T="0" /><Point X="208" Y="219" T="0" /><Point X="211" Y="213" T="0" /><Point X="215" Y="207" T="0" /><Point X="218" Y="199" T="0" /><Point X="222" Y="191" T="0" /><Point X="224" Y="187" T="0" /><Point X="226" Y="181" T="0" /><Point X="228" Y="176" T="0" /><Point X="231" Y="169" T="0" /><Point X="235" Y="161" T="0" /><Point X="237" Y="154" T="0" /><Point X="239" Y="147" T="0" /><Point X="240" Y="139" T="0" /><Point X="241" Y="134" T="0" /><Point X="242" Y="130" T="0" /><Point X="242" Y="127" T="0" /><Point X="242" Y="125" T="0" /><Point X="242" Y="123" T="0" /><Point X="242" Y="119" T="0" /><Point X="242" Y="115" T="0" /><Point X="240" Y="107" T="0" /><Point X="239" Y="103" T="0" /><Point X="238" Y="101" T="0" /><Point X="238" Y="99" T="0" /><Point X="237" Y="98" T="0" /><Point X="236" Y="98" T="0" /><Point X="234" Y="98" T="0" /><Point X="232" Y="98" T="0" /><Point X="230" Y="99" T="0" /><Point X="226" Y="101" T="0" /><Point X="225" Y="103" T="0" /><Point X="222" Y="104" T="0" /><Point X="220" Y="107" T="0" /><Point X="217" Y="111" T="0" /><Point X="214" Y="115" T="0" /><Point X="210" Y="121" T="0" /><Point X="209" Y="125" T="0" /><Point X="206" Y="132" T="0" /><Point X="205" Y="138" T="0" /><Point X="203" Y="143" T="0" /><Point X="200" Y="148" T="0" /><Point X="199" Y="151" T="0" /><Point X="198" Y="157" T="0" /><Point X="198" Y="161" T="0" /><Point X="198" Y="168" T="0" /><Point X="198" Y="177" T="0" /><Point X="198" Y="184" T="0" /><Point X="198" Y="191" T="0" /><Point X="199" Y="196" T="0" /><Point X="202" Y="201" T="0" /><Point X="204" Y="206" T="0" /><Point X="206" Y="208" T="0" /><Point X="208" Y="210" T="0" /><Point X="213" Y="215" T="0" /><Point X="218" Y="219" T="0" /><Point X="226" Y="223" T="0" /><Point X="234" Y="227" T="0" /><Point X="242" Y="228" T="0" /><Point X="250" Y="231" T="0" /><Point X="261" Y="235" T="0" /><Point X="270" Y="237" T="0" /><Point X="278" Y="239" T="0" /><Point X="286" Y="241" T="0" /><Point X="291" Y="244" T="0" /><Point X="294" Y="245" T="0" /><Point X="299" Y="247" T="0" /><Point X="304" Y="248" T="0" /><Point X="307" Y="249" T="0" /><Point X="309" Y="250" T="0" /><Point X="312" Y="250" T="0" /><Point X="314" Y="251" T="0" /><Point X="316" Y="251" T="0" /><Point X="318" Y="251" T="0" /><Point X="319" Y="251" T="0" /><Point X="321" Y="251" T="0" /><Point X="322" Y="251" T="0" /><Point X="324" Y="251" T="0" /><Point X="325" Y="251" T="0" /><Point X="326" Y="251" T="0" /></Gesture>