<Gesture Name="rectangle" Subject="1" Number="1" NumPts="159" Millseconds="0" AppName="Gestures" AppVer="1.0" Date="Wednesday, March 01, 2023" TimeOfDay="19:18:37" ID="7"><Point X="105" Y="146" T="0" /><Point X="103" Y="155" T="0" /><Point X="100" Y="163" T="0" /><Point X="98" Y="171" T="0" /><Point X="95" Y="179" T="0" /><Point X="94" Y="186" T="0" /><Point X="94" Y="191" T="0" /><Point X="93" Y="197" T="0" /><Point X="92" Y="200" T="0" /><Point X="90" Y="203" T="0" /><Point X="90" Y="206" T="0" /><Point X="89" Y="208" T="0" /><Point X="88" Y="211" T="0" /><Point X="87" Y="211" T="0" /><Point X="86" Y="214" T="0" /><Point X="86" Y="215" T="0" /><Point X="86" Y="219" T="0" /><Point X="85" Y="222" T="0" /><Point X="82" Y="226" T="0" /><Point X="82" Y="231" T="0" /><Point X="81" Y="236" T="0" /><Point X="81" Y="240" T="0" /><Point X="81" Y="246" T="0" /><Point X="81" Y="248" T="0" /><Point X="81" Y="251" T="0" /><Point X="81" Y="254" T="0" /><Point X="81" Y="255" T="0" /><Point X="81" Y="256" T="0" /><Point X="81" Y="259" T="0" /><Point X="81" Y="261" T="0" /><Point X="81" Y="262" T="0" /><Point X="81" Y="263" T="0" /><Point X="81" Y="266" T="0" /><Point X="81" Y="267" T="0" /><Point X="81" Y="268" T="0" /><Point X="81" Y="269" T="0" /><Point X="81" Y="271" T="0" /><Point X="81" Y="272" T="0" /><Point X="81" Y="273" T="0" /><Point X="81" Y="274" T="0" /><Point X="81" Y="275" T="0" /><Point X="82" Y="275" T="0" /><Point X="83" Y="275" T="0" /><Point X="86" Y="276" T="0" /><Point X="90" Y="278" T="0" /><Point X="96" Y="278" T="0" /><Point X="104" Y="278" T="0" /><Point X="111" Y="278" T="0" /><Point X="120" Y="277" T="0" /><Point X="132" Y="275" T="0" /><Point X="147" Y="275" T="0" /><Point X="159" Y="273" T="0" /><Point X="170" Y="273" T="0" /><Point X="183" Y="272" T="0" /><Point X="199" Y="272" T="0" /><Point X="213" Y="272" T="0" /><Point X="222" Y="272" T="0" /><Point X="233" Y="274" T="0" /><Point X="243" Y="275" T="0" /><Point X="251" Y="275" T="0" /><Point X="258" Y="278" T="0" /><Point X="266" Y="279" T="0" /><Point X="270" Y="279" T="0" /><Point X="273" Y="279" T="0" /><Point X="274" Y="279" T="0" /><Point X="277" Y="279" T="0" /><Point X="279" Y="279" T="0" /><Point X="280" Y="279" T="0" /><Point X="281" Y="279" T="0" /><Point X="282" Y="279" T="0" /><Point X="283" Y="278" T="0" /><Point X="285" Y="275" T="0" /><Point X="286" Y="273" T="0" /><Point X="286" Y="269" T="0" /><Point X="286" Y="263" T="0" /><Point X="286" Y="255" T="0" /><Point X="286" Y="243" T="0" /><Point X="286" Y="231" T="0" /><Point X="286" Y="221" T="0" /><Point X="286" Y="213" T="0" /><Point X="286" Y="203" T="0" /><Point X="286" Y="192" T="0" /><Point X="286" Y="180" T="0" /><Point X="286" Y="171" T="0" /><Point X="286" Y="163" T="0" /><Point X="286" Y="155" T="0" /><Point X="286" Y="143" T="0" /><Point X="287" Y="132" T="0" /><Point X="288" Y="123" T="0" /><Point X="290" Y="115" T="0" /><Point X="290" Y="110" T="0" /><Point X="290" Y="107" T="0" /><Point X="290" Y="105" T="0" /><Point X="290" Y="103" T="0" /><Point X="290" Y="102" T="0" /><Point X="287" Y="103" T="0" /><Point X="282" Y="104" T="0" /><Point X="277" Y="105" T="0" /><Point X="273" Y="106" T="0" /><Point X="266" Y="107" T="0" /><Point X="259" Y="109" T="0" /><Point X="254" Y="110" T="0" /><Point X="244" Y="111" T="0" /><Point X="234" Y="112" T="0" /><Point X="227" Y="113" T="0" /><Point X="222" Y="114" T="0" /><Point X="217" Y="114" T="0" /><Point X="210" Y="115" T="0" /><Point X="204" Y="115" T="0" /><Point X="198" Y="115" T="0" /><Point X="190" Y="115" T="0" /><Point X="186" Y="115" T="0" /><Point X="181" Y="115" T="0" /><Point X="178" Y="115" T="0" /><Point X="174" Y="116" T="0" /><Point X="171" Y="116" T="0" /><Point X="169" Y="116" T="0" /><Point X="166" Y="116" T="0" /><Point X="164" Y="116" T="0" /><Point X="161" Y="116" T="0" /><Point X="157" Y="116" T="0" /><Point X="154" Y="116" T="0" /><Point X="150" Y="116" T="0" /><Point X="146" Y="116" T="0" /><Point X="144" Y="116" T="0" /><Point X="142" Y="116" T="0" /><Point X="139" Y="116" T="0" /><Point X="137" Y="116" T="0" /><Point X="134" Y="116" T="0" /><Point X="133" Y="116" T="0" /><Point X="132" Y="116" T="0" /><Point X="130" Y="116" T="0" /><Point X="129" Y="116" T="0" /><Point X="127" Y="116" T="0" /><Point X="126" Y="116" T="0" /><Point X="124" Y="116" T="0" /><Point X="122" Y="116" T="0" /><Point X="121" Y="116" T="0" /><Point X="120" Y="116" T="0" /><Point X="119" Y="116" T="0" /><Point X="118" Y="116" T="0" /><Point X="117" Y="116" T="0" /><Point X="116" Y="116" T="0" /><Point X="115" Y="116" T="0" /><Point X="114" Y="116" T="0" /><Point X="113" Y="118" T="0" /><Point X="110" Y="118" T="0" /><Point X="108" Y="119" T="0" /><Point X="106" Y="119" T="0" /><Point X="105" Y="119" T="0" /><Point X="102" Y="120" T="0" /><Point X="102" Y="121" T="0" /><Point X="100" Y="122" T="0" /><Point X="99" Y="122" T="0" /><Point X="98" Y="122" T="0" /><Point X="96" Y="122" T="0" /><Point X="96" Y="123" T="0" /><Point X="95" Y="123" T="0" /><Point X="94" Y="123" T="0" /></Gesture>