<Gesture Name="rectangle" Subject="1" Number="1" NumPts="131" Millseconds="0" AppName="Gestures" AppVer="1.0" Date="Wednesday, March 01, 2023" TimeOfDay="19:15:20" ID="3"><Point X="121" Y="162" T="0" /><Point X="120" Y="176" T="0" /><Point X="118" Y="190" T="0" /><Point X="118" Y="199" T="0" /><Point X="117" Y="205" T="0" /><Point X="115" Y="211" T="0" /><Point X="115" Y="214" T="0" /><Point X="115" Y="216" T="0" /><Point X="115" Y="219" T="0" /><Point X="115" Y="221" T="0" /><Point X="115" Y="225" T="0" /><Point X="115" Y="227" T="0" /><Point X="115" Y="233" T="0" /><Point X="114" Y="239" T="0" /><Point X="114" Y="245" T="0" /><Point X="114" Y="251" T="0" /><Point X="113" Y="254" T="0" /><Point X="113" Y="257" T="0" /><Point X="113" Y="260" T="0" /><Point X="112" Y="263" T="0" /><Point X="112" Y="266" T="0" /><Point X="112" Y="267" T="0" /><Point X="112" Y="268" T="0" /><Point X="112" Y="270" T="0" /><Point X="112" Y="271" T="0" /><Point X="112" Y="272" T="0" /><Point X="112" Y="273" T="0" /><Point X="112" Y="274" T="0" /><Point X="112" Y="275" T="0" /><Point X="114" Y="275" T="0" /><Point X="115" Y="275" T="0" /><Point X="121" Y="275" T="0" /><Point X="129" Y="273" T="0" /><Point X="136" Y="272" T="0" /><Point X="142" Y="271" T="0" /><Point X="152" Y="269" T="0" /><Point X="162" Y="268" T="0" /><Point X="174" Y="267" T="0" /><Point X="186" Y="267" T="0" /><Point X="195" Y="267" T="0" /><Point X="206" Y="267" T="0" /><Point X="218" Y="267" T="0" /><Point X="230" Y="267" T="0" /><Point X="240" Y="267" T="0" /><Point X="250" Y="267" T="0" /><Point X="258" Y="267" T="0" /><Point X="264" Y="267" T="0" /><Point X="272" Y="268" T="0" /><Point X="279" Y="268" T="0" /><Point X="283" Y="270" T="0" /><Point X="289" Y="270" T="0" /><Point X="291" Y="271" T="0" /><Point X="294" Y="271" T="0" /><Point X="297" Y="272" T="0" /><Point X="298" Y="272" T="0" /><Point X="299" Y="272" T="0" /><Point X="300" Y="272" T="0" /><Point X="302" Y="273" T="0" /><Point X="302" Y="271" T="0" /><Point X="302" Y="263" T="0" /><Point X="302" Y="247" T="0" /><Point X="302" Y="233" T="0" /><Point X="299" Y="222" T="0" /><Point X="298" Y="211" T="0" /><Point X="296" Y="198" T="0" /><Point X="295" Y="186" T="0" /><Point X="295" Y="176" T="0" /><Point X="294" Y="170" T="0" /><Point X="294" Y="167" T="0" /><Point X="294" Y="164" T="0" /><Point X="294" Y="162" T="0" /><Point X="294" Y="161" T="0" /><Point X="294" Y="159" T="0" /><Point X="294" Y="158" T="0" /><Point X="294" Y="155" T="0" /><Point X="294" Y="154" T="0" /><Point X="294" Y="153" T="0" /><Point X="294" Y="152" T="0" /><Point X="294" Y="151" T="0" /><Point X="287" Y="151" T="0" /><Point X="275" Y="151" T="0" /><Point X="264" Y="151" T="0" /><Point X="255" Y="151" T="0" /><Point X="248" Y="151" T="0" /><Point X="242" Y="152" T="0" /><Point X="234" Y="153" T="0" /><Point X="225" Y="153" T="0" /><Point X="215" Y="155" T="0" /><Point X="209" Y="155" T="0" /><Point X="203" Y="155" T="0" /><Point X="199" Y="155" T="0" /><Point X="196" Y="155" T="0" /><Point X="191" Y="155" T="0" /><Point X="188" Y="155" T="0" /><Point X="185" Y="155" T="0" /><Point X="181" Y="155" T="0" /><Point X="178" Y="155" T="0" /><Point X="174" Y="155" T="0" /><Point X="171" Y="155" T="0" /><Point X="167" Y="155" T="0" /><Point X="164" Y="155" T="0" /><Point X="160" Y="155" T="0" /><Point X="158" Y="155" T="0" /><Point X="156" Y="155" T="0" /><Point X="154" Y="155" T="0" /><Point X="152" Y="155" T="0" /><Point X="151" Y="155" T="0" /><Point X="150" Y="155" T="0" /><Point X="147" Y="155" T="0" /><Point X="146" Y="155" T="0" /><Point X="145" Y="155" T="0" /><Point X="144" Y="155" T="0" /><Point X="142" Y="155" T="0" /><Point X="140" Y="155" T="0" /><Point X="139" Y="155" T="0" /><Point X="138" Y="155" T="0" /><Point X="136" Y="155" T="0" /><Point X="134" Y="155" T="0" /><Point X="133" Y="155" T="0" /><Point X="131" Y="155" T="0" /><Point X="130" Y="155" T="0" /><Point X="129" Y="155" T="0" /><Point X="126" Y="155" T="0" /><Point X="124" Y="155" T="0" /><Point X="122" Y="155" T="0" /><Point X="121" Y="155" T="0" /><Point X="120" Y="155" T="0" /><Point X="119" Y="155" T="0" /><Point X="118" Y="155" T="0" /><Point X="117" Y="155" T="0" /><Point X="115" Y="155" T="0" /></Gesture>