<Gesture Name="rectangle" Subject="1" Number="1" NumPts="134" Millseconds="0" AppName="Gestures" AppVer="1.0" Date="Wednesday, March 01, 2023" TimeOfDay="19:16:07" ID="4"><Point X="134" Y="151" T="0" /><Point X="134" Y="165" T="0" /><Point X="134" Y="171" T="0" /><Point X="134" Y="178" T="0" /><Point X="134" Y="182" T="0" /><Point X="134" Y="187" T="0" /><Point X="134" Y="191" T="0" /><Point X="134" Y="195" T="0" /><Point X="134" Y="197" T="0" /><Point X="134" Y="199" T="0" /><Point X="134" Y="202" T="0" /><Point X="134" Y="205" T="0" /><Point X="134" Y="209" T="0" /><Point X="134" Y="212" T="0" /><Point X="134" Y="216" T="0" /><Point X="134" Y="219" T="0" /><Point X="134" Y="221" T="0" /><Point X="134" Y="225" T="0" /><Point X="134" Y="228" T="0" /><Point X="134" Y="232" T="0" /><Point X="134" Y="234" T="0" /><Point X="134" Y="236" T="0" /><Point X="134" Y="239" T="0" /><Point X="134" Y="241" T="0" /><Point X="134" Y="242" T="0" /><Point X="134" Y="243" T="0" /><Point X="134" Y="244" T="0" /><Point X="134" Y="245" T="0" /><Point X="134" Y="246" T="0" /><Point X="135" Y="246" T="0" /><Point X="136" Y="246" T="0" /><Point X="139" Y="246" T="0" /><Point X="143" Y="246" T="0" /><Point X="152" Y="244" T="0" /><Point X="161" Y="243" T="0" /><Point X="170" Y="241" T="0" /><Point X="180" Y="239" T="0" /><Point X="192" Y="238" T="0" /><Point X="204" Y="237" T="0" /><Point X="216" Y="237" T="0" /><Point X="228" Y="237" T="0" /><Point X="240" Y="237" T="0" /><Point X="252" Y="239" T="0" /><Point X="261" Y="240" T="0" /><Point X="269" Y="243" T="0" /><Point X="272" Y="243" T="0" /><Point X="275" Y="244" T="0" /><Point X="277" Y="245" T="0" /><Point X="279" Y="246" T="0" /><Point X="282" Y="247" T="0" /><Point X="283" Y="247" T="0" /><Point X="284" Y="247" T="0" /><Point X="286" Y="247" T="0" /><Point X="288" Y="247" T="0" /><Point X="289" Y="247" T="0" /><Point X="290" Y="247" T="0" /><Point X="291" Y="247" T="0" /><Point X="292" Y="245" T="0" /><Point X="294" Y="242" T="0" /><Point X="296" Y="238" T="0" /><Point X="298" Y="232" T="0" /><Point X="298" Y="225" T="0" /><Point X="298" Y="215" T="0" /><Point X="298" Y="205" T="0" /><Point X="298" Y="195" T="0" /><Point X="298" Y="187" T="0" /><Point X="297" Y="178" T="0" /><Point X="296" Y="170" T="0" /><Point X="296" Y="163" T="0" /><Point X="296" Y="159" T="0" /><Point X="296" Y="157" T="0" /><Point X="296" Y="155" T="0" /><Point X="296" Y="154" T="0" /><Point X="296" Y="153" T="0" /><Point X="296" Y="152" T="0" /><Point X="294" Y="152" T="0" /><Point X="293" Y="151" T="0" /><Point X="292" Y="151" T="0" /><Point X="290" Y="149" T="0" /><Point X="286" Y="147" T="0" /><Point X="276" Y="142" T="0" /><Point X="268" Y="139" T="0" /><Point X="259" Y="135" T="0" /><Point X="251" Y="132" T="0" /><Point X="242" Y="131" T="0" /><Point X="234" Y="128" T="0" /><Point X="227" Y="127" T="0" /><Point X="221" Y="126" T="0" /><Point X="215" Y="126" T="0" /><Point X="212" Y="126" T="0" /><Point X="209" Y="126" T="0" /><Point X="205" Y="126" T="0" /><Point X="203" Y="126" T="0" /><Point X="199" Y="126" T="0" /><Point X="197" Y="126" T="0" /><Point X="194" Y="126" T="0" /><Point X="190" Y="127" T="0" /><Point X="189" Y="127" T="0" /><Point X="186" Y="127" T="0" /><Point X="183" Y="127" T="0" /><Point X="181" Y="128" T="0" /><Point X="180" Y="128" T="0" /><Point X="178" Y="128" T="0" /><Point X="176" Y="129" T="0" /><Point X="175" Y="129" T="0" /><Point X="174" Y="130" T="0" /><Point X="173" Y="130" T="0" /><Point X="170" Y="131" T="0" /><Point X="168" Y="131" T="0" /><Point X="166" Y="131" T="0" /><Point X="164" Y="131" T="0" /><Point X="162" Y="131" T="0" /><Point X="161" Y="131" T="0" /><Point X="160" Y="132" T="0" /><Point X="159" Y="132" T="0" /><Point X="158" Y="132" T="0" /><Point X="157" Y="132" T="0" /><Point X="155" Y="132" T="0" /><Point X="154" Y="132" T="0" /><Point X="153" Y="132" T="0" /><Point X="150" Y="132" T="0" /><Point X="147" Y="134" T="0" /><Point X="146" Y="135" T="0" /><Point X="142" Y="135" T="0" /><Point X="140" Y="136" T="0" /><Point X="138" Y="137" T="0" /><Point X="137" Y="137" T="0" /><Point X="135" Y="138" T="0" /><Point X="134" Y="138" T="0" /><Point X="133" Y="138" T="0" /><Point X="132" Y="138" T="0" /><Point X="131" Y="138" T="0" /><Point X="130" Y="138" T="0" /><Point X="130" Y="139" T="0" /></Gesture>