<Gesture Name="rectangle" Subject="1" Number="1" NumPts="104" Millseconds="0" AppName="Gestures" AppVer="1.0" Date="Wednesday, March 01, 2023" TimeOfDay="19:20:04" ID="9"><Point X="98" Y="138" T="0" /><Point X="98" Y="151" T="0" /><Point X="98" Y="171" T="0" /><Point X="98" Y="191" T="0" /><Point X="97" Y="201" T="0" /><Point X="95" Y="209" T="0" /><Point X="94" Y="219" T="0" /><Point X="94" Y="234" T="0" /><Point X="92" Y="245" T="0" /><Point X="91" Y="255" T="0" /><Point X="91" Y="259" T="0" /><Point X="90" Y="264" T="0" /><Point X="90" Y="267" T="0" /><Point X="90" Y="271" T="0" /><Point X="90" Y="275" T="0" /><Point X="90" Y="280" T="0" /><Point X="90" Y="285" T="0" /><Point X="90" Y="290" T="0" /><Point X="90" Y="293" T="0" /><Point X="90" Y="296" T="0" /><Point X="90" Y="299" T="0" /><Point X="90" Y="301" T="0" /><Point X="90" Y="303" T="0" /><Point X="91" Y="304" T="0" /><Point X="94" Y="304" T="0" /><Point X="95" Y="304" T="0" /><Point X="98" Y="304" T="0" /><Point X="104" Y="303" T="0" /><Point X="110" Y="299" T="0" /><Point X="120" Y="296" T="0" /><Point X="134" Y="291" T="0" /><Point X="151" Y="285" T="0" /><Point X="164" Y="282" T="0" /><Point X="184" Y="276" T="0" /><Point X="210" Y="274" T="0" /><Point X="224" Y="272" T="0" /><Point X="241" Y="272" T="0" /><Point X="255" Y="273" T="0" /><Point X="267" Y="273" T="0" /><Point X="277" Y="274" T="0" /><Point X="282" Y="275" T="0" /><Point X="290" Y="277" T="0" /><Point X="298" Y="278" T="0" /><Point X="302" Y="278" T="0" /><Point X="307" Y="279" T="0" /><Point X="310" Y="279" T="0" /><Point X="314" Y="280" T="0" /><Point X="317" Y="281" T="0" /><Point X="318" Y="281" T="0" /><Point X="321" Y="281" T="0" /><Point X="322" Y="281" T="0" /><Point X="323" Y="279" T="0" /><Point X="323" Y="276" T="0" /><Point X="323" Y="272" T="0" /><Point X="322" Y="262" T="0" /><Point X="318" Y="244" T="0" /><Point X="313" Y="227" T="0" /><Point X="310" Y="214" T="0" /><Point X="303" Y="192" T="0" /><Point X="301" Y="177" T="0" /><Point X="298" Y="165" T="0" /><Point X="296" Y="156" T="0" /><Point X="295" Y="148" T="0" /><Point X="294" Y="143" T="0" /><Point X="292" Y="137" T="0" /><Point X="291" Y="134" T="0" /><Point X="291" Y="133" T="0" /><Point X="291" Y="131" T="0" /><Point X="291" Y="130" T="0" /><Point X="291" Y="129" T="0" /><Point X="290" Y="129" T="0" /><Point X="289" Y="129" T="0" /><Point X="288" Y="129" T="0" /><Point X="286" Y="129" T="0" /><Point X="281" Y="130" T="0" /><Point X="273" Y="130" T="0" /><Point X="265" Y="130" T="0" /><Point X="257" Y="130" T="0" /><Point X="242" Y="130" T="0" /><Point X="228" Y="130" T="0" /><Point X="214" Y="130" T="0" /><Point X="203" Y="130" T="0" /><Point X="186" Y="130" T="0" /><Point X="172" Y="129" T="0" /><Point X="160" Y="127" T="0" /><Point X="150" Y="127" T="0" /><Point X="143" Y="126" T="0" /><Point X="137" Y="124" T="0" /><Point X="128" Y="123" T="0" /><Point X="121" Y="119" T="0" /><Point X="115" Y="119" T="0" /><Point X="110" Y="118" T="0" /><Point X="106" Y="118" T="0" /><Point X="104" Y="118" T="0" /><Point X="102" Y="118" T="0" /><Point X="100" Y="118" T="0" /><Point X="98" Y="118" T="0" /><Point X="97" Y="118" T="0" /><Point X="96" Y="118" T="0" /><Point X="95" Y="118" T="0" /><Point X="94" Y="118" T="0" /><Point X="94" Y="119" T="0" /><Point X="93" Y="119" T="0" /><Point X="92" Y="119" T="0" /></Gesture>