<Gesture Name="rectangle" Subject="1" Number="1" NumPts="149" Millseconds="0" AppName="Gestures" AppVer="1.0" Date="Wednesday, March 01, 2023" TimeOfDay="19:17:43" ID="6"><Point X="108" Y="126" T="0" /><Point X="107" Y="135" T="0" /><Point X="107" Y="143" T="0" /><Point X="107" Y="154" T="0" /><Point X="106" Y="164" T="0" /><Point X="105" Y="172" T="0" /><Point X="104" Y="182" T="0" /><Point X="104" Y="188" T="0" /><Point X="104" Y="193" T="0" /><Point X="104" Y="197" T="0" /><Point X="103" Y="200" T="0" /><Point X="103" Y="204" T="0" /><Point X="102" Y="207" T="0" /><Point X="102" Y="211" T="0" /><Point X="102" Y="215" T="0" /><Point X="102" Y="219" T="0" /><Point X="102" Y="222" T="0" /><Point X="102" Y="224" T="0" /><Point X="102" Y="227" T="0" /><Point X="102" Y="230" T="0" /><Point X="102" Y="231" T="0" /><Point X="102" Y="233" T="0" /><Point X="102" Y="235" T="0" /><Point X="102" Y="236" T="0" /><Point X="102" Y="237" T="0" /><Point X="102" Y="238" T="0" /><Point X="102" Y="239" T="0" /><Point X="102" Y="240" T="0" /><Point X="102" Y="241" T="0" /><Point X="104" Y="241" T="0" /><Point X="107" Y="241" T="0" /><Point X="114" Y="241" T="0" /><Point X="123" Y="243" T="0" /><Point X="132" Y="243" T="0" /><Point X="142" Y="243" T="0" /><Point X="156" Y="243" T="0" /><Point X="173" Y="242" T="0" /><Point X="190" Y="241" T="0" /><Point X="204" Y="239" T="0" /><Point X="219" Y="239" T="0" /><Point X="238" Y="235" T="0" /><Point X="250" Y="234" T="0" /><Point X="262" Y="232" T="0" /><Point X="274" Y="231" T="0" /><Point X="284" Y="231" T="0" /><Point X="294" Y="231" T="0" /><Point X="302" Y="231" T="0" /><Point X="309" Y="231" T="0" /><Point X="312" Y="231" T="0" /><Point X="318" Y="231" T="0" /><Point X="322" Y="231" T="0" /><Point X="325" Y="232" T="0" /><Point X="328" Y="233" T="0" /><Point X="330" Y="233" T="0" /><Point X="331" Y="233" T="0" /><Point X="333" Y="233" T="0" /><Point X="334" Y="233" T="0" /><Point X="334" Y="235" T="0" /><Point X="335" Y="235" T="0" /><Point X="335" Y="234" T="0" /><Point X="335" Y="232" T="0" /><Point X="335" Y="231" T="0" /><Point X="335" Y="225" T="0" /><Point X="335" Y="221" T="0" /><Point X="335" Y="215" T="0" /><Point X="334" Y="207" T="0" /><Point X="334" Y="202" T="0" /><Point X="334" Y="194" T="0" /><Point X="334" Y="185" T="0" /><Point X="334" Y="174" T="0" /><Point X="334" Y="165" T="0" /><Point X="332" Y="159" T="0" /><Point X="332" Y="152" T="0" /><Point X="332" Y="146" T="0" /><Point X="332" Y="139" T="0" /><Point X="332" Y="131" T="0" /><Point X="332" Y="125" T="0" /><Point X="332" Y="121" T="0" /><Point X="332" Y="117" T="0" /><Point X="332" Y="115" T="0" /><Point X="332" Y="114" T="0" /><Point X="332" Y="112" T="0" /><Point X="332" Y="111" T="0" /><Point X="332" Y="110" T="0" /><Point X="332" Y="109" T="0" /><Point X="332" Y="108" T="0" /><Point X="326" Y="109" T="0" /><Point X="318" Y="109" T="0" /><Point X="306" Y="109" T="0" /><Point X="291" Y="109" T="0" /><Point X="281" Y="109" T="0" /><Point X="272" Y="107" T="0" /><Point X="262" Y="107" T="0" /><Point X="252" Y="105" T="0" /><Point X="240" Y="103" T="0" /><Point X="229" Y="101" T="0" /><Point X="219" Y="99" T="0" /><Point X="210" Y="95" T="0" /><Point X="203" Y="95" T="0" /><Point X="198" Y="94" T="0" /><Point X="194" Y="93" T="0" /><Point X="191" Y="93" T="0" /><Point X="187" Y="92" T="0" /><Point X="184" Y="92" T="0" /><Point X="180" Y="92" T="0" /><Point X="178" Y="92" T="0" /><Point X="176" Y="92" T="0" /><Point X="173" Y="92" T="0" /><Point X="170" Y="92" T="0" /><Point X="169" Y="92" T="0" /><Point X="166" Y="92" T="0" /><Point X="164" Y="92" T="0" /><Point X="163" Y="92" T="0" /><Point X="161" Y="92" T="0" /><Point X="160" Y="92" T="0" /><Point X="158" Y="92" T="0" /><Point X="156" Y="92" T="0" /><Point X="154" Y="92" T="0" /><Point X="152" Y="92" T="0" /><Point X="150" Y="92" T="0" /><Point X="148" Y="92" T="0" /><Point X="145" Y="92" T="0" /><Point X="142" Y="92" T="0" /><Point X="138" Y="93" T="0" /><Point X="137" Y="94" T="0" /><Point X="135" Y="94" T="0" /><Point X="134" Y="94" T="0" /><Point X="133" Y="94" T="0" /><Point X="130" Y="95" T="0" /><Point X="130" Y="96" T="0" /><Point X="128" Y="97" T="0" /><Point X="126" Y="98" T="0" /><Point X="124" Y="99" T="0" /><Point X="123" Y="99" T="0" /><Point X="122" Y="100" T="0" /><Point X="120" Y="100" T="0" /><Point X="119" Y="101" T="0" /><Point X="117" Y="102" T="0" /><Point X="115" Y="104" T="0" /><Point X="114" Y="105" T="0" /><Point X="113" Y="106" T="0" /><Point X="111" Y="107" T="0" /><Point X="109" Y="107" T="0" /><Point X="108" Y="108" T="0" /><Point X="108" Y="109" T="0" /><Point X="107" Y="110" T="0" /><Point X="106" Y="111" T="0" /><Point X="105" Y="112" T="0" /><Point X="105" Y="113" T="0" /></Gesture>