<Gesture Name="rectangle" Subject="1" Number="1" NumPts="142" Millseconds="0" AppName="Gestures" AppVer="1.0" Date="Wednesday, March 01, 2023" TimeOfDay="19:19:19" ID="8"><Point X="97" Y="110" T="0" /><Point X="97" Y="129" T="0" /><Point X="97" Y="144" T="0" /><Point X="97" Y="155" T="0" /><Point X="97" Y="167" T="0" /><Point X="98" Y="184" T="0" /><Point X="98" Y="198" T="0" /><Point X="98" Y="207" T="0" /><Point X="99" Y="216" T="0" /><Point X="100" Y="226" T="0" /><Point X="102" Y="236" T="0" /><Point X="104" Y="247" T="0" /><Point X="105" Y="255" T="0" /><Point X="106" Y="261" T="0" /><Point X="106" Y="267" T="0" /><Point X="106" Y="270" T="0" /><Point X="106" Y="274" T="0" /><Point X="106" Y="275" T="0" /><Point X="106" Y="278" T="0" /><Point X="106" Y="281" T="0" /><Point X="106" Y="283" T="0" /><Point X="106" Y="285" T="0" /><Point X="106" Y="288" T="0" /><Point X="106" Y="289" T="0" /><Point X="106" Y="291" T="0" /><Point X="106" Y="292" T="0" /><Point X="106" Y="293" T="0" /><Point X="106" Y="294" T="0" /><Point X="107" Y="295" T="0" /><Point X="110" Y="295" T="0" /><Point X="112" Y="295" T="0" /><Point X="115" Y="295" T="0" /><Point X="121" Y="293" T="0" /><Point X="127" Y="290" T="0" /><Point X="135" Y="287" T="0" /><Point X="145" Y="285" T="0" /><Point X="154" Y="283" T="0" /><Point X="163" Y="279" T="0" /><Point X="173" Y="277" T="0" /><Point X="181" Y="276" T="0" /><Point X="191" Y="275" T="0" /><Point X="201" Y="275" T="0" /><Point X="209" Y="273" T="0" /><Point X="216" Y="272" T="0" /><Point X="222" Y="271" T="0" /><Point X="229" Y="271" T="0" /><Point X="235" Y="271" T="0" /><Point X="238" Y="271" T="0" /><Point X="245" Y="271" T="0" /><Point X="250" Y="271" T="0" /><Point X="257" Y="271" T="0" /><Point X="259" Y="271" T="0" /><Point X="264" Y="271" T="0" /><Point X="266" Y="271" T="0" /><Point X="270" Y="271" T="0" /><Point X="272" Y="272" T="0" /><Point X="274" Y="273" T="0" /><Point X="278" Y="273" T="0" /><Point X="279" Y="273" T="0" /><Point X="280" Y="273" T="0" /><Point X="282" Y="273" T="0" /><Point X="283" Y="273" T="0" /><Point X="284" Y="273" T="0" /><Point X="285" Y="271" T="0" /><Point X="286" Y="271" T="0" /><Point X="286" Y="269" T="0" /><Point X="287" Y="267" T="0" /><Point X="288" Y="263" T="0" /><Point X="289" Y="259" T="0" /><Point X="289" Y="254" T="0" /><Point X="289" Y="249" T="0" /><Point X="289" Y="242" T="0" /><Point X="288" Y="234" T="0" /><Point X="287" Y="226" T="0" /><Point X="286" Y="216" T="0" /><Point X="284" Y="205" T="0" /><Point X="282" Y="197" T="0" /><Point X="281" Y="189" T="0" /><Point X="279" Y="182" T="0" /><Point X="278" Y="176" T="0" /><Point X="277" Y="171" T="0" /><Point X="277" Y="167" T="0" /><Point X="277" Y="161" T="0" /><Point X="277" Y="158" T="0" /><Point X="277" Y="154" T="0" /><Point X="277" Y="150" T="0" /><Point X="277" Y="146" T="0" /><Point X="277" Y="143" T="0" /><Point X="277" Y="139" T="0" /><Point X="277" Y="136" T="0" /><Point X="277" Y="133" T="0" /><Point X="277" Y="131" T="0" /><Point X="277" Y="129" T="0" /><Point X="277" Y="127" T="0" /><Point X="277" Y="126" T="0" /><Point X="277" Y="125" T="0" /><Point X="277" Y="124" T="0" /><Point X="277" Y="123" T="0" /><Point X="276" Y="123" T="0" /><Point X="275" Y="122" T="0" /><Point X="274" Y="121" T="0" /><Point X="274" Y="119" T="0" /><Point X="270" Y="118" T="0" /><Point X="268" Y="116" T="0" /><Point X="265" Y="115" T="0" /><Point X="260" Y="112" T="0" /><Point X="255" Y="109" T="0" /><Point X="250" Y="107" T="0" /><Point X="246" Y="106" T="0" /><Point X="241" Y="103" T="0" /><Point X="234" Y="101" T="0" /><Point X="226" Y="99" T="0" /><Point X="217" Y="99" T="0" /><Point X="208" Y="98" T="0" /><Point X="198" Y="98" T="0" /><Point X="190" Y="98" T="0" /><Point X="183" Y="98" T="0" /><Point X="175" Y="98" T="0" /><Point X="167" Y="98" T="0" /><Point X="159" Y="98" T="0" /><Point X="153" Y="98" T="0" /><Point X="147" Y="98" T="0" /><Point X="141" Y="98" T="0" /><Point X="136" Y="98" T="0" /><Point X="130" Y="97" T="0" /><Point X="122" Y="95" T="0" /><Point X="118" Y="95" T="0" /><Point X="112" Y="93" T="0" /><Point X="110" Y="92" T="0" /><Point X="106" Y="92" T="0" /><Point X="105" Y="92" T="0" /><Point X="104" Y="92" T="0" /><Point X="102" Y="91" T="0" /><Point X="98" Y="91" T="0" /><Point X="97" Y="91" T="0" /><Point X="96" Y="91" T="0" /><Point X="95" Y="91" T="0" /><Point X="94" Y="91" T="0" /><Point X="93" Y="91" T="0" /><Point X="92" Y="91" T="0" /><Point X="91" Y="91" T="0" /><Point X="90" Y="91" T="0" /></Gesture>