<Gesture Name="rectangle" Subject="1" Number="1" NumPts="158" Millseconds="0" AppName="Gestures" AppVer="1.0" Date="Wednesday, March 01, 2023" TimeOfDay="19:14:23" ID="2"><Point X="114" Y="157" T="0" /><Point X="111" Y="164" T="0" /><Point X="110" Y="169" T="0" /><Point X="106" Y="174" T="0" /><Point X="105" Y="177" T="0" /><Point X="103" Y="183" T="0" /><Point X="102" Y="187" T="0" /><Point X="98" Y="193" T="0" /><Point X="98" Y="200" T="0" /><Point X="97" Y="204" T="0" /><Point X="95" Y="210" T="0" /><Point X="94" Y="213" T="0" /><Point X="94" Y="216" T="0" /><Point X="94" Y="218" T="0" /><Point X="93" Y="219" T="0" /><Point X="92" Y="221" T="0" /><Point X="92" Y="223" T="0" /><Point X="92" Y="224" T="0" /><Point X="92" Y="225" T="0" /><Point X="92" Y="226" T="0" /><Point X="92" Y="227" T="0" /><Point X="92" Y="229" T="0" /><Point X="92" Y="231" T="0" /><Point X="92" Y="233" T="0" /><Point X="92" Y="235" T="0" /><Point X="92" Y="236" T="0" /><Point X="92" Y="238" T="0" /><Point X="92" Y="239" T="0" /><Point X="92" Y="240" T="0" /><Point X="92" Y="241" T="0" /><Point X="92" Y="243" T="0" /><Point X="92" Y="244" T="0" /><Point X="92" Y="245" T="0" /><Point X="92" Y="246" T="0" /><Point X="92" Y="248" T="0" /><Point X="92" Y="250" T="0" /><Point X="94" Y="251" T="0" /><Point X="96" Y="252" T="0" /><Point X="100" Y="254" T="0" /><Point X="105" Y="257" T="0" /><Point X="110" Y="258" T="0" /><Point X="118" Y="259" T="0" /><Point X="124" Y="259" T="0" /><Point X="132" Y="259" T="0" /><Point X="144" Y="259" T="0" /><Point X="154" Y="259" T="0" /><Point X="164" Y="259" T="0" /><Point X="174" Y="259" T="0" /><Point X="183" Y="258" T="0" /><Point X="194" Y="256" T="0" /><Point X="205" Y="255" T="0" /><Point X="214" Y="255" T="0" /><Point X="223" Y="255" T="0" /><Point X="230" Y="255" T="0" /><Point X="238" Y="255" T="0" /><Point X="247" Y="255" T="0" /><Point X="255" Y="255" T="0" /><Point X="261" Y="255" T="0" /><Point X="266" Y="255" T="0" /><Point X="270" Y="256" T="0" /><Point X="273" Y="256" T="0" /><Point X="275" Y="256" T="0" /><Point X="278" Y="257" T="0" /><Point X="281" Y="257" T="0" /><Point X="284" Y="257" T="0" /><Point X="288" Y="257" T="0" /><Point X="290" Y="257" T="0" /><Point X="292" Y="257" T="0" /><Point X="294" Y="257" T="0" /><Point X="295" Y="257" T="0" /><Point X="296" Y="257" T="0" /><Point X="297" Y="257" T="0" /><Point X="298" Y="257" T="0" /><Point X="299" Y="257" T="0" /><Point X="300" Y="257" T="0" /><Point X="302" Y="252" T="0" /><Point X="304" Y="245" T="0" /><Point X="304" Y="241" T="0" /><Point X="304" Y="234" T="0" /><Point X="304" Y="228" T="0" /><Point X="302" Y="220" T="0" /><Point X="301" Y="211" T="0" /><Point X="298" Y="199" T="0" /><Point X="296" Y="193" T="0" /><Point X="295" Y="188" T="0" /><Point X="294" Y="184" T="0" /><Point X="294" Y="183" T="0" /><Point X="293" Y="181" T="0" /><Point X="292" Y="180" T="0" /><Point X="292" Y="179" T="0" /><Point X="290" Y="179" T="0" /><Point X="290" Y="176" T="0" /><Point X="290" Y="174" T="0" /><Point X="289" Y="171" T="0" /><Point X="289" Y="169" T="0" /><Point X="287" Y="163" T="0" /><Point X="287" Y="159" T="0" /><Point X="287" Y="157" T="0" /><Point X="287" Y="155" T="0" /><Point X="287" Y="153" T="0" /><Point X="287" Y="152" T="0" /><Point X="287" Y="151" T="0" /><Point X="286" Y="151" T="0" /><Point X="285" Y="151" T="0" /><Point X="284" Y="151" T="0" /><Point X="283" Y="150" T="0" /><Point X="282" Y="149" T="0" /><Point X="282" Y="148" T="0" /><Point X="280" Y="147" T="0" /><Point X="278" Y="147" T="0" /><Point X="274" Y="146" T="0" /><Point X="267" Y="145" T="0" /><Point X="262" Y="144" T="0" /><Point X="254" Y="143" T="0" /><Point X="249" Y="143" T="0" /><Point X="238" Y="140" T="0" /><Point X="225" Y="139" T="0" /><Point X="213" Y="139" T="0" /><Point X="204" Y="139" T="0" /><Point X="198" Y="139" T="0" /><Point X="191" Y="138" T="0" /><Point X="183" Y="138" T="0" /><Point X="178" Y="137" T="0" /><Point X="171" Y="137" T="0" /><Point X="164" Y="137" T="0" /><Point X="160" Y="137" T="0" /><Point X="156" Y="137" T="0" /><Point X="153" Y="137" T="0" /><Point X="151" Y="137" T="0" /><Point X="148" Y="137" T="0" /><Point X="146" Y="137" T="0" /><Point X="145" Y="137" T="0" /><Point X="142" Y="137" T="0" /><Point X="140" Y="137" T="0" /><Point X="139" Y="137" T="0" /><Point X="137" Y="137" T="0" /><Point X="134" Y="137" T="0" /><Point X="132" Y="137" T="0" /><Point X="131" Y="137" T="0" /><Point X="129" Y="137" T="0" /><Point X="127" Y="137" T="0" /><Point X="126" Y="137" T="0" /><Point X="125" Y="137" T="0" /><Point X="124" Y="137" T="0" /><Point X="123" Y="137" T="0" /><Point X="122" Y="137" T="0" /><Point X="121" Y="137" T="0" /><Point X="120" Y="137" T="0" /><Point X="119" Y="138" T="0" /><Point X="118" Y="139" T="0" /><Point X="117" Y="140" T="0" /><Point X="116" Y="140" T="0" /><Point X="116" Y="141" T="0" /><Point X="115" Y="142" T="0" /><Point X="114" Y="142" T="0" /><Point X="114" Y="143" T="0" /><Point X="113" Y="143" T="0" /><Point X="112" Y="143" T="0" /></Gesture>