<Gesture Name="rectangle" Subject="1" Number="1" NumPts="122" Millseconds="0" AppName="Gestures" AppVer="1.0" Date="Wednesday, March 01, 2023" TimeOfDay="19:16:58" ID="5"><Point X="127" Y="127" T="0" /><Point X="127" Y="137" T="0" /><Point X="127" Y="145" T="0" /><Point X="128" Y="152" T="0" /><Point X="129" Y="158" T="0" /><Point X="129" Y="162" T="0" /><Point X="130" Y="164" T="0" /><Point X="130" Y="167" T="0" /><Point X="130" Y="169" T="0" /><Point X="130" Y="171" T="0" /><Point X="130" Y="172" T="0" /><Point X="130" Y="173" T="0" /><Point X="130" Y="175" T="0" /><Point X="130" Y="176" T="0" /><Point X="130" Y="177" T="0" /><Point X="130" Y="178" T="0" /><Point X="130" Y="179" T="0" /><Point X="131" Y="180" T="0" /><Point X="132" Y="182" T="0" /><Point X="133" Y="183" T="0" /><Point X="133" Y="185" T="0" /><Point X="134" Y="188" T="0" /><Point X="134" Y="191" T="0" /><Point X="135" Y="194" T="0" /><Point X="136" Y="197" T="0" /><Point X="138" Y="198" T="0" /><Point X="138" Y="199" T="0" /><Point X="139" Y="201" T="0" /><Point X="140" Y="203" T="0" /><Point X="141" Y="204" T="0" /><Point X="141" Y="205" T="0" /><Point X="142" Y="206" T="0" /><Point X="142" Y="207" T="0" /><Point X="144" Y="209" T="0" /><Point X="146" Y="211" T="0" /><Point X="148" Y="212" T="0" /><Point X="150" Y="213" T="0" /><Point X="155" Y="214" T="0" /><Point X="162" Y="215" T="0" /><Point X="169" Y="216" T="0" /><Point X="178" Y="218" T="0" /><Point X="188" Y="218" T="0" /><Point X="197" Y="218" T="0" /><Point X="206" Y="218" T="0" /><Point X="218" Y="218" T="0" /><Point X="228" Y="218" T="0" /><Point X="237" Y="218" T="0" /><Point X="244" Y="218" T="0" /><Point X="250" Y="218" T="0" /><Point X="256" Y="218" T="0" /><Point X="260" Y="218" T="0" /><Point X="266" Y="218" T="0" /><Point X="271" Y="218" T="0" /><Point X="276" Y="218" T="0" /><Point X="279" Y="218" T="0" /><Point X="283" Y="218" T="0" /><Point X="286" Y="218" T="0" /><Point X="287" Y="218" T="0" /><Point X="290" Y="218" T="0" /><Point X="292" Y="218" T="0" /><Point X="293" Y="218" T="0" /><Point X="294" Y="218" T="0" /><Point X="295" Y="218" T="0" /><Point X="296" Y="218" T="0" /><Point X="297" Y="218" T="0" /><Point X="298" Y="218" T="0" /><Point X="298" Y="217" T="0" /><Point X="298" Y="215" T="0" /><Point X="298" Y="212" T="0" /><Point X="298" Y="206" T="0" /><Point X="298" Y="197" T="0" /><Point X="298" Y="188" T="0" /><Point X="296" Y="183" T="0" /><Point X="293" Y="175" T="0" /><Point X="291" Y="167" T="0" /><Point X="289" Y="159" T="0" /><Point X="287" Y="152" T="0" /><Point X="286" Y="147" T="0" /><Point X="286" Y="144" T="0" /><Point X="285" Y="141" T="0" /><Point X="283" Y="139" T="0" /><Point X="282" Y="137" T="0" /><Point X="282" Y="134" T="0" /><Point X="281" Y="132" T="0" /><Point X="281" Y="131" T="0" /><Point X="280" Y="130" T="0" /><Point X="279" Y="128" T="0" /><Point X="279" Y="126" T="0" /><Point X="279" Y="125" T="0" /><Point X="279" Y="124" T="0" /><Point X="278" Y="124" T="0" /><Point X="277" Y="124" T="0" /><Point X="276" Y="124" T="0" /><Point X="275" Y="124" T="0" /><Point X="274" Y="124" T="0" /><Point X="271" Y="124" T="0" /><Point X="266" Y="124" T="0" /><Point X="257" Y="124" T="0" /><Point X="246" Y="124" T="0" /><Point X="234" Y="124" T="0" /><Point X="222" Y="124" T="0" /><Point X="210" Y="124" T="0" /><Point X="200" Y="124" T="0" /><Point X="191" Y="124" T="0" /><Point X="184" Y="124" T="0" /><Point X="178" Y="124" T="0" /><Point X="174" Y="124" T="0" /><Point X="169" Y="123" T="0" /><Point X="162" Y="122" T="0" /><Point X="155" Y="121" T="0" /><Point X="148" Y="119" T="0" /><Point X="142" Y="118" T="0" /><Point X="136" Y="117" T="0" /><Point X="133" Y="116" T="0" /><Point X="130" Y="116" T="0" /><Point X="128" Y="116" T="0" /><Point X="127" Y="116" T="0" /><Point X="126" Y="116" T="0" /><Point X="125" Y="116" T="0" /><Point X="124" Y="116" T="0" /><Point X="123" Y="116" T="0" /><Point X="122" Y="116" T="0" /></Gesture>