<Gesture Name="rectangle" Subject="1" Number="1" NumPts="133" Millseconds="0" AppName="Gestures" AppVer="1.0" Date="Wednesday, March 01, 2023" TimeOfDay="19:21:31" ID="10"><Point X="134" Y="143" T="0" /><Point X="134" Y="151" T="0" /><Point X="134" Y="159" T="0" /><Point X="134" Y="164" T="0" /><Point X="134" Y="171" T="0" /><Point X="135" Y="178" T="0" /><Point X="135" Y="183" T="0" /><Point X="135" Y="188" T="0" /><Point X="135" Y="191" T="0" /><Point X="135" Y="195" T="0" /><Point X="136" Y="199" T="0" /><Point X="136" Y="201" T="0" /><Point X="136" Y="203" T="0" /><Point X="137" Y="206" T="0" /><Point X="137" Y="207" T="0" /><Point X="138" Y="209" T="0" /><Point X="138" Y="211" T="0" /><Point X="139" Y="212" T="0" /><Point X="140" Y="215" T="0" /><Point X="141" Y="217" T="0" /><Point X="142" Y="219" T="0" /><Point X="142" Y="220" T="0" /><Point X="143" Y="222" T="0" /><Point X="144" Y="223" T="0" /><Point X="144" Y="224" T="0" /><Point X="145" Y="225" T="0" /><Point X="147" Y="226" T="0" /><Point X="149" Y="227" T="0" /><Point X="151" Y="227" T="0" /><Point X="155" Y="228" T="0" /><Point X="160" Y="229" T="0" /><Point X="164" Y="229" T="0" /><Point X="168" Y="229" T="0" /><Point X="176" Y="229" T="0" /><Point X="186" Y="229" T="0" /><Point X="198" Y="229" T="0" /><Point X="208" Y="229" T="0" /><Point X="218" Y="229" T="0" /><Point X="230" Y="228" T="0" /><Point X="243" Y="226" T="0" /><Point X="256" Y="224" T="0" /><Point X="266" Y="223" T="0" /><Point X="275" Y="223" T="0" /><Point X="283" Y="221" T="0" /><Point X="290" Y="221" T="0" /><Point X="297" Y="221" T="0" /><Point X="303" Y="221" T="0" /><Point X="309" Y="221" T="0" /><Point X="314" Y="221" T="0" /><Point X="316" Y="221" T="0" /><Point X="319" Y="221" T="0" /><Point X="321" Y="221" T="0" /><Point X="322" Y="221" T="0" /><Point X="323" Y="221" T="0" /><Point X="323" Y="220" T="0" /><Point X="323" Y="219" T="0" /><Point X="322" Y="215" T="0" /><Point X="320" Y="210" T="0" /><Point X="318" Y="202" T="0" /><Point X="315" Y="195" T="0" /><Point X="313" Y="187" T="0" /><Point X="310" Y="179" T="0" /><Point X="308" Y="173" T="0" /><Point X="306" Y="170" T="0" /><Point X="306" Y="168" T="0" /><Point X="305" Y="163" T="0" /><Point X="304" Y="159" T="0" /><Point X="303" Y="156" T="0" /><Point X="302" Y="151" T="0" /><Point X="302" Y="144" T="0" /><Point X="302" Y="139" T="0" /><Point X="302" Y="137" T="0" /><Point X="302" Y="135" T="0" /><Point X="302" Y="134" T="0" /><Point X="302" Y="133" T="0" /><Point X="302" Y="132" T="0" /><Point X="301" Y="132" T="0" /><Point X="300" Y="132" T="0" /><Point X="299" Y="132" T="0" /><Point X="298" Y="132" T="0" /><Point X="296" Y="132" T="0" /><Point X="294" Y="131" T="0" /><Point X="290" Y="130" T="0" /><Point X="284" Y="128" T="0" /><Point X="276" Y="127" T="0" /><Point X="269" Y="127" T="0" /><Point X="263" Y="127" T="0" /><Point X="258" Y="127" T="0" /><Point X="253" Y="127" T="0" /><Point X="249" Y="127" T="0" /><Point X="242" Y="126" T="0" /><Point X="236" Y="126" T="0" /><Point X="230" Y="126" T="0" /><Point X="222" Y="126" T="0" /><Point X="218" Y="126" T="0" /><Point X="212" Y="126" T="0" /><Point X="206" Y="126" T="0" /><Point X="202" Y="126" T="0" /><Point X="197" Y="127" T="0" /><Point X="191" Y="127" T="0" /><Point X="184" Y="128" T="0" /><Point X="180" Y="128" T="0" /><Point X="174" Y="128" T="0" /><Point X="169" Y="128" T="0" /><Point X="166" Y="128" T="0" /><Point X="164" Y="128" T="0" /><Point X="161" Y="128" T="0" /><Point X="158" Y="128" T="0" /><Point X="157" Y="128" T="0" /><Point X="154" Y="128" T="0" /><Point X="151" Y="128" T="0" /><Point X="150" Y="128" T="0" /><Point X="149" Y="128" T="0" /><Point X="148" Y="128" T="0" /><Point X="147" Y="128" T="0" /><Point X="146" Y="128" T="0" /><Point X="146" Y="130" T="0" /><Point X="145" Y="130" T="0" /><Point X="144" Y="130" T="0" /><Point X="143" Y="130" T="0" /><Point X="142" Y="130" T="0" /><Point X="142" Y="131" T="0" /><Point X="141" Y="131" T="0" /><Point X="139" Y="131" T="0" /><Point X="138" Y="131" T="0" /><Point X="138" Y="132" T="0" /><Point X="137" Y="132" T="0" /><Point X="136" Y="133" T="0" /><Point X="135" Y="133" T="0" /><Point X="134" Y="133" T="0" /><Point X="133" Y="133" T="0" /><Point X="132" Y="133" T="0" /><Point X="130" Y="133" T="0" /></Gesture>