<Gesture Name="right-square-bracket" Subject="1" Number="1" NumPts="69" Millseconds="0" AppName="Gestures" AppVer="1.0" Date="Wednesday, March 01, 2023" TimeOfDay="19:21:48" ID="10"><Point X="231" Y="112" T="0" /><Point X="246" Y="110" T="0" /><Point X="255" Y="107" T="0" /><Point X="265" Y="107" T="0" /><Point X="272" Y="106" T="0" /><Point X="282" Y="103" T="0" /><Point X="291" Y="103" T="0" /><Point X="298" Y="101" T="0" /><Point X="302" Y="100" T="0" /><Point X="308" Y="99" T="0" /><Point X="310" Y="99" T="0" /><Point X="313" Y="99" T="0" /><Point X="314" Y="99" T="0" /><Point X="315" Y="99" T="0" /><Point X="316" Y="99" T="0" /><Point X="317" Y="99" T="0" /><Point X="317" Y="100" T="0" /><Point X="317" Y="101" T="0" /><Point X="317" Y="103" T="0" /><Point X="317" Y="104" T="0" /><Point X="317" Y="106" T="0" /><Point X="318" Y="111" T="0" /><Point X="318" Y="122" T="0" /><Point X="318" Y="133" T="0" /><Point X="318" Y="142" T="0" /><Point X="318" Y="151" T="0" /><Point X="318" Y="160" T="0" /><Point X="318" Y="172" T="0" /><Point X="318" Y="184" T="0" /><Point X="317" Y="194" T="0" /><Point X="317" Y="199" T="0" /><Point X="317" Y="206" T="0" /><Point X="317" Y="213" T="0" /><Point X="317" Y="218" T="0" /><Point X="317" Y="227" T="0" /><Point X="317" Y="237" T="0" /><Point X="317" Y="245" T="0" /><Point X="318" Y="251" T="0" /><Point X="319" Y="256" T="0" /><Point X="320" Y="262" T="0" /><Point X="321" Y="267" T="0" /><Point X="322" Y="275" T="0" /><Point X="322" Y="281" T="0" /><Point X="322" Y="284" T="0" /><Point X="322" Y="286" T="0" /><Point X="322" Y="288" T="0" /><Point X="322" Y="290" T="0" /><Point X="322" Y="291" T="0" /><Point X="322" Y="292" T="0" /><Point X="322" Y="293" T="0" /><Point X="322" Y="295" T="0" /><Point X="318" Y="296" T="0" /><Point X="314" Y="296" T="0" /><Point X="306" Y="296" T="0" /><Point X="298" Y="296" T="0" /><Point X="290" Y="296" T="0" /><Point X="279" Y="296" T="0" /><Point X="267" Y="295" T="0" /><Point X="257" Y="294" T="0" /><Point X="247" Y="291" T="0" /><Point X="242" Y="291" T="0" /><Point X="238" Y="291" T="0" /><Point X="234" Y="291" T="0" /><Point X="233" Y="291" T="0" /><Point X="230" Y="291" T="0" /><Point X="229" Y="291" T="0" /><Point X="228" Y="291" T="0" /><Point X="227" Y="291" T="0" /><Point X="226" Y="291" T="0" /></Gesture>