<Gesture Name="right-curly-brace" Subject="1" Number="1" NumPts="111" Millseconds="0" AppName="Gestures" AppVer="1.0" Date="Wednesday, March 01, 2023" TimeOfDay="19:18:12" ID="6"><Point X="254" Y="89" T="0" /><Point X="259" Y="91" T="0" /><Point X="262" Y="92" T="0" /><Point X="265" Y="93" T="0" /><Point X="268" Y="97" T="0" /><Point X="270" Y="99" T="0" /><Point X="272" Y="101" T="0" /><Point X="274" Y="106" T="0" /><Point X="276" Y="111" T="0" /><Point X="278" Y="117" T="0" /><Point X="280" Y="120" T="0" /><Point X="281" Y="125" T="0" /><Point X="282" Y="128" T="0" /><Point X="282" Y="131" T="0" /><Point X="284" Y="133" T="0" /><Point X="284" Y="136" T="0" /><Point X="284" Y="140" T="0" /><Point X="284" Y="144" T="0" /><Point X="284" Y="151" T="0" /><Point X="284" Y="158" T="0" /><Point X="282" Y="163" T="0" /><Point X="282" Y="169" T="0" /><Point X="280" Y="175" T="0" /><Point X="278" Y="182" T="0" /><Point X="276" Y="189" T="0" /><Point X="274" Y="195" T="0" /><Point X="270" Y="200" T="0" /><Point X="270" Y="203" T="0" /><Point X="268" Y="208" T="0" /><Point X="267" Y="211" T="0" /><Point X="266" Y="212" T="0" /><Point X="266" Y="214" T="0" /><Point X="266" Y="215" T="0" /><Point X="266" Y="216" T="0" /><Point X="266" Y="219" T="0" /><Point X="266" Y="222" T="0" /><Point X="266" Y="224" T="0" /><Point X="267" Y="226" T="0" /><Point X="268" Y="229" T="0" /><Point X="270" Y="231" T="0" /><Point X="270" Y="232" T="0" /><Point X="273" Y="234" T="0" /><Point X="274" Y="235" T="0" /><Point X="276" Y="236" T="0" /><Point X="277" Y="237" T="0" /><Point X="280" Y="238" T="0" /><Point X="282" Y="238" T="0" /><Point X="285" Y="238" T="0" /><Point X="287" Y="238" T="0" /><Point X="290" Y="238" T="0" /><Point X="293" Y="237" T="0" /><Point X="296" Y="235" T="0" /><Point X="298" Y="233" T="0" /><Point X="301" Y="231" T="0" /><Point X="302" Y="229" T="0" /><Point X="305" Y="226" T="0" /><Point X="306" Y="223" T="0" /><Point X="306" Y="221" T="0" /><Point X="307" Y="219" T="0" /><Point X="307" Y="218" T="0" /><Point X="307" Y="217" T="0" /><Point X="307" Y="216" T="0" /><Point X="307" Y="215" T="0" /><Point X="306" Y="215" T="0" /><Point X="304" Y="215" T="0" /><Point X="302" Y="216" T="0" /><Point X="300" Y="218" T="0" /><Point X="298" Y="220" T="0" /><Point X="296" Y="222" T="0" /><Point X="295" Y="223" T="0" /><Point X="294" Y="224" T="0" /><Point X="292" Y="227" T="0" /><Point X="291" Y="230" T="0" /><Point X="290" Y="232" T="0" /><Point X="290" Y="236" T="0" /><Point X="288" Y="241" T="0" /><Point X="288" Y="247" T="0" /><Point X="288" Y="254" T="0" /><Point X="288" Y="259" T="0" /><Point X="289" Y="267" T="0" /><Point X="290" Y="276" T="0" /><Point X="290" Y="285" T="0" /><Point X="290" Y="296" T="0" /><Point X="290" Y="305" T="0" /><Point X="290" Y="311" T="0" /><Point X="290" Y="318" T="0" /><Point X="290" Y="320" T="0" /><Point X="290" Y="324" T="0" /><Point X="290" Y="327" T="0" /><Point X="289" Y="328" T="0" /><Point X="289" Y="329" T="0" /><Point X="289" Y="331" T="0" /><Point X="288" Y="331" T="0" /><Point X="287" Y="332" T="0" /><Point X="287" Y="333" T="0" /><Point X="286" Y="333" T="0" /><Point X="285" Y="333" T="0" /><Point X="281" Y="333" T="0" /><Point X="278" Y="333" T="0" /><Point X="271" Y="333" T="0" /><Point X="268" Y="333" T="0" /><Point X="266" Y="333" T="0" /><Point X="263" Y="333" T="0" /><Point X="260" Y="333" T="0" /><Point X="258" Y="333" T="0" /><Point X="257" Y="333" T="0" /><Point X="256" Y="333" T="0" /><Point X="255" Y="333" T="0" /><Point X="254" Y="333" T="0" /><Point X="253" Y="333" T="0" /><Point X="252" Y="333" T="0" /></Gesture>