<Gesture Name="right-square-bracket" Subject="1" Number="1" NumPts="71" Millseconds="0" AppName="Gestures" AppVer="1.0" Date="Wednesday, March 01, 2023" TimeOfDay="19:16:28" ID="4"><Point X="208" Y="120" T="0" /><Point X="218" Y="119" T="0" /><Point X="230" Y="119" T="0" /><Point X="245" Y="119" T="0" /><Point X="257" Y="119" T="0" /><Point X="266" Y="119" T="0" /><Point X="275" Y="119" T="0" /><Point X="284" Y="119" T="0" /><Point X="290" Y="120" T="0" /><Point X="299" Y="122" T="0" /><Point X="306" Y="123" T="0" /><Point X="310" Y="123" T="0" /><Point X="316" Y="124" T="0" /><Point X="318" Y="125" T="0" /><Point X="322" Y="126" T="0" /><Point X="324" Y="127" T="0" /><Point X="326" Y="127" T="0" /><Point X="328" Y="127" T="0" /><Point X="328" Y="128" T="0" /><Point X="328" Y="129" T="0" /><Point X="328" Y="130" T="0" /><Point X="328" Y="131" T="0" /><Point X="328" Y="133" T="0" /><Point X="327" Y="136" T="0" /><Point X="326" Y="140" T="0" /><Point X="324" Y="147" T="0" /><Point X="322" Y="155" T="0" /><Point X="320" Y="160" T="0" /><Point X="316" Y="170" T="0" /><Point X="313" Y="181" T="0" /><Point X="310" Y="191" T="0" /><Point X="307" Y="203" T="0" /><Point X="304" Y="212" T="0" /><Point X="303" Y="219" T="0" /><Point X="302" Y="227" T="0" /><Point X="301" Y="236" T="0" /><Point X="300" Y="247" T="0" /><Point X="300" Y="258" T="0" /><Point X="300" Y="267" T="0" /><Point X="300" Y="274" T="0" /><Point X="300" Y="279" T="0" /><Point X="301" Y="289" T="0" /><Point X="302" Y="297" T="0" /><Point X="302" Y="305" T="0" /><Point X="302" Y="312" T="0" /><Point X="302" Y="316" T="0" /><Point X="302" Y="320" T="0" /><Point X="302" Y="322" T="0" /><Point X="302" Y="323" T="0" /><Point X="302" Y="324" T="0" /><Point X="302" Y="325" T="0" /><Point X="302" Y="327" T="0" /><Point X="302" Y="328" T="0" /><Point X="300" Y="328" T="0" /><Point X="296" Y="328" T="0" /><Point X="286" Y="328" T="0" /><Point X="274" Y="327" T="0" /><Point X="262" Y="326" T="0" /><Point X="250" Y="323" T="0" /><Point X="234" Y="319" T="0" /><Point X="212" Y="315" T="0" /><Point X="200" Y="311" T="0" /><Point X="191" Y="308" T="0" /><Point X="187" Y="307" T="0" /><Point X="184" Y="307" T="0" /><Point X="183" Y="307" T="0" /><Point X="182" Y="307" T="0" /><Point X="181" Y="307" T="0" /><Point X="180" Y="307" T="0" /><Point X="179" Y="307" T="0" /><Point X="178" Y="307" T="0" /></Gesture>