<Gesture Name="right-curly-brace" Subject="1" Number="1" NumPts="91" Millseconds="0" AppName="Gestures" AppVer="1.0" Date="Wednesday, March 01, 2023" TimeOfDay="19:22:05" ID="10"><Point X="226" Y="123" T="0" /><Point X="228" Y="126" T="0" /><Point X="230" Y="131" T="0" /><Point X="230" Y="133" T="0" /><Point X="231" Y="135" T="0" /><Point X="232" Y="139" T="0" /><Point X="234" Y="141" T="0" /><Point X="234" Y="145" T="0" /><Point X="235" Y="148" T="0" /><Point X="236" Y="154" T="0" /><Point X="237" Y="159" T="0" /><Point X="238" Y="164" T="0" /><Point X="239" Y="168" T="0" /><Point X="239" Y="174" T="0" /><Point X="239" Y="177" T="0" /><Point X="239" Y="181" T="0" /><Point X="239" Y="184" T="0" /><Point X="238" Y="188" T="0" /><Point X="238" Y="191" T="0" /><Point X="236" Y="195" T="0" /><Point X="235" Y="200" T="0" /><Point X="234" Y="206" T="0" /><Point X="234" Y="210" T="0" /><Point X="234" Y="215" T="0" /><Point X="234" Y="218" T="0" /><Point X="234" Y="222" T="0" /><Point X="234" Y="225" T="0" /><Point X="234" Y="227" T="0" /><Point X="235" Y="231" T="0" /><Point X="237" Y="231" T="0" /><Point X="239" Y="234" T="0" /><Point X="242" Y="237" T="0" /><Point X="246" Y="240" T="0" /><Point X="252" Y="242" T="0" /><Point X="255" Y="244" T="0" /><Point X="258" Y="245" T="0" /><Point X="262" Y="246" T="0" /><Point X="265" Y="246" T="0" /><Point X="268" Y="246" T="0" /><Point X="270" Y="246" T="0" /><Point X="272" Y="246" T="0" /><Point X="274" Y="246" T="0" /><Point X="275" Y="246" T="0" /><Point X="276" Y="245" T="0" /><Point X="277" Y="244" T="0" /><Point X="278" Y="243" T="0" /><Point X="279" Y="242" T="0" /><Point X="279" Y="240" T="0" /><Point X="279" Y="239" T="0" /><Point X="279" Y="238" T="0" /><Point X="279" Y="237" T="0" /><Point X="278" Y="237" T="0" /><Point X="277" Y="237" T="0" /><Point X="275" Y="237" T="0" /><Point X="274" Y="237" T="0" /><Point X="272" Y="238" T="0" /><Point X="270" Y="239" T="0" /><Point X="270" Y="241" T="0" /><Point X="267" Y="243" T="0" /><Point X="266" Y="247" T="0" /><Point X="265" Y="251" T="0" /><Point X="264" Y="255" T="0" /><Point X="262" Y="261" T="0" /><Point X="262" Y="265" T="0" /><Point X="261" Y="270" T="0" /><Point X="261" Y="272" T="0" /><Point X="261" Y="276" T="0" /><Point X="261" Y="279" T="0" /><Point X="261" Y="283" T="0" /><Point X="261" Y="287" T="0" /><Point X="261" Y="293" T="0" /><Point X="261" Y="297" T="0" /><Point X="261" Y="303" T="0" /><Point X="261" Y="306" T="0" /><Point X="261" Y="309" T="0" /><Point X="261" Y="310" T="0" /><Point X="261" Y="311" T="0" /><Point X="261" Y="312" T="0" /><Point X="261" Y="313" T="0" /><Point X="259" Y="314" T="0" /><Point X="258" Y="315" T="0" /><Point X="257" Y="316" T="0" /><Point X="254" Y="318" T="0" /><Point X="250" Y="319" T="0" /><Point X="246" Y="319" T="0" /><Point X="242" Y="319" T="0" /><Point X="240" Y="319" T="0" /><Point X="238" Y="319" T="0" /><Point X="234" Y="319" T="0" /><Point X="232" Y="319" T="0" /><Point X="230" Y="319" T="0" /></Gesture>