<Gesture Name="right-square-bracket" Subject="1" Number="1" NumPts="84" Millseconds="0" AppName="Gestures" AppVer="1.0" Date="Wednesday, March 01, 2023" TimeOfDay="19:17:15" ID="5"><Point X="169" Y="146" T="0" /><Point X="173" Y="148" T="0" /><Point X="177" Y="150" T="0" /><Point X="180" Y="152" T="0" /><Point X="185" Y="155" T="0" /><Point X="188" Y="156" T="0" /><Point X="192" Y="158" T="0" /><Point X="196" Y="160" T="0" /><Point X="200" Y="161" T="0" /><Point X="203" Y="162" T="0" /><Point X="206" Y="163" T="0" /><Point X="208" Y="163" T="0" /><Point X="210" Y="164" T="0" /><Point X="212" Y="165" T="0" /><Point X="214" Y="166" T="0" /><Point X="216" Y="166" T="0" /><Point X="218" Y="167" T="0" /><Point X="218" Y="168" T="0" /><Point X="219" Y="169" T="0" /><Point X="220" Y="169" T="0" /><Point X="222" Y="169" T="0" /><Point X="223" Y="169" T="0" /><Point X="224" Y="169" T="0" /><Point X="224" Y="170" T="0" /><Point X="225" Y="170" T="0" /><Point X="225" Y="171" T="0" /><Point X="226" Y="171" T="0" /><Point X="226" Y="172" T="0" /><Point X="228" Y="176" T="0" /><Point X="229" Y="183" T="0" /><Point X="230" Y="191" T="0" /><Point X="230" Y="201" T="0" /><Point X="230" Y="211" T="0" /><Point X="230" Y="223" T="0" /><Point X="228" Y="233" T="0" /><Point X="228" Y="243" T="0" /><Point X="226" Y="249" T="0" /><Point X="226" Y="252" T="0" /><Point X="226" Y="256" T="0" /><Point X="226" Y="259" T="0" /><Point X="226" Y="263" T="0" /><Point X="226" Y="267" T="0" /><Point X="226" Y="273" T="0" /><Point X="226" Y="279" T="0" /><Point X="226" Y="285" T="0" /><Point X="226" Y="292" T="0" /><Point X="226" Y="297" T="0" /><Point X="226" Y="302" T="0" /><Point X="226" Y="303" T="0" /><Point X="226" Y="305" T="0" /><Point X="226" Y="306" T="0" /><Point X="226" Y="307" T="0" /><Point X="226" Y="308" T="0" /><Point X="226" Y="309" T="0" /><Point X="226" Y="310" T="0" /><Point X="226" Y="311" T="0" /><Point X="226" Y="312" T="0" /><Point X="223" Y="312" T="0" /><Point X="219" Y="312" T="0" /><Point X="215" Y="312" T="0" /><Point X="206" Y="312" T="0" /><Point X="199" Y="312" T="0" /><Point X="194" Y="312" T="0" /><Point X="184" Y="312" T="0" /><Point X="174" Y="312" T="0" /><Point X="166" Y="312" T="0" /><Point X="162" Y="312" T="0" /><Point X="157" Y="312" T="0" /><Point X="155" Y="312" T="0" /><Point X="154" Y="312" T="0" /><Point X="153" Y="312" T="0" /><Point X="152" Y="312" T="0" /><Point X="151" Y="312" T="0" /><Point X="150" Y="312" T="0" /><Point X="149" Y="312" T="0" /><Point X="147" Y="312" T="0" /><Point X="145" Y="312" T="0" /><Point X="142" Y="312" T="0" /><Point X="140" Y="312" T="0" /><Point X="138" Y="312" T="0" /><Point X="137" Y="312" T="0" /><Point X="136" Y="312" T="0" /><Point X="135" Y="312" T="0" /><Point X="134" Y="312" T="0" /></Gesture>