<Gesture Name="right-square-bracket" Subject="1" Number="1" NumPts="81" Millseconds="0" AppName="Gestures" AppVer="1.0" Date="Wednesday, March 01, 2023" TimeOfDay="19:14:44" ID="2"><Point X="218" Y="124" T="0" /><Point X="226" Y="124" T="0" /><Point X="232" Y="124" T="0" /><Point X="236" Y="124" T="0" /><Point X="243" Y="124" T="0" /><Point X="250" Y="124" T="0" /><Point X="256" Y="124" T="0" /><Point X="264" Y="124" T="0" /><Point X="271" Y="124" T="0" /><Point X="275" Y="124" T="0" /><Point X="279" Y="124" T="0" /><Point X="282" Y="124" T="0" /><Point X="286" Y="124" T="0" /><Point X="289" Y="124" T="0" /><Point X="290" Y="124" T="0" /><Point X="294" Y="124" T="0" /><Point X="295" Y="124" T="0" /><Point X="296" Y="124" T="0" /><Point X="297" Y="124" T="0" /><Point X="298" Y="124" T="0" /><Point X="298" Y="125" T="0" /><Point X="298" Y="126" T="0" /><Point X="298" Y="127" T="0" /><Point X="298" Y="129" T="0" /><Point X="298" Y="131" T="0" /><Point X="298" Y="135" T="0" /><Point X="298" Y="140" T="0" /><Point X="298" Y="146" T="0" /><Point X="297" Y="151" T="0" /><Point X="297" Y="157" T="0" /><Point X="295" Y="165" T="0" /><Point X="294" Y="176" T="0" /><Point X="294" Y="186" T="0" /><Point X="294" Y="195" T="0" /><Point X="294" Y="200" T="0" /><Point X="294" Y="210" T="0" /><Point X="292" Y="222" T="0" /><Point X="292" Y="235" T="0" /><Point X="291" Y="246" T="0" /><Point X="291" Y="254" T="0" /><Point X="291" Y="260" T="0" /><Point X="291" Y="266" T="0" /><Point X="291" Y="273" T="0" /><Point X="291" Y="279" T="0" /><Point X="291" Y="283" T="0" /><Point X="291" Y="287" T="0" /><Point X="291" Y="290" T="0" /><Point X="291" Y="292" T="0" /><Point X="291" Y="294" T="0" /><Point X="291" Y="295" T="0" /><Point X="291" Y="296" T="0" /><Point X="291" Y="297" T="0" /><Point X="291" Y="298" T="0" /><Point X="291" Y="299" T="0" /><Point X="291" Y="300" T="0" /><Point X="291" Y="301" T="0" /><Point X="291" Y="302" T="0" /><Point X="291" Y="303" T="0" /><Point X="291" Y="304" T="0" /><Point X="291" Y="306" T="0" /><Point X="291" Y="307" T="0" /><Point X="288" Y="307" T="0" /><Point X="281" Y="306" T="0" /><Point X="269" Y="304" T="0" /><Point X="259" Y="303" T="0" /><Point X="251" Y="302" T="0" /><Point X="242" Y="301" T="0" /><Point X="233" Y="299" T="0" /><Point X="226" Y="299" T="0" /><Point X="222" Y="299" T="0" /><Point X="218" Y="299" T="0" /><Point X="215" Y="299" T="0" /><Point X="214" Y="299" T="0" /><Point X="213" Y="299" T="0" /><Point X="211" Y="299" T="0" /><Point X="210" Y="299" T="0" /><Point X="209" Y="299" T="0" /><Point X="208" Y="299" T="0" /><Point X="207" Y="299" T="0" /><Point X="206" Y="299" T="0" /><Point X="205" Y="299" T="0" /></Gesture>