<Gesture Name="right-curly-brace" Subject="1" Number="1" NumPts="125" Millseconds="0" AppName="Gestures" AppVer="1.0" Date="Wednesday, March 01, 2023" TimeOfDay="19:16:41" ID="4"><Point X="203" Y="106" T="0" /><Point X="204" Y="107" T="0" /><Point X="205" Y="109" T="0" /><Point X="206" Y="112" T="0" /><Point X="206" Y="118" T="0" /><Point X="206" Y="123" T="0" /><Point X="206" Y="127" T="0" /><Point X="206" Y="130" T="0" /><Point X="206" Y="132" T="0" /><Point X="206" Y="134" T="0" /><Point X="206" Y="135" T="0" /><Point X="206" Y="136" T="0" /><Point X="206" Y="137" T="0" /><Point X="206" Y="138" T="0" /><Point X="206" Y="139" T="0" /><Point X="206" Y="140" T="0" /><Point X="206" Y="142" T="0" /><Point X="206" Y="146" T="0" /><Point X="206" Y="150" T="0" /><Point X="206" Y="155" T="0" /><Point X="206" Y="159" T="0" /><Point X="206" Y="163" T="0" /><Point X="206" Y="165" T="0" /><Point X="206" Y="166" T="0" /><Point X="206" Y="168" T="0" /><Point X="206" Y="169" T="0" /><Point X="206" Y="170" T="0" /><Point X="206" Y="171" T="0" /><Point X="205" Y="171" T="0" /><Point X="204" Y="175" T="0" /><Point X="203" Y="176" T="0" /><Point X="202" Y="179" T="0" /><Point X="202" Y="180" T="0" /><Point X="202" Y="183" T="0" /><Point X="202" Y="186" T="0" /><Point X="202" Y="187" T="0" /><Point X="202" Y="188" T="0" /><Point X="202" Y="191" T="0" /><Point X="202" Y="193" T="0" /><Point X="202" Y="194" T="0" /><Point X="202" Y="195" T="0" /><Point X="202" Y="197" T="0" /><Point X="202" Y="198" T="0" /><Point X="202" Y="200" T="0" /><Point X="204" Y="202" T="0" /><Point X="206" Y="205" T="0" /><Point X="211" Y="207" T="0" /><Point X="216" Y="211" T="0" /><Point X="222" Y="214" T="0" /><Point X="225" Y="215" T="0" /><Point X="228" Y="216" T="0" /><Point X="230" Y="217" T="0" /><Point X="232" Y="217" T="0" /><Point X="234" Y="217" T="0" /><Point X="235" Y="217" T="0" /><Point X="236" Y="217" T="0" /><Point X="237" Y="217" T="0" /><Point X="238" Y="217" T="0" /><Point X="238" Y="216" T="0" /><Point X="239" Y="215" T="0" /><Point X="241" Y="215" T="0" /><Point X="240" Y="215" T="0" /><Point X="239" Y="215" T="0" /><Point X="238" Y="216" T="0" /><Point X="238" Y="217" T="0" /><Point X="236" Y="218" T="0" /><Point X="234" Y="219" T="0" /><Point X="232" Y="222" T="0" /><Point X="230" Y="223" T="0" /><Point X="230" Y="226" T="0" /><Point X="228" Y="229" T="0" /><Point X="227" Y="230" T="0" /><Point X="226" Y="231" T="0" /><Point X="225" Y="234" T="0" /><Point X="224" Y="237" T="0" /><Point X="223" Y="240" T="0" /><Point X="222" Y="244" T="0" /><Point X="222" Y="247" T="0" /><Point X="222" Y="251" T="0" /><Point X="222" Y="255" T="0" /><Point X="222" Y="257" T="0" /><Point X="222" Y="261" T="0" /><Point X="222" Y="264" T="0" /><Point X="222" Y="267" T="0" /><Point X="222" Y="269" T="0" /><Point X="222" Y="271" T="0" /><Point X="222" Y="273" T="0" /><Point X="222" Y="275" T="0" /><Point X="222" Y="276" T="0" /><Point X="223" Y="278" T="0" /><Point X="224" Y="279" T="0" /><Point X="224" Y="282" T="0" /><Point X="225" Y="284" T="0" /><Point X="226" Y="287" T="0" /><Point X="226" Y="289" T="0" /><Point X="226" Y="291" T="0" /><Point X="226" Y="292" T="0" /><Point X="226" Y="293" T="0" /><Point X="226" Y="295" T="0" /><Point X="226" Y="296" T="0" /><Point X="226" Y="297" T="0" /><Point X="226" Y="298" T="0" /><Point X="226" Y="299" T="0" /><Point X="225" Y="299" T="0" /><Point X="224" Y="300" T="0" /><Point X="224" Y="301" T="0" /><Point X="222" Y="302" T="0" /><Point X="221" Y="303" T="0" /><Point X="218" Y="304" T="0" /><Point X="216" Y="305" T="0" /><Point X="214" Y="306" T="0" /><Point X="210" Y="307" T="0" /><Point X="207" Y="307" T="0" /><Point X="205" Y="307" T="0" /><Point X="202" Y="307" T="0" /><Point X="200" Y="307" T="0" /><Point X="198" Y="307" T="0" /><Point X="197" Y="307" T="0" /><Point X="195" Y="307" T="0" /><Point X="194" Y="307" T="0" /><Point X="193" Y="307" T="0" /><Point X="192" Y="307" T="0" /><Point X="191" Y="307" T="0" /><Point X="190" Y="307" T="0" /><Point X="189" Y="307" T="0" /></Gesture>