<Gesture Name="right-curly-brace" Subject="1" Number="1" NumPts="139" Millseconds="0" AppName="Gestures" AppVer="1.0" Date="Wednesday, March 01, 2023" TimeOfDay="19:19:49" ID="8"><Point X="212" Y="81" T="0" /><Point X="214" Y="81" T="0" /><Point X="217" Y="81" T="0" /><Point X="219" Y="81" T="0" /><Point X="221" Y="82" T="0" /><Point X="224" Y="83" T="0" /><Point X="226" Y="83" T="0" /><Point X="230" Y="84" T="0" /><Point X="233" Y="85" T="0" /><Point X="234" Y="86" T="0" /><Point X="237" Y="87" T="0" /><Point X="240" Y="88" T="0" /><Point X="242" Y="88" T="0" /><Point X="243" Y="89" T="0" /><Point X="243" Y="90" T="0" /><Point X="244" Y="91" T="0" /><Point X="245" Y="92" T="0" /><Point X="246" Y="95" T="0" /><Point X="246" Y="97" T="0" /><Point X="248" Y="100" T="0" /><Point X="249" Y="104" T="0" /><Point X="249" Y="107" T="0" /><Point X="249" Y="111" T="0" /><Point X="249" Y="112" T="0" /><Point X="249" Y="115" T="0" /><Point X="249" Y="118" T="0" /><Point X="249" Y="119" T="0" /><Point X="249" Y="120" T="0" /><Point X="249" Y="121" T="0" /><Point X="249" Y="124" T="0" /><Point X="247" Y="127" T="0" /><Point X="246" Y="131" T="0" /><Point X="246" Y="136" T="0" /><Point X="245" Y="143" T="0" /><Point X="243" Y="149" T="0" /><Point X="242" Y="155" T="0" /><Point X="242" Y="158" T="0" /><Point X="241" Y="162" T="0" /><Point X="240" Y="165" T="0" /><Point X="240" Y="167" T="0" /><Point X="240" Y="170" T="0" /><Point X="240" Y="172" T="0" /><Point X="240" Y="175" T="0" /><Point X="240" Y="178" T="0" /><Point X="240" Y="179" T="0" /><Point X="240" Y="182" T="0" /><Point X="240" Y="184" T="0" /><Point X="241" Y="185" T="0" /><Point X="242" Y="187" T="0" /><Point X="242" Y="188" T="0" /><Point X="242" Y="189" T="0" /><Point X="243" Y="191" T="0" /><Point X="245" Y="193" T="0" /><Point X="247" Y="195" T="0" /><Point X="249" Y="195" T="0" /><Point X="250" Y="196" T="0" /><Point X="251" Y="196" T="0" /><Point X="254" Y="198" T="0" /><Point X="255" Y="199" T="0" /><Point X="256" Y="199" T="0" /><Point X="258" Y="199" T="0" /><Point X="259" Y="199" T="0" /><Point X="260" Y="199" T="0" /><Point X="262" Y="199" T="0" /><Point X="263" Y="199" T="0" /><Point X="264" Y="199" T="0" /><Point X="264" Y="198" T="0" /><Point X="265" Y="198" T="0" /><Point X="266" Y="198" T="0" /><Point X="266" Y="197" T="0" /><Point X="266" Y="195" T="0" /><Point X="269" Y="189" T="0" /><Point X="270" Y="184" T="0" /><Point X="271" Y="183" T="0" /><Point X="272" Y="180" T="0" /><Point X="272" Y="179" T="0" /><Point X="271" Y="179" T="0" /><Point X="270" Y="179" T="0" /><Point X="270" Y="180" T="0" /><Point X="269" Y="182" T="0" /><Point X="266" Y="184" T="0" /><Point X="265" Y="191" T="0" /><Point X="262" Y="197" T="0" /><Point X="262" Y="202" T="0" /><Point X="261" Y="203" T="0" /><Point X="260" Y="207" T="0" /><Point X="259" Y="211" T="0" /><Point X="259" Y="214" T="0" /><Point X="259" Y="218" T="0" /><Point X="259" Y="223" T="0" /><Point X="259" Y="229" T="0" /><Point X="259" Y="235" T="0" /><Point X="259" Y="241" T="0" /><Point X="259" Y="248" T="0" /><Point X="259" Y="253" T="0" /><Point X="259" Y="258" T="0" /><Point X="259" Y="263" T="0" /><Point X="259" Y="268" T="0" /><Point X="259" Y="275" T="0" /><Point X="259" Y="282" T="0" /><Point X="259" Y="287" T="0" /><Point X="259" Y="292" T="0" /><Point X="259" Y="295" T="0" /><Point X="259" Y="299" T="0" /><Point X="259" Y="300" T="0" /><Point X="259" Y="301" T="0" /><Point X="259" Y="303" T="0" /><Point X="259" Y="304" T="0" /><Point X="259" Y="305" T="0" /><Point X="259" Y="306" T="0" /><Point X="259" Y="307" T="0" /><Point X="259" Y="308" T="0" /><Point X="259" Y="309" T="0" /><Point X="259" Y="310" T="0" /><Point X="259" Y="311" T="0" /><Point X="259" Y="314" T="0" /><Point X="259" Y="315" T="0" /><Point X="258" Y="316" T="0" /><Point X="257" Y="319" T="0" /><Point X="254" Y="320" T="0" /><Point X="250" Y="322" T="0" /><Point X="246" Y="323" T="0" /><Point X="242" Y="324" T="0" /><Point X="239" Y="326" T="0" /><Point X="238" Y="327" T="0" /><Point X="236" Y="327" T="0" /><Point X="235" Y="327" T="0" /><Point X="234" Y="327" T="0" /><Point X="231" Y="324" T="0" /><Point X="229" Y="323" T="0" /><Point X="226" Y="321" T="0" /><Point X="224" Y="320" T="0" /><Point X="223" Y="319" T="0" /><Point X="223" Y="318" T="0" /><Point X="222" Y="318" T="0" /><Point X="222" Y="317" T="0" /><Point X="222" Y="316" T="0" /><Point X="221" Y="316" T="0" /><Point X="219" Y="316" T="0" /></Gesture>