<Gesture Name="right-curly-brace" Subject="1" Number="1" NumPts="166" Millseconds="0" AppName="Gestures" AppVer="1.0" Date="Wednesday, March 01, 2023" TimeOfDay="19:15:51" ID="3"><Point X="232" Y="119" T="0" /><Point X="233" Y="119" T="0" /><Point X="234" Y="119" T="0" /><Point X="236" Y="119" T="0" /><Point X="238" Y="119" T="0" /><Point X="239" Y="119" T="0" /><Point X="241" Y="120" T="0" /><Point X="242" Y="121" T="0" /><Point X="243" Y="122" T="0" /><Point X="244" Y="123" T="0" /><Point X="245" Y="123" T="0" /><Point X="246" Y="125" T="0" /><Point X="246" Y="126" T="0" /><Point X="247" Y="127" T="0" /><Point X="248" Y="127" T="0" /><Point X="249" Y="128" T="0" /><Point X="250" Y="130" T="0" /><Point X="250" Y="133" T="0" /><Point X="251" Y="135" T="0" /><Point X="252" Y="137" T="0" /><Point X="253" Y="140" T="0" /><Point X="254" Y="142" T="0" /><Point X="254" Y="143" T="0" /><Point X="254" Y="144" T="0" /><Point X="255" Y="147" T="0" /><Point X="255" Y="149" T="0" /><Point X="255" Y="150" T="0" /><Point X="255" Y="151" T="0" /><Point X="255" Y="153" T="0" /><Point X="255" Y="154" T="0" /><Point X="255" Y="155" T="0" /><Point X="256" Y="158" T="0" /><Point X="256" Y="163" T="0" /><Point X="256" Y="170" T="0" /><Point X="256" Y="175" T="0" /><Point X="255" Y="182" T="0" /><Point X="254" Y="187" T="0" /><Point X="254" Y="191" T="0" /><Point X="253" Y="193" T="0" /><Point X="252" Y="195" T="0" /><Point X="252" Y="197" T="0" /><Point X="252" Y="199" T="0" /><Point X="251" Y="199" T="0" /><Point X="251" Y="200" T="0" /><Point X="251" Y="201" T="0" /><Point X="250" Y="203" T="0" /><Point X="250" Y="205" T="0" /><Point X="250" Y="207" T="0" /><Point X="250" Y="210" T="0" /><Point X="250" Y="213" T="0" /><Point X="250" Y="216" T="0" /><Point X="250" Y="219" T="0" /><Point X="250" Y="221" T="0" /><Point X="250" Y="223" T="0" /><Point X="250" Y="227" T="0" /><Point X="250" Y="229" T="0" /><Point X="250" Y="230" T="0" /><Point X="250" Y="232" T="0" /><Point X="250" Y="233" T="0" /><Point X="250" Y="234" T="0" /><Point X="250" Y="235" T="0" /><Point X="250" Y="236" T="0" /><Point X="250" Y="238" T="0" /><Point X="250" Y="239" T="0" /><Point X="251" Y="239" T="0" /><Point X="252" Y="239" T="0" /><Point X="253" Y="240" T="0" /><Point X="254" Y="240" T="0" /><Point X="255" Y="240" T="0" /><Point X="256" Y="240" T="0" /><Point X="257" Y="240" T="0" /><Point X="258" Y="240" T="0" /><Point X="259" Y="240" T="0" /><Point X="261" Y="240" T="0" /><Point X="262" Y="240" T="0" /><Point X="263" Y="240" T="0" /><Point X="265" Y="240" T="0" /><Point X="267" Y="239" T="0" /><Point X="269" Y="239" T="0" /><Point X="270" Y="238" T="0" /><Point X="270" Y="237" T="0" /><Point X="270" Y="236" T="0" /><Point X="271" Y="236" T="0" /><Point X="272" Y="236" T="0" /><Point X="271" Y="236" T="0" /><Point X="270" Y="237" T="0" /><Point X="269" Y="238" T="0" /><Point X="268" Y="239" T="0" /><Point X="266" Y="240" T="0" /><Point X="265" Y="242" T="0" /><Point X="264" Y="243" T="0" /><Point X="263" Y="243" T="0" /><Point X="262" Y="245" T="0" /><Point X="262" Y="246" T="0" /><Point X="261" Y="246" T="0" /><Point X="261" Y="247" T="0" /><Point X="260" Y="247" T="0" /><Point X="259" Y="248" T="0" /><Point X="258" Y="250" T="0" /><Point X="258" Y="253" T="0" /><Point X="257" Y="255" T="0" /><Point X="256" Y="255" T="0" /><Point X="255" Y="257" T="0" /><Point X="254" Y="260" T="0" /><Point X="254" Y="262" T="0" /><Point X="253" Y="263" T="0" /><Point X="253" Y="264" T="0" /><Point X="252" Y="267" T="0" /><Point X="252" Y="268" T="0" /><Point X="252" Y="270" T="0" /><Point X="252" Y="272" T="0" /><Point X="252" Y="273" T="0" /><Point X="252" Y="275" T="0" /><Point X="252" Y="278" T="0" /><Point X="252" Y="280" T="0" /><Point X="252" Y="283" T="0" /><Point X="252" Y="285" T="0" /><Point X="252" Y="287" T="0" /><Point X="252" Y="289" T="0" /><Point X="252" Y="291" T="0" /><Point X="252" Y="294" T="0" /><Point X="252" Y="295" T="0" /><Point X="252" Y="296" T="0" /><Point X="252" Y="298" T="0" /><Point X="252" Y="299" T="0" /><Point X="252" Y="301" T="0" /><Point X="252" Y="303" T="0" /><Point X="252" Y="305" T="0" /><Point X="252" Y="307" T="0" /><Point X="252" Y="308" T="0" /><Point X="252" Y="310" T="0" /><Point X="252" Y="311" T="0" /><Point X="252" Y="315" T="0" /><Point X="252" Y="317" T="0" /><Point X="252" Y="319" T="0" /><Point X="252" Y="322" T="0" /><Point X="252" Y="324" T="0" /><Point X="252" Y="325" T="0" /><Point X="252" Y="327" T="0" /><Point X="252" Y="330" T="0" /><Point X="252" Y="331" T="0" /><Point X="252" Y="332" T="0" /><Point X="252" Y="334" T="0" /><Point X="252" Y="335" T="0" /><Point X="251" Y="337" T="0" /><Point X="251" Y="338" T="0" /><Point X="251" Y="339" T="0" /><Point X="251" Y="340" T="0" /><Point X="250" Y="342" T="0" /><Point X="250" Y="343" T="0" /><Point X="249" Y="343" T="0" /><Point X="248" Y="343" T="0" /><Point X="247" Y="343" T="0" /><Point X="244" Y="343" T="0" /><Point X="240" Y="343" T="0" /><Point X="238" Y="343" T="0" /><Point X="237" Y="343" T="0" /><Point X="234" Y="343" T="0" /><Point X="233" Y="343" T="0" /><Point X="232" Y="343" T="0" /><Point X="231" Y="343" T="0" /><Point X="230" Y="343" T="0" /><Point X="229" Y="343" T="0" /><Point X="228" Y="343" T="0" /><Point X="227" Y="343" T="0" /><Point X="226" Y="343" T="0" /></Gesture>