<Gesture Name="right-square-bracket" Subject="1" Number="1" NumPts="71" Millseconds="0" AppName="Gestures" AppVer="1.0" Date="Wednesday, March 01, 2023" TimeOfDay="19:18:02" ID="6"><Point X="211" Y="131" T="0" /><Point X="226" Y="129" T="0" /><Point X="254" Y="126" T="0" /><Point X="275" Y="123" T="0" /><Point X="290" Y="120" T="0" /><Point X="302" Y="119" T="0" /><Point X="312" Y="119" T="0" /><Point X="318" Y="119" T="0" /><Point X="322" Y="119" T="0" /><Point X="326" Y="119" T="0" /><Point X="329" Y="119" T="0" /><Point X="331" Y="119" T="0" /><Point X="333" Y="119" T="0" /><Point X="334" Y="119" T="0" /><Point X="336" Y="119" T="0" /><Point X="337" Y="121" T="0" /><Point X="338" Y="121" T="0" /><Point X="338" Y="122" T="0" /><Point X="338" Y="123" T="0" /><Point X="337" Y="125" T="0" /><Point X="334" Y="127" T="0" /><Point X="332" Y="131" T="0" /><Point X="330" Y="135" T="0" /><Point X="326" Y="139" T="0" /><Point X="323" Y="143" T="0" /><Point X="320" Y="148" T="0" /><Point X="316" Y="155" T="0" /><Point X="314" Y="159" T="0" /><Point X="312" Y="164" T="0" /><Point X="310" Y="171" T="0" /><Point X="308" Y="177" T="0" /><Point X="306" Y="184" T="0" /><Point X="303" Y="191" T="0" /><Point X="302" Y="197" T="0" /><Point X="302" Y="207" T="0" /><Point X="300" Y="219" T="0" /><Point X="299" Y="231" T="0" /><Point X="298" Y="241" T="0" /><Point X="296" Y="251" T="0" /><Point X="296" Y="259" T="0" /><Point X="296" Y="264" T="0" /><Point X="296" Y="271" T="0" /><Point X="296" Y="278" T="0" /><Point X="296" Y="283" T="0" /><Point X="296" Y="289" T="0" /><Point X="296" Y="291" T="0" /><Point X="296" Y="295" T="0" /><Point X="296" Y="297" T="0" /><Point X="296" Y="299" T="0" /><Point X="296" Y="301" T="0" /><Point X="296" Y="303" T="0" /><Point X="296" Y="305" T="0" /><Point X="296" Y="306" T="0" /><Point X="296" Y="307" T="0" /><Point X="296" Y="308" T="0" /><Point X="295" Y="309" T="0" /><Point X="295" Y="311" T="0" /><Point X="294" Y="311" T="0" /><Point X="294" Y="312" T="0" /><Point X="294" Y="314" T="0" /><Point X="294" Y="315" T="0" /><Point X="293" Y="315" T="0" /><Point X="292" Y="316" T="0" /><Point X="288" Y="316" T="0" /><Point X="282" Y="316" T="0" /><Point X="274" Y="316" T="0" /><Point X="266" Y="316" T="0" /><Point X="256" Y="316" T="0" /><Point X="245" Y="316" T="0" /><Point X="232" Y="316" T="0" /><Point X="222" Y="317" T="0" /></Gesture>