<Gesture Name="right-curly-brace" Subject="1" Number="1" NumPts="90" Millseconds="0" AppName="Gestures" AppVer="1.0" Date="Wednesday, March 01, 2023" TimeOfDay="19:19:03" ID="7"><Point X="238" Y="98" T="0" /><Point X="239" Y="99" T="0" /><Point X="242" Y="102" T="0" /><Point X="243" Y="107" T="0" /><Point X="245" Y="110" T="0" /><Point X="246" Y="114" T="0" /><Point X="246" Y="117" T="0" /><Point X="246" Y="123" T="0" /><Point X="246" Y="127" T="0" /><Point X="246" Y="133" T="0" /><Point X="246" Y="139" T="0" /><Point X="246" Y="147" T="0" /><Point X="243" Y="154" T="0" /><Point X="242" Y="161" T="0" /><Point X="241" Y="166" T="0" /><Point X="239" Y="170" T="0" /><Point X="238" Y="173" T="0" /><Point X="238" Y="175" T="0" /><Point X="237" Y="179" T="0" /><Point X="236" Y="180" T="0" /><Point X="236" Y="183" T="0" /><Point X="236" Y="186" T="0" /><Point X="236" Y="189" T="0" /><Point X="236" Y="194" T="0" /><Point X="236" Y="198" T="0" /><Point X="236" Y="203" T="0" /><Point X="236" Y="207" T="0" /><Point X="236" Y="211" T="0" /><Point X="237" Y="215" T="0" /><Point X="238" Y="219" T="0" /><Point X="238" Y="223" T="0" /><Point X="242" Y="227" T="0" /><Point X="242" Y="229" T="0" /><Point X="244" Y="231" T="0" /><Point X="246" Y="235" T="0" /><Point X="250" Y="237" T="0" /><Point X="251" Y="239" T="0" /><Point X="254" Y="240" T="0" /><Point X="258" Y="243" T="0" /><Point X="262" Y="243" T="0" /><Point X="266" Y="243" T="0" /><Point X="268" Y="243" T="0" /><Point X="273" Y="243" T="0" /><Point X="274" Y="242" T="0" /><Point X="277" Y="241" T="0" /><Point X="280" Y="239" T="0" /><Point X="282" Y="239" T="0" /><Point X="284" Y="237" T="0" /><Point X="286" Y="235" T="0" /><Point X="287" Y="233" T="0" /><Point X="289" Y="231" T="0" /><Point X="290" Y="231" T="0" /><Point X="290" Y="229" T="0" /><Point X="290" Y="227" T="0" /><Point X="290" Y="226" T="0" /><Point X="287" Y="226" T="0" /><Point X="286" Y="227" T="0" /><Point X="285" Y="227" T="0" /><Point X="283" Y="229" T="0" /><Point X="280" Y="233" T="0" /><Point X="277" Y="239" T="0" /><Point X="275" Y="244" T="0" /><Point X="273" Y="251" T="0" /><Point X="270" Y="257" T="0" /><Point X="269" Y="262" T="0" /><Point X="268" Y="264" T="0" /><Point X="268" Y="267" T="0" /><Point X="268" Y="269" T="0" /><Point X="268" Y="273" T="0" /><Point X="268" Y="275" T="0" /><Point X="267" Y="279" T="0" /><Point X="267" Y="283" T="0" /><Point X="266" Y="289" T="0" /><Point X="265" Y="296" T="0" /><Point X="264" Y="303" T="0" /><Point X="263" Y="309" T="0" /><Point X="261" Y="315" T="0" /><Point X="260" Y="318" T="0" /><Point X="258" Y="323" T="0" /><Point X="258" Y="327" T="0" /><Point X="256" Y="330" T="0" /><Point X="255" Y="332" T="0" /><Point X="254" Y="333" T="0" /><Point X="253" Y="335" T="0" /><Point X="253" Y="336" T="0" /><Point X="252" Y="337" T="0" /><Point X="251" Y="337" T="0" /><Point X="250" Y="338" T="0" /><Point X="250" Y="339" T="0" /><Point X="249" Y="339" T="0" /></Gesture>