<Gesture Name="right-square-bracket" Subject="1" Number="1" NumPts="67" Millseconds="0" AppName="Gestures" AppVer="1.0" Date="Wednesday, March 01, 2023" TimeOfDay="19:13:52" ID="1"><Point X="222" Y="95" T="0" /><Point X="228" Y="95" T="0" /><Point X="235" Y="92" T="0" /><Point X="241" Y="92" T="0" /><Point X="244" Y="91" T="0" /><Point X="247" Y="91" T="0" /><Point X="250" Y="91" T="0" /><Point X="252" Y="91" T="0" /><Point X="254" Y="91" T="0" /><Point X="257" Y="91" T="0" /><Point X="259" Y="91" T="0" /><Point X="261" Y="91" T="0" /><Point X="262" Y="91" T="0" /><Point X="265" Y="91" T="0" /><Point X="266" Y="91" T="0" /><Point X="267" Y="91" T="0" /><Point X="269" Y="91" T="0" /><Point X="270" Y="91" T="0" /><Point X="271" Y="91" T="0" /><Point X="271" Y="92" T="0" /><Point X="271" Y="93" T="0" /><Point X="271" Y="94" T="0" /><Point X="272" Y="95" T="0" /><Point X="272" Y="97" T="0" /><Point X="272" Y="100" T="0" /><Point X="272" Y="108" T="0" /><Point X="272" Y="122" T="0" /><Point X="271" Y="132" T="0" /><Point X="270" Y="139" T="0" /><Point X="269" Y="147" T="0" /><Point X="266" Y="157" T="0" /><Point X="266" Y="171" T="0" /><Point X="265" Y="181" T="0" /><Point X="265" Y="188" T="0" /><Point X="265" Y="195" T="0" /><Point X="265" Y="201" T="0" /><Point X="265" Y="206" T="0" /><Point X="265" Y="212" T="0" /><Point X="265" Y="218" T="0" /><Point X="266" Y="225" T="0" /><Point X="268" Y="233" T="0" /><Point X="268" Y="239" T="0" /><Point X="269" Y="244" T="0" /><Point X="270" Y="250" T="0" /><Point X="270" Y="253" T="0" /><Point X="271" Y="255" T="0" /><Point X="272" Y="260" T="0" /><Point X="273" Y="263" T="0" /><Point X="273" Y="267" T="0" /><Point X="273" Y="270" T="0" /><Point X="273" Y="271" T="0" /><Point X="273" Y="272" T="0" /><Point X="273" Y="273" T="0" /><Point X="273" Y="274" T="0" /><Point X="273" Y="275" T="0" /><Point X="273" Y="276" T="0" /><Point X="273" Y="277" T="0" /><Point X="270" Y="279" T="0" /><Point X="264" Y="279" T="0" /><Point X="258" Y="279" T="0" /><Point X="254" Y="279" T="0" /><Point X="246" Y="279" T="0" /><Point X="242" Y="279" T="0" /><Point X="238" Y="279" T="0" /><Point X="235" Y="280" T="0" /><Point X="232" Y="281" T="0" /><Point X="230" Y="281" T="0" /></Gesture>