<Gesture Name="right-square-bracket" Subject="1" Number="1" NumPts="68" Millseconds="0" AppName="Gestures" AppVer="1.0" Date="Wednesday, March 01, 2023" TimeOfDay="19:15:38" ID="3"><Point X="205" Y="153" T="0" /><Point X="210" Y="153" T="0" /><Point X="212" Y="153" T="0" /><Point X="218" Y="153" T="0" /><Point X="221" Y="154" T="0" /><Point X="226" Y="155" T="0" /><Point X="228" Y="155" T="0" /><Point X="232" Y="155" T="0" /><Point X="234" Y="155" T="0" /><Point X="237" Y="156" T="0" /><Point X="240" Y="156" T="0" /><Point X="241" Y="156" T="0" /><Point X="242" Y="156" T="0" /><Point X="243" Y="156" T="0" /><Point X="245" Y="156" T="0" /><Point X="246" Y="156" T="0" /><Point X="246" Y="157" T="0" /><Point X="246" Y="158" T="0" /><Point X="246" Y="159" T="0" /><Point X="246" Y="160" T="0" /><Point X="246" Y="161" T="0" /><Point X="246" Y="163" T="0" /><Point X="246" Y="167" T="0" /><Point X="246" Y="175" T="0" /><Point X="242" Y="190" T="0" /><Point X="240" Y="202" T="0" /><Point X="238" Y="213" T="0" /><Point X="237" Y="226" T="0" /><Point X="234" Y="239" T="0" /><Point X="234" Y="251" T="0" /><Point X="231" Y="261" T="0" /><Point X="230" Y="268" T="0" /><Point X="230" Y="271" T="0" /><Point X="230" Y="273" T="0" /><Point X="230" Y="276" T="0" /><Point X="230" Y="277" T="0" /><Point X="230" Y="279" T="0" /><Point X="230" Y="281" T="0" /><Point X="230" Y="283" T="0" /><Point X="230" Y="285" T="0" /><Point X="230" Y="287" T="0" /><Point X="230" Y="288" T="0" /><Point X="230" Y="290" T="0" /><Point X="230" Y="291" T="0" /><Point X="230" Y="292" T="0" /><Point X="230" Y="293" T="0" /><Point X="230" Y="294" T="0" /><Point X="230" Y="295" T="0" /><Point X="230" Y="296" T="0" /><Point X="229" Y="296" T="0" /><Point X="227" Y="296" T="0" /><Point X="223" Y="296" T="0" /><Point X="218" Y="296" T="0" /><Point X="207" Y="294" T="0" /><Point X="196" Y="293" T="0" /><Point X="186" Y="291" T="0" /><Point X="176" Y="290" T="0" /><Point X="168" Y="288" T="0" /><Point X="162" Y="288" T="0" /><Point X="157" Y="288" T="0" /><Point X="154" Y="288" T="0" /><Point X="151" Y="288" T="0" /><Point X="150" Y="288" T="0" /><Point X="148" Y="288" T="0" /><Point X="147" Y="288" T="0" /><Point X="146" Y="288" T="0" /><Point X="145" Y="288" T="0" /><Point X="144" Y="288" T="0" /></Gesture>