<Gesture Name="right-curly-brace" Subject="1" Number="1" NumPts="101" Millseconds="0" AppName="Gestures" AppVer="1.0" Date="Wednesday, March 01, 2023" TimeOfDay="19:21:01" ID="9"><Point X="202" Y="86" T="0" /><Point X="206" Y="86" T="0" /><Point X="210" Y="88" T="0" /><Point X="214" Y="90" T="0" /><Point X="218" Y="91" T="0" /><Point X="221" Y="94" T="0" /><Point X="222" Y="96" T="0" /><Point X="226" Y="99" T="0" /><Point X="229" Y="102" T="0" /><Point X="230" Y="104" T="0" /><Point X="232" Y="107" T="0" /><Point X="234" Y="108" T="0" /><Point X="235" Y="111" T="0" /><Point X="236" Y="111" T="0" /><Point X="237" Y="113" T="0" /><Point X="238" Y="115" T="0" /><Point X="238" Y="119" T="0" /><Point X="239" Y="122" T="0" /><Point X="240" Y="126" T="0" /><Point X="241" Y="130" T="0" /><Point X="243" Y="136" T="0" /><Point X="243" Y="140" T="0" /><Point X="243" Y="146" T="0" /><Point X="243" Y="148" T="0" /><Point X="243" Y="151" T="0" /><Point X="243" Y="154" T="0" /><Point X="242" Y="156" T="0" /><Point X="242" Y="159" T="0" /><Point X="241" Y="161" T="0" /><Point X="240" Y="163" T="0" /><Point X="239" Y="167" T="0" /><Point X="239" Y="171" T="0" /><Point X="239" Y="175" T="0" /><Point X="239" Y="179" T="0" /><Point X="239" Y="183" T="0" /><Point X="239" Y="188" T="0" /><Point X="239" Y="192" T="0" /><Point X="239" Y="194" T="0" /><Point X="239" Y="196" T="0" /><Point X="240" Y="199" T="0" /><Point X="241" Y="202" T="0" /><Point X="242" Y="203" T="0" /><Point X="243" Y="206" T="0" /><Point X="245" Y="207" T="0" /><Point X="246" Y="209" T="0" /><Point X="249" Y="211" T="0" /><Point X="252" Y="212" T="0" /><Point X="254" Y="214" T="0" /><Point X="258" Y="215" T="0" /><Point X="262" Y="215" T="0" /><Point X="263" Y="215" T="0" /><Point X="266" Y="215" T="0" /><Point X="269" Y="215" T="0" /><Point X="270" Y="213" T="0" /><Point X="271" Y="212" T="0" /><Point X="274" Y="211" T="0" /><Point X="275" Y="211" T="0" /><Point X="274" Y="211" T="0" /><Point X="272" Y="211" T="0" /><Point X="270" Y="211" T="0" /><Point X="269" Y="211" T="0" /><Point X="267" Y="213" T="0" /><Point X="265" Y="216" T="0" /><Point X="263" Y="220" T="0" /><Point X="262" Y="227" T="0" /><Point X="259" Y="234" T="0" /><Point X="258" Y="239" T="0" /><Point X="256" Y="247" T="0" /><Point X="255" Y="257" T="0" /><Point X="254" Y="271" T="0" /><Point X="253" Y="281" T="0" /><Point X="253" Y="291" T="0" /><Point X="253" Y="296" T="0" /><Point X="252" Y="300" T="0" /><Point X="252" Y="304" T="0" /><Point X="252" Y="307" T="0" /><Point X="252" Y="308" T="0" /><Point X="252" Y="309" T="0" /><Point X="252" Y="310" T="0" /><Point X="252" Y="311" T="0" /><Point X="252" Y="312" T="0" /><Point X="251" Y="314" T="0" /><Point X="250" Y="315" T="0" /><Point X="250" Y="318" T="0" /><Point X="248" Y="319" T="0" /><Point X="246" Y="322" T="0" /><Point X="245" Y="323" T="0" /><Point X="244" Y="326" T="0" /><Point X="239" Y="328" T="0" /><Point X="237" Y="330" T="0" /><Point X="235" Y="331" T="0" /><Point X="234" Y="331" T="0" /><Point X="231" Y="333" T="0" /><Point X="230" Y="333" T="0" /><Point X="228" Y="332" T="0" /><Point X="225" Y="331" T="0" /><Point X="224" Y="331" T="0" /><Point X="222" Y="331" T="0" /><Point X="222" Y="330" T="0" /><Point X="221" Y="330" T="0" /><Point X="220" Y="330" T="0" /></Gesture>