<Gesture Name="right-square-bracket" Subject="1" Number="1" NumPts="61" Millseconds="0" AppName="Gestures" AppVer="1.0" Date="Wednesday, March 01, 2023" TimeOfDay="19:18:54" ID="7"><Point X="208" Y="139" T="0" /><Point X="216" Y="139" T="0" /><Point X="222" Y="139" T="0" /><Point X="229" Y="140" T="0" /><Point X="235" Y="141" T="0" /><Point X="240" Y="142" T="0" /><Point X="244" Y="143" T="0" /><Point X="246" Y="143" T="0" /><Point X="249" Y="144" T="0" /><Point X="250" Y="145" T="0" /><Point X="252" Y="145" T="0" /><Point X="253" Y="145" T="0" /><Point X="254" Y="145" T="0" /><Point X="254" Y="146" T="0" /><Point X="254" Y="147" T="0" /><Point X="254" Y="148" T="0" /><Point X="254" Y="149" T="0" /><Point X="254" Y="151" T="0" /><Point X="254" Y="154" T="0" /><Point X="254" Y="161" T="0" /><Point X="254" Y="171" T="0" /><Point X="254" Y="181" T="0" /><Point X="253" Y="191" T="0" /><Point X="252" Y="205" T="0" /><Point X="250" Y="222" T="0" /><Point X="247" Y="238" T="0" /><Point X="246" Y="247" T="0" /><Point X="245" Y="254" T="0" /><Point X="244" Y="263" T="0" /><Point X="242" Y="273" T="0" /><Point X="242" Y="283" T="0" /><Point X="241" Y="289" T="0" /><Point X="240" Y="295" T="0" /><Point X="239" Y="299" T="0" /><Point X="239" Y="302" T="0" /><Point X="239" Y="304" T="0" /><Point X="239" Y="307" T="0" /><Point X="239" Y="308" T="0" /><Point X="239" Y="310" T="0" /><Point X="239" Y="311" T="0" /><Point X="239" Y="313" T="0" /><Point X="239" Y="314" T="0" /><Point X="239" Y="315" T="0" /><Point X="239" Y="316" T="0" /><Point X="238" Y="316" T="0" /><Point X="237" Y="316" T="0" /><Point X="234" Y="316" T="0" /><Point X="227" Y="316" T="0" /><Point X="217" Y="316" T="0" /><Point X="206" Y="315" T="0" /><Point X="196" Y="314" T="0" /><Point X="190" Y="313" T="0" /><Point X="182" Y="313" T="0" /><Point X="172" Y="312" T="0" /><Point X="166" Y="312" T="0" /><Point X="162" Y="312" T="0" /><Point X="160" Y="312" T="0" /><Point X="158" Y="312" T="0" /><Point X="157" Y="312" T="0" /><Point X="156" Y="312" T="0" /><Point X="155" Y="312" T="0" /></Gesture>