<Gesture Name="right-curly-brace" Subject="1" Number="1" NumPts="115" Millseconds="0" AppName="Gestures" AppVer="1.0" Date="Wednesday, March 01, 2023" TimeOfDay="19:14:04" ID="1"><Point X="212" Y="116" T="0" /><Point X="214" Y="116" T="0" /><Point X="218" Y="116" T="0" /><Point X="219" Y="116" T="0" /><Point X="220" Y="116" T="0" /><Point X="222" Y="117" T="0" /><Point X="222" Y="118" T="0" /><Point X="222" Y="119" T="0" /><Point X="224" Y="120" T="0" /><Point X="225" Y="122" T="0" /><Point X="226" Y="125" T="0" /><Point X="226" Y="128" T="0" /><Point X="227" Y="132" T="0" /><Point X="227" Y="136" T="0" /><Point X="227" Y="139" T="0" /><Point X="227" Y="143" T="0" /><Point X="227" Y="144" T="0" /><Point X="227" Y="147" T="0" /><Point X="227" Y="150" T="0" /><Point X="226" Y="152" T="0" /><Point X="226" Y="154" T="0" /><Point X="225" Y="157" T="0" /><Point X="223" Y="159" T="0" /><Point X="222" Y="163" T="0" /><Point X="222" Y="167" T="0" /><Point X="221" Y="170" T="0" /><Point X="219" Y="175" T="0" /><Point X="218" Y="178" T="0" /><Point X="214" Y="183" T="0" /><Point X="213" Y="186" T="0" /><Point X="211" Y="189" T="0" /><Point X="210" Y="192" T="0" /><Point X="209" Y="195" T="0" /><Point X="208" Y="196" T="0" /><Point X="206" Y="199" T="0" /><Point X="206" Y="201" T="0" /><Point X="206" Y="203" T="0" /><Point X="206" Y="206" T="0" /><Point X="206" Y="208" T="0" /><Point X="206" Y="210" T="0" /><Point X="206" Y="213" T="0" /><Point X="206" Y="215" T="0" /><Point X="207" Y="217" T="0" /><Point X="208" Y="219" T="0" /><Point X="210" Y="222" T="0" /><Point X="212" Y="223" T="0" /><Point X="215" Y="225" T="0" /><Point X="218" Y="227" T="0" /><Point X="220" Y="227" T="0" /><Point X="221" Y="229" T="0" /><Point X="223" Y="230" T="0" /><Point X="225" Y="230" T="0" /><Point X="226" Y="230" T="0" /><Point X="227" Y="230" T="0" /><Point X="228" Y="230" T="0" /><Point X="230" Y="230" T="0" /><Point X="232" Y="227" T="0" /><Point X="234" Y="226" T="0" /><Point X="235" Y="223" T="0" /><Point X="238" Y="222" T="0" /><Point X="238" Y="219" T="0" /><Point X="238" Y="218" T="0" /><Point X="239" Y="217" T="0" /><Point X="240" Y="217" T="0" /><Point X="240" Y="216" T="0" /><Point X="240" Y="215" T="0" /><Point X="239" Y="215" T="0" /><Point X="239" Y="216" T="0" /><Point X="238" Y="216" T="0" /><Point X="237" Y="217" T="0" /><Point X="237" Y="219" T="0" /><Point X="236" Y="221" T="0" /><Point X="235" Y="222" T="0" /><Point X="234" Y="224" T="0" /><Point X="234" Y="227" T="0" /><Point X="233" Y="230" T="0" /><Point X="232" Y="231" T="0" /><Point X="232" Y="235" T="0" /><Point X="231" Y="241" T="0" /><Point X="231" Y="247" T="0" /><Point X="229" Y="256" T="0" /><Point X="229" Y="261" T="0" /><Point X="229" Y="268" T="0" /><Point X="229" Y="272" T="0" /><Point X="229" Y="276" T="0" /><Point X="229" Y="279" T="0" /><Point X="229" Y="283" T="0" /><Point X="229" Y="284" T="0" /><Point X="229" Y="287" T="0" /><Point X="229" Y="290" T="0" /><Point X="229" Y="291" T="0" /><Point X="229" Y="292" T="0" /><Point X="229" Y="294" T="0" /><Point X="229" Y="295" T="0" /><Point X="229" Y="296" T="0" /><Point X="229" Y="297" T="0" /><Point X="229" Y="298" T="0" /><Point X="228" Y="298" T="0" /><Point X="227" Y="299" T="0" /><Point X="226" Y="302" T="0" /><Point X="226" Y="303" T="0" /><Point X="226" Y="304" T="0" /><Point X="224" Y="306" T="0" /><Point X="222" Y="307" T="0" /><Point X="219" Y="311" T="0" /><Point X="216" Y="313" T="0" /><Point X="212" Y="315" T="0" /><Point X="210" Y="317" T="0" /><Point X="208" Y="318" T="0" /><Point X="206" Y="319" T="0" /><Point X="204" Y="319" T="0" /><Point X="203" Y="320" T="0" /><Point X="202" Y="320" T="0" /><Point X="201" Y="320" T="0" /><Point X="200" Y="320" T="0" /></Gesture>