<Gesture Name="right-curly-brace" Subject="1" Number="1" NumPts="113" Millseconds="0" AppName="Gestures" AppVer="1.0" Date="Wednesday, March 01, 2023" TimeOfDay="19:17:27" ID="5"><Point X="182" Y="91" T="0" /><Point X="188" Y="88" T="0" /><Point X="194" Y="87" T="0" /><Point X="197" Y="86" T="0" /><Point X="202" Y="85" T="0" /><Point X="206" Y="85" T="0" /><Point X="214" Y="85" T="0" /><Point X="219" Y="85" T="0" /><Point X="226" Y="85" T="0" /><Point X="232" Y="85" T="0" /><Point X="237" Y="85" T="0" /><Point X="241" Y="86" T="0" /><Point X="243" Y="87" T="0" /><Point X="246" Y="87" T="0" /><Point X="246" Y="88" T="0" /><Point X="249" Y="89" T="0" /><Point X="250" Y="90" T="0" /><Point X="251" Y="90" T="0" /><Point X="251" Y="91" T="0" /><Point X="252" Y="93" T="0" /><Point X="253" Y="95" T="0" /><Point X="254" Y="99" T="0" /><Point X="255" Y="103" T="0" /><Point X="255" Y="107" T="0" /><Point X="255" Y="112" T="0" /><Point X="255" Y="115" T="0" /><Point X="254" Y="118" T="0" /><Point X="254" Y="121" T="0" /><Point X="253" Y="126" T="0" /><Point X="251" Y="130" T="0" /><Point X="250" Y="135" T="0" /><Point X="245" Y="143" T="0" /><Point X="243" Y="147" T="0" /><Point X="242" Y="153" T="0" /><Point X="240" Y="156" T="0" /><Point X="238" Y="161" T="0" /><Point X="236" Y="163" T="0" /><Point X="236" Y="166" T="0" /><Point X="235" Y="168" T="0" /><Point X="235" Y="171" T="0" /><Point X="235" Y="172" T="0" /><Point X="235" Y="175" T="0" /><Point X="235" Y="177" T="0" /><Point X="235" Y="180" T="0" /><Point X="238" Y="185" T="0" /><Point X="239" Y="189" T="0" /><Point X="240" Y="194" T="0" /><Point X="242" Y="197" T="0" /><Point X="242" Y="201" T="0" /><Point X="243" Y="203" T="0" /><Point X="244" Y="206" T="0" /><Point X="246" Y="207" T="0" /><Point X="247" Y="209" T="0" /><Point X="248" Y="211" T="0" /><Point X="250" Y="212" T="0" /><Point X="251" Y="213" T="0" /><Point X="254" Y="214" T="0" /><Point X="255" Y="214" T="0" /><Point X="258" Y="214" T="0" /><Point X="261" Y="214" T="0" /><Point X="263" Y="212" T="0" /><Point X="266" Y="210" T="0" /><Point X="269" Y="205" T="0" /><Point X="273" Y="199" T="0" /><Point X="276" Y="192" T="0" /><Point X="280" Y="186" T="0" /><Point X="282" Y="181" T="0" /><Point X="284" Y="175" T="0" /><Point X="285" Y="172" T="0" /><Point X="286" Y="171" T="0" /><Point X="286" Y="168" T="0" /><Point X="286" Y="167" T="0" /><Point X="285" Y="167" T="0" /><Point X="284" Y="167" T="0" /><Point X="282" Y="168" T="0" /><Point X="279" Y="171" T="0" /><Point X="277" Y="173" T="0" /><Point X="274" Y="179" T="0" /><Point X="269" Y="186" T="0" /><Point X="266" Y="197" T="0" /><Point X="263" Y="207" T="0" /><Point X="262" Y="214" T="0" /><Point X="259" Y="219" T="0" /><Point X="258" Y="227" T="0" /><Point X="258" Y="235" T="0" /><Point X="256" Y="245" T="0" /><Point X="256" Y="255" T="0" /><Point X="256" Y="260" T="0" /><Point X="256" Y="267" T="0" /><Point X="256" Y="272" T="0" /><Point X="256" Y="276" T="0" /><Point X="256" Y="282" T="0" /><Point X="256" Y="287" T="0" /><Point X="255" Y="294" T="0" /><Point X="254" Y="297" T="0" /><Point X="254" Y="303" T="0" /><Point X="253" Y="306" T="0" /><Point X="252" Y="309" T="0" /><Point X="250" Y="311" T="0" /><Point X="250" Y="312" T="0" /><Point X="249" Y="315" T="0" /><Point X="248" Y="316" T="0" /><Point X="246" Y="318" T="0" /><Point X="243" Y="319" T="0" /><Point X="240" Y="320" T="0" /><Point X="237" Y="321" T="0" /><Point X="233" Y="321" T="0" /><Point X="230" Y="321" T="0" /><Point X="226" Y="321" T="0" /><Point X="222" Y="320" T="0" /><Point X="217" Y="318" T="0" /><Point X="214" Y="316" T="0" /><Point X="209" Y="315" T="0" /></Gesture>