<Gesture Name="star" Subject="1" Number="1" NumPts="187" Millseconds="0" AppName="Gestures" AppVer="1.0" Date="Wednesday, March 01, 2023" TimeOfDay="19:16:45" ID="4"><Point X="124" Y="243" T="0" /><Point X="131" Y="227" T="0" /><Point X="138" Y="210" T="0" /><Point X="144" Y="195" T="0" /><Point X="147" Y="186" T="0" /><Point X="152" Y="175" T="0" /><Point X="158" Y="163" T="0" /><Point X="163" Y="151" T="0" /><Point X="169" Y="139" T="0" /><Point X="172" Y="130" T="0" /><Point X="174" Y="123" T="0" /><Point X="178" Y="117" T="0" /><Point X="180" Y="110" T="0" /><Point X="182" Y="105" T="0" /><Point X="184" Y="99" T="0" /><Point X="185" Y="94" T="0" /><Point X="186" Y="91" T="0" /><Point X="188" Y="85" T="0" /><Point X="189" Y="83" T="0" /><Point X="190" Y="80" T="0" /><Point X="190" Y="79" T="0" /><Point X="190" Y="77" T="0" /><Point X="190" Y="76" T="0" /><Point X="190" Y="75" T="0" /><Point X="191" Y="79" T="0" /><Point X="192" Y="82" T="0" /><Point X="193" Y="87" T="0" /><Point X="194" Y="90" T="0" /><Point X="197" Y="96" T="0" /><Point X="199" Y="103" T="0" /><Point X="202" Y="114" T="0" /><Point X="208" Y="125" T="0" /><Point X="213" Y="135" T="0" /><Point X="218" Y="143" T="0" /><Point X="222" Y="153" T="0" /><Point X="226" Y="160" T="0" /><Point X="232" Y="171" T="0" /><Point X="236" Y="178" T="0" /><Point X="242" Y="185" T="0" /><Point X="246" Y="191" T="0" /><Point X="250" Y="196" T="0" /><Point X="252" Y="199" T="0" /><Point X="254" Y="204" T="0" /><Point X="258" Y="207" T="0" /><Point X="261" Y="212" T="0" /><Point X="264" Y="215" T="0" /><Point X="267" Y="219" T="0" /><Point X="269" Y="224" T="0" /><Point X="270" Y="226" T="0" /><Point X="271" Y="227" T="0" /><Point X="272" Y="230" T="0" /><Point X="273" Y="231" T="0" /><Point X="274" Y="231" T="0" /><Point X="274" Y="232" T="0" /><Point X="274" Y="233" T="0" /><Point X="274" Y="234" T="0" /><Point X="274" Y="235" T="0" /><Point X="274" Y="236" T="0" /><Point X="274" Y="237" T="0" /><Point X="273" Y="235" T="0" /><Point X="270" Y="233" T="0" /><Point X="263" Y="230" T="0" /><Point X="258" Y="224" T="0" /><Point X="247" Y="219" T="0" /><Point X="230" Y="210" T="0" /><Point X="215" Y="202" T="0" /><Point X="204" Y="195" T="0" /><Point X="194" Y="191" T="0" /><Point X="188" Y="186" T="0" /><Point X="178" Y="181" T="0" /><Point X="169" Y="176" T="0" /><Point X="159" Y="171" T="0" /><Point X="150" Y="167" T="0" /><Point X="145" Y="164" T="0" /><Point X="138" Y="161" T="0" /><Point X="133" Y="158" T="0" /><Point X="128" Y="155" T="0" /><Point X="125" Y="153" T="0" /><Point X="122" Y="151" T="0" /><Point X="120" Y="151" T="0" /><Point X="118" Y="149" T="0" /><Point X="117" Y="148" T="0" /><Point X="116" Y="148" T="0" /><Point X="115" Y="148" T="0" /><Point X="114" Y="148" T="0" /><Point X="113" Y="148" T="0" /><Point X="114" Y="148" T="0" /><Point X="116" Y="148" T="0" /><Point X="120" Y="148" T="0" /><Point X="128" Y="148" T="0" /><Point X="138" Y="148" T="0" /><Point X="150" Y="147" T="0" /><Point X="159" Y="146" T="0" /><Point X="173" Y="143" T="0" /><Point X="192" Y="139" T="0" /><Point X="216" Y="134" T="0" /><Point X="231" Y="131" T="0" /><Point X="255" Y="127" T="0" /><Point X="271" Y="123" T="0" /><Point X="281" Y="121" T="0" /><Point X="287" Y="120" T="0" /><Point X="290" Y="119" T="0" /><Point X="293" Y="119" T="0" /><Point X="296" Y="119" T="0" /><Point X="297" Y="119" T="0" /><Point X="298" Y="119" T="0" /><Point X="299" Y="119" T="0" /><Point X="301" Y="119" T="0" /><Point X="302" Y="119" T="0" /><Point X="302" Y="120" T="0" /><Point X="302" Y="121" T="0" /><Point X="302" Y="122" T="0" /><Point X="302" Y="123" T="0" /><Point X="302" Y="124" T="0" /><Point X="302" Y="125" T="0" /><Point X="302" Y="126" T="0" /><Point X="300" Y="127" T="0" /><Point X="296" Y="129" T="0" /><Point X="292" Y="131" T="0" /><Point X="286" Y="133" T="0" /><Point X="279" Y="136" T="0" /><Point X="274" Y="139" T="0" /><Point X="268" Y="143" T="0" /><Point X="262" Y="146" T="0" /><Point X="256" Y="151" T="0" /><Point X="249" Y="155" T="0" /><Point X="240" Y="162" T="0" /><Point X="234" Y="167" T="0" /><Point X="226" Y="173" T="0" /><Point X="222" Y="177" T="0" /><Point X="216" Y="182" T="0" /><Point X="212" Y="184" T="0" /><Point X="206" Y="187" T="0" /><Point X="199" Y="191" T="0" /><Point X="194" Y="195" T="0" /><Point X="186" Y="196" T="0" /><Point X="182" Y="199" T="0" /><Point X="177" Y="201" T="0" /><Point X="174" Y="202" T="0" /><Point X="171" Y="203" T="0" /><Point X="169" Y="203" T="0" /><Point X="167" Y="204" T="0" /><Point X="166" Y="205" T="0" /><Point X="165" Y="206" T="0" /><Point X="163" Y="207" T="0" /><Point X="162" Y="207" T="0" /><Point X="160" Y="208" T="0" /><Point X="160" Y="209" T="0" /><Point X="158" Y="210" T="0" /><Point X="156" Y="210" T="0" /><Point X="154" Y="211" T="0" /><Point X="153" Y="211" T="0" /><Point X="151" Y="212" T="0" /><Point X="150" Y="214" T="0" /><Point X="149" Y="215" T="0" /><Point X="148" Y="215" T="0" /><Point X="147" Y="216" T="0" /><Point X="146" Y="216" T="0" /><Point X="145" Y="219" T="0" /><Point X="143" Y="220" T="0" /><Point X="142" Y="222" T="0" /><Point X="140" Y="223" T="0" /><Point X="138" Y="224" T="0" /><Point X="137" Y="227" T="0" /><Point X="135" Y="228" T="0" /><Point X="134" Y="230" T="0" /><Point X="132" Y="231" T="0" /><Point X="130" Y="232" T="0" /><Point X="129" Y="235" T="0" /><Point X="127" Y="236" T="0" /><Point X="126" Y="237" T="0" /><Point X="126" Y="238" T="0" /><Point X="125" Y="239" T="0" /><Point X="123" Y="239" T="0" /><Point X="122" Y="241" T="0" /><Point X="122" Y="243" T="0" /><Point X="122" Y="244" T="0" /><Point X="120" Y="246" T="0" /><Point X="118" Y="249" T="0" /><Point X="118" Y="251" T="0" /><Point X="116" Y="254" T="0" /><Point X="115" Y="256" T="0" /><Point X="114" Y="257" T="0" /><Point X="114" Y="258" T="0" /><Point X="114" Y="259" T="0" /><Point X="114" Y="260" T="0" /><Point X="114" Y="261" T="0" /></Gesture>