<Gesture Name="star" Subject="1" Number="1" NumPts="184" Millseconds="0" AppName="Gestures" AppVer="1.0" Date="Wednesday, March 01, 2023" TimeOfDay="19:15:05" ID="2"><Point X="129" Y="287" T="0" /><Point X="138" Y="274" T="0" /><Point X="143" Y="265" T="0" /><Point X="148" Y="256" T="0" /><Point X="153" Y="247" T="0" /><Point X="161" Y="234" T="0" /><Point X="170" Y="215" T="0" /><Point X="177" Y="200" T="0" /><Point X="182" Y="193" T="0" /><Point X="186" Y="186" T="0" /><Point X="190" Y="177" T="0" /><Point X="197" Y="166" T="0" /><Point X="202" Y="154" T="0" /><Point X="206" Y="143" T="0" /><Point X="209" Y="135" T="0" /><Point X="211" Y="129" T="0" /><Point X="213" Y="123" T="0" /><Point X="214" Y="119" T="0" /><Point X="215" Y="116" T="0" /><Point X="216" Y="114" T="0" /><Point X="218" Y="107" T="0" /><Point X="220" Y="103" T="0" /><Point X="221" Y="100" T="0" /><Point X="222" Y="99" T="0" /><Point X="222" Y="97" T="0" /><Point X="224" Y="95" T="0" /><Point X="226" Y="91" T="0" /><Point X="226" Y="90" T="0" /><Point X="227" Y="89" T="0" /><Point X="227" Y="88" T="0" /><Point X="227" Y="87" T="0" /><Point X="227" Y="88" T="0" /><Point X="227" Y="89" T="0" /><Point X="228" Y="91" T="0" /><Point X="230" Y="95" T="0" /><Point X="231" Y="100" T="0" /><Point X="232" Y="104" T="0" /><Point X="234" Y="110" T="0" /><Point X="236" Y="119" T="0" /><Point X="238" Y="135" T="0" /><Point X="242" Y="146" T="0" /><Point X="243" Y="154" T="0" /><Point X="246" Y="162" T="0" /><Point X="248" Y="171" T="0" /><Point X="251" Y="183" T="0" /><Point X="253" Y="194" T="0" /><Point X="255" Y="203" T="0" /><Point X="258" Y="210" T="0" /><Point X="259" Y="216" T="0" /><Point X="261" Y="222" T="0" /><Point X="262" Y="225" T="0" /><Point X="264" Y="229" T="0" /><Point X="266" Y="232" T="0" /><Point X="266" Y="237" T="0" /><Point X="267" Y="240" T="0" /><Point X="268" Y="243" T="0" /><Point X="270" Y="247" T="0" /><Point X="270" Y="248" T="0" /><Point X="271" Y="251" T="0" /><Point X="272" Y="254" T="0" /><Point X="272" Y="255" T="0" /><Point X="273" Y="256" T="0" /><Point X="274" Y="258" T="0" /><Point X="274" Y="260" T="0" /><Point X="275" Y="261" T="0" /><Point X="275" Y="262" T="0" /><Point X="275" Y="263" T="0" /><Point X="275" Y="264" T="0" /><Point X="275" Y="265" T="0" /><Point X="275" Y="266" T="0" /><Point X="275" Y="267" T="0" /><Point X="274" Y="267" T="0" /><Point X="268" Y="267" T="0" /><Point X="257" Y="262" T="0" /><Point X="243" Y="257" T="0" /><Point X="232" Y="251" T="0" /><Point X="221" Y="245" T="0" /><Point X="206" Y="235" T="0" /><Point X="187" Y="225" T="0" /><Point X="177" Y="219" T="0" /><Point X="166" Y="213" T="0" /><Point X="159" Y="207" T="0" /><Point X="154" Y="200" T="0" /><Point X="147" Y="193" T="0" /><Point X="144" Y="189" T="0" /><Point X="141" Y="187" T="0" /><Point X="138" Y="184" T="0" /><Point X="137" Y="183" T="0" /><Point X="135" Y="183" T="0" /><Point X="132" Y="183" T="0" /><Point X="131" Y="182" T="0" /><Point X="130" Y="182" T="0" /><Point X="129" Y="182" T="0" /><Point X="128" Y="182" T="0" /><Point X="126" Y="182" T="0" /><Point X="125" Y="182" T="0" /><Point X="124" Y="182" T="0" /><Point X="124" Y="181" T="0" /><Point X="126" Y="180" T="0" /><Point X="130" Y="179" T="0" /><Point X="138" Y="175" T="0" /><Point X="146" Y="172" T="0" /><Point X="163" Y="169" T="0" /><Point X="179" Y="165" T="0" /><Point X="190" Y="164" T="0" /><Point X="202" Y="163" T="0" /><Point X="214" Y="162" T="0" /><Point X="226" Y="162" T="0" /><Point X="237" Y="162" T="0" /><Point X="245" Y="162" T="0" /><Point X="251" Y="162" T="0" /><Point X="257" Y="162" T="0" /><Point X="265" Y="163" T="0" /><Point X="274" Y="166" T="0" /><Point X="280" Y="167" T="0" /><Point X="286" Y="168" T="0" /><Point X="291" Y="169" T="0" /><Point X="294" Y="170" T="0" /><Point X="297" Y="170" T="0" /><Point X="300" Y="170" T="0" /><Point X="301" Y="170" T="0" /><Point X="302" Y="170" T="0" /><Point X="303" Y="170" T="0" /><Point X="305" Y="170" T="0" /><Point X="306" Y="170" T="0" /><Point X="306" Y="171" T="0" /><Point X="306" Y="172" T="0" /><Point X="306" Y="173" T="0" /><Point X="306" Y="174" T="0" /><Point X="306" Y="175" T="0" /><Point X="301" Y="179" T="0" /><Point X="294" Y="185" T="0" /><Point X="284" Y="191" T="0" /><Point X="274" Y="197" T="0" /><Point X="262" Y="203" T="0" /><Point X="245" Y="211" T="0" /><Point X="229" Y="221" T="0" /><Point X="218" Y="227" T="0" /><Point X="209" Y="233" T="0" /><Point X="202" Y="238" T="0" /><Point X="194" Y="243" T="0" /><Point X="187" Y="247" T="0" /><Point X="181" Y="251" T="0" /><Point X="175" Y="252" T="0" /><Point X="172" Y="254" T="0" /><Point X="167" Y="255" T="0" /><Point X="165" Y="255" T="0" /><Point X="162" Y="256" T="0" /><Point X="159" Y="257" T="0" /><Point X="158" Y="258" T="0" /><Point X="157" Y="259" T="0" /><Point X="155" Y="260" T="0" /><Point X="153" Y="261" T="0" /><Point X="151" Y="261" T="0" /><Point X="150" Y="262" T="0" /><Point X="150" Y="263" T="0" /><Point X="149" Y="263" T="0" /><Point X="147" Y="263" T="0" /><Point X="146" Y="263" T="0" /><Point X="146" Y="264" T="0" /><Point X="145" Y="264" T="0" /><Point X="144" Y="264" T="0" /><Point X="143" Y="265" T="0" /><Point X="142" Y="266" T="0" /><Point X="141" Y="267" T="0" /><Point X="140" Y="267" T="0" /><Point X="140" Y="268" T="0" /><Point X="139" Y="269" T="0" /><Point X="138" Y="271" T="0" /><Point X="138" Y="273" T="0" /><Point X="136" Y="274" T="0" /><Point X="134" Y="276" T="0" /><Point X="133" Y="279" T="0" /><Point X="133" Y="280" T="0" /><Point X="132" Y="281" T="0" /><Point X="131" Y="283" T="0" /><Point X="130" Y="285" T="0" /><Point X="130" Y="286" T="0" /><Point X="129" Y="287" T="0" /><Point X="128" Y="287" T="0" /><Point X="127" Y="287" T="0" /><Point X="127" Y="288" T="0" /><Point X="127" Y="289" T="0" /><Point X="127" Y="291" T="0" /></Gesture>