<Gesture Name="star" Subject="1" Number="1" NumPts="180" Millseconds="0" AppName="Gestures" AppVer="1.0" Date="Wednesday, March 01, 2023" TimeOfDay="19:18:19" ID="6"><Point X="119" Y="250" T="0" /><Point X="128" Y="236" T="0" /><Point X="134" Y="227" T="0" /><Point X="138" Y="222" T="0" /><Point X="142" Y="215" T="0" /><Point X="148" Y="205" T="0" /><Point X="154" Y="192" T="0" /><Point X="159" Y="180" T="0" /><Point X="162" Y="171" T="0" /><Point X="167" Y="162" T="0" /><Point X="170" Y="157" T="0" /><Point X="173" Y="151" T="0" /><Point X="178" Y="147" T="0" /><Point X="182" Y="139" T="0" /><Point X="186" Y="134" T="0" /><Point X="190" Y="128" T="0" /><Point X="192" Y="125" T="0" /><Point X="194" Y="121" T="0" /><Point X="196" Y="119" T="0" /><Point X="197" Y="118" T="0" /><Point X="198" Y="115" T="0" /><Point X="199" Y="115" T="0" /><Point X="200" Y="115" T="0" /><Point X="202" Y="115" T="0" /><Point X="203" Y="115" T="0" /><Point X="204" Y="117" T="0" /><Point X="206" Y="122" T="0" /><Point X="209" Y="128" T="0" /><Point X="213" Y="135" T="0" /><Point X="218" Y="147" T="0" /><Point X="226" Y="163" T="0" /><Point X="232" Y="176" T="0" /><Point X="237" Y="186" T="0" /><Point X="242" Y="197" T="0" /><Point X="250" Y="210" T="0" /><Point X="255" Y="222" T="0" /><Point X="261" Y="233" T="0" /><Point X="265" Y="240" T="0" /><Point X="270" Y="247" T="0" /><Point X="274" Y="253" T="0" /><Point X="280" Y="260" T="0" /><Point X="286" Y="267" T="0" /><Point X="292" Y="274" T="0" /><Point X="296" Y="281" T="0" /><Point X="301" Y="286" T="0" /><Point X="304" Y="291" T="0" /><Point X="306" Y="293" T="0" /><Point X="306" Y="294" T="0" /><Point X="307" Y="295" T="0" /><Point X="308" Y="298" T="0" /><Point X="309" Y="299" T="0" /><Point X="309" Y="300" T="0" /><Point X="308" Y="300" T="0" /><Point X="306" Y="299" T="0" /><Point X="304" Y="296" T="0" /><Point X="302" Y="294" T="0" /><Point X="295" Y="288" T="0" /><Point X="292" Y="285" T="0" /><Point X="287" Y="282" T="0" /><Point X="283" Y="279" T="0" /><Point X="278" Y="275" T="0" /><Point X="274" Y="271" T="0" /><Point X="268" Y="267" T="0" /><Point X="258" Y="259" T="0" /><Point X="248" Y="251" T="0" /><Point X="239" Y="243" T="0" /><Point X="230" Y="235" T="0" /><Point X="219" Y="228" T="0" /><Point X="204" Y="219" T="0" /><Point X="190" Y="213" T="0" /><Point X="178" Y="209" T="0" /><Point X="171" Y="206" T="0" /><Point X="164" Y="203" T="0" /><Point X="158" Y="202" T="0" /><Point X="151" Y="199" T="0" /><Point X="146" Y="198" T="0" /><Point X="142" Y="197" T="0" /><Point X="137" Y="196" T="0" /><Point X="134" Y="195" T="0" /><Point X="132" Y="195" T="0" /><Point X="129" Y="194" T="0" /><Point X="127" Y="193" T="0" /><Point X="126" Y="192" T="0" /><Point X="125" Y="191" T="0" /><Point X="123" Y="191" T="0" /><Point X="122" Y="191" T="0" /><Point X="121" Y="191" T="0" /><Point X="120" Y="191" T="0" /><Point X="119" Y="191" T="0" /><Point X="118" Y="191" T="0" /><Point X="117" Y="191" T="0" /><Point X="117" Y="190" T="0" /><Point X="118" Y="189" T="0" /><Point X="120" Y="187" T="0" /><Point X="125" Y="185" T="0" /><Point X="134" Y="181" T="0" /><Point X="144" Y="179" T="0" /><Point X="155" Y="176" T="0" /><Point X="174" Y="171" T="0" /><Point X="190" Y="169" T="0" /><Point X="202" Y="167" T="0" /><Point X="214" Y="167" T="0" /><Point X="229" Y="167" T="0" /><Point X="242" Y="167" T="0" /><Point X="250" Y="167" T="0" /><Point X="258" Y="168" T="0" /><Point X="265" Y="169" T="0" /><Point X="270" Y="170" T="0" /><Point X="277" Y="171" T="0" /><Point X="282" Y="171" T="0" /><Point X="286" Y="171" T="0" /><Point X="288" Y="171" T="0" /><Point X="291" Y="171" T="0" /><Point X="294" Y="171" T="0" /><Point X="295" Y="171" T="0" /><Point X="298" Y="171" T="0" /><Point X="300" Y="171" T="0" /><Point X="301" Y="171" T="0" /><Point X="302" Y="171" T="0" /><Point X="303" Y="171" T="0" /><Point X="303" Y="172" T="0" /><Point X="303" Y="173" T="0" /><Point X="302" Y="174" T="0" /><Point X="299" Y="175" T="0" /><Point X="296" Y="177" T="0" /><Point X="289" Y="181" T="0" /><Point X="282" Y="184" T="0" /><Point X="277" Y="187" T="0" /><Point X="268" Y="192" T="0" /><Point X="258" Y="196" T="0" /><Point X="249" Y="201" T="0" /><Point X="243" Y="203" T="0" /><Point X="237" Y="206" T="0" /><Point X="231" Y="207" T="0" /><Point X="226" Y="209" T="0" /><Point X="221" Y="212" T="0" /><Point X="216" Y="214" T="0" /><Point X="210" Y="216" T="0" /><Point X="203" Y="218" T="0" /><Point X="198" Y="221" T="0" /><Point X="194" Y="223" T="0" /><Point X="190" Y="224" T="0" /><Point X="186" Y="226" T="0" /><Point X="183" Y="227" T="0" /><Point X="181" Y="230" T="0" /><Point X="178" Y="231" T="0" /><Point X="174" Y="233" T="0" /><Point X="171" Y="235" T="0" /><Point X="165" Y="238" T="0" /><Point X="161" Y="239" T="0" /><Point X="154" Y="242" T="0" /><Point X="148" Y="243" T="0" /><Point X="143" Y="246" T="0" /><Point X="139" Y="247" T="0" /><Point X="135" Y="249" T="0" /><Point X="132" Y="250" T="0" /><Point X="130" Y="251" T="0" /><Point X="127" Y="251" T="0" /><Point X="126" Y="252" T="0" /><Point X="124" Y="253" T="0" /><Point X="122" Y="254" T="0" /><Point X="120" Y="254" T="0" /><Point X="118" Y="255" T="0" /><Point X="116" Y="256" T="0" /><Point X="114" Y="257" T="0" /><Point X="111" Y="258" T="0" /><Point X="109" Y="259" T="0" /><Point X="106" Y="259" T="0" /><Point X="106" Y="260" T="0" /><Point X="104" Y="260" T="0" /><Point X="102" Y="263" T="0" /><Point X="100" Y="264" T="0" /><Point X="99" Y="265" T="0" /><Point X="98" Y="266" T="0" /><Point X="97" Y="267" T="0" /><Point X="96" Y="267" T="0" /><Point X="95" Y="267" T="0" /><Point X="94" Y="268" T="0" /><Point X="93" Y="268" T="0" /><Point X="92" Y="268" T="0" /></Gesture>