<Gesture Name="star" Subject="1" Number="1" NumPts="174" Millseconds="0" AppName="Gestures" AppVer="1.0" Date="Wednesday, March 01, 2023" TimeOfDay="19:15:55" ID="3"><Point X="150" Y="246" T="0" /><Point X="169" Y="216" T="0" /><Point X="182" Y="197" T="0" /><Point X="187" Y="187" T="0" /><Point X="193" Y="179" T="0" /><Point X="198" Y="170" T="0" /><Point X="205" Y="159" T="0" /><Point X="209" Y="150" T="0" /><Point X="214" Y="141" T="0" /><Point X="218" Y="137" T="0" /><Point X="219" Y="134" T="0" /><Point X="221" Y="131" T="0" /><Point X="222" Y="130" T="0" /><Point X="224" Y="127" T="0" /><Point X="225" Y="126" T="0" /><Point X="226" Y="126" T="0" /><Point X="226" Y="125" T="0" /><Point X="226" Y="124" T="0" /><Point X="227" Y="124" T="0" /><Point X="227" Y="125" T="0" /><Point X="228" Y="126" T="0" /><Point X="229" Y="131" T="0" /><Point X="232" Y="139" T="0" /><Point X="233" Y="145" T="0" /><Point X="234" Y="154" T="0" /><Point X="237" Y="166" T="0" /><Point X="239" Y="179" T="0" /><Point X="242" Y="195" T="0" /><Point X="245" Y="205" T="0" /><Point X="247" Y="216" T="0" /><Point X="250" Y="227" T="0" /><Point X="254" Y="238" T="0" /><Point X="258" Y="247" T="0" /><Point X="261" Y="256" T="0" /><Point X="266" Y="263" T="0" /><Point X="268" Y="271" T="0" /><Point X="271" Y="275" T="0" /><Point X="275" Y="281" T="0" /><Point X="278" Y="285" T="0" /><Point X="280" Y="288" T="0" /><Point X="283" Y="291" T="0" /><Point X="285" Y="294" T="0" /><Point X="285" Y="296" T="0" /><Point X="286" Y="297" T="0" /><Point X="286" Y="299" T="0" /><Point X="287" Y="299" T="0" /><Point X="287" Y="300" T="0" /><Point X="288" Y="300" T="0" /><Point X="288" Y="302" T="0" /><Point X="288" Y="303" T="0" /><Point X="286" Y="301" T="0" /><Point X="284" Y="299" T="0" /><Point X="279" Y="295" T="0" /><Point X="273" Y="288" T="0" /><Point X="263" Y="280" T="0" /><Point X="247" Y="266" T="0" /><Point X="224" Y="247" T="0" /><Point X="212" Y="235" T="0" /><Point X="202" Y="227" T="0" /><Point X="196" Y="223" T="0" /><Point X="189" Y="219" T="0" /><Point X="182" Y="215" T="0" /><Point X="177" Y="212" T="0" /><Point X="171" Y="210" T="0" /><Point X="166" Y="207" T="0" /><Point X="162" Y="205" T="0" /><Point X="158" Y="203" T="0" /><Point X="155" Y="202" T="0" /><Point X="150" Y="199" T="0" /><Point X="148" Y="197" T="0" /><Point X="144" Y="195" T="0" /><Point X="142" Y="194" T="0" /><Point X="139" Y="193" T="0" /><Point X="138" Y="191" T="0" /><Point X="136" Y="191" T="0" /><Point X="134" Y="190" T="0" /><Point X="134" Y="189" T="0" /><Point X="133" Y="189" T="0" /><Point X="132" Y="189" T="0" /><Point X="131" Y="189" T="0" /><Point X="130" Y="189" T="0" /><Point X="130" Y="188" T="0" /><Point X="134" Y="187" T="0" /><Point X="142" Y="182" T="0" /><Point X="153" Y="178" T="0" /><Point X="165" Y="175" T="0" /><Point X="176" Y="171" T="0" /><Point X="184" Y="169" T="0" /><Point X="194" Y="167" T="0" /><Point X="206" Y="165" T="0" /><Point X="221" Y="163" T="0" /><Point X="231" Y="163" T="0" /><Point X="239" Y="163" T="0" /><Point X="250" Y="163" T="0" /><Point X="261" Y="163" T="0" /><Point X="270" Y="163" T="0" /><Point X="278" Y="163" T="0" /><Point X="285" Y="163" T="0" /><Point X="288" Y="163" T="0" /><Point X="292" Y="163" T="0" /><Point X="294" Y="163" T="0" /><Point X="295" Y="163" T="0" /><Point X="298" Y="163" T="0" /><Point X="299" Y="163" T="0" /><Point X="301" Y="163" T="0" /><Point X="302" Y="163" T="0" /><Point X="303" Y="163" T="0" /><Point X="304" Y="163" T="0" /><Point X="305" Y="163" T="0" /><Point X="306" Y="163" T="0" /><Point X="306" Y="164" T="0" /><Point X="306" Y="165" T="0" /><Point X="303" Y="167" T="0" /><Point X="298" Y="171" T="0" /><Point X="291" Y="175" T="0" /><Point X="282" Y="181" T="0" /><Point X="276" Y="185" T="0" /><Point X="269" Y="191" T="0" /><Point X="262" Y="193" T="0" /><Point X="257" Y="196" T="0" /><Point X="250" Y="200" T="0" /><Point X="242" Y="203" T="0" /><Point X="238" Y="205" T="0" /><Point X="232" Y="207" T="0" /><Point X="228" Y="210" T="0" /><Point X="222" Y="212" T="0" /><Point X="219" Y="213" T="0" /><Point X="214" Y="214" T="0" /><Point X="211" Y="215" T="0" /><Point X="208" Y="217" T="0" /><Point X="205" Y="219" T="0" /><Point X="202" Y="220" T="0" /><Point X="200" Y="221" T="0" /><Point X="197" Y="223" T="0" /><Point X="194" Y="223" T="0" /><Point X="193" Y="223" T="0" /><Point X="190" Y="224" T="0" /><Point X="189" Y="225" T="0" /><Point X="187" Y="227" T="0" /><Point X="186" Y="228" T="0" /><Point X="182" Y="230" T="0" /><Point X="180" Y="231" T="0" /><Point X="178" Y="232" T="0" /><Point X="175" Y="235" T="0" /><Point X="173" Y="236" T="0" /><Point X="170" Y="237" T="0" /><Point X="167" Y="239" T="0" /><Point X="166" Y="240" T="0" /><Point X="164" Y="242" T="0" /><Point X="162" Y="243" T="0" /><Point X="160" Y="243" T="0" /><Point X="159" Y="244" T="0" /><Point X="158" Y="245" T="0" /><Point X="158" Y="246" T="0" /><Point X="157" Y="246" T="0" /><Point X="156" Y="246" T="0" /><Point X="154" Y="246" T="0" /><Point X="154" Y="247" T="0" /><Point X="154" Y="248" T="0" /><Point X="152" Y="248" T="0" /><Point X="150" Y="249" T="0" /><Point X="150" Y="250" T="0" /><Point X="149" Y="251" T="0" /><Point X="148" Y="251" T="0" /><Point X="147" Y="251" T="0" /><Point X="147" Y="252" T="0" /><Point X="146" Y="253" T="0" /><Point X="146" Y="254" T="0" /><Point X="145" Y="254" T="0" /><Point X="143" Y="254" T="0" /><Point X="142" Y="254" T="0" /><Point X="141" Y="255" T="0" /><Point X="140" Y="255" T="0" /><Point X="139" Y="255" T="0" /></Gesture>