<Gesture Name="star" Subject="1" Number="1" NumPts="184" Millseconds="0" AppName="Gestures" AppVer="1.0" Date="Wednesday, March 01, 2023" TimeOfDay="19:19:53" ID="8"><Point X="107" Y="275" T="0" /><Point X="118" Y="260" T="0" /><Point X="133" Y="239" T="0" /><Point X="150" Y="209" T="0" /><Point X="162" Y="193" T="0" /><Point X="170" Y="177" T="0" /><Point X="185" Y="153" T="0" /><Point X="202" Y="128" T="0" /><Point X="211" Y="115" T="0" /><Point X="219" Y="106" T="0" /><Point X="223" Y="99" T="0" /><Point X="228" Y="93" T="0" /><Point X="231" Y="87" T="0" /><Point X="233" Y="85" T="0" /><Point X="234" Y="83" T="0" /><Point X="234" Y="81" T="0" /><Point X="235" Y="80" T="0" /><Point X="235" Y="79" T="0" /><Point X="235" Y="80" T="0" /><Point X="235" Y="82" T="0" /><Point X="236" Y="84" T="0" /><Point X="238" Y="91" T="0" /><Point X="242" Y="101" T="0" /><Point X="246" Y="115" T="0" /><Point X="249" Y="126" T="0" /><Point X="254" Y="140" T="0" /><Point X="261" Y="159" T="0" /><Point X="266" Y="176" T="0" /><Point X="270" Y="187" T="0" /><Point X="274" Y="195" T="0" /><Point X="278" Y="207" T="0" /><Point X="283" Y="218" T="0" /><Point X="286" Y="229" T="0" /><Point X="290" Y="239" T="0" /><Point X="294" Y="246" T="0" /><Point X="297" Y="251" T="0" /><Point X="300" Y="258" T="0" /><Point X="304" Y="265" T="0" /><Point X="306" Y="267" T="0" /><Point X="310" Y="275" T="0" /><Point X="314" Y="282" T="0" /><Point X="315" Y="287" T="0" /><Point X="317" Y="291" T="0" /><Point X="318" Y="293" T="0" /><Point X="318" Y="295" T="0" /><Point X="318" Y="296" T="0" /><Point X="318" Y="297" T="0" /><Point X="318" Y="298" T="0" /><Point X="318" Y="299" T="0" /><Point X="317" Y="299" T="0" /><Point X="314" Y="298" T="0" /><Point X="310" Y="295" T="0" /><Point X="303" Y="289" T="0" /><Point X="291" Y="281" T="0" /><Point X="277" Y="271" T="0" /><Point X="263" Y="264" T="0" /><Point X="252" Y="256" T="0" /><Point X="235" Y="244" T="0" /><Point X="211" Y="231" T="0" /><Point X="195" Y="221" T="0" /><Point X="178" Y="212" T="0" /><Point X="154" Y="202" T="0" /><Point X="140" Y="197" T="0" /><Point X="130" Y="192" T="0" /><Point X="126" Y="191" T="0" /><Point X="123" Y="190" T="0" /><Point X="120" Y="189" T="0" /><Point X="119" Y="189" T="0" /><Point X="118" Y="189" T="0" /><Point X="117" Y="189" T="0" /><Point X="116" Y="189" T="0" /><Point X="115" Y="189" T="0" /><Point X="114" Y="189" T="0" /><Point X="113" Y="189" T="0" /><Point X="112" Y="189" T="0" /><Point X="111" Y="189" T="0" /><Point X="110" Y="189" T="0" /><Point X="109" Y="189" T="0" /><Point X="108" Y="189" T="0" /><Point X="107" Y="189" T="0" /><Point X="106" Y="189" T="0" /><Point X="113" Y="188" T="0" /><Point X="125" Y="187" T="0" /><Point X="138" Y="184" T="0" /><Point X="156" Y="180" T="0" /><Point X="168" Y="177" T="0" /><Point X="180" Y="175" T="0" /><Point X="192" Y="172" T="0" /><Point X="204" Y="171" T="0" /><Point X="215" Y="171" T="0" /><Point X="223" Y="168" T="0" /><Point X="227" Y="168" T="0" /><Point X="231" Y="168" T="0" /><Point X="234" Y="167" T="0" /><Point X="237" Y="167" T="0" /><Point X="240" Y="167" T="0" /><Point X="242" Y="167" T="0" /><Point X="244" Y="167" T="0" /><Point X="247" Y="167" T="0" /><Point X="250" Y="167" T="0" /><Point X="251" Y="167" T="0" /><Point X="254" Y="167" T="0" /><Point X="257" Y="167" T="0" /><Point X="259" Y="167" T="0" /><Point X="262" Y="167" T="0" /><Point X="265" Y="167" T="0" /><Point X="266" Y="167" T="0" /><Point X="270" Y="167" T="0" /><Point X="272" Y="167" T="0" /><Point X="274" Y="167" T="0" /><Point X="278" Y="167" T="0" /><Point X="281" Y="167" T="0" /><Point X="285" Y="167" T="0" /><Point X="288" Y="167" T="0" /><Point X="293" Y="167" T="0" /><Point X="294" Y="169" T="0" /><Point X="297" Y="170" T="0" /><Point X="300" Y="171" T="0" /><Point X="303" Y="171" T="0" /><Point X="306" Y="172" T="0" /><Point X="308" Y="172" T="0" /><Point X="311" Y="172" T="0" /><Point X="313" Y="172" T="0" /><Point X="315" Y="172" T="0" /><Point X="317" Y="172" T="0" /><Point X="318" Y="173" T="0" /><Point X="319" Y="173" T="0" /><Point X="319" Y="174" T="0" /><Point X="319" Y="175" T="0" /><Point X="319" Y="176" T="0" /><Point X="319" Y="177" T="0" /><Point X="319" Y="178" T="0" /><Point X="318" Y="178" T="0" /><Point X="317" Y="179" T="0" /><Point X="314" Y="179" T="0" /><Point X="310" Y="180" T="0" /><Point X="303" Y="181" T="0" /><Point X="298" Y="182" T="0" /><Point X="290" Y="184" T="0" /><Point X="283" Y="186" T="0" /><Point X="276" Y="188" T="0" /><Point X="266" Y="191" T="0" /><Point X="254" Y="195" T="0" /><Point X="243" Y="198" T="0" /><Point X="233" Y="201" T="0" /><Point X="222" Y="207" T="0" /><Point X="206" Y="213" T="0" /><Point X="187" Y="221" T="0" /><Point X="177" Y="226" T="0" /><Point X="166" Y="230" T="0" /><Point X="156" Y="235" T="0" /><Point X="145" Y="238" T="0" /><Point X="138" Y="242" T="0" /><Point X="130" Y="244" T="0" /><Point X="125" Y="246" T="0" /><Point X="122" Y="247" T="0" /><Point X="119" Y="247" T="0" /><Point X="116" Y="249" T="0" /><Point X="114" Y="250" T="0" /><Point X="113" Y="251" T="0" /><Point X="110" Y="251" T="0" /><Point X="109" Y="251" T="0" /><Point X="108" Y="252" T="0" /><Point X="106" Y="253" T="0" /><Point X="105" Y="254" T="0" /><Point X="104" Y="255" T="0" /><Point X="103" Y="255" T="0" /><Point X="102" Y="256" T="0" /><Point X="100" Y="257" T="0" /><Point X="100" Y="258" T="0" /><Point X="99" Y="259" T="0" /><Point X="98" Y="259" T="0" /><Point X="97" Y="260" T="0" /><Point X="96" Y="261" T="0" /><Point X="95" Y="261" T="0" /><Point X="94" Y="261" T="0" /><Point X="94" Y="262" T="0" /><Point X="94" Y="263" T="0" /><Point X="93" Y="264" T="0" /><Point X="92" Y="265" T="0" /><Point X="92" Y="266" T="0" /><Point X="92" Y="267" T="0" /><Point X="92" Y="268" T="0" /><Point X="92" Y="269" T="0" /></Gesture>