<Gesture Name="star" Subject="1" Number="1" NumPts="185" Millseconds="0" AppName="Gestures" AppVer="1.0" Date="Wednesday, March 01, 2023" TimeOfDay="19:21:09" ID="9"><Point X="118" Y="279" T="0" /><Point X="123" Y="267" T="0" /><Point X="128" Y="252" T="0" /><Point X="134" Y="235" T="0" /><Point X="142" Y="215" T="0" /><Point X="148" Y="201" T="0" /><Point X="152" Y="191" T="0" /><Point X="158" Y="180" T="0" /><Point X="163" Y="167" T="0" /><Point X="170" Y="151" T="0" /><Point X="175" Y="143" T="0" /><Point X="179" Y="135" T="0" /><Point X="181" Y="130" T="0" /><Point X="182" Y="127" T="0" /><Point X="182" Y="125" T="0" /><Point X="183" Y="123" T="0" /><Point X="184" Y="122" T="0" /><Point X="185" Y="120" T="0" /><Point X="186" Y="119" T="0" /><Point X="186" Y="118" T="0" /><Point X="186" Y="116" T="0" /><Point X="186" Y="117" T="0" /><Point X="187" Y="118" T="0" /><Point X="188" Y="120" T="0" /><Point X="190" Y="130" T="0" /><Point X="194" Y="141" T="0" /><Point X="198" Y="151" T="0" /><Point X="201" Y="161" T="0" /><Point X="206" Y="174" T="0" /><Point X="210" Y="187" T="0" /><Point X="214" Y="199" T="0" /><Point X="217" Y="207" T="0" /><Point X="221" Y="214" T="0" /><Point X="224" Y="221" T="0" /><Point X="229" Y="230" T="0" /><Point X="232" Y="239" T="0" /><Point X="235" Y="244" T="0" /><Point X="239" Y="253" T="0" /><Point X="242" Y="259" T="0" /><Point X="246" Y="264" T="0" /><Point X="247" Y="271" T="0" /><Point X="250" Y="274" T="0" /><Point X="252" Y="279" T="0" /><Point X="254" Y="282" T="0" /><Point X="254" Y="285" T="0" /><Point X="254" Y="287" T="0" /><Point X="255" Y="288" T="0" /><Point X="256" Y="290" T="0" /><Point X="256" Y="291" T="0" /><Point X="256" Y="292" T="0" /><Point X="256" Y="293" T="0" /><Point X="258" Y="294" T="0" /><Point X="258" Y="295" T="0" /><Point X="257" Y="295" T="0" /><Point X="255" Y="295" T="0" /><Point X="253" Y="294" T="0" /><Point X="246" Y="292" T="0" /><Point X="235" Y="287" T="0" /><Point X="225" Y="283" T="0" /><Point X="214" Y="279" T="0" /><Point X="202" Y="272" T="0" /><Point X="186" Y="263" T="0" /><Point X="167" Y="254" T="0" /><Point X="151" Y="244" T="0" /><Point X="143" Y="238" T="0" /><Point X="134" Y="234" T="0" /><Point X="127" Y="229" T="0" /><Point X="121" Y="225" T="0" /><Point X="115" Y="223" T="0" /><Point X="113" Y="223" T="0" /><Point X="110" Y="222" T="0" /><Point X="109" Y="222" T="0" /><Point X="108" Y="222" T="0" /><Point X="107" Y="222" T="0" /><Point X="106" Y="222" T="0" /><Point X="104" Y="222" T="0" /><Point X="103" Y="222" T="0" /><Point X="102" Y="222" T="0" /><Point X="101" Y="221" T="0" /><Point X="100" Y="221" T="0" /><Point X="95" Y="217" T="0" /><Point X="90" Y="213" T="0" /><Point X="86" Y="209" T="0" /><Point X="82" Y="207" T="0" /><Point X="80" Y="206" T="0" /><Point X="78" Y="205" T="0" /><Point X="77" Y="204" T="0" /><Point X="76" Y="203" T="0" /><Point X="74" Y="202" T="0" /><Point X="73" Y="202" T="0" /><Point X="74" Y="202" T="0" /><Point X="77" Y="202" T="0" /><Point X="80" Y="202" T="0" /><Point X="86" Y="202" T="0" /><Point X="97" Y="202" T="0" /><Point X="109" Y="202" T="0" /><Point X="118" Y="204" T="0" /><Point X="129" Y="204" T="0" /><Point X="142" Y="205" T="0" /><Point X="158" Y="205" T="0" /><Point X="170" Y="206" T="0" /><Point X="181" Y="206" T="0" /><Point X="194" Y="206" T="0" /><Point X="209" Y="206" T="0" /><Point X="222" Y="206" T="0" /><Point X="233" Y="206" T="0" /><Point X="242" Y="206" T="0" /><Point X="251" Y="206" T="0" /><Point X="261" Y="205" T="0" /><Point X="269" Y="203" T="0" /><Point X="274" Y="202" T="0" /><Point X="279" Y="202" T="0" /><Point X="281" Y="202" T="0" /><Point X="283" Y="201" T="0" /><Point X="286" Y="201" T="0" /><Point X="287" Y="201" T="0" /><Point X="288" Y="201" T="0" /><Point X="288" Y="202" T="0" /><Point X="288" Y="203" T="0" /><Point X="287" Y="203" T="0" /><Point X="286" Y="205" T="0" /><Point X="281" Y="207" T="0" /><Point X="276" Y="210" T="0" /><Point X="269" Y="214" T="0" /><Point X="262" Y="219" T="0" /><Point X="254" Y="223" T="0" /><Point X="243" Y="228" T="0" /><Point X="232" Y="234" T="0" /><Point X="222" Y="237" T="0" /><Point X="214" Y="240" T="0" /><Point X="206" Y="244" T="0" /><Point X="198" Y="246" T="0" /><Point X="192" Y="249" T="0" /><Point X="185" Y="251" T="0" /><Point X="178" Y="254" T="0" /><Point X="175" Y="255" T="0" /><Point X="172" Y="256" T="0" /><Point X="168" Y="259" T="0" /><Point X="166" Y="260" T="0" /><Point X="163" Y="262" T="0" /><Point X="160" Y="264" T="0" /><Point X="158" Y="264" T="0" /><Point X="155" Y="265" T="0" /><Point X="152" Y="267" T="0" /><Point X="150" Y="267" T="0" /><Point X="149" Y="268" T="0" /><Point X="146" Y="270" T="0" /><Point X="144" Y="271" T="0" /><Point X="143" Y="272" T="0" /><Point X="142" Y="273" T="0" /><Point X="141" Y="273" T="0" /><Point X="141" Y="274" T="0" /><Point X="139" Y="275" T="0" /><Point X="138" Y="275" T="0" /><Point X="137" Y="275" T="0" /><Point X="136" Y="275" T="0" /><Point X="135" Y="275" T="0" /><Point X="134" Y="275" T="0" /><Point X="134" Y="276" T="0" /><Point X="132" Y="277" T="0" /><Point X="130" Y="279" T="0" /><Point X="129" Y="279" T="0" /><Point X="128" Y="280" T="0" /><Point X="126" Y="282" T="0" /><Point X="124" Y="285" T="0" /><Point X="122" Y="287" T="0" /><Point X="121" Y="288" T="0" /><Point X="120" Y="289" T="0" /><Point X="119" Y="290" T="0" /><Point X="118" Y="291" T="0" /><Point X="117" Y="292" T="0" /><Point X="117" Y="293" T="0" /><Point X="117" Y="295" T="0" /><Point X="116" Y="295" T="0" /><Point X="115" Y="295" T="0" /><Point X="114" Y="295" T="0" /><Point X="112" Y="296" T="0" /><Point X="112" Y="297" T="0" /><Point X="111" Y="298" T="0" /><Point X="110" Y="298" T="0" /><Point X="110" Y="299" T="0" /><Point X="109" Y="299" T="0" /><Point X="108" Y="301" T="0" /><Point X="107" Y="302" T="0" /><Point X="106" Y="302" T="0" /></Gesture>