<Gesture Name="star" Subject="1" Number="1" NumPts="169" Millseconds="0" AppName="Gestures" AppVer="1.0" Date="Wednesday, March 01, 2023" TimeOfDay="19:19:07" ID="7"><Point X="133" Y="270" T="0" /><Point X="148" Y="243" T="0" /><Point X="156" Y="227" T="0" /><Point X="171" Y="196" T="0" /><Point X="182" Y="173" T="0" /><Point X="188" Y="160" T="0" /><Point X="194" Y="152" T="0" /><Point X="198" Y="145" T="0" /><Point X="202" Y="139" T="0" /><Point X="206" Y="132" T="0" /><Point X="209" Y="129" T="0" /><Point X="213" Y="124" T="0" /><Point X="214" Y="122" T="0" /><Point X="216" Y="120" T="0" /><Point X="218" Y="117" T="0" /><Point X="219" Y="115" T="0" /><Point X="221" Y="113" T="0" /><Point X="221" Y="111" T="0" /><Point X="222" Y="110" T="0" /><Point X="223" Y="109" T="0" /><Point X="223" Y="108" T="0" /><Point X="223" Y="110" T="0" /><Point X="224" Y="114" T="0" /><Point X="226" Y="119" T="0" /><Point X="226" Y="126" T="0" /><Point X="230" Y="135" T="0" /><Point X="231" Y="147" T="0" /><Point X="233" Y="161" T="0" /><Point X="234" Y="172" T="0" /><Point X="235" Y="182" T="0" /><Point X="236" Y="190" T="0" /><Point X="239" Y="198" T="0" /><Point X="240" Y="207" T="0" /><Point X="242" Y="215" T="0" /><Point X="244" Y="224" T="0" /><Point X="246" Y="231" T="0" /><Point X="249" Y="235" T="0" /><Point X="252" Y="242" T="0" /><Point X="255" Y="249" T="0" /><Point X="260" Y="256" T="0" /><Point X="263" Y="266" T="0" /><Point X="266" Y="273" T="0" /><Point X="270" Y="280" T="0" /><Point X="271" Y="284" T="0" /><Point X="272" Y="289" T="0" /><Point X="273" Y="291" T="0" /><Point X="274" Y="293" T="0" /><Point X="274" Y="295" T="0" /><Point X="274" Y="296" T="0" /><Point X="274" Y="297" T="0" /><Point X="274" Y="298" T="0" /><Point X="274" Y="299" T="0" /><Point X="274" Y="300" T="0" /><Point X="272" Y="298" T="0" /><Point X="265" Y="292" T="0" /><Point X="256" Y="285" T="0" /><Point X="249" Y="277" T="0" /><Point X="238" Y="270" T="0" /><Point X="226" Y="263" T="0" /><Point X="214" Y="256" T="0" /><Point X="204" Y="251" T="0" /><Point X="194" Y="245" T="0" /><Point X="186" Y="239" T="0" /><Point X="177" Y="233" T="0" /><Point X="169" Y="227" T="0" /><Point X="161" Y="220" T="0" /><Point X="153" Y="214" T="0" /><Point X="146" Y="208" T="0" /><Point X="141" Y="203" T="0" /><Point X="136" Y="201" T="0" /><Point X="134" Y="199" T="0" /><Point X="132" Y="196" T="0" /><Point X="131" Y="195" T="0" /><Point X="130" Y="195" T="0" /><Point X="129" Y="195" T="0" /><Point X="128" Y="195" T="0" /><Point X="127" Y="195" T="0" /><Point X="128" Y="195" T="0" /><Point X="132" Y="195" T="0" /><Point X="136" Y="195" T="0" /><Point X="143" Y="195" T="0" /><Point X="150" Y="196" T="0" /><Point X="156" Y="199" T="0" /><Point X="164" Y="199" T="0" /><Point X="176" Y="199" T="0" /><Point X="190" Y="199" T="0" /><Point X="203" Y="199" T="0" /><Point X="215" Y="199" T="0" /><Point X="230" Y="197" T="0" /><Point X="245" Y="195" T="0" /><Point X="257" Y="195" T="0" /><Point X="268" Y="195" T="0" /><Point X="276" Y="195" T="0" /><Point X="284" Y="195" T="0" /><Point X="290" Y="195" T="0" /><Point X="294" Y="195" T="0" /><Point X="299" Y="195" T="0" /><Point X="301" Y="195" T="0" /><Point X="303" Y="195" T="0" /><Point X="304" Y="195" T="0" /><Point X="305" Y="195" T="0" /><Point X="306" Y="195" T="0" /><Point X="307" Y="195" T="0" /><Point X="308" Y="195" T="0" /><Point X="308" Y="196" T="0" /><Point X="308" Y="197" T="0" /><Point X="307" Y="198" T="0" /><Point X="306" Y="199" T="0" /><Point X="303" Y="201" T="0" /><Point X="301" Y="205" T="0" /><Point X="296" Y="207" T="0" /><Point X="292" Y="212" T="0" /><Point X="286" Y="216" T="0" /><Point X="280" Y="220" T="0" /><Point X="273" Y="226" T="0" /><Point X="266" Y="229" T="0" /><Point X="260" Y="231" T="0" /><Point X="254" Y="234" T="0" /><Point X="248" Y="235" T="0" /><Point X="241" Y="238" T="0" /><Point X="231" Y="239" T="0" /><Point X="219" Y="242" T="0" /><Point X="210" Y="245" T="0" /><Point X="202" Y="247" T="0" /><Point X="196" Y="249" T="0" /><Point X="190" Y="251" T="0" /><Point X="186" Y="254" T="0" /><Point X="179" Y="255" T="0" /><Point X="175" Y="258" T="0" /><Point X="170" Y="259" T="0" /><Point X="167" Y="261" T="0" /><Point X="164" Y="263" T="0" /><Point X="162" Y="263" T="0" /><Point X="158" Y="264" T="0" /><Point X="155" Y="265" T="0" /><Point X="154" Y="266" T="0" /><Point X="151" Y="267" T="0" /><Point X="148" Y="268" T="0" /><Point X="146" Y="271" T="0" /><Point X="144" Y="271" T="0" /><Point X="142" Y="272" T="0" /><Point X="140" Y="274" T="0" /><Point X="139" Y="275" T="0" /><Point X="138" Y="275" T="0" /><Point X="137" Y="275" T="0" /><Point X="136" Y="276" T="0" /><Point X="135" Y="277" T="0" /><Point X="134" Y="277" T="0" /><Point X="134" Y="278" T="0" /><Point X="134" Y="279" T="0" /><Point X="133" Y="279" T="0" /><Point X="132" Y="279" T="0" /><Point X="131" Y="279" T="0" /><Point X="130" Y="280" T="0" /><Point X="130" Y="282" T="0" /><Point X="128" Y="282" T="0" /><Point X="126" Y="283" T="0" /><Point X="122" Y="284" T="0" /><Point X="120" Y="285" T="0" /><Point X="118" Y="286" T="0" /><Point X="117" Y="287" T="0" /><Point X="115" Y="287" T="0" /><Point X="114" Y="288" T="0" /><Point X="113" Y="289" T="0" /><Point X="113" Y="290" T="0" /><Point X="112" Y="291" T="0" /><Point X="111" Y="291" T="0" /><Point X="110" Y="292" T="0" /><Point X="109" Y="292" T="0" /></Gesture>