<Gesture Name="star" Subject="1" Number="1" NumPts="168" Millseconds="0" AppName="Gestures" AppVer="1.0" Date="Wednesday, March 01, 2023" TimeOfDay="19:17:31" ID="5"><Point X="134" Y="257" T="0" /><Point X="148" Y="242" T="0" /><Point X="158" Y="232" T="0" /><Point X="169" Y="216" T="0" /><Point X="182" Y="195" T="0" /><Point X="192" Y="179" T="0" /><Point X="200" Y="169" T="0" /><Point X="207" Y="160" T="0" /><Point X="213" Y="151" T="0" /><Point X="219" Y="144" T="0" /><Point X="223" Y="137" T="0" /><Point X="227" Y="131" T="0" /><Point X="230" Y="127" T="0" /><Point X="232" Y="123" T="0" /><Point X="233" Y="121" T="0" /><Point X="235" Y="119" T="0" /><Point X="237" Y="115" T="0" /><Point X="238" Y="114" T="0" /><Point X="238" Y="112" T="0" /><Point X="240" Y="111" T="0" /><Point X="242" Y="110" T="0" /><Point X="244" Y="107" T="0" /><Point X="245" Y="106" T="0" /><Point X="246" Y="104" T="0" /><Point X="247" Y="103" T="0" /><Point X="248" Y="103" T="0" /><Point X="248" Y="101" T="0" /><Point X="248" Y="102" T="0" /><Point X="250" Y="104" T="0" /><Point X="250" Y="108" T="0" /><Point X="253" Y="118" T="0" /><Point X="255" Y="127" T="0" /><Point X="257" Y="135" T="0" /><Point X="260" Y="145" T="0" /><Point X="264" Y="159" T="0" /><Point X="267" Y="172" T="0" /><Point X="270" Y="184" T="0" /><Point X="274" Y="194" T="0" /><Point X="278" Y="203" T="0" /><Point X="281" Y="213" T="0" /><Point X="286" Y="220" T="0" /><Point X="288" Y="229" T="0" /><Point X="291" Y="236" T="0" /><Point X="295" Y="243" T="0" /><Point X="298" Y="248" T="0" /><Point X="303" Y="254" T="0" /><Point X="309" Y="262" T="0" /><Point X="315" Y="267" T="0" /><Point X="320" Y="275" T="0" /><Point X="324" Y="279" T="0" /><Point X="328" Y="287" T="0" /><Point X="331" Y="295" T="0" /><Point X="334" Y="298" T="0" /><Point X="334" Y="299" T="0" /><Point X="335" Y="300" T="0" /><Point X="336" Y="302" T="0" /><Point X="336" Y="303" T="0" /><Point X="335" Y="303" T="0" /><Point X="334" Y="303" T="0" /><Point X="331" Y="303" T="0" /><Point X="325" Y="299" T="0" /><Point X="318" Y="294" T="0" /><Point X="311" Y="287" T="0" /><Point X="302" Y="282" T="0" /><Point X="288" Y="273" T="0" /><Point X="272" Y="263" T="0" /><Point X="260" Y="251" T="0" /><Point X="248" Y="242" T="0" /><Point X="233" Y="228" T="0" /><Point X="216" Y="215" T="0" /><Point X="205" Y="207" T="0" /><Point X="194" Y="200" T="0" /><Point X="186" Y="194" T="0" /><Point X="178" Y="186" T="0" /><Point X="172" Y="179" T="0" /><Point X="165" Y="173" T="0" /><Point X="158" Y="168" T="0" /><Point X="153" Y="165" T="0" /><Point X="148" Y="163" T="0" /><Point X="146" Y="163" T="0" /><Point X="144" Y="162" T="0" /><Point X="142" Y="162" T="0" /><Point X="141" Y="162" T="0" /><Point X="140" Y="162" T="0" /><Point X="139" Y="162" T="0" /><Point X="138" Y="162" T="0" /><Point X="139" Y="163" T="0" /><Point X="142" Y="164" T="0" /><Point X="145" Y="165" T="0" /><Point X="148" Y="168" T="0" /><Point X="153" Y="170" T="0" /><Point X="158" Y="171" T="0" /><Point X="164" Y="174" T="0" /><Point X="175" Y="175" T="0" /><Point X="187" Y="175" T="0" /><Point X="199" Y="175" T="0" /><Point X="210" Y="175" T="0" /><Point X="226" Y="175" T="0" /><Point X="243" Y="174" T="0" /><Point X="257" Y="173" T="0" /><Point X="270" Y="171" T="0" /><Point X="283" Y="171" T="0" /><Point X="297" Y="171" T="0" /><Point X="305" Y="171" T="0" /><Point X="311" Y="171" T="0" /><Point X="316" Y="171" T="0" /><Point X="318" Y="171" T="0" /><Point X="320" Y="171" T="0" /><Point X="322" Y="171" T="0" /><Point X="323" Y="171" T="0" /><Point X="324" Y="171" T="0" /><Point X="325" Y="171" T="0" /><Point X="325" Y="172" T="0" /><Point X="325" Y="173" T="0" /><Point X="325" Y="175" T="0" /><Point X="324" Y="176" T="0" /><Point X="321" Y="177" T="0" /><Point X="315" Y="179" T="0" /><Point X="307" Y="182" T="0" /><Point X="300" Y="185" T="0" /><Point X="291" Y="188" T="0" /><Point X="280" Y="193" T="0" /><Point X="268" Y="199" T="0" /><Point X="257" Y="207" T="0" /><Point X="248" Y="211" T="0" /><Point X="241" Y="217" T="0" /><Point X="230" Y="223" T="0" /><Point X="221" Y="228" T="0" /><Point X="210" Y="232" T="0" /><Point X="202" Y="235" T="0" /><Point X="195" Y="239" T="0" /><Point X="188" Y="241" T="0" /><Point X="184" Y="243" T="0" /><Point X="179" Y="244" T="0" /><Point X="177" Y="245" T="0" /><Point X="172" Y="246" T="0" /><Point X="170" Y="247" T="0" /><Point X="166" Y="248" T="0" /><Point X="162" Y="249" T="0" /><Point X="159" Y="250" T="0" /><Point X="157" Y="251" T="0" /><Point X="154" Y="251" T="0" /><Point X="152" Y="251" T="0" /><Point X="149" Y="252" T="0" /><Point X="148" Y="253" T="0" /><Point X="146" Y="255" T="0" /><Point X="145" Y="255" T="0" /><Point X="142" Y="256" T="0" /><Point X="142" Y="257" T="0" /><Point X="141" Y="257" T="0" /><Point X="140" Y="258" T="0" /><Point X="139" Y="259" T="0" /><Point X="138" Y="259" T="0" /><Point X="137" Y="259" T="0" /><Point X="135" Y="261" T="0" /><Point X="134" Y="262" T="0" /><Point X="133" Y="263" T="0" /><Point X="132" Y="263" T="0" /><Point X="130" Y="264" T="0" /><Point X="128" Y="266" T="0" /><Point X="126" Y="267" T="0" /><Point X="124" Y="268" T="0" /><Point X="122" Y="269" T="0" /><Point X="121" Y="270" T="0" /><Point X="120" Y="271" T="0" /><Point X="119" Y="271" T="0" /><Point X="118" Y="273" T="0" /><Point X="118" Y="274" T="0" /></Gesture>