<Gesture Name="star" Subject="1" Number="1" NumPts="149" Millseconds="0" AppName="Gestures" AppVer="1.0" Date="Wednesday, March 01, 2023" TimeOfDay="19:22:08" ID="10"><Point X="141" Y="284" T="0" /><Point X="151" Y="256" T="0" /><Point X="156" Y="239" T="0" /><Point X="162" Y="225" T="0" /><Point X="170" Y="198" T="0" /><Point X="178" Y="173" T="0" /><Point X="181" Y="162" T="0" /><Point X="183" Y="155" T="0" /><Point X="185" Y="148" T="0" /><Point X="188" Y="143" T="0" /><Point X="190" Y="138" T="0" /><Point X="190" Y="135" T="0" /><Point X="191" Y="130" T="0" /><Point X="192" Y="128" T="0" /><Point X="193" Y="126" T="0" /><Point X="194" Y="122" T="0" /><Point X="194" Y="119" T="0" /><Point X="194" Y="116" T="0" /><Point X="195" Y="113" T="0" /><Point X="197" Y="110" T="0" /><Point X="198" Y="107" T="0" /><Point X="198" Y="105" T="0" /><Point X="199" Y="103" T="0" /><Point X="200" Y="102" T="0" /><Point X="200" Y="99" T="0" /><Point X="200" Y="98" T="0" /><Point X="201" Y="98" T="0" /><Point X="201" Y="99" T="0" /><Point X="202" Y="103" T="0" /><Point X="206" Y="108" T="0" /><Point X="209" Y="119" T="0" /><Point X="212" Y="129" T="0" /><Point X="217" Y="139" T="0" /><Point X="222" Y="153" T="0" /><Point X="233" Y="176" T="0" /><Point X="238" Y="188" T="0" /><Point X="246" Y="199" T="0" /><Point X="251" Y="212" T="0" /><Point X="260" Y="227" T="0" /><Point X="267" Y="242" T="0" /><Point X="273" Y="252" T="0" /><Point X="279" Y="260" T="0" /><Point X="285" Y="268" T="0" /><Point X="291" Y="275" T="0" /><Point X="295" Y="283" T="0" /><Point X="300" Y="289" T="0" /><Point X="303" Y="292" T="0" /><Point X="306" Y="295" T="0" /><Point X="307" Y="296" T="0" /><Point X="308" Y="297" T="0" /><Point X="309" Y="298" T="0" /><Point X="310" Y="299" T="0" /><Point X="310" Y="301" T="0" /><Point X="310" Y="302" T="0" /><Point X="310" Y="299" T="0" /><Point X="304" Y="297" T="0" /><Point X="297" Y="293" T="0" /><Point X="286" Y="287" T="0" /><Point X="267" Y="278" T="0" /><Point X="242" Y="262" T="0" /><Point X="218" Y="247" T="0" /><Point X="199" Y="234" T="0" /><Point X="182" Y="226" T="0" /><Point X="163" Y="216" T="0" /><Point X="154" Y="211" T="0" /><Point X="146" Y="208" T="0" /><Point X="139" Y="207" T="0" /><Point X="131" Y="204" T="0" /><Point X="126" Y="203" T="0" /><Point X="117" Y="200" T="0" /><Point X="111" Y="198" T="0" /><Point X="106" Y="195" T="0" /><Point X="100" Y="195" T="0" /><Point X="97" Y="194" T="0" /><Point X="94" Y="193" T="0" /><Point X="92" Y="193" T="0" /><Point X="91" Y="193" T="0" /><Point X="90" Y="193" T="0" /><Point X="88" Y="193" T="0" /><Point X="87" Y="193" T="0" /><Point X="86" Y="193" T="0" /><Point X="86" Y="192" T="0" /><Point X="88" Y="190" T="0" /><Point X="94" Y="186" T="0" /><Point X="103" Y="180" T="0" /><Point X="114" Y="176" T="0" /><Point X="123" Y="172" T="0" /><Point X="138" Y="167" T="0" /><Point X="162" Y="163" T="0" /><Point X="178" Y="160" T="0" /><Point X="193" Y="158" T="0" /><Point X="214" Y="155" T="0" /><Point X="228" Y="155" T="0" /><Point X="238" Y="155" T="0" /><Point X="246" Y="155" T="0" /><Point X="254" Y="155" T="0" /><Point X="260" Y="155" T="0" /><Point X="266" Y="156" T="0" /><Point X="269" Y="156" T="0" /><Point X="273" Y="156" T="0" /><Point X="275" Y="156" T="0" /><Point X="276" Y="156" T="0" /><Point X="278" Y="156" T="0" /><Point X="280" Y="156" T="0" /><Point X="281" Y="156" T="0" /><Point X="282" Y="156" T="0" /><Point X="283" Y="156" T="0" /><Point X="284" Y="156" T="0" /><Point X="284" Y="157" T="0" /><Point X="284" Y="158" T="0" /><Point X="284" Y="159" T="0" /><Point X="283" Y="160" T="0" /><Point X="282" Y="163" T="0" /><Point X="279" Y="167" T="0" /><Point X="275" Y="171" T="0" /><Point X="273" Y="174" T="0" /><Point X="268" Y="178" T="0" /><Point X="264" Y="183" T="0" /><Point X="258" Y="187" T="0" /><Point X="252" Y="192" T="0" /><Point X="245" Y="197" T="0" /><Point X="238" Y="203" T="0" /><Point X="231" Y="208" T="0" /><Point X="225" Y="215" T="0" /><Point X="220" Y="219" T="0" /><Point X="214" Y="225" T="0" /><Point X="210" Y="229" T="0" /><Point X="204" Y="234" T="0" /><Point X="199" Y="237" T="0" /><Point X="194" Y="240" T="0" /><Point X="189" Y="244" T="0" /><Point X="182" Y="248" T="0" /><Point X="179" Y="251" T="0" /><Point X="174" Y="255" T="0" /><Point X="170" Y="260" T="0" /><Point X="166" Y="265" T="0" /><Point X="162" Y="270" T="0" /><Point X="160" Y="274" T="0" /><Point X="157" Y="277" T="0" /><Point X="154" Y="280" T="0" /><Point X="152" Y="282" T="0" /><Point X="150" Y="283" T="0" /><Point X="148" Y="284" T="0" /><Point X="147" Y="285" T="0" /><Point X="147" Y="286" T="0" /><Point X="146" Y="287" T="0" /><Point X="145" Y="288" T="0" /><Point X="144" Y="289" T="0" /><Point X="143" Y="290" T="0" /></Gesture>