<Gesture Name="triangle" Subject="1" Number="1" NumPts="138" Millseconds="0" AppName="Gestures" AppVer="1.0" Date="Wednesday, March 01, 2023" TimeOfDay="19:14:17" ID="2"><Point X="193" Y="121" T="0" /><Point X="187" Y="128" T="0" /><Point X="180" Y="135" T="0" /><Point X="174" Y="141" T="0" /><Point X="170" Y="144" T="0" /><Point X="166" Y="149" T="0" /><Point X="162" Y="153" T="0" /><Point X="160" Y="156" T="0" /><Point X="158" Y="159" T="0" /><Point X="157" Y="161" T="0" /><Point X="154" Y="164" T="0" /><Point X="153" Y="166" T="0" /><Point X="152" Y="167" T="0" /><Point X="151" Y="168" T="0" /><Point X="150" Y="171" T="0" /><Point X="149" Y="171" T="0" /><Point X="148" Y="172" T="0" /><Point X="147" Y="173" T="0" /><Point X="146" Y="174" T="0" /><Point X="146" Y="175" T="0" /><Point X="146" Y="176" T="0" /><Point X="146" Y="177" T="0" /><Point X="145" Y="178" T="0" /><Point X="142" Y="179" T="0" /><Point X="141" Y="181" T="0" /><Point X="140" Y="183" T="0" /><Point X="140" Y="184" T="0" /><Point X="138" Y="186" T="0" /><Point X="135" Y="187" T="0" /><Point X="134" Y="189" T="0" /><Point X="132" Y="191" T="0" /><Point X="131" Y="191" T="0" /><Point X="130" Y="192" T="0" /><Point X="130" Y="193" T="0" /><Point X="129" Y="194" T="0" /><Point X="128" Y="194" T="0" /><Point X="127" Y="195" T="0" /><Point X="126" Y="195" T="0" /><Point X="126" Y="196" T="0" /><Point X="126" Y="197" T="0" /><Point X="125" Y="198" T="0" /><Point X="124" Y="198" T="0" /><Point X="122" Y="199" T="0" /><Point X="122" Y="200" T="0" /><Point X="121" Y="200" T="0" /><Point X="120" Y="201" T="0" /><Point X="120" Y="203" T="0" /><Point X="119" Y="203" T="0" /><Point X="121" Y="203" T="0" /><Point X="126" Y="203" T="0" /><Point X="134" Y="203" T="0" /><Point X="141" Y="203" T="0" /><Point X="149" Y="202" T="0" /><Point X="158" Y="202" T="0" /><Point X="169" Y="202" T="0" /><Point X="181" Y="202" T="0" /><Point X="190" Y="202" T="0" /><Point X="199" Y="202" T="0" /><Point X="207" Y="203" T="0" /><Point X="214" Y="203" T="0" /><Point X="224" Y="204" T="0" /><Point X="234" Y="206" T="0" /><Point X="242" Y="207" T="0" /><Point X="247" Y="208" T="0" /><Point X="252" Y="209" T="0" /><Point X="256" Y="211" T="0" /><Point X="259" Y="212" T="0" /><Point X="262" Y="213" T="0" /><Point X="266" Y="213" T="0" /><Point X="270" Y="213" T="0" /><Point X="274" Y="213" T="0" /><Point X="275" Y="213" T="0" /><Point X="278" Y="213" T="0" /><Point X="280" Y="213" T="0" /><Point X="281" Y="213" T="0" /><Point X="282" Y="213" T="0" /><Point X="282" Y="212" T="0" /><Point X="282" Y="209" T="0" /><Point X="281" Y="207" T="0" /><Point X="277" Y="201" T="0" /><Point X="274" Y="196" T="0" /><Point X="271" Y="188" T="0" /><Point X="266" Y="178" T="0" /><Point X="263" Y="171" T="0" /><Point X="261" Y="165" T="0" /><Point X="257" Y="160" T="0" /><Point X="255" Y="158" T="0" /><Point X="254" Y="156" T="0" /><Point X="252" Y="154" T="0" /><Point X="251" Y="152" T="0" /><Point X="250" Y="151" T="0" /><Point X="248" Y="150" T="0" /><Point X="246" Y="149" T="0" /><Point X="245" Y="147" T="0" /><Point X="243" Y="147" T="0" /><Point X="242" Y="145" T="0" /><Point X="240" Y="143" T="0" /><Point X="238" Y="142" T="0" /><Point X="237" Y="140" T="0" /><Point X="235" Y="139" T="0" /><Point X="234" Y="138" T="0" /><Point X="234" Y="136" T="0" /><Point X="233" Y="135" T="0" /><Point X="232" Y="133" T="0" /><Point X="231" Y="131" T="0" /><Point X="230" Y="131" T="0" /><Point X="230" Y="130" T="0" /><Point X="229" Y="129" T="0" /><Point X="228" Y="128" T="0" /><Point X="227" Y="127" T="0" /><Point X="226" Y="126" T="0" /><Point X="226" Y="125" T="0" /><Point X="225" Y="125" T="0" /><Point X="224" Y="124" T="0" /><Point X="222" Y="123" T="0" /><Point X="221" Y="123" T="0" /><Point X="219" Y="122" T="0" /><Point X="218" Y="120" T="0" /><Point X="218" Y="119" T="0" /><Point X="217" Y="119" T="0" /><Point X="216" Y="119" T="0" /><Point X="215" Y="119" T="0" /><Point X="214" Y="119" T="0" /><Point X="213" Y="119" T="0" /><Point X="212" Y="119" T="0" /><Point X="211" Y="119" T="0" /><Point X="210" Y="119" T="0" /><Point X="209" Y="119" T="0" /><Point X="208" Y="119" T="0" /><Point X="207" Y="119" T="0" /><Point X="206" Y="119" T="0" /><Point X="205" Y="119" T="0" /><Point X="204" Y="119" T="0" /><Point X="203" Y="119" T="0" /><Point X="202" Y="119" T="0" /><Point X="201" Y="119" T="0" /><Point X="200" Y="119" T="0" /><Point X="199" Y="119" T="0" /></Gesture>