<Gesture Name="triangle" Subject="1" Number="1" NumPts="115" Millseconds="0" AppName="Gestures" AppVer="1.0" Date="Wednesday, March 01, 2023" TimeOfDay="19:21:26" ID="10"><Point X="210" Y="124" T="0" /><Point X="202" Y="127" T="0" /><Point X="194" Y="133" T="0" /><Point X="188" Y="137" T="0" /><Point X="180" Y="143" T="0" /><Point X="174" Y="148" T="0" /><Point X="166" Y="155" T="0" /><Point X="159" Y="161" T="0" /><Point X="153" Y="167" T="0" /><Point X="145" Y="174" T="0" /><Point X="138" Y="178" T="0" /><Point X="130" Y="183" T="0" /><Point X="125" Y="186" T="0" /><Point X="121" Y="189" T="0" /><Point X="117" Y="194" T="0" /><Point X="113" Y="197" T="0" /><Point X="107" Y="203" T="0" /><Point X="101" Y="210" T="0" /><Point X="95" Y="216" T="0" /><Point X="90" Y="221" T="0" /><Point X="86" Y="226" T="0" /><Point X="83" Y="229" T="0" /><Point X="78" Y="234" T="0" /><Point X="75" Y="238" T="0" /><Point X="73" Y="241" T="0" /><Point X="69" Y="246" T="0" /><Point X="66" Y="251" T="0" /><Point X="63" Y="255" T="0" /><Point X="61" Y="259" T="0" /><Point X="60" Y="260" T="0" /><Point X="59" Y="263" T="0" /><Point X="58" Y="264" T="0" /><Point X="58" Y="265" T="0" /><Point X="58" Y="266" T="0" /><Point X="58" Y="267" T="0" /><Point X="61" Y="267" T="0" /><Point X="70" Y="266" T="0" /><Point X="78" Y="264" T="0" /><Point X="88" Y="263" T="0" /><Point X="98" Y="263" T="0" /><Point X="110" Y="261" T="0" /><Point X="123" Y="260" T="0" /><Point X="135" Y="260" T="0" /><Point X="145" Y="259" T="0" /><Point X="154" Y="257" T="0" /><Point X="166" Y="256" T="0" /><Point X="177" Y="255" T="0" /><Point X="187" Y="255" T="0" /><Point X="197" Y="254" T="0" /><Point X="206" Y="253" T="0" /><Point X="215" Y="253" T="0" /><Point X="225" Y="251" T="0" /><Point X="234" Y="251" T="0" /><Point X="242" Y="251" T="0" /><Point X="248" Y="250" T="0" /><Point X="254" Y="250" T="0" /><Point X="257" Y="249" T="0" /><Point X="260" Y="247" T="0" /><Point X="264" Y="247" T="0" /><Point X="267" Y="246" T="0" /><Point X="272" Y="245" T="0" /><Point X="274" Y="245" T="0" /><Point X="279" Y="244" T="0" /><Point X="282" Y="244" T="0" /><Point X="285" Y="244" T="0" /><Point X="288" Y="244" T="0" /><Point X="290" Y="244" T="0" /><Point X="291" Y="244" T="0" /><Point X="294" Y="244" T="0" /><Point X="295" Y="244" T="0" /><Point X="296" Y="244" T="0" /><Point X="296" Y="243" T="0" /><Point X="295" Y="243" T="0" /><Point X="294" Y="242" T="0" /><Point X="291" Y="238" T="0" /><Point X="290" Y="236" T="0" /><Point X="283" Y="230" T="0" /><Point X="279" Y="223" T="0" /><Point X="275" Y="218" T="0" /><Point X="270" Y="211" T="0" /><Point X="266" Y="207" T="0" /><Point X="262" Y="204" T="0" /><Point X="260" Y="202" T="0" /><Point X="258" Y="199" T="0" /><Point X="254" Y="195" T="0" /><Point X="252" Y="194" T="0" /><Point X="250" Y="191" T="0" /><Point X="245" Y="187" T="0" /><Point X="242" Y="185" T="0" /><Point X="239" Y="180" T="0" /><Point X="234" Y="173" T="0" /><Point X="232" Y="171" T="0" /><Point X="230" Y="169" T="0" /><Point X="228" Y="167" T="0" /><Point X="227" Y="165" T="0" /><Point X="226" Y="164" T="0" /><Point X="226" Y="163" T="0" /><Point X="225" Y="163" T="0" /><Point X="225" Y="162" T="0" /><Point X="225" Y="161" T="0" /><Point X="223" Y="158" T="0" /><Point X="222" Y="155" T="0" /><Point X="220" Y="150" T="0" /><Point X="218" Y="147" T="0" /><Point X="217" Y="144" T="0" /><Point X="215" Y="141" T="0" /><Point X="214" Y="139" T="0" /><Point X="213" Y="138" T="0" /><Point X="212" Y="138" T="0" /><Point X="212" Y="137" T="0" /><Point X="212" Y="136" T="0" /><Point X="212" Y="135" T="0" /><Point X="212" Y="134" T="0" /><Point X="212" Y="133" T="0" /><Point X="212" Y="131" T="0" /></Gesture>