<Gesture Name="triangle" Subject="1" Number="1" NumPts="101" Millseconds="0" AppName="Gestures" AppVer="1.0" Date="Wednesday, March 01, 2023" TimeOfDay="19:16:51" ID="5"><Point X="164" Y="114" T="0" /><Point X="154" Y="135" T="0" /><Point X="145" Y="148" T="0" /><Point X="139" Y="158" T="0" /><Point X="133" Y="167" T="0" /><Point X="126" Y="175" T="0" /><Point X="121" Y="185" T="0" /><Point X="116" Y="191" T="0" /><Point X="113" Y="199" T="0" /><Point X="111" Y="202" T="0" /><Point X="110" Y="205" T="0" /><Point X="107" Y="207" T="0" /><Point X="106" Y="209" T="0" /><Point X="106" Y="211" T="0" /><Point X="105" Y="211" T="0" /><Point X="104" Y="211" T="0" /><Point X="104" Y="212" T="0" /><Point X="104" Y="213" T="0" /><Point X="103" Y="213" T="0" /><Point X="103" Y="214" T="0" /><Point X="103" Y="215" T="0" /><Point X="102" Y="216" T="0" /><Point X="101" Y="217" T="0" /><Point X="101" Y="218" T="0" /><Point X="100" Y="218" T="0" /><Point X="99" Y="219" T="0" /><Point X="98" Y="221" T="0" /><Point X="98" Y="223" T="0" /><Point X="98" Y="224" T="0" /><Point X="98" Y="225" T="0" /><Point X="98" Y="226" T="0" /><Point X="98" Y="227" T="0" /><Point X="101" Y="227" T="0" /><Point X="108" Y="227" T="0" /><Point X="116" Y="227" T="0" /><Point X="124" Y="227" T="0" /><Point X="130" Y="227" T="0" /><Point X="141" Y="227" T="0" /><Point X="154" Y="227" T="0" /><Point X="164" Y="227" T="0" /><Point X="173" Y="227" T="0" /><Point X="181" Y="227" T="0" /><Point X="189" Y="227" T="0" /><Point X="198" Y="227" T="0" /><Point X="206" Y="227" T="0" /><Point X="212" Y="227" T="0" /><Point X="218" Y="227" T="0" /><Point X="224" Y="227" T="0" /><Point X="228" Y="227" T="0" /><Point X="232" Y="227" T="0" /><Point X="235" Y="227" T="0" /><Point X="238" Y="227" T="0" /><Point X="242" Y="227" T="0" /><Point X="244" Y="227" T="0" /><Point X="248" Y="227" T="0" /><Point X="250" Y="227" T="0" /><Point X="252" Y="227" T="0" /><Point X="256" Y="227" T="0" /><Point X="258" Y="227" T="0" /><Point X="259" Y="227" T="0" /><Point X="261" Y="227" T="0" /><Point X="262" Y="227" T="0" /><Point X="263" Y="227" T="0" /><Point X="263" Y="226" T="0" /><Point X="262" Y="224" T="0" /><Point X="259" Y="223" T="0" /><Point X="253" Y="215" T="0" /><Point X="249" Y="207" T="0" /><Point X="243" Y="198" T="0" /><Point X="237" Y="191" T="0" /><Point X="233" Y="183" T="0" /><Point X="227" Y="177" T="0" /><Point X="224" Y="173" T="0" /><Point X="219" Y="168" T="0" /><Point X="215" Y="163" T="0" /><Point X="210" Y="158" T="0" /><Point X="207" Y="151" T="0" /><Point X="204" Y="144" T="0" /><Point X="200" Y="139" T="0" /><Point X="197" Y="134" T="0" /><Point X="195" Y="131" T="0" /><Point X="194" Y="126" T="0" /><Point X="192" Y="123" T="0" /><Point X="190" Y="120" T="0" /><Point X="189" Y="119" T="0" /><Point X="187" Y="116" T="0" /><Point X="185" Y="113" T="0" /><Point X="184" Y="111" T="0" /><Point X="184" Y="110" T="0" /><Point X="183" Y="108" T="0" /><Point X="182" Y="107" T="0" /><Point X="182" Y="105" T="0" /><Point X="181" Y="103" T="0" /><Point X="180" Y="103" T="0" /><Point X="179" Y="101" T="0" /><Point X="178" Y="100" T="0" /><Point X="178" Y="99" T="0" /><Point X="177" Y="98" T="0" /><Point X="176" Y="97" T="0" /><Point X="176" Y="96" T="0" /><Point X="176" Y="95" T="0" /></Gesture>