<Gesture Name="triangle" Subject="1" Number="1" NumPts="104" Millseconds="0" AppName="Gestures" AppVer="1.0" Date="Wednesday, March 01, 2023" TimeOfDay="19:18:31" ID="7"><Point X="204" Y="157" T="0" /><Point X="194" Y="169" T="0" /><Point X="179" Y="187" T="0" /><Point X="168" Y="199" T="0" /><Point X="160" Y="207" T="0" /><Point X="154" Y="213" T="0" /><Point X="146" Y="219" T="0" /><Point X="141" Y="223" T="0" /><Point X="137" Y="227" T="0" /><Point X="134" Y="230" T="0" /><Point X="131" Y="234" T="0" /><Point X="130" Y="236" T="0" /><Point X="128" Y="239" T="0" /><Point X="126" Y="239" T="0" /><Point X="126" Y="241" T="0" /><Point X="124" Y="242" T="0" /><Point X="124" Y="243" T="0" /><Point X="123" Y="243" T="0" /><Point X="122" Y="243" T="0" /><Point X="122" Y="244" T="0" /><Point X="122" Y="245" T="0" /><Point X="122" Y="246" T="0" /><Point X="122" Y="247" T="0" /><Point X="121" Y="247" T="0" /><Point X="120" Y="249" T="0" /><Point X="120" Y="250" T="0" /><Point X="118" Y="251" T="0" /><Point X="117" Y="252" T="0" /><Point X="117" Y="253" T="0" /><Point X="116" Y="254" T="0" /><Point X="115" Y="255" T="0" /><Point X="115" Y="256" T="0" /><Point X="115" Y="257" T="0" /><Point X="115" Y="258" T="0" /><Point X="115" Y="259" T="0" /><Point X="117" Y="259" T="0" /><Point X="119" Y="259" T="0" /><Point X="124" Y="259" T="0" /><Point X="133" Y="259" T="0" /><Point X="142" Y="259" T="0" /><Point X="152" Y="259" T="0" /><Point X="161" Y="259" T="0" /><Point X="170" Y="259" T="0" /><Point X="178" Y="259" T="0" /><Point X="191" Y="259" T="0" /><Point X="201" Y="259" T="0" /><Point X="209" Y="259" T="0" /><Point X="217" Y="259" T="0" /><Point X="225" Y="259" T="0" /><Point X="232" Y="259" T="0" /><Point X="241" Y="259" T="0" /><Point X="249" Y="259" T="0" /><Point X="256" Y="259" T="0" /><Point X="261" Y="259" T="0" /><Point X="266" Y="259" T="0" /><Point X="270" Y="260" T="0" /><Point X="273" Y="260" T="0" /><Point X="274" Y="260" T="0" /><Point X="278" Y="260" T="0" /><Point X="280" Y="260" T="0" /><Point X="281" Y="260" T="0" /><Point X="282" Y="260" T="0" /><Point X="285" Y="260" T="0" /><Point X="286" Y="260" T="0" /><Point X="287" Y="260" T="0" /><Point X="286" Y="256" T="0" /><Point X="283" Y="247" T="0" /><Point X="279" Y="240" T="0" /><Point X="276" Y="233" T="0" /><Point X="274" Y="227" T="0" /><Point X="270" Y="223" T="0" /><Point X="266" Y="215" T="0" /><Point X="262" Y="207" T="0" /><Point X="257" Y="199" T="0" /><Point X="254" Y="192" T="0" /><Point X="250" Y="185" T="0" /><Point X="247" Y="182" T="0" /><Point X="244" Y="177" T="0" /><Point X="243" Y="175" T="0" /><Point X="241" Y="172" T="0" /><Point X="239" Y="171" T="0" /><Point X="238" Y="169" T="0" /><Point X="236" Y="167" T="0" /><Point X="234" Y="165" T="0" /><Point X="234" Y="162" T="0" /><Point X="233" Y="159" T="0" /><Point X="232" Y="156" T="0" /><Point X="230" Y="152" T="0" /><Point X="230" Y="150" T="0" /><Point X="230" Y="147" T="0" /><Point X="228" Y="144" T="0" /><Point X="227" Y="143" T="0" /><Point X="226" Y="142" T="0" /><Point X="226" Y="141" T="0" /><Point X="225" Y="141" T="0" /><Point X="225" Y="140" T="0" /><Point X="224" Y="139" T="0" /><Point X="223" Y="139" T="0" /><Point X="223" Y="138" T="0" /><Point X="222" Y="137" T="0" /><Point X="221" Y="136" T="0" /><Point X="220" Y="135" T="0" /><Point X="219" Y="135" T="0" /><Point X="218" Y="135" T="0" /></Gesture>