<Gesture Name="triangle" Subject="1" Number="1" NumPts="104" Millseconds="0" AppName="Gestures" AppVer="1.0" Date="Wednesday, March 01, 2023" TimeOfDay="19:17:36" ID="6"><Point X="189" Y="113" T="0" /><Point X="182" Y="119" T="0" /><Point X="175" Y="127" T="0" /><Point X="168" Y="134" T="0" /><Point X="162" Y="138" T="0" /><Point X="154" Y="142" T="0" /><Point X="147" Y="146" T="0" /><Point X="142" Y="148" T="0" /><Point X="138" Y="151" T="0" /><Point X="134" Y="155" T="0" /><Point X="130" Y="159" T="0" /><Point X="126" Y="163" T="0" /><Point X="122" Y="168" T="0" /><Point X="117" Y="175" T="0" /><Point X="114" Y="178" T="0" /><Point X="110" Y="181" T="0" /><Point X="108" Y="184" T="0" /><Point X="106" Y="186" T="0" /><Point X="102" Y="187" T="0" /><Point X="101" Y="189" T="0" /><Point X="99" Y="191" T="0" /><Point X="97" Y="192" T="0" /><Point X="94" Y="194" T="0" /><Point X="92" Y="195" T="0" /><Point X="90" Y="198" T="0" /><Point X="87" Y="199" T="0" /><Point X="86" Y="201" T="0" /><Point X="84" Y="202" T="0" /><Point X="82" Y="203" T="0" /><Point X="80" Y="206" T="0" /><Point X="78" Y="207" T="0" /><Point X="78" Y="208" T="0" /><Point X="77" Y="209" T="0" /><Point X="77" Y="210" T="0" /><Point X="76" Y="210" T="0" /><Point X="75" Y="211" T="0" /><Point X="74" Y="211" T="0" /><Point X="75" Y="211" T="0" /><Point X="77" Y="210" T="0" /><Point X="83" Y="208" T="0" /><Point X="96" Y="205" T="0" /><Point X="108" Y="203" T="0" /><Point X="118" Y="199" T="0" /><Point X="131" Y="196" T="0" /><Point X="150" Y="194" T="0" /><Point X="167" Y="192" T="0" /><Point X="179" Y="191" T="0" /><Point X="193" Y="189" T="0" /><Point X="207" Y="188" T="0" /><Point X="219" Y="188" T="0" /><Point X="230" Y="188" T="0" /><Point X="238" Y="188" T="0" /><Point X="247" Y="190" T="0" /><Point X="255" Y="191" T="0" /><Point X="261" Y="192" T="0" /><Point X="266" Y="193" T="0" /><Point X="272" Y="194" T="0" /><Point X="274" Y="194" T="0" /><Point X="277" Y="194" T="0" /><Point X="278" Y="194" T="0" /><Point X="279" Y="194" T="0" /><Point X="280" Y="194" T="0" /><Point X="281" Y="194" T="0" /><Point X="280" Y="194" T="0" /><Point X="277" Y="192" T="0" /><Point X="274" Y="188" T="0" /><Point X="269" Y="183" T="0" /><Point X="262" Y="175" T="0" /><Point X="258" Y="167" T="0" /><Point X="254" Y="162" T="0" /><Point X="250" Y="157" T="0" /><Point X="247" Y="155" T="0" /><Point X="246" Y="151" T="0" /><Point X="244" Y="150" T="0" /><Point X="242" Y="148" T="0" /><Point X="241" Y="147" T="0" /><Point X="238" Y="145" T="0" /><Point X="236" Y="142" T="0" /><Point X="231" Y="138" T="0" /><Point X="228" Y="132" T="0" /><Point X="226" Y="127" T="0" /><Point X="222" Y="123" T="0" /><Point X="220" Y="120" T="0" /><Point X="218" Y="118" T="0" /><Point X="217" Y="117" T="0" /><Point X="216" Y="115" T="0" /><Point X="215" Y="114" T="0" /><Point X="214" Y="113" T="0" /><Point X="213" Y="112" T="0" /><Point X="212" Y="111" T="0" /><Point X="210" Y="108" T="0" /><Point X="208" Y="107" T="0" /><Point X="206" Y="106" T="0" /><Point X="206" Y="104" T="0" /><Point X="204" Y="103" T="0" /><Point X="202" Y="101" T="0" /><Point X="200" Y="100" T="0" /><Point X="199" Y="100" T="0" /><Point X="198" Y="99" T="0" /><Point X="197" Y="98" T="0" /><Point X="196" Y="98" T="0" /><Point X="194" Y="98" T="0" /><Point X="193" Y="98" T="0" /><Point X="192" Y="98" T="0" /></Gesture>