<Gesture Name="triangle" Subject="1" Number="1" NumPts="126" Millseconds="0" AppName="Gestures" AppVer="1.0" Date="Wednesday, March 01, 2023" TimeOfDay="19:16:01" ID="4"><Point X="194" Y="134" T="0" /><Point X="188" Y="140" T="0" /><Point X="183" Y="144" T="0" /><Point X="179" Y="147" T="0" /><Point X="175" Y="151" T="0" /><Point X="172" Y="153" T="0" /><Point X="168" Y="155" T="0" /><Point X="166" Y="160" T="0" /><Point X="159" Y="167" T="0" /><Point X="155" Y="174" T="0" /><Point X="151" Y="181" T="0" /><Point X="145" Y="188" T="0" /><Point X="141" Y="195" T="0" /><Point X="137" Y="198" T="0" /><Point X="134" Y="202" T="0" /><Point X="132" Y="205" T="0" /><Point X="128" Y="209" T="0" /><Point X="126" Y="210" T="0" /><Point X="126" Y="211" T="0" /><Point X="125" Y="212" T="0" /><Point X="124" Y="213" T="0" /><Point X="122" Y="214" T="0" /><Point X="122" Y="215" T="0" /><Point X="121" Y="216" T="0" /><Point X="118" Y="219" T="0" /><Point X="114" Y="224" T="0" /><Point X="113" Y="227" T="0" /><Point X="112" Y="227" T="0" /><Point X="109" Y="232" T="0" /><Point X="104" Y="237" T="0" /><Point X="102" Y="242" T="0" /><Point X="100" Y="244" T="0" /><Point X="97" Y="246" T="0" /><Point X="94" Y="247" T="0" /><Point X="93" Y="249" T="0" /><Point X="92" Y="250" T="0" /><Point X="92" Y="251" T="0" /><Point X="90" Y="251" T="0" /><Point X="90" Y="252" T="0" /><Point X="90" Y="253" T="0" /><Point X="93" Y="253" T="0" /><Point X="95" Y="253" T="0" /><Point X="101" Y="253" T="0" /><Point X="110" Y="251" T="0" /><Point X="122" Y="251" T="0" /><Point X="136" Y="248" T="0" /><Point X="147" Y="246" T="0" /><Point X="159" Y="243" T="0" /><Point X="171" Y="240" T="0" /><Point X="183" Y="239" T="0" /><Point X="195" Y="236" T="0" /><Point X="205" Y="235" T="0" /><Point X="214" Y="233" T="0" /><Point X="224" Y="232" T="0" /><Point X="234" Y="232" T="0" /><Point X="242" Y="232" T="0" /><Point X="250" Y="232" T="0" /><Point X="258" Y="234" T="0" /><Point X="265" Y="235" T="0" /><Point X="273" Y="236" T="0" /><Point X="278" Y="237" T="0" /><Point X="284" Y="238" T="0" /><Point X="287" Y="239" T="0" /><Point X="290" Y="239" T="0" /><Point X="293" Y="240" T="0" /><Point X="294" Y="240" T="0" /><Point X="295" Y="241" T="0" /><Point X="296" Y="241" T="0" /><Point X="297" Y="241" T="0" /><Point X="298" Y="241" T="0" /><Point X="298" Y="242" T="0" /><Point X="294" Y="239" T="0" /><Point X="290" Y="232" T="0" /><Point X="285" Y="225" T="0" /><Point X="282" Y="219" T="0" /><Point X="279" Y="215" T="0" /><Point X="277" Y="212" T="0" /><Point X="274" Y="210" T="0" /><Point X="273" Y="208" T="0" /><Point X="271" Y="205" T="0" /><Point X="269" Y="203" T="0" /><Point X="266" Y="200" T="0" /><Point X="263" Y="197" T="0" /><Point X="260" Y="192" T="0" /><Point X="255" Y="185" T="0" /><Point X="251" Y="179" T="0" /><Point X="248" Y="173" T="0" /><Point X="245" Y="167" T="0" /><Point X="242" Y="164" T="0" /><Point X="241" Y="163" T="0" /><Point X="239" Y="161" T="0" /><Point X="238" Y="159" T="0" /><Point X="237" Y="158" T="0" /><Point X="236" Y="157" T="0" /><Point X="235" Y="157" T="0" /><Point X="234" Y="156" T="0" /><Point X="233" Y="155" T="0" /><Point X="232" Y="155" T="0" /><Point X="230" Y="152" T="0" /><Point X="229" Y="151" T="0" /><Point X="226" Y="149" T="0" /><Point X="225" Y="147" T="0" /><Point X="223" Y="146" T="0" /><Point X="222" Y="144" T="0" /><Point X="220" Y="143" T="0" /><Point X="218" Y="141" T="0" /><Point X="217" Y="139" T="0" /><Point X="215" Y="138" T="0" /><Point X="214" Y="136" T="0" /><Point X="212" Y="135" T="0" /><Point X="210" Y="133" T="0" /><Point X="209" Y="131" T="0" /><Point X="207" Y="130" T="0" /><Point X="206" Y="128" T="0" /><Point X="205" Y="127" T="0" /><Point X="204" Y="127" T="0" /><Point X="203" Y="127" T="0" /><Point X="203" Y="126" T="0" /><Point X="202" Y="125" T="0" /><Point X="202" Y="124" T="0" /><Point X="202" Y="123" T="0" /><Point X="201" Y="123" T="0" /><Point X="200" Y="123" T="0" /><Point X="199" Y="123" T="0" /><Point X="198" Y="123" T="0" /><Point X="197" Y="123" T="0" /></Gesture>