<Gesture Name="triangle" Subject="1" Number="1" NumPts="96" Millseconds="0" AppName="Gestures" AppVer="1.0" Date="Wednesday, March 01, 2023" TimeOfDay="19:19:14" ID="8"><Point X="183" Y="145" T="0" /><Point X="167" Y="163" T="0" /><Point X="149" Y="187" T="0" /><Point X="139" Y="199" T="0" /><Point X="132" Y="209" T="0" /><Point X="126" Y="215" T="0" /><Point X="120" Y="224" T="0" /><Point X="115" Y="231" T="0" /><Point X="110" Y="236" T="0" /><Point X="107" Y="241" T="0" /><Point X="106" Y="243" T="0" /><Point X="104" Y="245" T="0" /><Point X="102" Y="247" T="0" /><Point X="102" Y="248" T="0" /><Point X="101" Y="249" T="0" /><Point X="100" Y="250" T="0" /><Point X="99" Y="251" T="0" /><Point X="99" Y="253" T="0" /><Point X="101" Y="254" T="0" /><Point X="102" Y="254" T="0" /><Point X="107" Y="255" T="0" /><Point X="111" Y="256" T="0" /><Point X="121" Y="258" T="0" /><Point X="133" Y="260" T="0" /><Point X="145" Y="261" T="0" /><Point X="156" Y="263" T="0" /><Point X="168" Y="263" T="0" /><Point X="181" Y="263" T="0" /><Point X="194" Y="263" T="0" /><Point X="205" Y="263" T="0" /><Point X="214" Y="263" T="0" /><Point X="221" Y="263" T="0" /><Point X="229" Y="263" T="0" /><Point X="237" Y="263" T="0" /><Point X="244" Y="264" T="0" /><Point X="248" Y="264" T="0" /><Point X="254" Y="264" T="0" /><Point X="256" Y="265" T="0" /><Point X="261" Y="266" T="0" /><Point X="264" Y="267" T="0" /><Point X="266" Y="267" T="0" /><Point X="268" Y="267" T="0" /><Point X="270" Y="267" T="0" /><Point X="271" Y="267" T="0" /><Point X="272" Y="267" T="0" /><Point X="274" Y="267" T="0" /><Point X="274" Y="268" T="0" /><Point X="274" Y="267" T="0" /><Point X="273" Y="263" T="0" /><Point X="272" Y="256" T="0" /><Point X="270" Y="247" T="0" /><Point X="268" Y="242" T="0" /><Point X="266" Y="237" T="0" /><Point X="263" Y="235" T="0" /><Point X="263" Y="233" T="0" /><Point X="262" Y="231" T="0" /><Point X="261" Y="231" T="0" /><Point X="261" Y="230" T="0" /><Point X="260" Y="230" T="0" /><Point X="259" Y="229" T="0" /><Point X="258" Y="229" T="0" /><Point X="257" Y="229" T="0" /><Point X="254" Y="223" T="0" /><Point X="250" Y="219" T="0" /><Point X="247" Y="214" T="0" /><Point X="242" Y="207" T="0" /><Point X="241" Y="203" T="0" /><Point X="238" Y="201" T="0" /><Point X="238" Y="199" T="0" /><Point X="236" Y="195" T="0" /><Point X="234" Y="194" T="0" /><Point X="234" Y="191" T="0" /><Point X="233" Y="191" T="0" /><Point X="232" Y="190" T="0" /><Point X="230" Y="188" T="0" /><Point X="229" Y="187" T="0" /><Point X="226" Y="182" T="0" /><Point X="222" Y="179" T="0" /><Point X="218" Y="172" T="0" /><Point X="214" Y="167" T="0" /><Point X="210" Y="162" T="0" /><Point X="208" Y="159" T="0" /><Point X="206" Y="155" T="0" /><Point X="204" Y="153" T="0" /><Point X="203" Y="152" T="0" /><Point X="202" Y="151" T="0" /><Point X="202" Y="148" T="0" /><Point X="201" Y="147" T="0" /><Point X="200" Y="147" T="0" /><Point X="199" Y="146" T="0" /><Point X="198" Y="146" T="0" /><Point X="197" Y="146" T="0" /><Point X="196" Y="145" T="0" /><Point X="196" Y="144" T="0" /><Point X="195" Y="144" T="0" /><Point X="194" Y="144" T="0" /></Gesture>