<Gesture Name="triangle" Subject="1" Number="1" NumPts="187" Millseconds="0" AppName="Gestures" AppVer="1.0" Date="Wednesday, March 01, 2023" TimeOfDay="19:12:46" ID="1"><Point X="181" Y="122" T="0" /><Point X="178" Y="125" T="0" /><Point X="172" Y="131" T="0" /><Point X="170" Y="135" T="0" /><Point X="166" Y="139" T="0" /><Point X="164" Y="143" T="0" /><Point X="162" Y="147" T="0" /><Point X="161" Y="148" T="0" /><Point X="159" Y="151" T="0" /><Point X="157" Y="154" T="0" /><Point X="155" Y="156" T="0" /><Point X="154" Y="159" T="0" /><Point X="150" Y="162" T="0" /><Point X="147" Y="166" T="0" /><Point X="145" Y="169" T="0" /><Point X="141" Y="174" T="0" /><Point X="138" Y="178" T="0" /><Point X="135" Y="182" T="0" /><Point X="133" Y="184" T="0" /><Point X="130" Y="187" T="0" /><Point X="128" Y="191" T="0" /><Point X="126" Y="192" T="0" /><Point X="125" Y="194" T="0" /><Point X="122" Y="195" T="0" /><Point X="121" Y="198" T="0" /><Point X="120" Y="200" T="0" /><Point X="118" Y="201" T="0" /><Point X="117" Y="204" T="0" /><Point X="114" Y="207" T="0" /><Point X="113" Y="209" T="0" /><Point X="111" Y="212" T="0" /><Point X="110" Y="215" T="0" /><Point X="107" Y="217" T="0" /><Point X="106" Y="219" T="0" /><Point X="105" Y="222" T="0" /><Point X="105" Y="223" T="0" /><Point X="104" Y="224" T="0" /><Point X="103" Y="226" T="0" /><Point X="102" Y="227" T="0" /><Point X="102" Y="228" T="0" /><Point X="101" Y="229" T="0" /><Point X="100" Y="230" T="0" /><Point X="99" Y="230" T="0" /><Point X="99" Y="231" T="0" /><Point X="98" Y="231" T="0" /><Point X="97" Y="233" T="0" /><Point X="97" Y="234" T="0" /><Point X="97" Y="235" T="0" /><Point X="98" Y="235" T="0" /><Point X="102" Y="235" T="0" /><Point X="105" Y="235" T="0" /><Point X="108" Y="235" T="0" /><Point X="114" Y="235" T="0" /><Point X="120" Y="234" T="0" /><Point X="124" Y="234" T="0" /><Point X="131" Y="232" T="0" /><Point X="135" Y="232" T="0" /><Point X="141" Y="232" T="0" /><Point X="143" Y="232" T="0" /><Point X="147" Y="232" T="0" /><Point X="149" Y="232" T="0" /><Point X="151" Y="231" T="0" /><Point X="154" Y="231" T="0" /><Point X="158" Y="230" T="0" /><Point X="159" Y="230" T="0" /><Point X="163" Y="229" T="0" /><Point X="166" Y="229" T="0" /><Point X="170" Y="229" T="0" /><Point X="173" Y="229" T="0" /><Point X="174" Y="229" T="0" /><Point X="178" Y="228" T="0" /><Point X="181" Y="228" T="0" /><Point X="183" Y="228" T="0" /><Point X="185" Y="228" T="0" /><Point X="187" Y="228" T="0" /><Point X="190" Y="227" T="0" /><Point X="193" Y="227" T="0" /><Point X="194" Y="227" T="0" /><Point X="197" Y="227" T="0" /><Point X="201" Y="226" T="0" /><Point X="203" Y="226" T="0" /><Point X="207" Y="225" T="0" /><Point X="210" Y="225" T="0" /><Point X="214" Y="224" T="0" /><Point X="218" Y="224" T="0" /><Point X="219" Y="224" T="0" /><Point X="222" Y="224" T="0" /><Point X="225" Y="224" T="0" /><Point X="226" Y="223" T="0" /><Point X="228" Y="223" T="0" /><Point X="230" Y="223" T="0" /><Point X="231" Y="223" T="0" /><Point X="233" Y="223" T="0" /><Point X="234" Y="223" T="0" /><Point X="236" Y="223" T="0" /><Point X="237" Y="223" T="0" /><Point X="238" Y="223" T="0" /><Point X="239" Y="223" T="0" /><Point X="240" Y="223" T="0" /><Point X="241" Y="223" T="0" /><Point X="242" Y="223" T="0" /><Point X="243" Y="223" T="0" /><Point X="244" Y="223" T="0" /><Point X="245" Y="223" T="0" /><Point X="246" Y="223" T="0" /><Point X="248" Y="223" T="0" /><Point X="249" Y="223" T="0" /><Point X="250" Y="223" T="0" /><Point X="249" Y="221" T="0" /><Point X="247" Y="219" T="0" /><Point X="246" Y="216" T="0" /><Point X="244" Y="215" T="0" /><Point X="242" Y="214" T="0" /><Point X="241" Y="211" T="0" /><Point X="240" Y="210" T="0" /><Point X="239" Y="209" T="0" /><Point X="238" Y="207" T="0" /><Point X="237" Y="205" T="0" /><Point X="237" Y="203" T="0" /><Point X="236" Y="203" T="0" /><Point X="235" Y="201" T="0" /><Point X="234" Y="199" T="0" /><Point X="232" Y="196" T="0" /><Point X="230" Y="194" T="0" /><Point X="228" Y="192" T="0" /><Point X="227" Y="190" T="0" /><Point X="227" Y="188" T="0" /><Point X="226" Y="187" T="0" /><Point X="225" Y="186" T="0" /><Point X="225" Y="185" T="0" /><Point X="223" Y="185" T="0" /><Point X="222" Y="183" T="0" /><Point X="221" Y="182" T="0" /><Point X="219" Y="181" T="0" /><Point X="218" Y="179" T="0" /><Point X="217" Y="179" T="0" /><Point X="215" Y="178" T="0" /><Point X="214" Y="175" T="0" /><Point X="213" Y="174" T="0" /><Point X="213" Y="172" T="0" /><Point X="212" Y="171" T="0" /><Point X="211" Y="169" T="0" /><Point X="210" Y="167" T="0" /><Point X="208" Y="165" T="0" /><Point X="207" Y="163" T="0" /><Point X="206" Y="160" T="0" /><Point X="206" Y="158" T="0" /><Point X="205" Y="155" T="0" /><Point X="204" Y="152" T="0" /><Point X="204" Y="151" T="0" /><Point X="203" Y="150" T="0" /><Point X="202" Y="149" T="0" /><Point X="201" Y="148" T="0" /><Point X="201" Y="147" T="0" /><Point X="200" Y="147" T="0" /><Point X="199" Y="146" T="0" /><Point X="198" Y="145" T="0" /><Point X="198" Y="144" T="0" /><Point X="198" Y="143" T="0" /><Point X="197" Y="143" T="0" /><Point X="195" Y="142" T="0" /><Point X="194" Y="141" T="0" /><Point X="194" Y="140" T="0" /><Point X="193" Y="139" T="0" /><Point X="192" Y="139" T="0" /><Point X="191" Y="138" T="0" /><Point X="190" Y="137" T="0" /><Point X="190" Y="136" T="0" /><Point X="190" Y="135" T="0" /><Point X="189" Y="135" T="0" /><Point X="189" Y="134" T="0" /><Point X="188" Y="133" T="0" /><Point X="188" Y="132" T="0" /><Point X="187" Y="131" T="0" /><Point X="186" Y="130" T="0" /><Point X="186" Y="128" T="0" /><Point X="186" Y="127" T="0" /><Point X="184" Y="126" T="0" /><Point X="184" Y="124" T="0" /><Point X="184" Y="123" T="0" /><Point X="183" Y="122" T="0" /><Point X="183" Y="121" T="0" /><Point X="183" Y="120" T="0" /><Point X="183" Y="119" T="0" /><Point X="182" Y="119" T="0" /><Point X="182" Y="118" T="0" /><Point X="182" Y="117" T="0" /></Gesture>