<Gesture Name="triangle" Subject="1" Number="1" NumPts="103" Millseconds="0" AppName="Gestures" AppVer="1.0" Date="Wednesday, March 01, 2023" TimeOfDay="19:19:59" ID="9"><Point X="179" Y="127" T="0" /><Point X="173" Y="133" T="0" /><Point X="168" Y="139" T="0" /><Point X="162" Y="145" T="0" /><Point X="158" Y="150" T="0" /><Point X="155" Y="155" T="0" /><Point X="151" Y="159" T="0" /><Point X="148" Y="162" T="0" /><Point X="143" Y="166" T="0" /><Point X="138" Y="168" T="0" /><Point X="132" Y="172" T="0" /><Point X="127" Y="176" T="0" /><Point X="122" Y="179" T="0" /><Point X="118" Y="183" T="0" /><Point X="113" Y="187" T="0" /><Point X="110" Y="191" T="0" /><Point X="106" Y="195" T="0" /><Point X="103" Y="200" T="0" /><Point X="101" Y="203" T="0" /><Point X="98" Y="207" T="0" /><Point X="96" Y="209" T="0" /><Point X="95" Y="211" T="0" /><Point X="94" Y="212" T="0" /><Point X="94" Y="213" T="0" /><Point X="93" Y="214" T="0" /><Point X="92" Y="215" T="0" /><Point X="90" Y="216" T="0" /><Point X="90" Y="217" T="0" /><Point X="90" Y="218" T="0" /><Point X="90" Y="219" T="0" /><Point X="91" Y="219" T="0" /><Point X="92" Y="219" T="0" /><Point X="94" Y="220" T="0" /><Point X="99" Y="222" T="0" /><Point X="106" Y="223" T="0" /><Point X="115" Y="224" T="0" /><Point X="125" Y="225" T="0" /><Point X="133" Y="226" T="0" /><Point X="140" Y="227" T="0" /><Point X="146" Y="228" T="0" /><Point X="154" Y="229" T="0" /><Point X="163" Y="230" T="0" /><Point X="168" Y="230" T="0" /><Point X="175" Y="230" T="0" /><Point X="181" Y="230" T="0" /><Point X="183" Y="230" T="0" /><Point X="186" Y="230" T="0" /><Point X="190" Y="230" T="0" /><Point X="191" Y="230" T="0" /><Point X="195" Y="230" T="0" /><Point X="198" Y="230" T="0" /><Point X="200" Y="230" T="0" /><Point X="203" Y="230" T="0" /><Point X="205" Y="230" T="0" /><Point X="206" Y="230" T="0" /><Point X="208" Y="230" T="0" /><Point X="210" Y="230" T="0" /><Point X="211" Y="230" T="0" /><Point X="212" Y="230" T="0" /><Point X="213" Y="230" T="0" /><Point X="214" Y="230" T="0" /><Point X="216" Y="230" T="0" /><Point X="217" Y="230" T="0" /><Point X="217" Y="229" T="0" /><Point X="218" Y="228" T="0" /><Point X="218" Y="227" T="0" /><Point X="219" Y="227" T="0" /><Point X="221" Y="227" T="0" /><Point X="222" Y="226" T="0" /><Point X="222" Y="225" T="0" /><Point X="222" Y="224" T="0" /><Point X="223" Y="223" T="0" /><Point X="224" Y="223" T="0" /><Point X="225" Y="223" T="0" /><Point X="226" Y="223" T="0" /><Point X="226" Y="222" T="0" /><Point X="226" Y="221" T="0" /><Point X="226" Y="220" T="0" /><Point X="226" Y="219" T="0" /><Point X="226" Y="215" T="0" /><Point X="226" Y="207" T="0" /><Point X="225" Y="199" T="0" /><Point X="223" Y="195" T="0" /><Point X="220" Y="189" T="0" /><Point X="216" Y="183" T="0" /><Point X="214" Y="175" T="0" /><Point X="210" Y="168" T="0" /><Point X="206" Y="163" T="0" /><Point X="203" Y="157" T="0" /><Point X="202" Y="153" T="0" /><Point X="200" Y="150" T="0" /><Point X="198" Y="147" T="0" /><Point X="196" Y="146" T="0" /><Point X="194" Y="143" T="0" /><Point X="193" Y="140" T="0" /><Point X="191" Y="138" T="0" /><Point X="189" Y="135" T="0" /><Point X="188" Y="132" T="0" /><Point X="187" Y="130" T="0" /><Point X="187" Y="129" T="0" /><Point X="186" Y="127" T="0" /><Point X="185" Y="127" T="0" /><Point X="185" Y="126" T="0" /></Gesture>