<Gesture Name="v" Subject="1" Number="1" NumPts="53" Millseconds="0" AppName="Gestures" AppVer="1.0" Date="Wednesday, March 01, 2023" TimeOfDay="19:13:54" ID="1"><Point X="119" Y="186" T="0" /><Point X="124" Y="198" T="0" /><Point X="128" Y="207" T="0" /><Point X="131" Y="212" T="0" /><Point X="134" Y="219" T="0" /><Point X="138" Y="228" T="0" /><Point X="142" Y="236" T="0" /><Point X="145" Y="246" T="0" /><Point X="149" Y="254" T="0" /><Point X="150" Y="260" T="0" /><Point X="153" Y="263" T="0" /><Point X="154" Y="267" T="0" /><Point X="155" Y="270" T="0" /><Point X="156" Y="271" T="0" /><Point X="157" Y="273" T="0" /><Point X="158" Y="275" T="0" /><Point X="158" Y="276" T="0" /><Point X="159" Y="277" T="0" /><Point X="159" Y="278" T="0" /><Point X="160" Y="278" T="0" /><Point X="160" Y="279" T="0" /><Point X="160" Y="280" T="0" /><Point X="161" Y="280" T="0" /><Point X="162" Y="282" T="0" /><Point X="162" Y="283" T="0" /><Point X="163" Y="283" T="0" /><Point X="164" Y="283" T="0" /><Point X="164" Y="284" T="0" /><Point X="165" Y="284" T="0" /><Point X="166" Y="284" T="0" /><Point X="167" Y="284" T="0" /><Point X="171" Y="284" T="0" /><Point X="176" Y="283" T="0" /><Point X="183" Y="278" T="0" /><Point X="190" Y="274" T="0" /><Point X="198" Y="265" T="0" /><Point X="210" Y="251" T="0" /><Point X="218" Y="239" T="0" /><Point X="226" Y="231" T="0" /><Point X="231" Y="225" T="0" /><Point X="238" Y="218" T="0" /><Point X="243" Y="210" T="0" /><Point X="248" Y="205" T="0" /><Point X="251" Y="199" T="0" /><Point X="254" Y="195" T="0" /><Point X="256" Y="194" T="0" /><Point X="258" Y="191" T="0" /><Point X="258" Y="189" T="0" /><Point X="259" Y="188" T="0" /><Point X="259" Y="187" T="0" /><Point X="260" Y="187" T="0" /><Point X="261" Y="187" T="0" /><Point X="261" Y="186" T="0" /></Gesture>