<Gesture Name="v" Subject="1" Number="1" NumPts="38" Millseconds="0" AppName="Gestures" AppVer="1.0" Date="Wednesday, March 01, 2023" TimeOfDay="19:21:50" ID="10"><Point X="161" Y="178" T="0" /><Point X="170" Y="193" T="0" /><Point X="182" Y="210" T="0" /><Point X="187" Y="221" T="0" /><Point X="194" Y="230" T="0" /><Point X="198" Y="235" T="0" /><Point X="204" Y="246" T="0" /><Point X="209" Y="255" T="0" /><Point X="214" Y="265" T="0" /><Point X="217" Y="272" T="0" /><Point X="220" Y="277" T="0" /><Point X="222" Y="282" T="0" /><Point X="224" Y="283" T="0" /><Point X="225" Y="285" T="0" /><Point X="226" Y="287" T="0" /><Point X="226" Y="288" T="0" /><Point X="227" Y="289" T="0" /><Point X="227" Y="290" T="0" /><Point X="228" Y="290" T="0" /><Point X="228" Y="291" T="0" /><Point X="229" Y="291" T="0" /><Point X="230" Y="291" T="0" /><Point X="233" Y="286" T="0" /><Point X="240" Y="273" T="0" /><Point X="244" Y="263" T="0" /><Point X="250" Y="251" T="0" /><Point X="256" Y="231" T="0" /><Point X="266" Y="203" T="0" /><Point X="271" Y="189" T="0" /><Point X="278" Y="172" T="0" /><Point X="285" Y="147" T="0" /><Point X="289" Y="136" T="0" /><Point X="293" Y="129" T="0" /><Point X="294" Y="126" T="0" /><Point X="295" Y="124" T="0" /><Point X="296" Y="123" T="0" /><Point X="296" Y="122" T="0" /><Point X="296" Y="121" T="0" /></Gesture>