<Gesture Name="v" Subject="1" Number="1" NumPts="58" Millseconds="0" AppName="Gestures" AppVer="1.0" Date="Wednesday, March 01, 2023" TimeOfDay="19:14:46" ID="2"><Point X="136" Y="139" T="0" /><Point X="139" Y="143" T="0" /><Point X="146" Y="151" T="0" /><Point X="151" Y="160" T="0" /><Point X="159" Y="171" T="0" /><Point X="165" Y="180" T="0" /><Point X="169" Y="186" T="0" /><Point X="173" Y="195" T="0" /><Point X="178" Y="204" T="0" /><Point X="184" Y="215" T="0" /><Point X="190" Y="227" T="0" /><Point X="193" Y="235" T="0" /><Point X="198" Y="241" T="0" /><Point X="202" Y="248" T="0" /><Point X="206" Y="255" T="0" /><Point X="211" Y="266" T="0" /><Point X="215" Y="273" T="0" /><Point X="220" Y="281" T="0" /><Point X="222" Y="288" T="0" /><Point X="225" Y="293" T="0" /><Point X="226" Y="298" T="0" /><Point X="229" Y="300" T="0" /><Point X="230" Y="302" T="0" /><Point X="231" Y="304" T="0" /><Point X="232" Y="306" T="0" /><Point X="232" Y="307" T="0" /><Point X="233" Y="307" T="0" /><Point X="234" Y="308" T="0" /><Point X="234" Y="309" T="0" /><Point X="234" Y="310" T="0" /><Point X="234" Y="311" T="0" /><Point X="235" Y="311" T="0" /><Point X="236" Y="311" T="0" /><Point X="237" Y="311" T="0" /><Point X="239" Y="309" T="0" /><Point X="247" Y="296" T="0" /><Point X="257" Y="280" T="0" /><Point X="262" Y="267" T="0" /><Point X="270" Y="253" T="0" /><Point X="280" Y="223" T="0" /><Point X="286" Y="203" T="0" /><Point X="290" Y="194" T="0" /><Point X="292" Y="185" T="0" /><Point X="295" Y="177" T="0" /><Point X="298" Y="169" T="0" /><Point X="299" Y="163" T="0" /><Point X="301" Y="157" T="0" /><Point X="302" Y="154" T="0" /><Point X="303" Y="151" T="0" /><Point X="305" Y="149" T="0" /><Point X="306" Y="148" T="0" /><Point X="306" Y="147" T="0" /><Point X="307" Y="146" T="0" /><Point X="307" Y="144" T="0" /><Point X="308" Y="143" T="0" /><Point X="309" Y="142" T="0" /><Point X="310" Y="142" T="0" /><Point X="310" Y="141" T="0" /></Gesture>