<Gesture Name="v" Subject="1" Number="1" NumPts="46" Millseconds="0" AppName="Gestures" AppVer="1.0" Date="Wednesday, March 01, 2023" TimeOfDay="19:15:41" ID="3"><Point X="113" Y="163" T="0" /><Point X="118" Y="172" T="0" /><Point X="122" Y="184" T="0" /><Point X="125" Y="195" T="0" /><Point X="130" Y="207" T="0" /><Point X="133" Y="216" T="0" /><Point X="134" Y="222" T="0" /><Point X="138" Y="227" T="0" /><Point X="139" Y="232" T="0" /><Point X="142" Y="238" T="0" /><Point X="144" Y="241" T="0" /><Point X="147" Y="246" T="0" /><Point X="149" Y="249" T="0" /><Point X="150" Y="252" T="0" /><Point X="150" Y="254" T="0" /><Point X="150" Y="255" T="0" /><Point X="150" Y="256" T="0" /><Point X="150" Y="257" T="0" /><Point X="150" Y="258" T="0" /><Point X="150" Y="259" T="0" /><Point X="150" Y="260" T="0" /><Point X="151" Y="261" T="0" /><Point X="152" Y="262" T="0" /><Point X="153" Y="263" T="0" /><Point X="154" Y="264" T="0" /><Point X="155" Y="265" T="0" /><Point X="156" Y="265" T="0" /><Point X="157" Y="265" T="0" /><Point X="159" Y="265" T="0" /><Point X="165" Y="263" T="0" /><Point X="172" Y="259" T="0" /><Point X="178" Y="252" T="0" /><Point X="186" Y="247" T="0" /><Point X="192" Y="239" T="0" /><Point X="198" Y="230" T="0" /><Point X="208" Y="216" T="0" /><Point X="217" Y="203" T="0" /><Point X="222" Y="194" T="0" /><Point X="228" Y="187" T="0" /><Point X="232" Y="182" T="0" /><Point X="237" Y="178" T="0" /><Point X="241" Y="175" T="0" /><Point X="243" Y="173" T="0" /><Point X="246" Y="172" T="0" /><Point X="246" Y="171" T="0" /><Point X="247" Y="171" T="0" /></Gesture>