<Gesture Name="v" Subject="1" Number="1" NumPts="52" Millseconds="0" AppName="Gestures" AppVer="1.0" Date="Wednesday, March 01, 2023" TimeOfDay="19:16:31" ID="4"><Point X="98" Y="153" T="0" /><Point X="105" Y="167" T="0" /><Point X="110" Y="184" T="0" /><Point X="114" Y="196" T="0" /><Point X="119" Y="207" T="0" /><Point X="122" Y="213" T="0" /><Point X="124" Y="220" T="0" /><Point X="127" Y="227" T="0" /><Point X="129" Y="232" T="0" /><Point X="130" Y="236" T="0" /><Point X="133" Y="241" T="0" /><Point X="134" Y="244" T="0" /><Point X="137" Y="249" T="0" /><Point X="138" Y="252" T="0" /><Point X="138" Y="255" T="0" /><Point X="139" Y="258" T="0" /><Point X="140" Y="259" T="0" /><Point X="141" Y="261" T="0" /><Point X="142" Y="263" T="0" /><Point X="142" Y="264" T="0" /><Point X="143" Y="266" T="0" /><Point X="144" Y="267" T="0" /><Point X="145" Y="269" T="0" /><Point X="146" Y="271" T="0" /><Point X="146" Y="272" T="0" /><Point X="147" Y="273" T="0" /><Point X="147" Y="274" T="0" /><Point X="148" Y="274" T="0" /><Point X="149" Y="275" T="0" /><Point X="150" Y="275" T="0" /><Point X="150" Y="277" T="0" /><Point X="151" Y="277" T="0" /><Point X="152" Y="276" T="0" /><Point X="154" Y="276" T="0" /><Point X="157" Y="275" T="0" /><Point X="161" Y="271" T="0" /><Point X="169" Y="261" T="0" /><Point X="177" Y="248" T="0" /><Point X="186" Y="235" T="0" /><Point X="196" Y="216" T="0" /><Point X="206" Y="195" T="0" /><Point X="219" Y="167" T="0" /><Point X="229" Y="151" T="0" /><Point X="234" Y="139" T="0" /><Point X="241" Y="130" T="0" /><Point X="245" Y="123" T="0" /><Point X="249" Y="118" T="0" /><Point X="250" Y="115" T="0" /><Point X="251" Y="112" T="0" /><Point X="252" Y="112" T="0" /><Point X="252" Y="111" T="0" /><Point X="252" Y="110" T="0" /></Gesture>