<Gesture Name="v" Subject="1" Number="1" NumPts="43" Millseconds="0" AppName="Gestures" AppVer="1.0" Date="Wednesday, March 01, 2023" TimeOfDay="19:17:17" ID="5"><Point X="122" Y="183" T="0" /><Point X="126" Y="193" T="0" /><Point X="130" Y="200" T="0" /><Point X="132" Y="206" T="0" /><Point X="134" Y="213" T="0" /><Point X="136" Y="219" T="0" /><Point X="138" Y="222" T="0" /><Point X="140" Y="227" T="0" /><Point X="141" Y="230" T="0" /><Point X="142" Y="231" T="0" /><Point X="142" Y="234" T="0" /><Point X="143" Y="235" T="0" /><Point X="144" Y="237" T="0" /><Point X="145" Y="239" T="0" /><Point X="146" Y="242" T="0" /><Point X="147" Y="244" T="0" /><Point X="148" Y="247" T="0" /><Point X="148" Y="248" T="0" /><Point X="148" Y="251" T="0" /><Point X="148" Y="252" T="0" /><Point X="148" Y="253" T="0" /><Point X="148" Y="255" T="0" /><Point X="148" Y="256" T="0" /><Point X="148" Y="257" T="0" /><Point X="148" Y="258" T="0" /><Point X="148" Y="259" T="0" /><Point X="148" Y="260" T="0" /><Point X="148" Y="261" T="0" /><Point X="149" Y="261" T="0" /><Point X="152" Y="259" T="0" /><Point X="160" Y="255" T="0" /><Point X="169" Y="247" T="0" /><Point X="178" Y="237" T="0" /><Point X="186" Y="228" T="0" /><Point X="196" Y="220" T="0" /><Point X="210" Y="206" T="0" /><Point X="224" Y="189" T="0" /><Point X="232" Y="181" T="0" /><Point X="236" Y="175" T="0" /><Point X="239" Y="171" T="0" /><Point X="241" Y="169" T="0" /><Point X="242" Y="168" T="0" /><Point X="242" Y="167" T="0" /></Gesture>