<Gesture Name="v" Subject="1" Number="1" NumPts="64" Millseconds="0" AppName="Gestures" AppVer="1.0" Date="Wednesday, March 01, 2023" TimeOfDay="19:18:05" ID="6"><Point X="121" Y="169" T="0" /><Point X="125" Y="175" T="0" /><Point X="126" Y="178" T="0" /><Point X="129" Y="183" T="0" /><Point X="131" Y="186" T="0" /><Point X="134" Y="191" T="0" /><Point X="135" Y="193" T="0" /><Point X="136" Y="195" T="0" /><Point X="137" Y="198" T="0" /><Point X="138" Y="199" T="0" /><Point X="138" Y="200" T="0" /><Point X="138" Y="201" T="0" /><Point X="138" Y="202" T="0" /><Point X="138" Y="203" T="0" /><Point X="139" Y="203" T="0" /><Point X="139" Y="204" T="0" /><Point X="139" Y="205" T="0" /><Point X="139" Y="206" T="0" /><Point X="139" Y="207" T="0" /><Point X="141" Y="208" T="0" /><Point X="142" Y="211" T="0" /><Point X="144" Y="215" T="0" /><Point X="147" Y="220" T="0" /><Point X="151" Y="225" T="0" /><Point X="153" Y="232" T="0" /><Point X="154" Y="238" T="0" /><Point X="157" Y="245" T="0" /><Point X="158" Y="251" T="0" /><Point X="158" Y="254" T="0" /><Point X="158" Y="255" T="0" /><Point X="158" Y="258" T="0" /><Point X="158" Y="259" T="0" /><Point X="158" Y="260" T="0" /><Point X="158" Y="261" T="0" /><Point X="158" Y="262" T="0" /><Point X="158" Y="263" T="0" /><Point X="158" Y="264" T="0" /><Point X="158" Y="265" T="0" /><Point X="158" Y="266" T="0" /><Point X="158" Y="267" T="0" /><Point X="158" Y="268" T="0" /><Point X="161" Y="268" T="0" /><Point X="162" Y="267" T="0" /><Point X="168" Y="263" T="0" /><Point X="174" Y="255" T="0" /><Point X="181" Y="247" T="0" /><Point X="189" Y="239" T="0" /><Point X="200" Y="225" T="0" /><Point X="215" Y="203" T="0" /><Point X="224" Y="190" T="0" /><Point X="230" Y="179" T="0" /><Point X="236" Y="171" T="0" /><Point X="241" Y="166" T="0" /><Point X="246" Y="160" T="0" /><Point X="252" Y="155" T="0" /><Point X="256" Y="150" T="0" /><Point X="258" Y="147" T="0" /><Point X="262" Y="145" T="0" /><Point X="264" Y="142" T="0" /><Point X="266" Y="140" T="0" /><Point X="268" Y="139" T="0" /><Point X="269" Y="138" T="0" /><Point X="270" Y="136" T="0" /><Point X="270" Y="135" T="0" /></Gesture>