<Gesture Name="v" Subject="1" Number="1" NumPts="48" Millseconds="0" AppName="Gestures" AppVer="1.0" Date="Wednesday, March 01, 2023" TimeOfDay="19:18:56" ID="7"><Point X="116" Y="207" T="0" /><Point X="123" Y="219" T="0" /><Point X="129" Y="231" T="0" /><Point X="134" Y="243" T="0" /><Point X="138" Y="251" T="0" /><Point X="145" Y="259" T="0" /><Point X="150" Y="267" T="0" /><Point X="157" Y="277" T="0" /><Point X="162" Y="287" T="0" /><Point X="167" Y="296" T="0" /><Point X="171" Y="303" T="0" /><Point X="175" Y="308" T="0" /><Point X="178" Y="312" T="0" /><Point X="179" Y="315" T="0" /><Point X="180" Y="317" T="0" /><Point X="181" Y="319" T="0" /><Point X="182" Y="320" T="0" /><Point X="183" Y="322" T="0" /><Point X="184" Y="322" T="0" /><Point X="184" Y="323" T="0" /><Point X="184" Y="324" T="0" /><Point X="184" Y="325" T="0" /><Point X="185" Y="325" T="0" /><Point X="186" Y="325" T="0" /><Point X="187" Y="323" T="0" /><Point X="193" Y="315" T="0" /><Point X="200" Y="303" T="0" /><Point X="209" Y="289" T="0" /><Point X="216" Y="276" T="0" /><Point X="224" Y="256" T="0" /><Point X="233" Y="239" T="0" /><Point X="237" Y="226" T="0" /><Point X="242" Y="218" T="0" /><Point X="243" Y="213" T="0" /><Point X="245" Y="208" T="0" /><Point X="246" Y="207" T="0" /><Point X="247" Y="204" T="0" /><Point X="250" Y="201" T="0" /><Point X="250" Y="199" T="0" /><Point X="252" Y="198" T="0" /><Point X="253" Y="197" T="0" /><Point X="254" Y="195" T="0" /><Point X="257" Y="193" T="0" /><Point X="258" Y="191" T="0" /><Point X="260" Y="190" T="0" /><Point X="261" Y="189" T="0" /><Point X="262" Y="188" T="0" /><Point X="262" Y="187" T="0" /></Gesture>