<Gesture Name="v" Subject="1" Number="1" NumPts="42" Millseconds="0" AppName="Gestures" AppVer="1.0" Date="Wednesday, March 01, 2023" TimeOfDay="19:19:39" ID="8"><Point X="122" Y="112" T="0" /><Point X="130" Y="123" T="0" /><Point X="134" Y="133" T="0" /><Point X="142" Y="143" T="0" /><Point X="148" Y="155" T="0" /><Point X="157" Y="169" T="0" /><Point X="163" Y="179" T="0" /><Point X="167" Y="187" T="0" /><Point X="171" Y="192" T="0" /><Point X="175" Y="199" T="0" /><Point X="180" Y="206" T="0" /><Point X="183" Y="211" T="0" /><Point X="186" Y="216" T="0" /><Point X="187" Y="219" T="0" /><Point X="189" Y="222" T="0" /><Point X="190" Y="225" T="0" /><Point X="190" Y="226" T="0" /><Point X="190" Y="227" T="0" /><Point X="191" Y="228" T="0" /><Point X="191" Y="229" T="0" /><Point X="191" Y="230" T="0" /><Point X="191" Y="231" T="0" /><Point X="192" Y="231" T="0" /><Point X="193" Y="231" T="0" /><Point X="194" Y="231" T="0" /><Point X="197" Y="227" T="0" /><Point X="201" Y="223" T="0" /><Point X="205" Y="217" T="0" /><Point X="212" Y="209" T="0" /><Point X="228" Y="186" T="0" /><Point X="246" Y="156" T="0" /><Point X="254" Y="141" T="0" /><Point X="274" Y="108" T="0" /><Point X="294" Y="76" T="0" /><Point X="307" Y="57" T="0" /><Point X="315" Y="47" T="0" /><Point X="323" Y="39" T="0" /><Point X="327" Y="31" T="0" /><Point X="331" Y="27" T="0" /><Point X="332" Y="25" T="0" /><Point X="333" Y="23" T="0" /><Point X="334" Y="23" T="0" /></Gesture>