<Gesture Name="v" Subject="1" Number="1" NumPts="56" Millseconds="0" AppName="Gestures" AppVer="1.0" Date="Wednesday, March 01, 2023" TimeOfDay="19:20:51" ID="9"><Point X="112" Y="146" T="0" /><Point X="118" Y="155" T="0" /><Point X="122" Y="163" T="0" /><Point X="127" Y="173" T="0" /><Point X="132" Y="183" T="0" /><Point X="137" Y="192" T="0" /><Point X="140" Y="198" T="0" /><Point X="142" Y="205" T="0" /><Point X="144" Y="211" T="0" /><Point X="147" Y="215" T="0" /><Point X="149" Y="220" T="0" /><Point X="150" Y="223" T="0" /><Point X="152" Y="227" T="0" /><Point X="154" Y="231" T="0" /><Point X="155" Y="235" T="0" /><Point X="156" Y="239" T="0" /><Point X="157" Y="242" T="0" /><Point X="158" Y="245" T="0" /><Point X="158" Y="247" T="0" /><Point X="159" Y="248" T="0" /><Point X="159" Y="250" T="0" /><Point X="159" Y="251" T="0" /><Point X="159" Y="252" T="0" /><Point X="159" Y="253" T="0" /><Point X="159" Y="254" T="0" /><Point X="159" Y="255" T="0" /><Point X="160" Y="255" T="0" /><Point X="161" Y="254" T="0" /><Point X="165" Y="250" T="0" /><Point X="169" Y="243" T="0" /><Point X="174" Y="236" T="0" /><Point X="179" Y="227" T="0" /><Point X="190" Y="214" T="0" /><Point X="204" Y="192" T="0" /><Point X="214" Y="176" T="0" /><Point X="219" Y="167" T="0" /><Point X="226" Y="157" T="0" /><Point X="231" Y="146" T="0" /><Point X="237" Y="136" T="0" /><Point X="241" Y="127" T="0" /><Point X="246" Y="121" T="0" /><Point X="249" Y="115" T="0" /><Point X="251" Y="113" T="0" /><Point X="255" Y="109" T="0" /><Point X="257" Y="108" T="0" /><Point X="259" Y="107" T="0" /><Point X="262" Y="105" T="0" /><Point X="264" Y="103" T="0" /><Point X="266" Y="101" T="0" /><Point X="267" Y="100" T="0" /><Point X="268" Y="99" T="0" /><Point X="270" Y="99" T="0" /><Point X="271" Y="99" T="0" /><Point X="271" Y="98" T="0" /><Point X="272" Y="98" T="0" /><Point X="272" Y="99" T="0" /></Gesture>