<Gesture Name="x" Subject="1" Number="1" NumPts="105" Millseconds="0" AppName="Gestures" AppVer="1.0" Date="Wednesday, March 01, 2023" TimeOfDay="19:12:52" ID="1"><Point X="148" Y="119" T="0" /><Point X="157" Y="127" T="0" /><Point X="163" Y="132" T="0" /><Point X="170" Y="139" T="0" /><Point X="175" Y="143" T="0" /><Point X="182" Y="150" T="0" /><Point X="185" Y="153" T="0" /><Point X="191" Y="159" T="0" /><Point X="195" Y="164" T="0" /><Point X="202" Y="171" T="0" /><Point X="205" Y="174" T="0" /><Point X="210" Y="179" T="0" /><Point X="214" Y="182" T="0" /><Point X="218" Y="184" T="0" /><Point X="221" Y="187" T="0" /><Point X="223" Y="190" T="0" /><Point X="226" Y="193" T="0" /><Point X="229" Y="196" T="0" /><Point X="230" Y="198" T="0" /><Point X="232" Y="199" T="0" /><Point X="234" Y="200" T="0" /><Point X="235" Y="202" T="0" /><Point X="236" Y="204" T="0" /><Point X="238" Y="206" T="0" /><Point X="239" Y="207" T="0" /><Point X="242" Y="209" T="0" /><Point X="244" Y="213" T="0" /><Point X="246" Y="216" T="0" /><Point X="251" Y="221" T="0" /><Point X="255" Y="226" T="0" /><Point X="261" Y="232" T="0" /><Point X="264" Y="237" T="0" /><Point X="267" Y="243" T="0" /><Point X="271" Y="247" T="0" /><Point X="273" Y="251" T="0" /><Point X="274" Y="253" T="0" /><Point X="274" Y="255" T="0" /><Point X="275" Y="257" T="0" /><Point X="275" Y="258" T="0" /><Point X="275" Y="259" T="0" /><Point X="275" Y="260" T="0" /><Point X="276" Y="261" T="0" /><Point X="277" Y="261" T="0" /><Point X="278" Y="261" T="0" /><Point X="278" Y="259" T="0" /><Point X="279" Y="256" T="0" /><Point X="280" Y="251" T="0" /><Point X="280" Y="249" T="0" /><Point X="281" Y="243" T="0" /><Point X="281" Y="235" T="0" /><Point X="281" Y="224" T="0" /><Point X="281" Y="212" T="0" /><Point X="281" Y="204" T="0" /><Point X="281" Y="197" T="0" /><Point X="281" Y="191" T="0" /><Point X="281" Y="183" T="0" /><Point X="281" Y="178" T="0" /><Point X="281" Y="171" T="0" /><Point X="281" Y="165" T="0" /><Point X="281" Y="161" T="0" /><Point X="281" Y="156" T="0" /><Point X="281" Y="154" T="0" /><Point X="281" Y="151" T="0" /><Point X="281" Y="148" T="0" /><Point X="281" Y="147" T="0" /><Point X="281" Y="145" T="0" /><Point X="281" Y="144" T="0" /><Point X="281" Y="143" T="0" /><Point X="281" Y="142" T="0" /><Point X="280" Y="142" T="0" /><Point X="279" Y="142" T="0" /><Point X="278" Y="142" T="0" /><Point X="277" Y="142" T="0" /><Point X="275" Y="142" T="0" /><Point X="270" Y="142" T="0" /><Point X="266" Y="142" T="0" /><Point X="260" Y="143" T="0" /><Point X="254" Y="146" T="0" /><Point X="243" Y="151" T="0" /><Point X="230" Y="159" T="0" /><Point X="214" Y="170" T="0" /><Point X="205" Y="176" T="0" /><Point X="196" Y="183" T="0" /><Point X="186" Y="191" T="0" /><Point X="178" Y="198" T="0" /><Point X="167" Y="207" T="0" /><Point X="160" Y="217" T="0" /><Point X="152" Y="226" T="0" /><Point X="146" Y="232" T="0" /><Point X="142" Y="238" T="0" /><Point X="139" Y="242" T="0" /><Point X="135" Y="247" T="0" /><Point X="133" Y="248" T="0" /><Point X="131" Y="251" T="0" /><Point X="130" Y="253" T="0" /><Point X="128" Y="255" T="0" /><Point X="127" Y="256" T="0" /><Point X="126" Y="257" T="0" /><Point X="126" Y="258" T="0" /><Point X="126" Y="259" T="0" /><Point X="125" Y="259" T="0" /><Point X="124" Y="260" T="0" /><Point X="123" Y="261" T="0" /><Point X="122" Y="262" T="0" /><Point X="122" Y="263" T="0" /></Gesture>