<Gesture Name="x" Subject="1" Number="1" NumPts="76" Millseconds="0" AppName="Gestures" AppVer="1.0" Date="Wednesday, March 01, 2023" TimeOfDay="19:21:28" ID="10"><Point X="143" Y="130" T="0" /><Point X="148" Y="139" T="0" /><Point X="156" Y="146" T="0" /><Point X="161" Y="153" T="0" /><Point X="168" Y="159" T="0" /><Point X="174" Y="163" T="0" /><Point X="179" Y="168" T="0" /><Point X="186" Y="175" T="0" /><Point X="190" Y="181" T="0" /><Point X="197" Y="187" T="0" /><Point X="203" Y="197" T="0" /><Point X="214" Y="207" T="0" /><Point X="224" Y="216" T="0" /><Point X="234" Y="223" T="0" /><Point X="241" Y="229" T="0" /><Point X="246" Y="235" T="0" /><Point X="251" Y="241" T="0" /><Point X="255" Y="247" T="0" /><Point X="258" Y="251" T="0" /><Point X="261" Y="255" T="0" /><Point X="262" Y="258" T="0" /><Point X="262" Y="259" T="0" /><Point X="262" Y="260" T="0" /><Point X="263" Y="262" T="0" /><Point X="264" Y="263" T="0" /><Point X="264" Y="264" T="0" /><Point X="264" Y="265" T="0" /><Point X="265" Y="265" T="0" /><Point X="266" Y="255" T="0" /><Point X="266" Y="243" T="0" /><Point X="266" Y="224" T="0" /><Point X="264" Y="203" T="0" /><Point X="262" Y="187" T="0" /><Point X="260" Y="173" T="0" /><Point X="259" Y="155" T="0" /><Point X="259" Y="133" T="0" /><Point X="258" Y="122" T="0" /><Point X="258" Y="116" T="0" /><Point X="258" Y="112" T="0" /><Point X="258" Y="110" T="0" /><Point X="258" Y="109" T="0" /><Point X="258" Y="107" T="0" /><Point X="257" Y="107" T="0" /><Point X="256" Y="107" T="0" /><Point X="255" Y="107" T="0" /><Point X="254" Y="108" T="0" /><Point X="252" Y="111" T="0" /><Point X="246" Y="118" T="0" /><Point X="238" Y="125" T="0" /><Point X="232" Y="132" T="0" /><Point X="224" Y="140" T="0" /><Point X="219" Y="147" T="0" /><Point X="210" Y="158" T="0" /><Point X="199" Y="174" T="0" /><Point X="190" Y="186" T="0" /><Point X="183" Y="196" T="0" /><Point X="177" Y="203" T="0" /><Point X="171" Y="211" T="0" /><Point X="165" Y="218" T="0" /><Point X="159" Y="228" T="0" /><Point X="154" Y="238" T="0" /><Point X="150" Y="247" T="0" /><Point X="146" Y="254" T="0" /><Point X="142" Y="259" T="0" /><Point X="140" Y="263" T="0" /><Point X="138" Y="265" T="0" /><Point X="136" Y="267" T="0" /><Point X="134" Y="271" T="0" /><Point X="133" Y="272" T="0" /><Point X="132" Y="274" T="0" /><Point X="130" Y="275" T="0" /><Point X="129" Y="277" T="0" /><Point X="128" Y="278" T="0" /><Point X="128" Y="279" T="0" /><Point X="128" Y="280" T="0" /><Point X="128" Y="281" T="0" /></Gesture>