<Gesture Name="x" Subject="1" Number="1" NumPts="97" Millseconds="0" AppName="Gestures" AppVer="1.0" Date="Wednesday, March 01, 2023" TimeOfDay="19:14:20" ID="2"><Point X="131" Y="115" T="0" /><Point X="137" Y="123" T="0" /><Point X="142" Y="131" T="0" /><Point X="146" Y="137" T="0" /><Point X="151" Y="144" T="0" /><Point X="155" Y="149" T="0" /><Point X="160" Y="155" T="0" /><Point X="164" Y="161" T="0" /><Point X="168" Y="166" T="0" /><Point X="172" Y="172" T="0" /><Point X="174" Y="175" T="0" /><Point X="178" Y="180" T="0" /><Point X="181" Y="184" T="0" /><Point X="183" Y="187" T="0" /><Point X="185" Y="190" T="0" /><Point X="186" Y="191" T="0" /><Point X="189" Y="192" T="0" /><Point X="190" Y="194" T="0" /><Point X="190" Y="195" T="0" /><Point X="191" Y="196" T="0" /><Point X="192" Y="197" T="0" /><Point X="193" Y="198" T="0" /><Point X="194" Y="199" T="0" /><Point X="195" Y="199" T="0" /><Point X="196" Y="200" T="0" /><Point X="196" Y="201" T="0" /><Point X="197" Y="202" T="0" /><Point X="198" Y="203" T="0" /><Point X="199" Y="204" T="0" /><Point X="201" Y="205" T="0" /><Point X="202" Y="207" T="0" /><Point X="204" Y="210" T="0" /><Point X="206" Y="212" T="0" /><Point X="210" Y="215" T="0" /><Point X="213" Y="219" T="0" /><Point X="214" Y="220" T="0" /><Point X="216" Y="221" T="0" /><Point X="217" Y="223" T="0" /><Point X="218" Y="223" T="0" /><Point X="218" Y="224" T="0" /><Point X="218" Y="225" T="0" /><Point X="219" Y="226" T="0" /><Point X="220" Y="227" T="0" /><Point X="221" Y="227" T="0" /><Point X="222" Y="228" T="0" /><Point X="223" Y="228" T="0" /><Point X="223" Y="229" T="0" /><Point X="223" Y="230" T="0" /><Point X="223" Y="231" T="0" /><Point X="223" Y="232" T="0" /><Point X="224" Y="232" T="0" /><Point X="225" Y="232" T="0" /><Point X="226" Y="230" T="0" /><Point X="226" Y="225" T="0" /><Point X="227" Y="216" T="0" /><Point X="227" Y="207" T="0" /><Point X="227" Y="195" T="0" /><Point X="227" Y="175" T="0" /><Point X="227" Y="160" T="0" /><Point X="227" Y="148" T="0" /><Point X="227" Y="139" T="0" /><Point X="227" Y="129" T="0" /><Point X="227" Y="123" T="0" /><Point X="227" Y="117" T="0" /><Point X="227" Y="111" T="0" /><Point X="227" Y="110" T="0" /><Point X="227" Y="107" T="0" /><Point X="227" Y="104" T="0" /><Point X="227" Y="103" T="0" /><Point X="226" Y="103" T="0" /><Point X="225" Y="104" T="0" /><Point X="222" Y="107" T="0" /><Point X="219" Y="111" T="0" /><Point X="215" Y="115" T="0" /><Point X="208" Y="122" T="0" /><Point X="198" Y="131" T="0" /><Point X="186" Y="143" T="0" /><Point X="171" Y="160" T="0" /><Point X="162" Y="171" T="0" /><Point X="156" Y="179" T="0" /><Point X="148" Y="189" T="0" /><Point X="138" Y="201" T="0" /><Point X="130" Y="214" T="0" /><Point X="122" Y="226" T="0" /><Point X="118" Y="231" T="0" /><Point X="113" Y="238" T="0" /><Point X="110" Y="241" T="0" /><Point X="109" Y="244" T="0" /><Point X="106" Y="246" T="0" /><Point X="106" Y="247" T="0" /><Point X="105" Y="248" T="0" /><Point X="105" Y="250" T="0" /><Point X="104" Y="251" T="0" /><Point X="103" Y="251" T="0" /><Point X="102" Y="251" T="0" /><Point X="102" Y="252" T="0" /><Point X="102" Y="253" T="0" /></Gesture>