<Gesture Name="x" Subject="1" Number="1" NumPts="75" Millseconds="0" AppName="Gestures" AppVer="1.0" Date="Wednesday, March 01, 2023" TimeOfDay="19:15:16" ID="3"><Point X="144" Y="143" T="0" /><Point X="150" Y="149" T="0" /><Point X="156" Y="156" T="0" /><Point X="162" Y="161" T="0" /><Point X="168" Y="167" T="0" /><Point X="174" Y="175" T="0" /><Point X="179" Y="181" T="0" /><Point X="185" Y="188" T="0" /><Point X="191" Y="195" T="0" /><Point X="196" Y="202" T="0" /><Point X="202" Y="208" T="0" /><Point X="207" Y="213" T="0" /><Point X="212" Y="218" T="0" /><Point X="217" Y="222" T="0" /><Point X="222" Y="227" T="0" /><Point X="226" Y="231" T="0" /><Point X="230" Y="233" T="0" /><Point X="234" Y="237" T="0" /><Point X="236" Y="239" T="0" /><Point X="239" Y="241" T="0" /><Point X="241" Y="242" T="0" /><Point X="242" Y="244" T="0" /><Point X="244" Y="246" T="0" /><Point X="245" Y="247" T="0" /><Point X="246" Y="247" T="0" /><Point X="247" Y="248" T="0" /><Point X="247" Y="249" T="0" /><Point X="248" Y="250" T="0" /><Point X="249" Y="251" T="0" /><Point X="250" Y="251" T="0" /><Point X="250" Y="252" T="0" /><Point X="250" Y="253" T="0" /><Point X="250" Y="254" T="0" /><Point X="250" Y="255" T="0" /><Point X="252" Y="250" T="0" /><Point X="252" Y="241" T="0" /><Point X="250" Y="229" T="0" /><Point X="248" Y="211" T="0" /><Point X="246" Y="194" T="0" /><Point X="243" Y="182" T="0" /><Point X="242" Y="174" T="0" /><Point X="242" Y="167" T="0" /><Point X="239" Y="162" T="0" /><Point X="238" Y="158" T="0" /><Point X="238" Y="156" T="0" /><Point X="238" Y="155" T="0" /><Point X="238" Y="154" T="0" /><Point X="238" Y="153" T="0" /><Point X="238" Y="151" T="0" /><Point X="237" Y="151" T="0" /><Point X="236" Y="151" T="0" /><Point X="235" Y="151" T="0" /><Point X="234" Y="151" T="0" /><Point X="231" Y="152" T="0" /><Point X="226" Y="154" T="0" /><Point X="218" Y="157" T="0" /><Point X="209" Y="163" T="0" /><Point X="200" Y="168" T="0" /><Point X="190" Y="177" T="0" /><Point X="180" Y="187" T="0" /><Point X="168" Y="198" T="0" /><Point X="158" Y="204" T="0" /><Point X="150" Y="211" T="0" /><Point X="143" Y="215" T="0" /><Point X="139" Y="219" T="0" /><Point X="136" Y="223" T="0" /><Point X="134" Y="226" T="0" /><Point X="132" Y="228" T="0" /><Point X="130" Y="229" T="0" /><Point X="130" Y="230" T="0" /><Point X="129" Y="231" T="0" /><Point X="128" Y="231" T="0" /><Point X="127" Y="232" T="0" /><Point X="126" Y="234" T="0" /><Point X="126" Y="235" T="0" /></Gesture>