<Gesture Name="x" Subject="1" Number="1" NumPts="100" Millseconds="0" AppName="Gestures" AppVer="1.0" Date="Wednesday, March 01, 2023" TimeOfDay="19:17:39" ID="6"><Point X="164" Y="119" T="0" /><Point X="173" Y="129" T="0" /><Point X="182" Y="139" T="0" /><Point X="191" Y="149" T="0" /><Point X="198" Y="155" T="0" /><Point X="205" Y="163" T="0" /><Point X="211" Y="169" T="0" /><Point X="216" Y="175" T="0" /><Point X="222" Y="182" T="0" /><Point X="227" Y="187" T="0" /><Point X="232" Y="193" T="0" /><Point X="236" Y="198" T="0" /><Point X="239" Y="202" T="0" /><Point X="242" Y="206" T="0" /><Point X="246" Y="211" T="0" /><Point X="248" Y="214" T="0" /><Point X="252" Y="218" T="0" /><Point X="253" Y="219" T="0" /><Point X="254" Y="222" T="0" /><Point X="256" Y="225" T="0" /><Point X="258" Y="227" T="0" /><Point X="260" Y="229" T="0" /><Point X="261" Y="231" T="0" /><Point X="262" Y="232" T="0" /><Point X="262" Y="234" T="0" /><Point X="262" Y="235" T="0" /><Point X="263" Y="236" T="0" /><Point X="264" Y="237" T="0" /><Point X="266" Y="238" T="0" /><Point X="266" Y="239" T="0" /><Point X="266" Y="240" T="0" /><Point X="266" Y="241" T="0" /><Point X="266" Y="242" T="0" /><Point X="267" Y="243" T="0" /><Point X="268" Y="243" T="0" /><Point X="269" Y="243" T="0" /><Point X="270" Y="245" T="0" /><Point X="272" Y="245" T="0" /><Point X="273" Y="243" T="0" /><Point X="274" Y="242" T="0" /><Point X="274" Y="239" T="0" /><Point X="274" Y="235" T="0" /><Point X="274" Y="225" T="0" /><Point X="274" Y="211" T="0" /><Point X="274" Y="197" T="0" /><Point X="274" Y="187" T="0" /><Point X="273" Y="179" T="0" /><Point X="272" Y="167" T="0" /><Point X="272" Y="155" T="0" /><Point X="272" Y="147" T="0" /><Point X="272" Y="139" T="0" /><Point X="271" Y="135" T="0" /><Point X="271" Y="131" T="0" /><Point X="271" Y="129" T="0" /><Point X="271" Y="127" T="0" /><Point X="271" Y="124" T="0" /><Point X="271" Y="121" T="0" /><Point X="271" Y="116" T="0" /><Point X="271" Y="111" T="0" /><Point X="271" Y="103" T="0" /><Point X="272" Y="95" T="0" /><Point X="272" Y="91" T="0" /><Point X="274" Y="87" T="0" /><Point X="274" Y="85" T="0" /><Point X="274" Y="83" T="0" /><Point X="274" Y="81" T="0" /><Point X="273" Y="82" T="0" /><Point X="270" Y="84" T="0" /><Point X="268" Y="88" T="0" /><Point X="262" Y="96" T="0" /><Point X="255" Y="103" T="0" /><Point X="243" Y="114" T="0" /><Point X="231" Y="129" T="0" /><Point X="215" Y="151" T="0" /><Point X="206" Y="165" T="0" /><Point X="198" Y="175" T="0" /><Point X="189" Y="183" T="0" /><Point X="180" Y="194" T="0" /><Point X="170" Y="203" T="0" /><Point X="166" Y="211" T="0" /><Point X="160" Y="219" T="0" /><Point X="158" Y="222" T="0" /><Point X="156" Y="225" T="0" /><Point X="154" Y="227" T="0" /><Point X="153" Y="229" T="0" /><Point X="152" Y="231" T="0" /><Point X="151" Y="232" T="0" /><Point X="150" Y="234" T="0" /><Point X="150" Y="235" T="0" /><Point X="150" Y="236" T="0" /><Point X="148" Y="238" T="0" /><Point X="146" Y="239" T="0" /><Point X="144" Y="240" T="0" /><Point X="143" Y="241" T="0" /><Point X="143" Y="242" T="0" /><Point X="142" Y="243" T="0" /><Point X="142" Y="244" T="0" /><Point X="140" Y="245" T="0" /><Point X="139" Y="245" T="0" /><Point X="138" Y="246" T="0" /></Gesture>