<Gesture Name="x" Subject="1" Number="1" NumPts="66" Millseconds="0" AppName="Gestures" AppVer="1.0" Date="Wednesday, March 01, 2023" TimeOfDay="19:19:16" ID="8"><Point X="164" Y="116" T="0" /><Point X="170" Y="124" T="0" /><Point X="178" Y="133" T="0" /><Point X="186" Y="142" T="0" /><Point X="195" Y="154" T="0" /><Point X="204" Y="166" T="0" /><Point X="214" Y="175" T="0" /><Point X="222" Y="186" T="0" /><Point X="230" Y="195" T="0" /><Point X="238" Y="201" T="0" /><Point X="241" Y="204" T="0" /><Point X="247" Y="209" T="0" /><Point X="251" Y="214" T="0" /><Point X="254" Y="216" T="0" /><Point X="254" Y="218" T="0" /><Point X="255" Y="219" T="0" /><Point X="256" Y="219" T="0" /><Point X="257" Y="220" T="0" /><Point X="257" Y="221" T="0" /><Point X="257" Y="222" T="0" /><Point X="257" Y="223" T="0" /><Point X="258" Y="223" T="0" /><Point X="259" Y="222" T="0" /><Point X="260" Y="216" T="0" /><Point X="260" Y="211" T="0" /><Point X="260" Y="200" T="0" /><Point X="261" Y="183" T="0" /><Point X="261" Y="169" T="0" /><Point X="261" Y="155" T="0" /><Point X="261" Y="132" T="0" /><Point X="261" Y="113" T="0" /><Point X="261" Y="100" T="0" /><Point X="261" Y="93" T="0" /><Point X="261" Y="85" T="0" /><Point X="261" Y="80" T="0" /><Point X="261" Y="78" T="0" /><Point X="261" Y="76" T="0" /><Point X="261" Y="75" T="0" /><Point X="261" Y="74" T="0" /><Point X="261" Y="75" T="0" /><Point X="259" Y="75" T="0" /><Point X="258" Y="75" T="0" /><Point X="258" Y="77" T="0" /><Point X="255" Y="79" T="0" /><Point X="250" Y="86" T="0" /><Point X="243" Y="94" T="0" /><Point X="236" Y="104" T="0" /><Point X="228" Y="113" T="0" /><Point X="222" Y="122" T="0" /><Point X="211" Y="131" T="0" /><Point X="199" Y="143" T="0" /><Point X="185" Y="161" T="0" /><Point X="175" Y="173" T="0" /><Point X="168" Y="183" T="0" /><Point X="162" Y="191" T="0" /><Point X="154" Y="200" T="0" /><Point X="148" Y="211" T="0" /><Point X="142" Y="223" T="0" /><Point X="135" Y="231" T="0" /><Point X="130" Y="239" T="0" /><Point X="128" Y="243" T="0" /><Point X="126" Y="246" T="0" /><Point X="125" Y="247" T="0" /><Point X="124" Y="249" T="0" /><Point X="123" Y="251" T="0" /><Point X="122" Y="251" T="0" /></Gesture>