<Gesture Name="x" Subject="1" Number="1" NumPts="100" Millseconds="0" AppName="Gestures" AppVer="1.0" Date="Wednesday, March 01, 2023" TimeOfDay="19:20:01" ID="9"><Point X="145" Y="119" T="0" /><Point X="153" Y="130" T="0" /><Point X="159" Y="138" T="0" /><Point X="167" Y="146" T="0" /><Point X="176" Y="153" T="0" /><Point X="185" Y="163" T="0" /><Point X="192" Y="173" T="0" /><Point X="200" Y="182" T="0" /><Point X="207" Y="190" T="0" /><Point X="213" Y="195" T="0" /><Point X="218" Y="199" T="0" /><Point X="220" Y="202" T="0" /><Point X="222" Y="204" T="0" /><Point X="222" Y="206" T="0" /><Point X="224" Y="207" T="0" /><Point X="225" Y="207" T="0" /><Point X="225" Y="208" T="0" /><Point X="226" Y="208" T="0" /><Point X="226" Y="209" T="0" /><Point X="226" Y="210" T="0" /><Point X="226" Y="211" T="0" /><Point X="227" Y="211" T="0" /><Point X="227" Y="213" T="0" /><Point X="229" Y="213" T="0" /><Point X="231" Y="215" T="0" /><Point X="234" Y="217" T="0" /><Point X="235" Y="220" T="0" /><Point X="238" Y="223" T="0" /><Point X="240" Y="225" T="0" /><Point X="242" Y="228" T="0" /><Point X="243" Y="230" T="0" /><Point X="245" Y="231" T="0" /><Point X="246" Y="232" T="0" /><Point X="247" Y="233" T="0" /><Point X="247" Y="234" T="0" /><Point X="247" Y="235" T="0" /><Point X="247" Y="236" T="0" /><Point X="247" Y="237" T="0" /><Point X="248" Y="237" T="0" /><Point X="250" Y="239" T="0" /><Point X="253" Y="240" T="0" /><Point X="255" Y="242" T="0" /><Point X="256" Y="243" T="0" /><Point X="258" Y="243" T="0" /><Point X="259" Y="244" T="0" /><Point X="260" Y="245" T="0" /><Point X="261" Y="245" T="0" /><Point X="261" Y="244" T="0" /><Point X="261" Y="243" T="0" /><Point X="261" Y="238" T="0" /><Point X="261" Y="230" T="0" /><Point X="261" Y="222" T="0" /><Point X="261" Y="216" T="0" /><Point X="259" Y="207" T="0" /><Point X="258" Y="197" T="0" /><Point X="255" Y="183" T="0" /><Point X="253" Y="171" T="0" /><Point X="250" Y="162" T="0" /><Point X="249" Y="154" T="0" /><Point X="246" Y="145" T="0" /><Point X="246" Y="137" T="0" /><Point X="245" Y="131" T="0" /><Point X="245" Y="126" T="0" /><Point X="245" Y="123" T="0" /><Point X="245" Y="121" T="0" /><Point X="245" Y="118" T="0" /><Point X="245" Y="117" T="0" /><Point X="245" Y="116" T="0" /><Point X="244" Y="115" T="0" /><Point X="243" Y="115" T="0" /><Point X="242" Y="115" T="0" /><Point X="242" Y="116" T="0" /><Point X="240" Y="117" T="0" /><Point X="238" Y="120" T="0" /><Point X="236" Y="123" T="0" /><Point X="233" Y="127" T="0" /><Point X="226" Y="135" T="0" /><Point X="220" Y="142" T="0" /><Point X="211" Y="154" T="0" /><Point X="200" Y="166" T="0" /><Point X="193" Y="174" T="0" /><Point X="186" Y="181" T="0" /><Point X="181" Y="188" T="0" /><Point X="174" Y="195" T="0" /><Point X="166" Y="206" T="0" /><Point X="156" Y="218" T="0" /><Point X="149" Y="227" T="0" /><Point X="143" Y="235" T="0" /><Point X="137" Y="241" T="0" /><Point X="134" Y="245" T="0" /><Point X="129" Y="248" T="0" /><Point X="126" Y="253" T="0" /><Point X="123" Y="257" T="0" /><Point X="121" Y="260" T="0" /><Point X="119" Y="262" T="0" /><Point X="118" Y="263" T="0" /><Point X="118" Y="264" T="0" /><Point X="117" Y="264" T="0" /><Point X="116" Y="266" T="0" /><Point X="116" Y="267" T="0" /></Gesture>