<Gesture Name="zig-zig" Subject="1" Number="1" NumPts="113" Millseconds="0" AppName="Gestures" AppVer="1.0" Date="Wednesday, March 01, 2023" TimeOfDay="19:16:19" ID="4"><Point X="107" Y="256" T="0" /><Point X="109" Y="254" T="0" /><Point X="111" Y="251" T="0" /><Point X="113" Y="248" T="0" /><Point X="114" Y="245" T="0" /><Point X="117" Y="239" T="0" /><Point X="118" Y="231" T="0" /><Point X="122" Y="224" T="0" /><Point X="123" Y="217" T="0" /><Point X="125" Y="212" T="0" /><Point X="125" Y="211" T="0" /><Point X="126" Y="209" T="0" /><Point X="126" Y="207" T="0" /><Point X="126" Y="205" T="0" /><Point X="128" Y="203" T="0" /><Point X="131" Y="201" T="0" /><Point X="134" Y="199" T="0" /><Point X="135" Y="197" T="0" /><Point X="137" Y="196" T="0" /><Point X="138" Y="195" T="0" /><Point X="139" Y="198" T="0" /><Point X="142" Y="203" T="0" /><Point X="144" Y="211" T="0" /><Point X="147" Y="218" T="0" /><Point X="149" Y="223" T="0" /><Point X="151" Y="228" T="0" /><Point X="153" Y="231" T="0" /><Point X="156" Y="237" T="0" /><Point X="158" Y="243" T="0" /><Point X="159" Y="250" T="0" /><Point X="162" Y="257" T="0" /><Point X="166" Y="263" T="0" /><Point X="169" Y="267" T="0" /><Point X="170" Y="271" T="0" /><Point X="172" Y="275" T="0" /><Point X="173" Y="276" T="0" /><Point X="174" Y="278" T="0" /><Point X="174" Y="279" T="0" /><Point X="175" Y="281" T="0" /><Point X="176" Y="281" T="0" /><Point X="176" Y="282" T="0" /><Point X="176" Y="283" T="0" /><Point X="176" Y="284" T="0" /><Point X="176" Y="285" T="0" /><Point X="177" Y="285" T="0" /><Point X="178" Y="285" T="0" /><Point X="180" Y="283" T="0" /><Point X="184" Y="277" T="0" /><Point X="188" Y="267" T="0" /><Point X="194" Y="260" T="0" /><Point X="197" Y="251" T="0" /><Point X="202" Y="242" T="0" /><Point X="206" Y="230" T="0" /><Point X="211" Y="217" T="0" /><Point X="215" Y="207" T="0" /><Point X="218" Y="198" T="0" /><Point X="219" Y="194" T="0" /><Point X="221" Y="190" T="0" /><Point X="222" Y="188" T="0" /><Point X="223" Y="187" T="0" /><Point X="223" Y="186" T="0" /><Point X="224" Y="185" T="0" /><Point X="224" Y="184" T="0" /><Point X="224" Y="183" T="0" /><Point X="224" Y="184" T="0" /><Point X="224" Y="185" T="0" /><Point X="224" Y="187" T="0" /><Point X="225" Y="188" T="0" /><Point X="226" Y="193" T="0" /><Point X="226" Y="195" T="0" /><Point X="227" Y="200" T="0" /><Point X="228" Y="204" T="0" /><Point X="229" Y="207" T="0" /><Point X="231" Y="212" T="0" /><Point X="232" Y="215" T="0" /><Point X="234" Y="221" T="0" /><Point X="235" Y="226" T="0" /><Point X="236" Y="231" T="0" /><Point X="238" Y="235" T="0" /><Point X="241" Y="242" T="0" /><Point X="243" Y="247" T="0" /><Point X="245" Y="251" T="0" /><Point X="246" Y="256" T="0" /><Point X="250" Y="261" T="0" /><Point X="251" Y="266" T="0" /><Point X="253" Y="269" T="0" /><Point X="254" Y="272" T="0" /><Point X="256" Y="276" T="0" /><Point X="259" Y="280" T="0" /><Point X="260" Y="283" T="0" /><Point X="260" Y="284" T="0" /><Point X="261" Y="286" T="0" /><Point X="261" Y="288" T="0" /><Point X="261" Y="289" T="0" /><Point X="261" Y="290" T="0" /><Point X="261" Y="291" T="0" /><Point X="262" Y="291" T="0" /><Point X="262" Y="292" T="0" /><Point X="263" Y="291" T="0" /><Point X="266" Y="289" T="0" /><Point X="267" Y="285" T="0" /><Point X="270" Y="280" T="0" /><Point X="272" Y="273" T="0" /><Point X="278" Y="261" T="0" /><Point X="283" Y="243" T="0" /><Point X="287" Y="232" T="0" /><Point X="290" Y="223" T="0" /><Point X="291" Y="215" T="0" /><Point X="293" Y="210" T="0" /><Point X="294" Y="207" T="0" /><Point X="294" Y="205" T="0" /><Point X="294" Y="203" T="0" /><Point X="294" Y="202" T="0" /></Gesture>