<Gesture Name="zig-zig" Subject="1" Number="1" NumPts="133" Millseconds="0" AppName="Gestures" AppVer="1.0" Date="Wednesday, March 01, 2023" TimeOfDay="19:14:35" ID="2"><Point X="92" Y="234" T="0" /><Point X="95" Y="226" T="0" /><Point X="98" Y="219" T="0" /><Point X="100" Y="215" T="0" /><Point X="102" Y="212" T="0" /><Point X="104" Y="210" T="0" /><Point X="105" Y="208" T="0" /><Point X="106" Y="207" T="0" /><Point X="106" Y="205" T="0" /><Point X="108" Y="204" T="0" /><Point X="110" Y="203" T="0" /><Point X="111" Y="203" T="0" /><Point X="113" Y="202" T="0" /><Point X="113" Y="201" T="0" /><Point X="114" Y="201" T="0" /><Point X="114" Y="200" T="0" /><Point X="115" Y="199" T="0" /><Point X="116" Y="199" T="0" /><Point X="117" Y="198" T="0" /><Point X="118" Y="198" T="0" /><Point X="118" Y="197" T="0" /><Point X="118" Y="196" T="0" /><Point X="120" Y="196" T="0" /><Point X="121" Y="195" T="0" /><Point X="122" Y="195" T="0" /><Point X="123" Y="194" T="0" /><Point X="124" Y="193" T="0" /><Point X="124" Y="192" T="0" /><Point X="125" Y="191" T="0" /><Point X="126" Y="191" T="0" /><Point X="126" Y="192" T="0" /><Point X="126" Y="193" T="0" /><Point X="127" Y="194" T="0" /><Point X="128" Y="195" T="0" /><Point X="129" Y="196" T="0" /><Point X="130" Y="199" T="0" /><Point X="131" Y="203" T="0" /><Point X="134" Y="207" T="0" /><Point X="135" Y="215" T="0" /><Point X="139" Y="222" T="0" /><Point X="142" Y="227" T="0" /><Point X="143" Y="233" T="0" /><Point X="146" Y="236" T="0" /><Point X="149" Y="241" T="0" /><Point X="150" Y="243" T="0" /><Point X="153" Y="247" T="0" /><Point X="156" Y="251" T="0" /><Point X="158" Y="253" T="0" /><Point X="161" Y="257" T="0" /><Point X="163" Y="259" T="0" /><Point X="165" Y="262" T="0" /><Point X="166" Y="265" T="0" /><Point X="168" Y="267" T="0" /><Point X="169" Y="269" T="0" /><Point X="170" Y="271" T="0" /><Point X="170" Y="272" T="0" /><Point X="172" Y="273" T="0" /><Point X="172" Y="274" T="0" /><Point X="172" Y="275" T="0" /><Point X="172" Y="276" T="0" /><Point X="172" Y="277" T="0" /><Point X="173" Y="277" T="0" /><Point X="174" Y="277" T="0" /><Point X="175" Y="277" T="0" /><Point X="176" Y="276" T="0" /><Point X="178" Y="275" T="0" /><Point X="180" Y="271" T="0" /><Point X="182" Y="267" T="0" /><Point X="183" Y="263" T="0" /><Point X="185" Y="259" T="0" /><Point X="189" Y="255" T="0" /><Point X="191" Y="249" T="0" /><Point X="195" Y="243" T="0" /><Point X="201" Y="235" T="0" /><Point X="206" Y="225" T="0" /><Point X="210" Y="218" T="0" /><Point X="212" Y="211" T="0" /><Point X="214" Y="207" T="0" /><Point X="215" Y="205" T="0" /><Point X="216" Y="203" T="0" /><Point X="216" Y="200" T="0" /><Point X="218" Y="199" T="0" /><Point X="218" Y="198" T="0" /><Point X="218" Y="197" T="0" /><Point X="218" Y="196" T="0" /><Point X="219" Y="196" T="0" /><Point X="220" Y="197" T="0" /><Point X="221" Y="198" T="0" /><Point X="222" Y="199" T="0" /><Point X="226" Y="203" T="0" /><Point X="229" Y="207" T="0" /><Point X="232" Y="211" T="0" /><Point X="235" Y="215" T="0" /><Point X="237" Y="219" T="0" /><Point X="238" Y="222" T="0" /><Point X="240" Y="224" T="0" /><Point X="242" Y="226" T="0" /><Point X="244" Y="230" T="0" /><Point X="246" Y="232" T="0" /><Point X="248" Y="233" T="0" /><Point X="250" Y="236" T="0" /><Point X="253" Y="239" T="0" /><Point X="254" Y="241" T="0" /><Point X="255" Y="243" T="0" /><Point X="258" Y="245" T="0" /><Point X="258" Y="246" T="0" /><Point X="259" Y="247" T="0" /><Point X="260" Y="249" T="0" /><Point X="261" Y="251" T="0" /><Point X="261" Y="252" T="0" /><Point X="261" Y="253" T="0" /><Point X="261" Y="254" T="0" /><Point X="261" Y="255" T="0" /><Point X="262" Y="255" T="0" /><Point X="263" Y="255" T="0" /><Point X="264" Y="255" T="0" /><Point X="266" Y="253" T="0" /><Point X="266" Y="252" T="0" /><Point X="269" Y="248" T="0" /><Point X="274" Y="245" T="0" /><Point X="278" Y="238" T="0" /><Point X="285" Y="227" T="0" /><Point X="289" Y="219" T="0" /><Point X="293" Y="211" T="0" /><Point X="295" Y="206" T="0" /><Point X="297" Y="203" T="0" /><Point X="298" Y="202" T="0" /><Point X="298" Y="199" T="0" /><Point X="298" Y="198" T="0" /><Point X="299" Y="198" T="0" /><Point X="301" Y="197" T="0" /><Point X="301" Y="196" T="0" /><Point X="301" Y="195" T="0" /></Gesture>