<Gesture Name="zig-zig" Subject="1" Number="1" NumPts="113" Millseconds="0" AppName="Gestures" AppVer="1.0" Date="Wednesday, March 01, 2023" TimeOfDay="19:17:08" ID="5"><Point X="67" Y="215" T="0" /><Point X="74" Y="211" T="0" /><Point X="78" Y="207" T="0" /><Point X="82" Y="203" T="0" /><Point X="86" Y="200" T="0" /><Point X="90" Y="195" T="0" /><Point X="92" Y="192" T="0" /><Point X="94" Y="187" T="0" /><Point X="98" Y="184" T="0" /><Point X="100" Y="182" T="0" /><Point X="100" Y="179" T="0" /><Point X="101" Y="179" T="0" /><Point X="102" Y="179" T="0" /><Point X="102" Y="178" T="0" /><Point X="102" Y="179" T="0" /><Point X="103" Y="180" T="0" /><Point X="104" Y="182" T="0" /><Point X="106" Y="183" T="0" /><Point X="106" Y="185" T="0" /><Point X="107" Y="187" T="0" /><Point X="107" Y="190" T="0" /><Point X="110" Y="193" T="0" /><Point X="111" Y="200" T="0" /><Point X="115" Y="209" T="0" /><Point X="118" Y="216" T="0" /><Point X="122" Y="223" T="0" /><Point X="126" Y="231" T="0" /><Point X="129" Y="236" T="0" /><Point X="132" Y="242" T="0" /><Point X="135" Y="247" T="0" /><Point X="140" Y="254" T="0" /><Point X="145" Y="260" T="0" /><Point X="149" Y="267" T="0" /><Point X="151" Y="271" T="0" /><Point X="155" Y="275" T="0" /><Point X="157" Y="278" T="0" /><Point X="158" Y="279" T="0" /><Point X="159" Y="281" T="0" /><Point X="160" Y="282" T="0" /><Point X="162" Y="283" T="0" /><Point X="162" Y="284" T="0" /><Point X="162" Y="285" T="0" /><Point X="164" Y="282" T="0" /><Point X="168" Y="275" T="0" /><Point X="172" Y="267" T="0" /><Point X="175" Y="260" T="0" /><Point X="178" Y="252" T="0" /><Point X="184" Y="239" T="0" /><Point X="187" Y="229" T="0" /><Point X="188" Y="220" T="0" /><Point X="189" Y="216" T="0" /><Point X="190" Y="211" T="0" /><Point X="191" Y="210" T="0" /><Point X="192" Y="208" T="0" /><Point X="192" Y="207" T="0" /><Point X="192" Y="206" T="0" /><Point X="192" Y="204" T="0" /><Point X="193" Y="203" T="0" /><Point X="194" Y="201" T="0" /><Point X="196" Y="199" T="0" /><Point X="197" Y="196" T="0" /><Point X="198" Y="195" T="0" /><Point X="198" Y="194" T="0" /><Point X="198" Y="193" T="0" /><Point X="199" Y="193" T="0" /><Point X="200" Y="193" T="0" /><Point X="201" Y="193" T="0" /><Point X="202" Y="193" T="0" /><Point X="205" Y="193" T="0" /><Point X="206" Y="193" T="0" /><Point X="209" Y="193" T="0" /><Point X="211" Y="194" T="0" /><Point X="214" Y="195" T="0" /><Point X="216" Y="196" T="0" /><Point X="218" Y="199" T="0" /><Point X="222" Y="203" T="0" /><Point X="226" Y="209" T="0" /><Point X="228" Y="215" T="0" /><Point X="233" Y="222" T="0" /><Point X="235" Y="227" T="0" /><Point X="238" Y="233" T="0" /><Point X="242" Y="236" T="0" /><Point X="245" Y="243" T="0" /><Point X="247" Y="246" T="0" /><Point X="250" Y="249" T="0" /><Point X="251" Y="251" T="0" /><Point X="252" Y="253" T="0" /><Point X="253" Y="254" T="0" /><Point X="254" Y="255" T="0" /><Point X="254" Y="256" T="0" /><Point X="254" Y="257" T="0" /><Point X="254" Y="258" T="0" /><Point X="254" Y="259" T="0" /><Point X="255" Y="259" T="0" /><Point X="256" Y="259" T="0" /><Point X="257" Y="259" T="0" /><Point X="258" Y="259" T="0" /><Point X="258" Y="258" T="0" /><Point X="260" Y="257" T="0" /><Point X="263" Y="255" T="0" /><Point X="266" Y="251" T="0" /><Point X="271" Y="241" T="0" /><Point X="278" Y="227" T="0" /><Point X="282" Y="215" T="0" /><Point X="286" Y="206" T="0" /><Point X="288" Y="201" T="0" /><Point X="289" Y="197" T="0" /><Point X="290" Y="195" T="0" /><Point X="290" Y="193" T="0" /><Point X="291" Y="192" T="0" /><Point X="291" Y="191" T="0" /><Point X="291" Y="190" T="0" /><Point X="291" Y="189" T="0" /></Gesture>