<Gesture Name="zig-zig" Subject="1" Number="1" NumPts="126" Millseconds="0" AppName="Gestures" AppVer="1.0" Date="Wednesday, March 01, 2023" TimeOfDay="19:18:48" ID="7"><Point X="89" Y="238" T="0" /><Point X="94" Y="229" T="0" /><Point X="99" Y="223" T="0" /><Point X="103" Y="217" T="0" /><Point X="106" Y="215" T="0" /><Point X="107" Y="211" T="0" /><Point X="110" Y="209" T="0" /><Point X="111" Y="208" T="0" /><Point X="113" Y="205" T="0" /><Point X="114" Y="203" T="0" /><Point X="116" Y="202" T="0" /><Point X="118" Y="200" T="0" /><Point X="120" Y="197" T="0" /><Point X="122" Y="195" T="0" /><Point X="126" Y="192" T="0" /><Point X="127" Y="191" T="0" /><Point X="128" Y="188" T="0" /><Point X="129" Y="187" T="0" /><Point X="130" Y="187" T="0" /><Point X="130" Y="186" T="0" /><Point X="132" Y="186" T="0" /><Point X="132" Y="187" T="0" /><Point X="133" Y="187" T="0" /><Point X="134" Y="191" T="0" /><Point X="136" Y="193" T="0" /><Point X="139" Y="199" T="0" /><Point X="142" Y="206" T="0" /><Point X="146" Y="215" T="0" /><Point X="150" Y="225" T="0" /><Point X="154" Y="232" T="0" /><Point X="155" Y="238" T="0" /><Point X="157" Y="243" T="0" /><Point X="161" Y="247" T="0" /><Point X="164" Y="253" T="0" /><Point X="167" Y="258" T="0" /><Point X="171" Y="263" T="0" /><Point X="175" Y="267" T="0" /><Point X="179" Y="271" T="0" /><Point X="182" Y="275" T="0" /><Point X="184" Y="277" T="0" /><Point X="186" Y="279" T="0" /><Point X="186" Y="281" T="0" /><Point X="187" Y="281" T="0" /><Point X="188" Y="282" T="0" /><Point X="188" Y="283" T="0" /><Point X="188" Y="284" T="0" /><Point X="188" Y="285" T="0" /><Point X="188" Y="286" T="0" /><Point X="189" Y="286" T="0" /><Point X="190" Y="286" T="0" /><Point X="193" Y="284" T="0" /><Point X="196" Y="279" T="0" /><Point X="198" Y="274" T="0" /><Point X="199" Y="269" T="0" /><Point X="202" Y="263" T="0" /><Point X="205" Y="257" T="0" /><Point X="207" Y="249" T="0" /><Point X="209" Y="242" T="0" /><Point X="211" Y="236" T="0" /><Point X="214" Y="231" T="0" /><Point X="216" Y="227" T="0" /><Point X="218" Y="223" T="0" /><Point X="218" Y="220" T="0" /><Point X="219" Y="218" T="0" /><Point X="220" Y="215" T="0" /><Point X="222" Y="214" T="0" /><Point X="223" Y="211" T="0" /><Point X="225" Y="209" T="0" /><Point X="226" Y="207" T="0" /><Point X="227" Y="207" T="0" /><Point X="228" Y="206" T="0" /><Point X="229" Y="205" T="0" /><Point X="229" Y="204" T="0" /><Point X="230" Y="204" T="0" /><Point X="231" Y="204" T="0" /><Point X="234" Y="205" T="0" /><Point X="237" Y="207" T="0" /><Point X="240" Y="212" T="0" /><Point X="246" Y="219" T="0" /><Point X="250" Y="227" T="0" /><Point X="254" Y="235" T="0" /><Point X="259" Y="240" T="0" /><Point X="262" Y="247" T="0" /><Point X="266" Y="251" T="0" /><Point X="270" Y="257" T="0" /><Point X="274" Y="263" T="0" /><Point X="278" Y="268" T="0" /><Point X="281" Y="271" T="0" /><Point X="282" Y="276" T="0" /><Point X="285" Y="279" T="0" /><Point X="286" Y="281" T="0" /><Point X="286" Y="282" T="0" /><Point X="287" Y="283" T="0" /><Point X="287" Y="284" T="0" /><Point X="288" Y="284" T="0" /><Point X="288" Y="285" T="0" /><Point X="288" Y="287" T="0" /><Point X="289" Y="287" T="0" /><Point X="290" Y="287" T="0" /><Point X="292" Y="287" T="0" /><Point X="293" Y="285" T="0" /><Point X="296" Y="282" T="0" /><Point X="299" Y="277" T="0" /><Point X="302" Y="271" T="0" /><Point X="306" Y="263" T="0" /><Point X="309" Y="251" T="0" /><Point X="313" Y="242" T="0" /><Point X="315" Y="232" T="0" /><Point X="318" Y="227" T="0" /><Point X="318" Y="221" T="0" /><Point X="319" Y="219" T="0" /><Point X="321" Y="215" T="0" /><Point X="321" Y="214" T="0" /><Point X="322" Y="212" T="0" /><Point X="322" Y="211" T="0" /><Point X="323" Y="211" T="0" /><Point X="324" Y="209" T="0" /><Point X="325" Y="207" T="0" /><Point X="325" Y="206" T="0" /><Point X="326" Y="205" T="0" /><Point X="328" Y="201" T="0" /><Point X="329" Y="199" T="0" /><Point X="330" Y="198" T="0" /><Point X="330" Y="197" T="0" /><Point X="331" Y="197" T="0" /><Point X="331" Y="195" T="0" /></Gesture>