<Gesture Name="zig-zig" Subject="1" Number="1" NumPts="110" Millseconds="0" AppName="Gestures" AppVer="1.0" Date="Wednesday, March 01, 2023" TimeOfDay="19:19:29" ID="8"><Point X="111" Y="291" T="0" /><Point X="117" Y="281" T="0" /><Point X="125" Y="268" T="0" /><Point X="131" Y="257" T="0" /><Point X="137" Y="244" T="0" /><Point X="147" Y="222" T="0" /><Point X="154" Y="197" T="0" /><Point X="159" Y="185" T="0" /><Point X="161" Y="177" T="0" /><Point X="163" Y="168" T="0" /><Point X="166" Y="159" T="0" /><Point X="169" Y="151" T="0" /><Point X="170" Y="145" T="0" /><Point X="170" Y="143" T="0" /><Point X="170" Y="140" T="0" /><Point X="170" Y="139" T="0" /><Point X="172" Y="141" T="0" /><Point X="174" Y="143" T="0" /><Point X="177" Y="146" T="0" /><Point X="180" Y="151" T="0" /><Point X="182" Y="154" T="0" /><Point X="186" Y="161" T="0" /><Point X="190" Y="168" T="0" /><Point X="191" Y="177" T="0" /><Point X="194" Y="185" T="0" /><Point X="197" Y="192" T="0" /><Point X="198" Y="196" T="0" /><Point X="199" Y="203" T="0" /><Point X="202" Y="207" T="0" /><Point X="203" Y="212" T="0" /><Point X="206" Y="219" T="0" /><Point X="208" Y="226" T="0" /><Point X="210" Y="232" T="0" /><Point X="212" Y="237" T="0" /><Point X="214" Y="243" T="0" /><Point X="217" Y="247" T="0" /><Point X="218" Y="250" T="0" /><Point X="221" Y="252" T="0" /><Point X="224" Y="255" T="0" /><Point X="226" Y="258" T="0" /><Point X="229" Y="260" T="0" /><Point X="232" Y="263" T="0" /><Point X="234" Y="265" T="0" /><Point X="237" Y="267" T="0" /><Point X="238" Y="268" T="0" /><Point X="241" Y="270" T="0" /><Point X="242" Y="272" T="0" /><Point X="243" Y="272" T="0" /><Point X="244" Y="273" T="0" /><Point X="246" Y="274" T="0" /><Point X="247" Y="275" T="0" /><Point X="249" Y="275" T="0" /><Point X="250" Y="275" T="0" /><Point X="252" Y="273" T="0" /><Point X="256" Y="270" T="0" /><Point X="259" Y="266" T="0" /><Point X="266" Y="257" T="0" /><Point X="272" Y="243" T="0" /><Point X="278" Y="231" T="0" /><Point X="281" Y="223" T="0" /><Point X="284" Y="213" T="0" /><Point X="288" Y="203" T="0" /><Point X="290" Y="194" T="0" /><Point X="291" Y="188" T="0" /><Point X="292" Y="185" T="0" /><Point X="293" Y="183" T="0" /><Point X="293" Y="181" T="0" /><Point X="293" Y="180" T="0" /><Point X="294" Y="180" T="0" /><Point X="294" Y="181" T="0" /><Point X="297" Y="183" T="0" /><Point X="298" Y="187" T="0" /><Point X="301" Y="191" T="0" /><Point X="308" Y="202" T="0" /><Point X="314" Y="215" T="0" /><Point X="321" Y="229" T="0" /><Point X="325" Y="239" T="0" /><Point X="330" Y="251" T="0" /><Point X="334" Y="262" T="0" /><Point X="337" Y="271" T="0" /><Point X="341" Y="281" T="0" /><Point X="342" Y="288" T="0" /><Point X="344" Y="292" T="0" /><Point X="345" Y="297" T="0" /><Point X="346" Y="299" T="0" /><Point X="346" Y="300" T="0" /><Point X="346" Y="303" T="0" /><Point X="346" Y="304" T="0" /><Point X="346" Y="305" T="0" /><Point X="346" Y="306" T="0" /><Point X="346" Y="307" T="0" /><Point X="346" Y="308" T="0" /><Point X="348" Y="308" T="0" /><Point X="349" Y="307" T="0" /><Point X="350" Y="303" T="0" /><Point X="352" Y="295" T="0" /><Point X="354" Y="285" T="0" /><Point X="358" Y="275" T="0" /><Point X="360" Y="263" T="0" /><Point X="362" Y="248" T="0" /><Point X="365" Y="227" T="0" /><Point X="366" Y="215" T="0" /><Point X="366" Y="207" T="0" /><Point X="366" Y="198" T="0" /><Point X="367" Y="191" T="0" /><Point X="369" Y="184" T="0" /><Point X="369" Y="180" T="0" /><Point X="369" Y="177" T="0" /><Point X="369" Y="176" T="0" /><Point X="369" Y="175" T="0" /></Gesture>