<Gesture Name="zig-zig" Subject="1" Number="1" NumPts="101" Millseconds="0" AppName="Gestures" AppVer="1.0" Date="Wednesday, March 01, 2023" TimeOfDay="19:21:41" ID="10"><Point X="58" Y="227" T="0" /><Point X="64" Y="212" T="0" /><Point X="71" Y="203" T="0" /><Point X="75" Y="194" T="0" /><Point X="82" Y="185" T="0" /><Point X="87" Y="175" T="0" /><Point X="93" Y="166" T="0" /><Point X="97" Y="157" T="0" /><Point X="101" Y="151" T="0" /><Point X="102" Y="149" T="0" /><Point X="103" Y="147" T="0" /><Point X="104" Y="145" T="0" /><Point X="106" Y="143" T="0" /><Point X="106" Y="142" T="0" /><Point X="106" Y="141" T="0" /><Point X="108" Y="140" T="0" /><Point X="108" Y="141" T="0" /><Point X="109" Y="145" T="0" /><Point X="110" Y="151" T="0" /><Point X="110" Y="158" T="0" /><Point X="111" Y="162" T="0" /><Point X="113" Y="167" T="0" /><Point X="114" Y="175" T="0" /><Point X="114" Y="180" T="0" /><Point X="115" Y="189" T="0" /><Point X="118" Y="200" T="0" /><Point X="121" Y="210" T="0" /><Point X="124" Y="217" T="0" /><Point X="126" Y="223" T="0" /><Point X="131" Y="230" T="0" /><Point X="135" Y="240" T="0" /><Point X="141" Y="251" T="0" /><Point X="144" Y="261" T="0" /><Point X="146" Y="267" T="0" /><Point X="148" Y="272" T="0" /><Point X="150" Y="275" T="0" /><Point X="151" Y="278" T="0" /><Point X="152" Y="279" T="0" /><Point X="152" Y="280" T="0" /><Point X="153" Y="281" T="0" /><Point X="153" Y="282" T="0" /><Point X="153" Y="283" T="0" /><Point X="153" Y="284" T="0" /><Point X="153" Y="285" T="0" /><Point X="154" Y="285" T="0" /><Point X="155" Y="285" T="0" /><Point X="158" Y="281" T="0" /><Point X="167" Y="271" T="0" /><Point X="176" Y="258" T="0" /><Point X="183" Y="248" T="0" /><Point X="191" Y="238" T="0" /><Point X="200" Y="223" T="0" /><Point X="210" Y="205" T="0" /><Point X="214" Y="194" T="0" /><Point X="218" Y="187" T="0" /><Point X="220" Y="182" T="0" /><Point X="221" Y="179" T="0" /><Point X="222" Y="178" T="0" /><Point X="222" Y="177" T="0" /><Point X="222" Y="176" T="0" /><Point X="222" Y="177" T="0" /><Point X="222" Y="180" T="0" /><Point X="225" Y="186" T="0" /><Point X="227" Y="193" T="0" /><Point X="229" Y="197" T="0" /><Point X="231" Y="204" T="0" /><Point X="235" Y="211" T="0" /><Point X="239" Y="223" T="0" /><Point X="244" Y="236" T="0" /><Point X="249" Y="247" T="0" /><Point X="252" Y="256" T="0" /><Point X="254" Y="262" T="0" /><Point X="258" Y="267" T="0" /><Point X="260" Y="275" T="0" /><Point X="261" Y="279" T="0" /><Point X="262" Y="283" T="0" /><Point X="262" Y="286" T="0" /><Point X="262" Y="287" T="0" /><Point X="262" Y="289" T="0" /><Point X="262" Y="290" T="0" /><Point X="262" Y="291" T="0" /><Point X="262" Y="292" T="0" /><Point X="263" Y="292" T="0" /><Point X="265" Y="292" T="0" /><Point X="266" Y="292" T="0" /><Point X="269" Y="291" T="0" /><Point X="274" Y="287" T="0" /><Point X="279" Y="281" T="0" /><Point X="287" Y="274" T="0" /><Point X="297" Y="260" T="0" /><Point X="310" Y="243" T="0" /><Point X="315" Y="231" T="0" /><Point X="320" Y="221" T="0" /><Point X="323" Y="213" T="0" /><Point X="326" Y="204" T="0" /><Point X="329" Y="199" T="0" /><Point X="330" Y="194" T="0" /><Point X="331" Y="192" T="0" /><Point X="332" Y="191" T="0" /><Point X="332" Y="189" T="0" /><Point X="332" Y="188" T="0" /></Gesture>