<Gesture Name="zig-zig" Subject="1" Number="1" NumPts="117" Millseconds="0" AppName="Gestures" AppVer="1.0" Date="Wednesday, March 01, 2023" TimeOfDay="19:17:55" ID="6"><Point X="74" Y="192" T="0" /><Point X="79" Y="185" T="0" /><Point X="84" Y="181" T="0" /><Point X="86" Y="176" T="0" /><Point X="89" Y="174" T="0" /><Point X="92" Y="171" T="0" /><Point X="95" Y="167" T="0" /><Point X="96" Y="167" T="0" /><Point X="98" Y="165" T="0" /><Point X="100" Y="163" T="0" /><Point X="102" Y="163" T="0" /><Point X="102" Y="162" T="0" /><Point X="102" Y="161" T="0" /><Point X="103" Y="160" T="0" /><Point X="103" Y="161" T="0" /><Point X="104" Y="162" T="0" /><Point X="104" Y="163" T="0" /><Point X="106" Y="166" T="0" /><Point X="110" Y="172" T="0" /><Point X="113" Y="183" T="0" /><Point X="118" Y="192" T="0" /><Point X="122" Y="200" T="0" /><Point X="126" Y="211" T="0" /><Point X="131" Y="223" T="0" /><Point X="134" Y="234" T="0" /><Point X="139" Y="244" T="0" /><Point X="142" Y="251" T="0" /><Point X="145" Y="258" T="0" /><Point X="147" Y="262" T="0" /><Point X="150" Y="267" T="0" /><Point X="151" Y="269" T="0" /><Point X="153" Y="272" T="0" /><Point X="154" Y="275" T="0" /><Point X="155" Y="276" T="0" /><Point X="157" Y="277" T="0" /><Point X="157" Y="278" T="0" /><Point X="158" Y="279" T="0" /><Point X="158" Y="280" T="0" /><Point X="158" Y="281" T="0" /><Point X="158" Y="282" T="0" /><Point X="159" Y="282" T="0" /><Point X="160" Y="282" T="0" /><Point X="161" Y="282" T="0" /><Point X="163" Y="282" T="0" /><Point X="165" Y="279" T="0" /><Point X="167" Y="275" T="0" /><Point X="173" Y="267" T="0" /><Point X="178" Y="254" T="0" /><Point X="184" Y="242" T="0" /><Point X="187" Y="233" T="0" /><Point X="191" Y="223" T="0" /><Point X="197" Y="210" T="0" /><Point X="202" Y="196" T="0" /><Point X="206" Y="187" T="0" /><Point X="208" Y="179" T="0" /><Point X="210" Y="175" T="0" /><Point X="211" Y="171" T="0" /><Point X="212" Y="169" T="0" /><Point X="213" Y="168" T="0" /><Point X="214" Y="167" T="0" /><Point X="214" Y="166" T="0" /><Point X="215" Y="164" T="0" /><Point X="216" Y="164" T="0" /><Point X="216" Y="163" T="0" /><Point X="217" Y="163" T="0" /><Point X="218" Y="163" T="0" /><Point X="219" Y="167" T="0" /><Point X="222" Y="170" T="0" /><Point X="223" Y="177" T="0" /><Point X="226" Y="185" T="0" /><Point X="227" Y="191" T="0" /><Point X="229" Y="198" T="0" /><Point X="232" Y="205" T="0" /><Point X="234" Y="212" T="0" /><Point X="236" Y="222" T="0" /><Point X="237" Y="230" T="0" /><Point X="238" Y="237" T="0" /><Point X="238" Y="243" T="0" /><Point X="240" Y="248" T="0" /><Point X="242" Y="252" T="0" /><Point X="242" Y="255" T="0" /><Point X="243" Y="259" T="0" /><Point X="244" Y="263" T="0" /><Point X="245" Y="266" T="0" /><Point X="246" Y="271" T="0" /><Point X="246" Y="275" T="0" /><Point X="247" Y="279" T="0" /><Point X="248" Y="283" T="0" /><Point X="250" Y="286" T="0" /><Point X="250" Y="287" T="0" /><Point X="250" Y="289" T="0" /><Point X="250" Y="290" T="0" /><Point X="251" Y="291" T="0" /><Point X="251" Y="292" T="0" /><Point X="251" Y="293" T="0" /><Point X="252" Y="294" T="0" /><Point X="253" Y="294" T="0" /><Point X="254" Y="294" T="0" /><Point X="254" Y="292" T="0" /><Point X="257" Y="290" T="0" /><Point X="259" Y="285" T="0" /><Point X="262" Y="278" T="0" /><Point X="266" Y="271" T="0" /><Point X="270" Y="263" T="0" /><Point X="274" Y="252" T="0" /><Point X="280" Y="238" T="0" /><Point X="283" Y="230" T="0" /><Point X="286" Y="222" T="0" /><Point X="288" Y="217" T="0" /><Point X="290" Y="214" T="0" /><Point X="290" Y="211" T="0" /><Point X="291" Y="208" T="0" /><Point X="292" Y="207" T="0" /><Point X="293" Y="207" T="0" /><Point X="293" Y="206" T="0" /><Point X="293" Y="204" T="0" /><Point X="293" Y="203" T="0" /></Gesture>