<Gesture Name="zig-zig" Subject="1" Number="1" NumPts="173" Millseconds="0" AppName="Gestures" AppVer="1.0" Date="Wednesday, March 01, 2023" TimeOfDay="19:13:23" ID="1"><Point X="86" Y="230" T="0" /><Point X="86" Y="229" T="0" /><Point X="87" Y="227" T="0" /><Point X="90" Y="226" T="0" /><Point X="90" Y="224" T="0" /><Point X="90" Y="223" T="0" /><Point X="91" Y="221" T="0" /><Point X="92" Y="219" T="0" /><Point X="94" Y="217" T="0" /><Point X="95" Y="213" T="0" /><Point X="98" Y="210" T="0" /><Point X="98" Y="207" T="0" /><Point X="100" Y="204" T="0" /><Point X="101" Y="203" T="0" /><Point X="102" Y="201" T="0" /><Point X="102" Y="200" T="0" /><Point X="103" Y="198" T="0" /><Point X="104" Y="197" T="0" /><Point X="105" Y="196" T="0" /><Point X="106" Y="196" T="0" /><Point X="106" Y="195" T="0" /><Point X="107" Y="194" T="0" /><Point X="109" Y="194" T="0" /><Point X="110" Y="191" T="0" /><Point X="114" Y="189" T="0" /><Point X="115" Y="187" T="0" /><Point X="117" Y="183" T="0" /><Point X="118" Y="181" T="0" /><Point X="120" Y="179" T="0" /><Point X="121" Y="179" T="0" /><Point X="122" Y="176" T="0" /><Point X="122" Y="175" T="0" /><Point X="123" Y="175" T="0" /><Point X="123" Y="174" T="0" /><Point X="123" Y="173" T="0" /><Point X="123" Y="174" T="0" /><Point X="123" Y="175" T="0" /><Point X="123" Y="176" T="0" /><Point X="123" Y="177" T="0" /><Point X="123" Y="178" T="0" /><Point X="123" Y="179" T="0" /><Point X="124" Y="180" T="0" /><Point X="125" Y="181" T="0" /><Point X="126" Y="183" T="0" /><Point X="127" Y="187" T="0" /><Point X="129" Y="191" T="0" /><Point X="130" Y="195" T="0" /><Point X="133" Y="203" T="0" /><Point X="134" Y="208" T="0" /><Point X="137" Y="215" T="0" /><Point X="138" Y="217" T="0" /><Point X="138" Y="222" T="0" /><Point X="139" Y="224" T="0" /><Point X="140" Y="227" T="0" /><Point X="141" Y="228" T="0" /><Point X="142" Y="231" T="0" /><Point X="145" Y="233" T="0" /><Point X="146" Y="236" T="0" /><Point X="148" Y="239" T="0" /><Point X="150" Y="241" T="0" /><Point X="152" Y="244" T="0" /><Point X="153" Y="245" T="0" /><Point X="154" Y="247" T="0" /><Point X="155" Y="250" T="0" /><Point X="156" Y="251" T="0" /><Point X="156" Y="252" T="0" /><Point X="157" Y="254" T="0" /><Point X="158" Y="255" T="0" /><Point X="159" Y="256" T="0" /><Point X="159" Y="257" T="0" /><Point X="159" Y="258" T="0" /><Point X="160" Y="258" T="0" /><Point X="161" Y="258" T="0" /><Point X="162" Y="258" T="0" /><Point X="163" Y="256" T="0" /><Point X="166" Y="253" T="0" /><Point X="167" Y="250" T="0" /><Point X="169" Y="245" T="0" /><Point X="170" Y="242" T="0" /><Point X="171" Y="238" T="0" /><Point X="174" Y="233" T="0" /><Point X="176" Y="224" T="0" /><Point X="178" Y="216" T="0" /><Point X="181" Y="208" T="0" /><Point X="182" Y="203" T="0" /><Point X="186" Y="196" T="0" /><Point X="187" Y="193" T="0" /><Point X="188" Y="190" T="0" /><Point X="189" Y="188" T="0" /><Point X="190" Y="187" T="0" /><Point X="190" Y="186" T="0" /><Point X="193" Y="184" T="0" /><Point X="194" Y="182" T="0" /><Point X="196" Y="180" T="0" /><Point X="197" Y="179" T="0" /><Point X="197" Y="177" T="0" /><Point X="199" Y="175" T="0" /><Point X="200" Y="174" T="0" /><Point X="201" Y="172" T="0" /><Point X="202" Y="171" T="0" /><Point X="202" Y="168" T="0" /><Point X="203" Y="167" T="0" /><Point X="204" Y="169" T="0" /><Point X="205" Y="170" T="0" /><Point X="206" Y="171" T="0" /><Point X="207" Y="172" T="0" /><Point X="207" Y="173" T="0" /><Point X="209" Y="175" T="0" /><Point X="210" Y="178" T="0" /><Point X="212" Y="180" T="0" /><Point X="214" Y="183" T="0" /><Point X="216" Y="187" T="0" /><Point X="218" Y="190" T="0" /><Point X="219" Y="193" T="0" /><Point X="221" Y="195" T="0" /><Point X="223" Y="199" T="0" /><Point X="225" Y="202" T="0" /><Point X="226" Y="204" T="0" /><Point X="228" Y="207" T="0" /><Point X="230" Y="210" T="0" /><Point X="232" Y="211" T="0" /><Point X="234" Y="212" T="0" /><Point X="234" Y="215" T="0" /><Point X="236" Y="216" T="0" /><Point X="238" Y="218" T="0" /><Point X="238" Y="219" T="0" /><Point X="239" Y="219" T="0" /><Point X="239" Y="220" T="0" /><Point X="240" Y="221" T="0" /><Point X="241" Y="222" T="0" /><Point X="241" Y="223" T="0" /><Point X="242" Y="223" T="0" /><Point X="242" Y="224" T="0" /><Point X="242" Y="225" T="0" /><Point X="243" Y="225" T="0" /><Point X="244" Y="226" T="0" /><Point X="245" Y="227" T="0" /><Point X="246" Y="227" T="0" /><Point X="246" Y="228" T="0" /><Point X="246" Y="230" T="0" /><Point X="247" Y="231" T="0" /><Point X="248" Y="232" T="0" /><Point X="249" Y="235" T="0" /><Point X="250" Y="235" T="0" /><Point X="250" Y="236" T="0" /><Point X="250" Y="237" T="0" /><Point X="250" Y="238" T="0" /><Point X="250" Y="239" T="0" /><Point X="251" Y="239" T="0" /><Point X="252" Y="239" T="0" /><Point X="253" Y="239" T="0" /><Point X="254" Y="239" T="0" /><Point X="256" Y="236" T="0" /><Point X="258" Y="234" T="0" /><Point X="259" Y="231" T="0" /><Point X="262" Y="229" T="0" /><Point X="264" Y="227" T="0" /><Point X="266" Y="223" T="0" /><Point X="267" Y="221" T="0" /><Point X="270" Y="218" T="0" /><Point X="273" Y="211" T="0" /><Point X="274" Y="208" T="0" /><Point X="276" Y="203" T="0" /><Point X="278" Y="200" T="0" /><Point X="279" Y="196" T="0" /><Point X="281" Y="194" T="0" /><Point X="282" Y="191" T="0" /><Point X="282" Y="189" T="0" /><Point X="283" Y="188" T="0" /><Point X="284" Y="187" T="0" /><Point X="284" Y="186" T="0" /><Point X="284" Y="185" T="0" /><Point X="284" Y="183" T="0" /></Gesture>