<Gesture Name="zig-zig" Subject="1" Number="1" NumPts="105" Millseconds="0" AppName="Gestures" AppVer="1.0" Date="Wednesday, March 01, 2023" TimeOfDay="19:15:30" ID="3"><Point X="83" Y="238" T="0" /><Point X="98" Y="216" T="0" /><Point X="106" Y="206" T="0" /><Point X="109" Y="201" T="0" /><Point X="110" Y="199" T="0" /><Point X="112" Y="195" T="0" /><Point X="114" Y="194" T="0" /><Point X="118" Y="189" T="0" /><Point X="118" Y="187" T="0" /><Point X="120" Y="185" T="0" /><Point X="121" Y="183" T="0" /><Point X="122" Y="183" T="0" /><Point X="123" Y="182" T="0" /><Point X="123" Y="181" T="0" /><Point X="123" Y="182" T="0" /><Point X="123" Y="183" T="0" /><Point X="123" Y="186" T="0" /><Point X="125" Y="191" T="0" /><Point X="126" Y="200" T="0" /><Point X="129" Y="210" T="0" /><Point X="132" Y="216" T="0" /><Point X="134" Y="223" T="0" /><Point X="137" Y="232" T="0" /><Point X="140" Y="243" T="0" /><Point X="146" Y="255" T="0" /><Point X="149" Y="264" T="0" /><Point X="153" Y="271" T="0" /><Point X="155" Y="276" T="0" /><Point X="157" Y="279" T="0" /><Point X="158" Y="282" T="0" /><Point X="158" Y="283" T="0" /><Point X="158" Y="284" T="0" /><Point X="159" Y="285" T="0" /><Point X="161" Y="286" T="0" /><Point X="161" Y="287" T="0" /><Point X="161" Y="288" T="0" /><Point X="161" Y="289" T="0" /><Point X="162" Y="289" T="0" /><Point X="163" Y="289" T="0" /><Point X="167" Y="283" T="0" /><Point X="173" Y="272" T="0" /><Point X="179" Y="261" T="0" /><Point X="184" Y="251" T="0" /><Point X="190" Y="242" T="0" /><Point X="197" Y="225" T="0" /><Point X="204" Y="212" T="0" /><Point X="207" Y="203" T="0" /><Point X="210" Y="195" T="0" /><Point X="213" Y="192" T="0" /><Point X="214" Y="189" T="0" /><Point X="214" Y="187" T="0" /><Point X="215" Y="187" T="0" /><Point X="216" Y="185" T="0" /><Point X="216" Y="184" T="0" /><Point X="217" Y="183" T="0" /><Point X="217" Y="182" T="0" /><Point X="217" Y="183" T="0" /><Point X="218" Y="184" T="0" /><Point X="218" Y="187" T="0" /><Point X="220" Y="191" T="0" /><Point X="221" Y="196" T="0" /><Point X="222" Y="202" T="0" /><Point X="222" Y="205" T="0" /><Point X="225" Y="210" T="0" /><Point X="226" Y="213" T="0" /><Point X="230" Y="220" T="0" /><Point X="233" Y="226" T="0" /><Point X="238" Y="235" T="0" /><Point X="242" Y="243" T="0" /><Point X="247" Y="251" T="0" /><Point X="251" Y="256" T="0" /><Point X="254" Y="263" T="0" /><Point X="257" Y="268" T="0" /><Point X="261" Y="273" T="0" /><Point X="263" Y="276" T="0" /><Point X="265" Y="281" T="0" /><Point X="266" Y="283" T="0" /><Point X="267" Y="284" T="0" /><Point X="269" Y="287" T="0" /><Point X="270" Y="288" T="0" /><Point X="270" Y="289" T="0" /><Point X="270" Y="290" T="0" /><Point X="270" Y="291" T="0" /><Point X="270" Y="292" T="0" /><Point X="270" Y="293" T="0" /><Point X="271" Y="293" T="0" /><Point X="272" Y="293" T="0" /><Point X="273" Y="291" T="0" /><Point X="275" Y="291" T="0" /><Point X="277" Y="288" T="0" /><Point X="279" Y="283" T="0" /><Point X="284" Y="278" T="0" /><Point X="291" Y="265" T="0" /><Point X="301" Y="249" T="0" /><Point X="306" Y="237" T="0" /><Point X="312" Y="227" T="0" /><Point X="318" Y="215" T="0" /><Point X="325" Y="198" T="0" /><Point X="330" Y="187" T="0" /><Point X="333" Y="179" T="0" /><Point X="334" Y="174" T="0" /><Point X="336" Y="171" T="0" /><Point X="337" Y="170" T="0" /><Point X="338" Y="168" T="0" /><Point X="338" Y="167" T="0" /></Gesture>