<Gesture Name="zig-zig" Subject="1" Number="1" NumPts="141" Millseconds="0" AppName="Gestures" AppVer="1.0" Date="Wednesday, March 01, 2023" TimeOfDay="19:20:15" ID="9"><Point X="84" Y="246" T="0" /><Point X="88" Y="239" T="0" /><Point X="90" Y="233" T="0" /><Point X="91" Y="231" T="0" /><Point X="92" Y="229" T="0" /><Point X="94" Y="227" T="0" /><Point X="97" Y="223" T="0" /><Point X="99" Y="220" T="0" /><Point X="101" Y="219" T="0" /><Point X="102" Y="218" T="0" /><Point X="102" Y="217" T="0" /><Point X="103" Y="216" T="0" /><Point X="104" Y="216" T="0" /><Point X="105" Y="216" T="0" /><Point X="106" Y="215" T="0" /><Point X="108" Y="213" T="0" /><Point X="112" Y="209" T="0" /><Point X="114" Y="207" T="0" /><Point X="115" Y="207" T="0" /><Point X="116" Y="204" T="0" /><Point X="120" Y="199" T="0" /><Point X="122" Y="195" T="0" /><Point X="124" Y="192" T="0" /><Point X="125" Y="191" T="0" /><Point X="126" Y="190" T="0" /><Point X="126" Y="189" T="0" /><Point X="128" Y="195" T="0" /><Point X="131" Y="203" T="0" /><Point X="134" Y="208" T="0" /><Point X="136" Y="214" T="0" /><Point X="138" Y="217" T="0" /><Point X="139" Y="220" T="0" /><Point X="142" Y="223" T="0" /><Point X="142" Y="224" T="0" /><Point X="143" Y="226" T="0" /><Point X="143" Y="228" T="0" /><Point X="144" Y="229" T="0" /><Point X="145" Y="231" T="0" /><Point X="146" Y="231" T="0" /><Point X="146" Y="232" T="0" /><Point X="146" Y="233" T="0" /><Point X="148" Y="234" T="0" /><Point X="148" Y="235" T="0" /><Point X="148" Y="236" T="0" /><Point X="149" Y="237" T="0" /><Point X="149" Y="238" T="0" /><Point X="150" Y="238" T="0" /><Point X="150" Y="239" T="0" /><Point X="151" Y="241" T="0" /><Point X="151" Y="242" T="0" /><Point X="152" Y="243" T="0" /><Point X="153" Y="243" T="0" /><Point X="154" Y="243" T="0" /><Point X="154" Y="244" T="0" /><Point X="155" Y="245" T="0" /><Point X="155" Y="246" T="0" /><Point X="155" Y="247" T="0" /><Point X="155" Y="248" T="0" /><Point X="156" Y="248" T="0" /><Point X="157" Y="248" T="0" /><Point X="158" Y="248" T="0" /><Point X="162" Y="244" T="0" /><Point X="165" Y="242" T="0" /><Point X="166" Y="241" T="0" /><Point X="169" Y="239" T="0" /><Point X="173" Y="235" T="0" /><Point X="175" Y="232" T="0" /><Point X="178" Y="230" T="0" /><Point X="181" Y="227" T="0" /><Point X="184" Y="223" T="0" /><Point X="188" Y="217" T="0" /><Point X="190" Y="212" T="0" /><Point X="194" Y="206" T="0" /><Point X="195" Y="203" T="0" /><Point X="198" Y="199" T="0" /><Point X="198" Y="197" T="0" /><Point X="199" Y="196" T="0" /><Point X="200" Y="195" T="0" /><Point X="201" Y="193" T="0" /><Point X="202" Y="191" T="0" /><Point X="205" Y="188" T="0" /><Point X="206" Y="187" T="0" /><Point X="206" Y="186" T="0" /><Point X="206" Y="185" T="0" /><Point X="206" Y="184" T="0" /><Point X="206" Y="183" T="0" /><Point X="207" Y="183" T="0" /><Point X="208" Y="183" T="0" /><Point X="209" Y="183" T="0" /><Point X="210" Y="183" T="0" /><Point X="212" Y="185" T="0" /><Point X="214" Y="188" T="0" /><Point X="216" Y="194" T="0" /><Point X="219" Y="200" T="0" /><Point X="221" Y="206" T="0" /><Point X="223" Y="211" T="0" /><Point X="225" Y="216" T="0" /><Point X="229" Y="221" T="0" /><Point X="232" Y="228" T="0" /><Point X="234" Y="234" T="0" /><Point X="237" Y="241" T="0" /><Point X="240" Y="248" T="0" /><Point X="242" Y="254" T="0" /><Point X="244" Y="259" T="0" /><Point X="246" Y="262" T="0" /><Point X="247" Y="264" T="0" /><Point X="248" Y="267" T="0" /><Point X="249" Y="267" T="0" /><Point X="250" Y="269" T="0" /><Point X="250" Y="271" T="0" /><Point X="251" Y="271" T="0" /><Point X="251" Y="272" T="0" /><Point X="251" Y="273" T="0" /><Point X="251" Y="274" T="0" /><Point X="252" Y="274" T="0" /><Point X="253" Y="274" T="0" /><Point X="254" Y="274" T="0" /><Point X="255" Y="274" T="0" /><Point X="257" Y="273" T="0" /><Point X="258" Y="272" T="0" /><Point X="260" Y="271" T="0" /><Point X="263" Y="267" T="0" /><Point X="266" Y="265" T="0" /><Point X="268" Y="263" T="0" /><Point X="274" Y="257" T="0" /><Point X="276" Y="251" T="0" /><Point X="278" Y="249" T="0" /><Point X="278" Y="247" T="0" /><Point X="281" Y="242" T="0" /><Point X="282" Y="240" T="0" /><Point X="282" Y="237" T="0" /><Point X="285" Y="231" T="0" /><Point X="286" Y="224" T="0" /><Point X="290" Y="217" T="0" /><Point X="292" Y="209" T="0" /><Point X="294" Y="202" T="0" /><Point X="294" Y="199" T="0" /><Point X="295" Y="195" T="0" /><Point X="295" Y="194" T="0" /><Point X="295" Y="193" T="0" /><Point X="295" Y="192" T="0" /></Gesture>