<Gesture Name="arrow" Subject="1" Number="1" NumPts="90" Millseconds="0" AppName="Gestures" AppVer="1.0" Date="Wednesday, March 01, 2023" TimeOfDay="16:24:17" ID="5"><Point X="302" Y="656" T="0" /><Point X="346" Y="629" T="0" /><Point X="381" Y="605" T="0" /><Point X="426" Y="572" T="0" /><Point X="472" Y="547" T="0" /><Point X="510" Y="524" T="0" /><Point X="555" Y="499" T="0" /><Point X="577" Y="483" T="0" /><Point X="591" Y="471" T="0" /><Point X="608" Y="460" T="0" /><Point X="621" Y="453" T="0" /><Point X="630" Y="449" T="0" /><Point X="638" Y="446" T="0" /><Point X="642" Y="443" T="0" /><Point X="646" Y="441" T="0" /><Point X="647" Y="441" T="0" /><Point X="649" Y="440" T="0" /><Point X="649" Y="439" T="0" /><Point X="650" Y="439" T="0" /><Point X="651" Y="439" T="0" /><Point X="649" Y="439" T="0" /><Point X="642" Y="439" T="0" /><Point X="631" Y="439" T="0" /><Point X="616" Y="441" T="0" /><Point X="596" Y="443" T="0" /><Point X="574" Y="448" T="0" /><Point X="564" Y="451" T="0" /><Point X="551" Y="455" T="0" /><Point X="541" Y="457" T="0" /><Point X="532" Y="459" T="0" /><Point X="526" Y="461" T="0" /><Point X="520" Y="462" T="0" /><Point X="517" Y="463" T="0" /><Point X="514" Y="463" T="0" /><Point X="512" Y="463" T="0" /><Point X="511" Y="463" T="0" /><Point X="510" Y="463" T="0" /><Point X="508" Y="463" T="0" /><Point X="507" Y="463" T="0" /><Point X="510" Y="463" T="0" /><Point X="515" Y="463" T="0" /><Point X="525" Y="462" T="0" /><Point X="534" Y="460" T="0" /><Point X="548" Y="456" T="0" /><Point X="565" Y="454" T="0" /><Point X="578" Y="453" T="0" /><Point X="588" Y="452" T="0" /><Point X="598" Y="451" T="0" /><Point X="604" Y="451" T="0" /><Point X="612" Y="450" T="0" /><Point X="619" Y="449" T="0" /><Point X="625" Y="448" T="0" /><Point X="630" Y="448" T="0" /><Point X="633" Y="448" T="0" /><Point X="636" Y="448" T="0" /><Point X="638" Y="447" T="0" /><Point X="641" Y="446" T="0" /><Point X="643" Y="445" T="0" /><Point X="645" Y="445" T="0" /><Point X="646" Y="445" T="0" /><Point X="647" Y="445" T="0" /><Point X="649" Y="445" T="0" /><Point X="650" Y="445" T="0" /><Point X="650" Y="447" T="0" /><Point X="650" Y="448" T="0" /><Point X="650" Y="449" T="0" /><Point X="650" Y="450" T="0" /><Point X="648" Y="451" T="0" /><Point X="646" Y="453" T="0" /><Point X="642" Y="457" T="0" /><Point X="634" Y="463" T="0" /><Point X="627" Y="471" T="0" /><Point X="621" Y="478" T="0" /><Point X="614" Y="487" T="0" /><Point X="609" Y="496" T="0" /><Point X="603" Y="507" T="0" /><Point X="600" Y="515" T="0" /><Point X="597" Y="522" T="0" /><Point X="594" Y="529" T="0" /><Point X="592" Y="532" T="0" /><Point X="591" Y="537" T="0" /><Point X="590" Y="539" T="0" /><Point X="590" Y="541" T="0" /><Point X="590" Y="543" T="0" /><Point X="589" Y="545" T="0" /><Point X="587" Y="545" T="0" /><Point X="587" Y="546" T="0" /><Point X="587" Y="547" T="0" /><Point X="587" Y="548" T="0" /><Point X="587" Y="549" T="0" /></Gesture>