<Gesture Name="arrow" Subject="1" Number="1" NumPts="86" Millseconds="0" AppName="Gestures" AppVer="1.0" Date="Wednesday, March 01, 2023" TimeOfDay="16:27:02" ID="7"><Point X="272" Y="617" T="0" /><Point X="306" Y="599" T="0" /><Point X="344" Y="579" T="0" /><Point X="386" Y="557" T="0" /><Point X="412" Y="543" T="0" /><Point X="442" Y="527" T="0" /><Point X="470" Y="511" T="0" /><Point X="486" Y="503" T="0" /><Point X="496" Y="497" T="0" /><Point X="503" Y="491" T="0" /><Point X="508" Y="489" T="0" /><Point X="510" Y="487" T="0" /><Point X="513" Y="487" T="0" /><Point X="514" Y="486" T="0" /><Point X="514" Y="484" T="0" /><Point X="515" Y="484" T="0" /><Point X="516" Y="484" T="0" /><Point X="515" Y="484" T="0" /><Point X="514" Y="484" T="0" /><Point X="508" Y="484" T="0" /><Point X="499" Y="483" T="0" /><Point X="488" Y="483" T="0" /><Point X="479" Y="483" T="0" /><Point X="468" Y="483" T="0" /><Point X="458" Y="483" T="0" /><Point X="450" Y="483" T="0" /><Point X="440" Y="486" T="0" /><Point X="432" Y="487" T="0" /><Point X="425" Y="488" T="0" /><Point X="422" Y="489" T="0" /><Point X="418" Y="489" T="0" /><Point X="416" Y="489" T="0" /><Point X="414" Y="489" T="0" /><Point X="413" Y="489" T="0" /><Point X="411" Y="489" T="0" /><Point X="410" Y="489" T="0" /><Point X="409" Y="489" T="0" /><Point X="410" Y="489" T="0" /><Point X="414" Y="489" T="0" /><Point X="418" Y="489" T="0" /><Point X="426" Y="489" T="0" /><Point X="434" Y="489" T="0" /><Point X="441" Y="489" T="0" /><Point X="445" Y="489" T="0" /><Point X="450" Y="489" T="0" /><Point X="456" Y="489" T="0" /><Point X="462" Y="489" T="0" /><Point X="467" Y="489" T="0" /><Point X="474" Y="489" T="0" /><Point X="479" Y="489" T="0" /><Point X="483" Y="489" T="0" /><Point X="487" Y="489" T="0" /><Point X="490" Y="489" T="0" /><Point X="494" Y="489" T="0" /><Point X="498" Y="489" T="0" /><Point X="501" Y="488" T="0" /><Point X="505" Y="488" T="0" /><Point X="508" Y="487" T="0" /><Point X="510" Y="487" T="0" /><Point X="512" Y="487" T="0" /><Point X="514" Y="487" T="0" /><Point X="515" Y="487" T="0" /><Point X="517" Y="487" T="0" /><Point X="518" Y="487" T="0" /><Point X="520" Y="487" T="0" /><Point X="521" Y="487" T="0" /><Point X="522" Y="487" T="0" /><Point X="523" Y="487" T="0" /><Point X="524" Y="487" T="0" /><Point X="525" Y="487" T="0" /><Point X="523" Y="489" T="0" /><Point X="520" Y="495" T="0" /><Point X="518" Y="500" T="0" /><Point X="515" Y="506" T="0" /><Point X="514" Y="510" T="0" /><Point X="511" Y="517" T="0" /><Point X="509" Y="523" T="0" /><Point X="507" Y="527" T="0" /><Point X="506" Y="530" T="0" /><Point X="506" Y="532" T="0" /><Point X="505" Y="535" T="0" /><Point X="504" Y="536" T="0" /><Point X="503" Y="537" T="0" /><Point X="503" Y="539" T="0" /><Point X="503" Y="540" T="0" /><Point X="503" Y="541" T="0" /></Gesture>