<Gesture Name="arrow" Subject="1" Number="1" NumPts="238" Millseconds="0" AppName="Gestures" AppVer="1.0" Date="Wednesday, March 01, 2023" TimeOfDay="16:30:49" ID="10"><Point X="201" Y="539" T="0" /><Point X="202" Y="537" T="0" /><Point X="205" Y="535" T="0" /><Point X="207" Y="531" T="0" /><Point X="212" Y="525" T="0" /><Point X="220" Y="519" T="0" /><Point X="226" Y="513" T="0" /><Point X="233" Y="507" T="0" /><Point X="242" Y="500" T="0" /><Point X="250" Y="494" T="0" /><Point X="259" Y="487" T="0" /><Point X="268" Y="480" T="0" /><Point X="275" Y="476" T="0" /><Point X="280" Y="472" T="0" /><Point X="286" Y="468" T="0" /><Point X="290" Y="466" T="0" /><Point X="294" Y="463" T="0" /><Point X="298" Y="459" T="0" /><Point X="304" Y="455" T="0" /><Point X="310" Y="451" T="0" /><Point X="317" Y="446" T="0" /><Point X="324" Y="443" T="0" /><Point X="330" Y="439" T="0" /><Point X="336" Y="436" T="0" /><Point X="339" Y="435" T="0" /><Point X="343" Y="433" T="0" /><Point X="345" Y="431" T="0" /><Point X="347" Y="428" T="0" /><Point X="352" Y="425" T="0" /><Point X="357" Y="422" T="0" /><Point X="363" Y="418" T="0" /><Point X="369" Y="412" T="0" /><Point X="375" Y="408" T="0" /><Point X="380" Y="404" T="0" /><Point X="385" Y="401" T="0" /><Point X="388" Y="398" T="0" /><Point X="393" Y="395" T="0" /><Point X="397" Y="391" T="0" /><Point X="401" Y="390" T="0" /><Point X="404" Y="388" T="0" /><Point X="409" Y="387" T="0" /><Point X="411" Y="384" T="0" /><Point X="414" Y="383" T="0" /><Point X="419" Y="379" T="0" /><Point X="422" Y="377" T="0" /><Point X="427" Y="373" T="0" /><Point X="431" Y="371" T="0" /><Point X="433" Y="369" T="0" /><Point X="437" Y="366" T="0" /><Point X="440" Y="363" T="0" /><Point X="442" Y="361" T="0" /><Point X="447" Y="357" T="0" /><Point X="450" Y="355" T="0" /><Point X="453" Y="354" T="0" /><Point X="454" Y="352" T="0" /><Point X="457" Y="350" T="0" /><Point X="459" Y="348" T="0" /><Point X="462" Y="347" T="0" /><Point X="465" Y="346" T="0" /><Point X="469" Y="343" T="0" /><Point X="471" Y="342" T="0" /><Point X="474" Y="340" T="0" /><Point X="475" Y="339" T="0" /><Point X="476" Y="339" T="0" /><Point X="477" Y="338" T="0" /><Point X="478" Y="338" T="0" /><Point X="478" Y="337" T="0" /><Point X="478" Y="335" T="0" /><Point X="478" Y="334" T="0" /><Point X="477" Y="333" T="0" /><Point X="476" Y="333" T="0" /><Point X="475" Y="333" T="0" /><Point X="474" Y="333" T="0" /><Point X="474" Y="332" T="0" /><Point X="472" Y="331" T="0" /><Point X="470" Y="331" T="0" /><Point X="469" Y="331" T="0" /><Point X="466" Y="329" T="0" /><Point X="465" Y="329" T="0" /><Point X="464" Y="329" T="0" /><Point X="462" Y="329" T="0" /><Point X="460" Y="329" T="0" /><Point X="459" Y="329" T="0" /><Point X="458" Y="329" T="0" /><Point X="457" Y="329" T="0" /><Point X="454" Y="329" T="0" /><Point X="453" Y="329" T="0" /><Point X="452" Y="329" T="0" /><Point X="450" Y="329" T="0" /><Point X="448" Y="329" T="0" /><Point X="446" Y="328" T="0" /><Point X="444" Y="328" T="0" /><Point X="442" Y="327" T="0" /><Point X="439" Y="327" T="0" /><Point X="437" Y="327" T="0" /><Point X="434" Y="327" T="0" /><Point X="431" Y="327" T="0" /><Point X="430" Y="327" T="0" /><Point X="427" Y="327" T="0" /><Point X="425" Y="327" T="0" /><Point X="424" Y="327" T="0" /><Point X="422" Y="327" T="0" /><Point X="419" Y="326" T="0" /><Point X="418" Y="326" T="0" /><Point X="417" Y="326" T="0" /><Point X="414" Y="326" T="0" /><Point X="411" Y="326" T="0" /><Point X="410" Y="326" T="0" /><Point X="409" Y="326" T="0" /><Point X="407" Y="326" T="0" /><Point X="406" Y="326" T="0" /><Point X="404" Y="326" T="0" /><Point X="403" Y="326" T="0" /><Point X="402" Y="326" T="0" /><Point X="401" Y="326" T="0" /><Point X="398" Y="326" T="0" /><Point X="397" Y="326" T="0" /><Point X="396" Y="326" T="0" /><Point X="395" Y="326" T="0" /><Point X="394" Y="326" T="0" /><Point X="393" Y="326" T="0" /><Point X="392" Y="326" T="0" /><Point X="393" Y="326" T="0" /><Point X="396" Y="326" T="0" /><Point X="398" Y="326" T="0" /><Point X="400" Y="326" T="0" /><Point X="403" Y="326" T="0" /><Point X="404" Y="326" T="0" /><Point X="406" Y="326" T="0" /><Point X="408" Y="326" T="0" /><Point X="409" Y="326" T="0" /><Point X="410" Y="326" T="0" /><Point X="412" Y="326" T="0" /><Point X="414" Y="326" T="0" /><Point X="415" Y="326" T="0" /><Point X="417" Y="326" T="0" /><Point X="418" Y="326" T="0" /><Point X="419" Y="326" T="0" /><Point X="420" Y="326" T="0" /><Point X="421" Y="326" T="0" /><Point X="422" Y="326" T="0" /><Point X="423" Y="326" T="0" /><Point X="425" Y="326" T="0" /><Point X="427" Y="326" T="0" /><Point X="430" Y="326" T="0" /><Point X="432" Y="326" T="0" /><Point X="434" Y="326" T="0" /><Point X="435" Y="326" T="0" /><Point X="436" Y="326" T="0" /><Point X="437" Y="326" T="0" /><Point X="438" Y="326" T="0" /><Point X="441" Y="326" T="0" /><Point X="442" Y="326" T="0" /><Point X="443" Y="326" T="0" /><Point X="445" Y="326" T="0" /><Point X="446" Y="326" T="0" /><Point X="447" Y="326" T="0" /><Point X="448" Y="326" T="0" /><Point X="449" Y="326" T="0" /><Point X="450" Y="326" T="0" /><Point X="453" Y="326" T="0" /><Point X="454" Y="326" T="0" /><Point X="455" Y="326" T="0" /><Point X="458" Y="326" T="0" /><Point X="461" Y="326" T="0" /><Point X="462" Y="326" T="0" /><Point X="463" Y="326" T="0" /><Point X="464" Y="326" T="0" /><Point X="465" Y="326" T="0" /><Point X="466" Y="326" T="0" /><Point X="467" Y="326" T="0" /><Point X="468" Y="326" T="0" /><Point X="470" Y="327" T="0" /><Point X="471" Y="327" T="0" /><Point X="474" Y="327" T="0" /><Point X="475" Y="327" T="0" /><Point X="476" Y="327" T="0" /><Point X="477" Y="327" T="0" /><Point X="478" Y="327" T="0" /><Point X="479" Y="327" T="0" /><Point X="480" Y="329" T="0" /><Point X="481" Y="329" T="0" /><Point X="482" Y="330" T="0" /><Point X="483" Y="330" T="0" /><Point X="485" Y="330" T="0" /><Point X="485" Y="331" T="0" /><Point X="486" Y="331" T="0" /><Point X="486" Y="332" T="0" /><Point X="486" Y="333" T="0" /><Point X="486" Y="334" T="0" /><Point X="486" Y="335" T="0" /><Point X="486" Y="336" T="0" /><Point X="486" Y="338" T="0" /><Point X="486" Y="339" T="0" /><Point X="486" Y="341" T="0" /><Point X="486" Y="343" T="0" /><Point X="486" Y="346" T="0" /><Point X="486" Y="348" T="0" /><Point X="486" Y="350" T="0" /><Point X="486" Y="351" T="0" /><Point X="486" Y="353" T="0" /><Point X="486" Y="355" T="0" /><Point X="486" Y="357" T="0" /><Point X="486" Y="358" T="0" /><Point X="486" Y="359" T="0" /><Point X="485" Y="360" T="0" /><Point X="485" Y="363" T="0" /><Point X="485" Y="365" T="0" /><Point X="483" Y="367" T="0" /><Point X="483" Y="370" T="0" /><Point X="482" Y="372" T="0" /><Point X="482" Y="375" T="0" /><Point X="482" Y="378" T="0" /><Point X="482" Y="379" T="0" /><Point X="482" Y="382" T="0" /><Point X="482" Y="385" T="0" /><Point X="482" Y="386" T="0" /><Point X="482" Y="387" T="0" /><Point X="482" Y="389" T="0" /><Point X="481" Y="391" T="0" /><Point X="481" Y="393" T="0" /><Point X="481" Y="395" T="0" /><Point X="480" Y="396" T="0" /><Point X="480" Y="399" T="0" /><Point X="479" Y="402" T="0" /><Point X="478" Y="404" T="0" /><Point X="478" Y="406" T="0" /><Point X="478" Y="407" T="0" /><Point X="478" Y="410" T="0" /><Point X="478" Y="411" T="0" /><Point X="476" Y="413" T="0" /><Point X="476" Y="415" T="0" /><Point X="476" Y="417" T="0" /><Point X="476" Y="418" T="0" /><Point X="476" Y="419" T="0" /><Point X="476" Y="420" T="0" /><Point X="476" Y="421" T="0" /><Point X="476" Y="422" T="0" /></Gesture>