<Gesture Name="arrow" Subject="1" Number="1" NumPts="81" Millseconds="0" AppName="Gestures" AppVer="1.0" Date="Wednesday, March 01, 2023" TimeOfDay="16:23:00" ID="4"><Point X="281" Y="573" T="0" /><Point X="319" Y="546" T="0" /><Point X="350" Y="523" T="0" /><Point X="396" Y="491" T="0" /><Point X="434" Y="462" T="0" /><Point X="470" Y="431" T="0" /><Point X="514" Y="404" T="0" /><Point X="542" Y="381" T="0" /><Point X="570" Y="356" T="0" /><Point X="598" Y="335" T="0" /><Point X="612" Y="323" T="0" /><Point X="621" Y="316" T="0" /><Point X="626" Y="311" T="0" /><Point X="631" Y="307" T="0" /><Point X="635" Y="304" T="0" /><Point X="638" Y="303" T="0" /><Point X="639" Y="302" T="0" /><Point X="640" Y="300" T="0" /><Point X="641" Y="299" T="0" /><Point X="642" Y="299" T="0" /><Point X="638" Y="299" T="0" /><Point X="629" Y="300" T="0" /><Point X="615" Y="303" T="0" /><Point X="604" Y="308" T="0" /><Point X="588" Y="315" T="0" /><Point X="573" Y="322" T="0" /><Point X="558" Y="327" T="0" /><Point X="549" Y="331" T="0" /><Point X="542" Y="333" T="0" /><Point X="539" Y="335" T="0" /><Point X="536" Y="337" T="0" /><Point X="534" Y="338" T="0" /><Point X="533" Y="339" T="0" /><Point X="532" Y="339" T="0" /><Point X="531" Y="339" T="0" /><Point X="530" Y="339" T="0" /><Point X="529" Y="339" T="0" /><Point X="530" Y="339" T="0" /><Point X="534" Y="339" T="0" /><Point X="542" Y="339" T="0" /><Point X="552" Y="338" T="0" /><Point X="560" Y="337" T="0" /><Point X="566" Y="335" T="0" /><Point X="575" Y="334" T="0" /><Point X="585" Y="333" T="0" /><Point X="594" Y="331" T="0" /><Point X="602" Y="331" T="0" /><Point X="608" Y="330" T="0" /><Point X="614" Y="329" T="0" /><Point X="616" Y="328" T="0" /><Point X="618" Y="327" T="0" /><Point X="620" Y="327" T="0" /><Point X="622" Y="327" T="0" /><Point X="623" Y="327" T="0" /><Point X="625" Y="326" T="0" /><Point X="625" Y="325" T="0" /><Point X="626" Y="325" T="0" /><Point X="626" Y="323" T="0" /><Point X="627" Y="323" T="0" /><Point X="627" Y="322" T="0" /><Point X="626" Y="325" T="0" /><Point X="624" Y="330" T="0" /><Point X="620" Y="339" T="0" /><Point X="617" Y="350" T="0" /><Point X="614" Y="359" T="0" /><Point X="610" Y="370" T="0" /><Point X="605" Y="380" T="0" /><Point X="599" Y="391" T="0" /><Point X="596" Y="403" T="0" /><Point X="593" Y="411" T="0" /><Point X="591" Y="417" T="0" /><Point X="588" Y="422" T="0" /><Point X="587" Y="423" T="0" /><Point X="586" Y="425" T="0" /><Point X="586" Y="427" T="0" /><Point X="586" Y="428" T="0" /><Point X="586" Y="429" T="0" /><Point X="586" Y="430" T="0" /><Point X="586" Y="431" T="0" /><Point X="586" Y="432" T="0" /><Point X="585" Y="432" T="0" /></Gesture>