<Gesture Name="arrow" Subject="1" Number="1" NumPts="92" Millseconds="0" AppName="Gestures" AppVer="1.0" Date="Wednesday, March 01, 2023" TimeOfDay="16:21:18" ID="3"><Point X="258" Y="630" T="0" /><Point X="281" Y="617" T="0" /><Point X="313" Y="602" T="0" /><Point X="354" Y="584" T="0" /><Point X="377" Y="575" T="0" /><Point X="416" Y="559" T="0" /><Point X="450" Y="543" T="0" /><Point X="469" Y="531" T="0" /><Point X="495" Y="516" T="0" /><Point X="513" Y="508" T="0" /><Point X="526" Y="501" T="0" /><Point X="533" Y="498" T="0" /><Point X="538" Y="494" T="0" /><Point X="542" Y="492" T="0" /><Point X="542" Y="491" T="0" /><Point X="544" Y="491" T="0" /><Point X="545" Y="491" T="0" /><Point X="546" Y="491" T="0" /><Point X="545" Y="491" T="0" /><Point X="542" Y="490" T="0" /><Point X="534" Y="488" T="0" /><Point X="524" Y="488" T="0" /><Point X="514" Y="488" T="0" /><Point X="500" Y="488" T="0" /><Point X="484" Y="488" T="0" /><Point X="470" Y="489" T="0" /><Point X="462" Y="490" T="0" /><Point X="453" Y="491" T="0" /><Point X="444" Y="491" T="0" /><Point X="435" Y="492" T="0" /><Point X="429" Y="492" T="0" /><Point X="426" Y="492" T="0" /><Point X="424" Y="492" T="0" /><Point X="422" Y="492" T="0" /><Point X="420" Y="492" T="0" /><Point X="419" Y="492" T="0" /><Point X="418" Y="492" T="0" /><Point X="418" Y="493" T="0" /><Point X="418" Y="494" T="0" /><Point X="419" Y="494" T="0" /><Point X="423" Y="494" T="0" /><Point X="427" Y="494" T="0" /><Point X="433" Y="494" T="0" /><Point X="442" Y="494" T="0" /><Point X="453" Y="494" T="0" /><Point X="462" Y="494" T="0" /><Point X="471" Y="494" T="0" /><Point X="479" Y="494" T="0" /><Point X="486" Y="494" T="0" /><Point X="493" Y="494" T="0" /><Point X="501" Y="494" T="0" /><Point X="508" Y="494" T="0" /><Point X="514" Y="494" T="0" /><Point X="518" Y="494" T="0" /><Point X="524" Y="494" T="0" /><Point X="527" Y="494" T="0" /><Point X="529" Y="494" T="0" /><Point X="532" Y="494" T="0" /><Point X="534" Y="494" T="0" /><Point X="536" Y="494" T="0" /><Point X="539" Y="494" T="0" /><Point X="542" Y="494" T="0" /><Point X="543" Y="494" T="0" /><Point X="546" Y="494" T="0" /><Point X="549" Y="494" T="0" /><Point X="550" Y="494" T="0" /><Point X="552" Y="494" T="0" /><Point X="553" Y="494" T="0" /><Point X="554" Y="494" T="0" /><Point X="554" Y="495" T="0" /><Point X="553" Y="495" T="0" /><Point X="551" Y="496" T="0" /><Point X="550" Y="498" T="0" /><Point X="548" Y="501" T="0" /><Point X="542" Y="508" T="0" /><Point X="538" Y="515" T="0" /><Point X="532" Y="522" T="0" /><Point X="526" Y="531" T="0" /><Point X="518" Y="547" T="0" /><Point X="511" Y="563" T="0" /><Point X="506" Y="575" T="0" /><Point X="503" Y="581" T="0" /><Point X="501" Y="587" T="0" /><Point X="498" Y="594" T="0" /><Point X="496" Y="599" T="0" /><Point X="495" Y="603" T="0" /><Point X="494" Y="606" T="0" /><Point X="494" Y="607" T="0" /><Point X="493" Y="610" T="0" /><Point X="492" Y="610" T="0" /><Point X="492" Y="611" T="0" /><Point X="492" Y="612" T="0" /></Gesture>