<Gesture Name="arrow" Subject="1" Number="1" NumPts="88" Millseconds="0" AppName="Gestures" AppVer="1.0" Date="Wednesday, March 01, 2023" TimeOfDay="16:19:33" ID="2"><Point X="152" Y="485" T="0" /><Point X="182" Y="466" T="0" /><Point X="214" Y="447" T="0" /><Point X="262" Y="419" T="0" /><Point X="290" Y="398" T="0" /><Point X="336" Y="367" T="0" /><Point X="370" Y="347" T="0" /><Point X="393" Y="332" T="0" /><Point X="425" Y="310" T="0" /><Point X="450" Y="294" T="0" /><Point X="464" Y="282" T="0" /><Point X="474" Y="274" T="0" /><Point X="484" Y="267" T="0" /><Point X="494" Y="259" T="0" /><Point X="502" Y="255" T="0" /><Point X="509" Y="249" T="0" /><Point X="514" Y="247" T="0" /><Point X="516" Y="245" T="0" /><Point X="517" Y="243" T="0" /><Point X="518" Y="243" T="0" /><Point X="519" Y="242" T="0" /><Point X="519" Y="241" T="0" /><Point X="520" Y="241" T="0" /><Point X="521" Y="241" T="0" /><Point X="520" Y="241" T="0" /><Point X="517" Y="241" T="0" /><Point X="513" Y="241" T="0" /><Point X="506" Y="241" T="0" /><Point X="495" Y="240" T="0" /><Point X="482" Y="240" T="0" /><Point X="469" Y="240" T="0" /><Point X="458" Y="240" T="0" /><Point X="449" Y="240" T="0" /><Point X="438" Y="240" T="0" /><Point X="429" Y="241" T="0" /><Point X="419" Y="243" T="0" /><Point X="412" Y="243" T="0" /><Point X="410" Y="244" T="0" /><Point X="407" Y="244" T="0" /><Point X="405" Y="246" T="0" /><Point X="403" Y="246" T="0" /><Point X="402" Y="246" T="0" /><Point X="401" Y="246" T="0" /><Point X="400" Y="246" T="0" /><Point X="399" Y="246" T="0" /><Point X="398" Y="246" T="0" /><Point X="401" Y="246" T="0" /><Point X="409" Y="244" T="0" /><Point X="420" Y="242" T="0" /><Point X="432" Y="240" T="0" /><Point X="447" Y="238" T="0" /><Point X="462" Y="236" T="0" /><Point X="473" Y="235" T="0" /><Point X="482" Y="233" T="0" /><Point X="491" Y="232" T="0" /><Point X="501" Y="231" T="0" /><Point X="510" Y="230" T="0" /><Point X="518" Y="229" T="0" /><Point X="524" Y="228" T="0" /><Point X="529" Y="227" T="0" /><Point X="530" Y="227" T="0" /><Point X="533" Y="227" T="0" /><Point X="534" Y="227" T="0" /><Point X="535" Y="227" T="0" /><Point X="536" Y="227" T="0" /><Point X="537" Y="227" T="0" /><Point X="537" Y="228" T="0" /><Point X="537" Y="229" T="0" /><Point X="537" Y="230" T="0" /><Point X="534" Y="233" T="0" /><Point X="533" Y="236" T="0" /><Point X="529" Y="243" T="0" /><Point X="522" Y="255" T="0" /><Point X="514" Y="271" T="0" /><Point X="506" Y="294" T="0" /><Point X="501" Y="306" T="0" /><Point X="496" Y="323" T="0" /><Point X="492" Y="339" T="0" /><Point X="490" Y="355" T="0" /><Point X="489" Y="360" T="0" /><Point X="487" Y="367" T="0" /><Point X="486" Y="371" T="0" /><Point X="486" Y="374" T="0" /><Point X="486" Y="375" T="0" /><Point X="486" Y="376" T="0" /><Point X="486" Y="377" T="0" /><Point X="486" Y="378" T="0" /><Point X="486" Y="379" T="0" /></Gesture>