<Gesture Name="caret" Subject="1" Number="1" NumPts="46" Millseconds="0" AppName="Gestures" AppVer="1.0" Date="Wednesday, March 01, 2023" TimeOfDay="16:16:36" ID="1"><Point X="229" Y="470" T="0" /><Point X="241" Y="442" T="0" /><Point X="257" Y="387" T="0" /><Point X="265" Y="360" T="0" /><Point X="278" Y="317" T="0" /><Point X="286" Y="282" T="0" /><Point X="295" Y="262" T="0" /><Point X="305" Y="236" T="0" /><Point X="316" Y="213" T="0" /><Point X="322" Y="201" T="0" /><Point X="324" Y="195" T="0" /><Point X="326" Y="191" T="0" /><Point X="326" Y="190" T="0" /><Point X="327" Y="188" T="0" /><Point X="327" Y="187" T="0" /><Point X="328" Y="187" T="0" /><Point X="329" Y="187" T="0" /><Point X="330" Y="187" T="0" /><Point X="333" Y="190" T="0" /><Point X="337" Y="199" T="0" /><Point X="345" Y="208" T="0" /><Point X="354" Y="219" T="0" /><Point X="367" Y="234" T="0" /><Point X="386" Y="261" T="0" /><Point X="397" Y="280" T="0" /><Point X="402" Y="290" T="0" /><Point X="411" Y="298" T="0" /><Point X="422" Y="307" T="0" /><Point X="432" Y="319" T="0" /><Point X="441" Y="330" T="0" /><Point X="448" Y="339" T="0" /><Point X="454" Y="345" T="0" /><Point X="459" Y="351" T="0" /><Point X="465" Y="355" T="0" /><Point X="469" Y="359" T="0" /><Point X="474" Y="363" T="0" /><Point X="477" Y="366" T="0" /><Point X="479" Y="367" T="0" /><Point X="482" Y="369" T="0" /><Point X="485" Y="371" T="0" /><Point X="487" Y="372" T="0" /><Point X="490" Y="375" T="0" /><Point X="491" Y="375" T="0" /><Point X="492" Y="376" T="0" /><Point X="492" Y="377" T="0" /><Point X="493" Y="377" T="0" /></Gesture>