<Gesture Name="caret" Subject="1" Number="1" NumPts="70" Millseconds="0" AppName="Gestures" AppVer="1.0" Date="Wednesday, March 01, 2023" TimeOfDay="16:25:38" ID="6"><Point X="300" Y="651" T="0" /><Point X="302" Y="643" T="0" /><Point X="306" Y="631" T="0" /><Point X="312" Y="619" T="0" /><Point X="318" Y="607" T="0" /><Point X="325" Y="594" T="0" /><Point X="331" Y="579" T="0" /><Point X="338" Y="563" T="0" /><Point X="343" Y="551" T="0" /><Point X="349" Y="539" T="0" /><Point X="353" Y="527" T="0" /><Point X="358" Y="515" T="0" /><Point X="364" Y="503" T="0" /><Point X="371" Y="492" T="0" /><Point X="377" Y="483" T="0" /><Point X="383" Y="471" T="0" /><Point X="387" Y="461" T="0" /><Point X="393" Y="454" T="0" /><Point X="396" Y="447" T="0" /><Point X="399" Y="439" T="0" /><Point X="402" Y="435" T="0" /><Point X="403" Y="431" T="0" /><Point X="405" Y="427" T="0" /><Point X="406" Y="424" T="0" /><Point X="407" Y="422" T="0" /><Point X="410" Y="419" T="0" /><Point X="412" Y="414" T="0" /><Point X="414" Y="411" T="0" /><Point X="415" Y="407" T="0" /><Point X="417" Y="405" T="0" /><Point X="418" Y="403" T="0" /><Point X="418" Y="402" T="0" /><Point X="419" Y="401" T="0" /><Point X="420" Y="399" T="0" /><Point X="420" Y="400" T="0" /><Point X="420" Y="401" T="0" /><Point X="421" Y="402" T="0" /><Point X="422" Y="404" T="0" /><Point X="423" Y="411" T="0" /><Point X="424" Y="416" T="0" /><Point X="426" Y="423" T="0" /><Point X="427" Y="431" T="0" /><Point X="428" Y="441" T="0" /><Point X="430" Y="453" T="0" /><Point X="433" Y="465" T="0" /><Point X="434" Y="477" T="0" /><Point X="438" Y="491" T="0" /><Point X="440" Y="503" T="0" /><Point X="442" Y="516" T="0" /><Point X="446" Y="528" T="0" /><Point X="449" Y="539" T="0" /><Point X="451" Y="550" T="0" /><Point X="454" Y="561" T="0" /><Point X="454" Y="567" T="0" /><Point X="455" Y="574" T="0" /><Point X="456" Y="578" T="0" /><Point X="458" Y="583" T="0" /><Point X="460" Y="589" T="0" /><Point X="462" Y="594" T="0" /><Point X="464" Y="599" T="0" /><Point X="466" Y="603" T="0" /><Point X="468" Y="607" T="0" /><Point X="469" Y="610" T="0" /><Point X="470" Y="611" T="0" /><Point X="470" Y="613" T="0" /><Point X="470" Y="615" T="0" /><Point X="470" Y="616" T="0" /><Point X="470" Y="617" T="0" /><Point X="470" Y="618" T="0" /><Point X="470" Y="619" T="0" /></Gesture>