<Gesture Name="caret" Subject="1" Number="1" NumPts="39" Millseconds="0" AppName="Gestures" AppVer="1.0" Date="Wednesday, March 01, 2023" TimeOfDay="16:21:10" ID="3"><Point X="266" Y="620" T="0" /><Point X="277" Y="595" T="0" /><Point X="285" Y="577" T="0" /><Point X="294" Y="559" T="0" /><Point X="306" Y="535" T="0" /><Point X="314" Y="518" T="0" /><Point X="320" Y="503" T="0" /><Point X="323" Y="493" T="0" /><Point X="326" Y="483" T="0" /><Point X="330" Y="475" T="0" /><Point X="331" Y="471" T="0" /><Point X="332" Y="467" T="0" /><Point X="333" Y="464" T="0" /><Point X="334" Y="463" T="0" /><Point X="334" Y="462" T="0" /><Point X="334" Y="461" T="0" /><Point X="334" Y="459" T="0" /><Point X="334" Y="460" T="0" /><Point X="334" Y="462" T="0" /><Point X="336" Y="465" T="0" /><Point X="340" Y="472" T="0" /><Point X="344" Y="483" T="0" /><Point X="351" Y="498" T="0" /><Point X="358" Y="512" T="0" /><Point X="369" Y="535" T="0" /><Point X="379" Y="556" T="0" /><Point X="386" Y="576" T="0" /><Point X="391" Y="587" T="0" /><Point X="396" Y="598" T="0" /><Point X="399" Y="607" T="0" /><Point X="403" Y="618" T="0" /><Point X="406" Y="624" T="0" /><Point X="410" Y="631" T="0" /><Point X="412" Y="634" T="0" /><Point X="414" Y="636" T="0" /><Point X="414" Y="639" T="0" /><Point X="415" Y="640" T="0" /><Point X="416" Y="642" T="0" /><Point X="416" Y="643" T="0" /></Gesture>