<Gesture Name="caret" Subject="1" Number="1" NumPts="27" Millseconds="0" AppName="Gestures" AppVer="1.0" Date="Wednesday, March 01, 2023" TimeOfDay="16:29:27" ID="9"><Point X="270" Y="595" T="0" /><Point X="282" Y="570" T="0" /><Point X="290" Y="552" T="0" /><Point X="300" Y="534" T="0" /><Point X="305" Y="523" T="0" /><Point X="306" Y="515" T="0" /><Point X="308" Y="513" T="0" /><Point X="309" Y="512" T="0" /><Point X="310" Y="511" T="0" /><Point X="310" Y="510" T="0" /><Point X="316" Y="524" T="0" /><Point X="322" Y="539" T="0" /><Point X="327" Y="549" T="0" /><Point X="332" Y="559" T="0" /><Point X="337" Y="567" T="0" /><Point X="340" Y="575" T="0" /><Point X="343" Y="583" T="0" /><Point X="346" Y="590" T="0" /><Point X="348" Y="594" T="0" /><Point X="349" Y="596" T="0" /><Point X="350" Y="599" T="0" /><Point X="350" Y="601" T="0" /><Point X="350" Y="602" T="0" /><Point X="350" Y="603" T="0" /><Point X="350" Y="604" T="0" /><Point X="350" Y="605" T="0" /><Point X="350" Y="606" T="0" /></Gesture>