<Gesture Name="check" Subject="1" Number="1" NumPts="65" Millseconds="0" AppName="Gestures" AppVer="1.0" Date="Wednesday, March 01, 2023" TimeOfDay="16:25:29" ID="6"><Point X="246" Y="595" T="0" /><Point X="254" Y="601" T="0" /><Point X="262" Y="607" T="0" /><Point X="268" Y="611" T="0" /><Point X="272" Y="615" T="0" /><Point X="273" Y="617" T="0" /><Point X="275" Y="619" T="0" /><Point X="276" Y="620" T="0" /><Point X="277" Y="620" T="0" /><Point X="278" Y="622" T="0" /><Point X="278" Y="623" T="0" /><Point X="278" Y="624" T="0" /><Point X="278" Y="625" T="0" /><Point X="279" Y="625" T="0" /><Point X="279" Y="626" T="0" /><Point X="279" Y="627" T="0" /><Point X="280" Y="627" T="0" /><Point X="281" Y="628" T="0" /><Point X="282" Y="629" T="0" /><Point X="284" Y="630" T="0" /><Point X="285" Y="631" T="0" /><Point X="286" Y="631" T="0" /><Point X="286" Y="632" T="0" /><Point X="288" Y="632" T="0" /><Point X="288" Y="633" T="0" /><Point X="289" Y="634" T="0" /><Point X="289" Y="635" T="0" /><Point X="290" Y="635" T="0" /><Point X="291" Y="636" T="0" /><Point X="292" Y="637" T="0" /><Point X="293" Y="638" T="0" /><Point X="294" Y="638" T="0" /><Point X="294" Y="639" T="0" /><Point X="295" Y="640" T="0" /><Point X="296" Y="640" T="0" /><Point X="296" Y="641" T="0" /><Point X="297" Y="642" T="0" /><Point X="298" Y="642" T="0" /><Point X="298" Y="643" T="0" /><Point X="298" Y="644" T="0" /><Point X="300" Y="646" T="0" /><Point X="300" Y="644" T="0" /><Point X="301" Y="642" T="0" /><Point X="302" Y="639" T="0" /><Point X="304" Y="633" T="0" /><Point X="307" Y="626" T="0" /><Point X="314" Y="617" T="0" /><Point X="322" Y="603" T="0" /><Point X="330" Y="584" T="0" /><Point X="339" Y="571" T="0" /><Point X="358" Y="539" T="0" /><Point X="378" Y="509" T="0" /><Point X="399" Y="479" T="0" /><Point X="422" Y="439" T="0" /><Point X="444" Y="404" T="0" /><Point X="463" Y="375" T="0" /><Point X="485" Y="344" T="0" /><Point X="498" Y="325" T="0" /><Point X="505" Y="312" T="0" /><Point X="510" Y="303" T="0" /><Point X="512" Y="300" T="0" /><Point X="514" Y="297" T="0" /><Point X="514" Y="295" T="0" /><Point X="516" Y="295" T="0" /><Point X="516" Y="294" T="0" /></Gesture>