<Gesture Name="check" Subject="1" Number="1" NumPts="31" Millseconds="0" AppName="Gestures" AppVer="1.0" Date="Wednesday, March 01, 2023" TimeOfDay="16:21:07" ID="3"><Point X="256" Y="612" T="0" /><Point X="258" Y="615" T="0" /><Point X="259" Y="615" T="0" /><Point X="261" Y="616" T="0" /><Point X="262" Y="617" T="0" /><Point X="262" Y="618" T="0" /><Point X="263" Y="618" T="0" /><Point X="263" Y="619" T="0" /><Point X="263" Y="620" T="0" /><Point X="265" Y="620" T="0" /><Point X="268" Y="618" T="0" /><Point X="277" Y="610" T="0" /><Point X="298" Y="591" T="0" /><Point X="325" Y="567" T="0" /><Point X="348" Y="545" T="0" /><Point X="379" Y="515" T="0" /><Point X="414" Y="482" T="0" /><Point X="431" Y="463" T="0" /><Point X="458" Y="439" T="0" /><Point X="483" Y="415" T="0" /><Point X="498" Y="399" T="0" /><Point X="509" Y="389" T="0" /><Point X="516" Y="382" T="0" /><Point X="522" Y="377" T="0" /><Point X="529" Y="371" T="0" /><Point X="532" Y="369" T="0" /><Point X="535" Y="367" T="0" /><Point X="537" Y="366" T="0" /><Point X="538" Y="364" T="0" /><Point X="539" Y="363" T="0" /><Point X="541" Y="363" T="0" /></Gesture>