<Gesture Name="check" Subject="1" Number="1" NumPts="88" Millseconds="0" AppName="Gestures" AppVer="1.0" Date="Wednesday, March 01, 2023" TimeOfDay="16:22:49" ID="4"><Point X="202" Y="582" T="0" /><Point X="204" Y="584" T="0" /><Point X="209" Y="587" T="0" /><Point X="213" Y="591" T="0" /><Point X="218" Y="595" T="0" /><Point X="223" Y="599" T="0" /><Point X="228" Y="602" T="0" /><Point X="232" Y="606" T="0" /><Point X="235" Y="611" T="0" /><Point X="239" Y="615" T="0" /><Point X="243" Y="621" T="0" /><Point X="249" Y="629" T="0" /><Point X="254" Y="634" T="0" /><Point X="258" Y="641" T="0" /><Point X="262" Y="646" T="0" /><Point X="266" Y="653" T="0" /><Point X="272" Y="659" T="0" /><Point X="276" Y="664" T="0" /><Point X="281" Y="669" T="0" /><Point X="283" Y="672" T="0" /><Point X="286" Y="675" T="0" /><Point X="288" Y="678" T="0" /><Point X="290" Y="680" T="0" /><Point X="290" Y="683" T="0" /><Point X="292" Y="685" T="0" /><Point X="293" Y="686" T="0" /><Point X="294" Y="687" T="0" /><Point X="295" Y="689" T="0" /><Point X="297" Y="691" T="0" /><Point X="298" Y="693" T="0" /><Point X="299" Y="694" T="0" /><Point X="300" Y="695" T="0" /><Point X="301" Y="697" T="0" /><Point X="301" Y="698" T="0" /><Point X="302" Y="700" T="0" /><Point X="303" Y="701" T="0" /><Point X="304" Y="702" T="0" /><Point X="304" Y="703" T="0" /><Point X="306" Y="702" T="0" /><Point X="311" Y="695" T="0" /><Point X="318" Y="684" T="0" /><Point X="328" Y="670" T="0" /><Point X="344" Y="647" T="0" /><Point X="361" Y="618" T="0" /><Point X="386" Y="580" T="0" /><Point X="414" Y="544" T="0" /><Point X="442" Y="499" T="0" /><Point X="476" Y="450" T="0" /><Point X="509" Y="403" T="0" /><Point X="536" Y="360" T="0" /><Point X="555" Y="328" T="0" /><Point X="582" Y="293" T="0" /><Point X="610" Y="257" T="0" /><Point X="627" Y="237" T="0" /><Point X="642" Y="217" T="0" /><Point X="663" Y="187" T="0" /><Point X="681" Y="167" T="0" /><Point X="691" Y="155" T="0" /><Point X="701" Y="144" T="0" /><Point X="707" Y="136" T="0" /><Point X="714" Y="127" T="0" /><Point X="721" Y="121" T="0" /><Point X="725" Y="114" T="0" /><Point X="729" Y="107" T="0" /><Point X="733" Y="103" T="0" /><Point X="735" Y="100" T="0" /><Point X="737" Y="97" T="0" /><Point X="739" Y="95" T="0" /><Point X="741" Y="95" T="0" /><Point X="742" Y="92" T="0" /><Point X="744" Y="90" T="0" /><Point X="748" Y="87" T="0" /><Point X="750" Y="85" T="0" /><Point X="754" Y="79" T="0" /><Point X="759" Y="74" T="0" /><Point X="762" Y="68" T="0" /><Point X="766" Y="63" T="0" /><Point X="768" Y="59" T="0" /><Point X="768" Y="56" T="0" /><Point X="769" Y="55" T="0" /><Point X="770" Y="54" T="0" /><Point X="770" Y="53" T="0" /><Point X="770" Y="52" T="0" /><Point X="770" Y="51" T="0" /><Point X="770" Y="50" T="0" /><Point X="770" Y="49" T="0" /><Point X="770" Y="48" T="0" /><Point X="770" Y="47" T="0" /></Gesture>