<Gesture Name="check" Subject="1" Number="1" NumPts="66" Millseconds="0" AppName="Gestures" AppVer="1.0" Date="Wednesday, March 01, 2023" TimeOfDay="16:30:33" ID="10"><Point X="254" Y="517" T="0" /><Point X="254" Y="519" T="0" /><Point X="256" Y="520" T="0" /><Point X="259" Y="523" T="0" /><Point X="262" Y="526" T="0" /><Point X="266" Y="528" T="0" /><Point X="271" Y="532" T="0" /><Point X="276" Y="536" T="0" /><Point X="281" Y="539" T="0" /><Point X="284" Y="543" T="0" /><Point X="289" Y="546" T="0" /><Point X="291" Y="548" T="0" /><Point X="294" Y="550" T="0" /><Point X="296" Y="551" T="0" /><Point X="298" Y="553" T="0" /><Point X="298" Y="555" T="0" /><Point X="300" Y="556" T="0" /><Point X="302" Y="558" T="0" /><Point X="304" Y="559" T="0" /><Point X="305" Y="560" T="0" /><Point X="306" Y="562" T="0" /><Point X="307" Y="562" T="0" /><Point X="309" Y="564" T="0" /><Point X="311" Y="566" T="0" /><Point X="312" Y="567" T="0" /><Point X="314" Y="567" T="0" /><Point X="315" Y="568" T="0" /><Point X="316" Y="569" T="0" /><Point X="318" Y="569" T="0" /><Point X="318" Y="570" T="0" /><Point X="319" Y="571" T="0" /><Point X="320" Y="571" T="0" /><Point X="321" Y="570" T="0" /><Point X="322" Y="567" T="0" /><Point X="325" Y="564" T="0" /><Point X="327" Y="561" T="0" /><Point X="330" Y="559" T="0" /><Point X="336" Y="553" T="0" /><Point X="342" Y="548" T="0" /><Point X="348" Y="542" T="0" /><Point X="354" Y="537" T="0" /><Point X="359" Y="528" T="0" /><Point X="367" Y="519" T="0" /><Point X="374" Y="513" T="0" /><Point X="382" Y="507" T="0" /><Point X="390" Y="500" T="0" /><Point X="399" Y="491" T="0" /><Point X="408" Y="483" T="0" /><Point X="415" Y="471" T="0" /><Point X="423" Y="462" T="0" /><Point X="430" Y="453" T="0" /><Point X="437" Y="444" T="0" /><Point X="445" Y="437" T="0" /><Point X="452" Y="428" T="0" /><Point X="460" Y="420" T="0" /><Point X="466" Y="413" T="0" /><Point X="470" Y="408" T="0" /><Point X="473" Y="403" T="0" /><Point X="476" Y="401" T="0" /><Point X="478" Y="399" T="0" /><Point X="479" Y="395" T="0" /><Point X="481" Y="394" T="0" /><Point X="483" Y="392" T="0" /><Point X="484" Y="391" T="0" /><Point X="485" Y="391" T="0" /><Point X="486" Y="391" T="0" /></Gesture>