<Gesture Name="check" Subject="1" Number="1" NumPts="40" Millseconds="0" AppName="Gestures" AppVer="1.0" Date="Wednesday, March 01, 2023" TimeOfDay="16:27:51" ID="8"><Point X="299" Y="619" T="0" /><Point X="308" Y="627" T="0" /><Point X="315" Y="632" T="0" /><Point X="319" Y="637" T="0" /><Point X="322" Y="640" T="0" /><Point X="326" Y="645" T="0" /><Point X="328" Y="647" T="0" /><Point X="329" Y="650" T="0" /><Point X="330" Y="652" T="0" /><Point X="331" Y="653" T="0" /><Point X="332" Y="655" T="0" /><Point X="333" Y="655" T="0" /><Point X="333" Y="656" T="0" /><Point X="333" Y="657" T="0" /><Point X="333" Y="658" T="0" /><Point X="333" Y="659" T="0" /><Point X="333" Y="660" T="0" /><Point X="334" Y="660" T="0" /><Point X="336" Y="659" T="0" /><Point X="342" Y="654" T="0" /><Point X="351" Y="643" T="0" /><Point X="364" Y="630" T="0" /><Point X="385" Y="602" T="0" /><Point X="414" Y="561" T="0" /><Point X="441" Y="533" T="0" /><Point X="469" Y="499" T="0" /><Point X="496" Y="468" T="0" /><Point X="515" Y="447" T="0" /><Point X="530" Y="432" T="0" /><Point X="541" Y="422" T="0" /><Point X="549" Y="415" T="0" /><Point X="555" Y="409" T="0" /><Point X="562" Y="404" T="0" /><Point X="565" Y="402" T="0" /><Point X="568" Y="400" T="0" /><Point X="570" Y="399" T="0" /><Point X="571" Y="398" T="0" /><Point X="572" Y="397" T="0" /><Point X="572" Y="396" T="0" /><Point X="573" Y="396" T="0" /></Gesture>