<Gesture Name="circle" Subject="1" Number="1" NumPts="154" Millseconds="0" AppName="Gestures" AppVer="1.0" Date="Wednesday, March 01, 2023" TimeOfDay="16:27:48" ID="8"><Point X="346" Y="483" T="0" /><Point X="337" Y="487" T="0" /><Point X="328" Y="491" T="0" /><Point X="321" Y="494" T="0" /><Point X="315" Y="499" T="0" /><Point X="307" Y="503" T="0" /><Point X="300" Y="508" T="0" /><Point X="297" Y="511" T="0" /><Point X="293" Y="515" T="0" /><Point X="288" Y="521" T="0" /><Point X="284" Y="526" T="0" /><Point X="280" Y="533" T="0" /><Point X="277" Y="540" T="0" /><Point X="275" Y="547" T="0" /><Point X="273" Y="553" T="0" /><Point X="271" Y="560" T="0" /><Point X="271" Y="564" T="0" /><Point X="272" Y="570" T="0" /><Point X="273" Y="575" T="0" /><Point X="275" Y="585" T="0" /><Point X="277" Y="592" T="0" /><Point X="279" Y="602" T="0" /><Point X="283" Y="611" T="0" /><Point X="286" Y="618" T="0" /><Point X="290" Y="625" T="0" /><Point X="294" Y="632" T="0" /><Point X="297" Y="637" T="0" /><Point X="300" Y="642" T="0" /><Point X="306" Y="646" T="0" /><Point X="313" Y="651" T="0" /><Point X="317" Y="653" T="0" /><Point X="323" Y="656" T="0" /><Point X="329" Y="659" T="0" /><Point X="338" Y="662" T="0" /><Point X="350" Y="663" T="0" /><Point X="360" Y="663" T="0" /><Point X="366" Y="663" T="0" /><Point X="372" Y="663" T="0" /><Point X="379" Y="663" T="0" /><Point X="387" Y="663" T="0" /><Point X="394" Y="663" T="0" /><Point X="401" Y="663" T="0" /><Point X="407" Y="663" T="0" /><Point X="414" Y="660" T="0" /><Point X="419" Y="658" T="0" /><Point X="424" Y="655" T="0" /><Point X="428" Y="653" T="0" /><Point X="435" Y="649" T="0" /><Point X="442" Y="646" T="0" /><Point X="447" Y="643" T="0" /><Point X="453" Y="641" T="0" /><Point X="457" Y="638" T="0" /><Point X="460" Y="635" T="0" /><Point X="464" Y="632" T="0" /><Point X="468" Y="626" T="0" /><Point X="472" Y="619" T="0" /><Point X="474" Y="613" T="0" /><Point X="477" Y="606" T="0" /><Point X="478" Y="600" T="0" /><Point X="482" Y="595" T="0" /><Point X="482" Y="590" T="0" /><Point X="483" Y="583" T="0" /><Point X="485" Y="575" T="0" /><Point X="486" Y="567" T="0" /><Point X="486" Y="559" T="0" /><Point X="486" Y="555" T="0" /><Point X="486" Y="549" T="0" /><Point X="486" Y="547" T="0" /><Point X="486" Y="545" T="0" /><Point X="485" Y="541" T="0" /><Point X="484" Y="538" T="0" /><Point X="483" Y="533" T="0" /><Point X="480" Y="529" T="0" /><Point X="478" Y="523" T="0" /><Point X="477" Y="519" T="0" /><Point X="475" Y="515" T="0" /><Point X="472" Y="511" T="0" /><Point X="471" Y="509" T="0" /><Point X="470" Y="506" T="0" /><Point X="467" Y="504" T="0" /><Point X="463" Y="501" T="0" /><Point X="461" Y="498" T="0" /><Point X="458" Y="496" T="0" /><Point X="455" Y="495" T="0" /><Point X="453" Y="493" T="0" /><Point X="451" Y="491" T="0" /><Point X="448" Y="490" T="0" /><Point X="446" Y="488" T="0" /><Point X="443" Y="487" T="0" /><Point X="440" Y="485" T="0" /><Point X="437" Y="484" T="0" /><Point X="434" Y="483" T="0" /><Point X="431" Y="483" T="0" /><Point X="429" Y="482" T="0" /><Point X="426" Y="481" T="0" /><Point X="421" Y="480" T="0" /><Point X="419" Y="479" T="0" /><Point X="416" Y="478" T="0" /><Point X="414" Y="477" T="0" /><Point X="411" Y="476" T="0" /><Point X="410" Y="475" T="0" /><Point X="408" Y="475" T="0" /><Point X="406" Y="475" T="0" /><Point X="404" Y="474" T="0" /><Point X="401" Y="473" T="0" /><Point X="399" Y="472" T="0" /><Point X="397" Y="471" T="0" /><Point X="394" Y="470" T="0" /><Point X="392" Y="470" T="0" /><Point X="390" Y="470" T="0" /><Point X="388" Y="470" T="0" /><Point X="386" Y="470" T="0" /><Point X="384" Y="470" T="0" /><Point X="383" Y="470" T="0" /><Point X="381" Y="470" T="0" /><Point X="379" Y="470" T="0" /><Point X="378" Y="470" T="0" /><Point X="377" Y="470" T="0" /><Point X="375" Y="470" T="0" /><Point X="374" Y="470" T="0" /><Point X="372" Y="470" T="0" /><Point X="371" Y="470" T="0" /><Point X="370" Y="470" T="0" /><Point X="369" Y="470" T="0" /><Point X="368" Y="470" T="0" /><Point X="366" Y="470" T="0" /><Point X="365" Y="471" T="0" /><Point X="364" Y="471" T="0" /><Point X="363" Y="472" T="0" /><Point X="362" Y="472" T="0" /><Point X="361" Y="473" T="0" /><Point X="360" Y="473" T="0" /><Point X="359" Y="473" T="0" /><Point X="358" Y="473" T="0" /><Point X="357" Y="474" T="0" /><Point X="356" Y="475" T="0" /><Point X="355" Y="475" T="0" /><Point X="354" Y="475" T="0" /><Point X="354" Y="477" T="0" /><Point X="352" Y="478" T="0" /><Point X="351" Y="479" T="0" /><Point X="350" Y="479" T="0" /><Point X="349" Y="479" T="0" /><Point X="348" Y="479" T="0" /><Point X="347" Y="479" T="0" /><Point X="346" Y="479" T="0" /><Point X="345" Y="479" T="0" /><Point X="343" Y="480" T="0" /><Point X="342" Y="481" T="0" /><Point X="342" Y="482" T="0" /><Point X="341" Y="483" T="0" /><Point X="340" Y="484" T="0" /><Point X="339" Y="484" T="0" /><Point X="338" Y="484" T="0" /></Gesture>