<Gesture Name="circle" Subject="1" Number="1" NumPts="106" Millseconds="0" AppName="Gestures" AppVer="1.0" Date="Wednesday, March 01, 2023" TimeOfDay="16:21:04" ID="3"><Point X="342" Y="256" T="0" /><Point X="330" Y="259" T="0" /><Point X="317" Y="262" T="0" /><Point X="304" Y="269" T="0" /><Point X="295" Y="274" T="0" /><Point X="288" Y="280" T="0" /><Point X="282" Y="286" T="0" /><Point X="277" Y="291" T="0" /><Point X="270" Y="298" T="0" /><Point X="266" Y="303" T="0" /><Point X="262" Y="310" T="0" /><Point X="257" Y="321" T="0" /><Point X="255" Y="333" T="0" /><Point X="254" Y="344" T="0" /><Point X="254" Y="352" T="0" /><Point X="256" Y="358" T="0" /><Point X="259" Y="367" T="0" /><Point X="265" Y="379" T="0" /><Point X="270" Y="391" T="0" /><Point X="278" Y="401" T="0" /><Point X="288" Y="411" T="0" /><Point X="298" Y="419" T="0" /><Point X="306" Y="424" T="0" /><Point X="314" Y="430" T="0" /><Point X="326" Y="434" T="0" /><Point X="340" Y="439" T="0" /><Point X="353" Y="443" T="0" /><Point X="361" Y="444" T="0" /><Point X="369" Y="445" T="0" /><Point X="378" Y="445" T="0" /><Point X="390" Y="445" T="0" /><Point X="401" Y="443" T="0" /><Point X="410" Y="439" T="0" /><Point X="418" Y="438" T="0" /><Point X="424" Y="435" T="0" /><Point X="431" Y="429" T="0" /><Point X="440" Y="423" T="0" /><Point X="446" Y="415" T="0" /><Point X="454" Y="409" T="0" /><Point X="460" Y="402" T="0" /><Point X="464" Y="395" T="0" /><Point X="466" Y="392" T="0" /><Point X="469" Y="390" T="0" /><Point X="470" Y="385" T="0" /><Point X="471" Y="381" T="0" /><Point X="473" Y="374" T="0" /><Point X="474" Y="367" T="0" /><Point X="474" Y="362" T="0" /><Point X="474" Y="356" T="0" /><Point X="474" Y="353" T="0" /><Point X="473" Y="349" T="0" /><Point X="472" Y="347" T="0" /><Point X="470" Y="344" T="0" /><Point X="468" Y="340" T="0" /><Point X="466" Y="337" T="0" /><Point X="463" Y="331" T="0" /><Point X="459" Y="326" T="0" /><Point X="456" Y="319" T="0" /><Point X="454" Y="311" T="0" /><Point X="450" Y="307" T="0" /><Point X="446" Y="301" T="0" /><Point X="445" Y="298" T="0" /><Point X="443" Y="295" T="0" /><Point X="442" Y="292" T="0" /><Point X="439" Y="290" T="0" /><Point X="438" Y="287" T="0" /><Point X="435" Y="286" T="0" /><Point X="432" Y="284" T="0" /><Point X="430" Y="283" T="0" /><Point X="428" Y="281" T="0" /><Point X="423" Y="278" T="0" /><Point X="419" Y="275" T="0" /><Point X="413" Y="274" T="0" /><Point X="410" Y="271" T="0" /><Point X="405" Y="269" T="0" /><Point X="401" Y="267" T="0" /><Point X="395" Y="265" T="0" /><Point X="391" Y="263" T="0" /><Point X="387" Y="261" T="0" /><Point X="384" Y="260" T="0" /><Point X="381" Y="259" T="0" /><Point X="378" Y="259" T="0" /><Point X="374" Y="258" T="0" /><Point X="372" Y="257" T="0" /><Point X="370" Y="256" T="0" /><Point X="368" Y="255" T="0" /><Point X="366" Y="254" T="0" /><Point X="363" Y="253" T="0" /><Point X="362" Y="253" T="0" /><Point X="360" Y="252" T="0" /><Point X="357" Y="251" T="0" /><Point X="354" Y="251" T="0" /><Point X="353" Y="251" T="0" /><Point X="350" Y="250" T="0" /><Point X="347" Y="249" T="0" /><Point X="345" Y="249" T="0" /><Point X="342" Y="248" T="0" /><Point X="341" Y="248" T="0" /><Point X="339" Y="248" T="0" /><Point X="338" Y="248" T="0" /><Point X="337" Y="248" T="0" /><Point X="334" Y="248" T="0" /><Point X="333" Y="248" T="0" /><Point X="332" Y="248" T="0" /><Point X="331" Y="248" T="0" /><Point X="330" Y="248" T="0" /></Gesture>