<Gesture Name="circle" Subject="1" Number="1" NumPts="248" Millseconds="0" AppName="Gestures" AppVer="1.0" Date="Wednesday, March 01, 2023" TimeOfDay="16:30:29" ID="10"><Point X="351" Y="447" T="0" /><Point X="349" Y="448" T="0" /><Point X="346" Y="449" T="0" /><Point X="344" Y="450" T="0" /><Point X="342" Y="451" T="0" /><Point X="339" Y="453" T="0" /><Point X="338" Y="454" T="0" /><Point X="336" Y="455" T="0" /><Point X="334" Y="455" T="0" /><Point X="331" Y="457" T="0" /><Point X="329" Y="457" T="0" /><Point X="327" Y="459" T="0" /><Point X="326" Y="459" T="0" /><Point X="325" Y="460" T="0" /><Point X="323" Y="461" T="0" /><Point X="322" Y="462" T="0" /><Point X="321" Y="463" T="0" /><Point X="320" Y="463" T="0" /><Point X="319" Y="463" T="0" /><Point X="318" Y="466" T="0" /><Point X="317" Y="467" T="0" /><Point X="316" Y="467" T="0" /><Point X="315" Y="467" T="0" /><Point X="314" Y="468" T="0" /><Point X="314" Y="469" T="0" /><Point X="313" Y="471" T="0" /><Point X="310" Y="475" T="0" /><Point X="308" Y="476" T="0" /><Point X="307" Y="478" T="0" /><Point X="306" Y="480" T="0" /><Point X="305" Y="481" T="0" /><Point X="305" Y="482" T="0" /><Point X="304" Y="483" T="0" /><Point X="303" Y="483" T="0" /><Point X="302" Y="486" T="0" /><Point X="302" Y="487" T="0" /><Point X="301" Y="488" T="0" /><Point X="300" Y="490" T="0" /><Point X="300" Y="491" T="0" /><Point X="300" Y="493" T="0" /><Point X="300" Y="495" T="0" /><Point X="300" Y="497" T="0" /><Point X="300" Y="499" T="0" /><Point X="300" Y="500" T="0" /><Point X="300" Y="502" T="0" /><Point X="300" Y="503" T="0" /><Point X="300" Y="504" T="0" /><Point X="300" Y="505" T="0" /><Point X="300" Y="506" T="0" /><Point X="300" Y="507" T="0" /><Point X="300" Y="508" T="0" /><Point X="300" Y="510" T="0" /><Point X="300" Y="513" T="0" /><Point X="300" Y="514" T="0" /><Point X="300" Y="516" T="0" /><Point X="300" Y="519" T="0" /><Point X="300" Y="520" T="0" /><Point X="300" Y="522" T="0" /><Point X="300" Y="523" T="0" /><Point X="300" Y="524" T="0" /><Point X="300" Y="525" T="0" /><Point X="300" Y="526" T="0" /><Point X="300" Y="527" T="0" /><Point X="300" Y="528" T="0" /><Point X="301" Y="529" T="0" /><Point X="302" Y="530" T="0" /><Point X="303" Y="532" T="0" /><Point X="304" Y="533" T="0" /><Point X="305" Y="535" T="0" /><Point X="306" Y="536" T="0" /><Point X="306" Y="538" T="0" /><Point X="306" Y="539" T="0" /><Point X="307" Y="541" T="0" /><Point X="309" Y="543" T="0" /><Point X="310" Y="544" T="0" /><Point X="310" Y="545" T="0" /><Point X="312" Y="547" T="0" /><Point X="313" Y="549" T="0" /><Point X="316" Y="551" T="0" /><Point X="318" Y="552" T="0" /><Point X="322" Y="555" T="0" /><Point X="326" Y="557" T="0" /><Point X="330" Y="559" T="0" /><Point X="334" Y="560" T="0" /><Point X="338" Y="563" T="0" /><Point X="340" Y="565" T="0" /><Point X="343" Y="566" T="0" /><Point X="346" Y="566" T="0" /><Point X="347" Y="567" T="0" /><Point X="350" Y="567" T="0" /><Point X="353" Y="568" T="0" /><Point X="355" Y="569" T="0" /><Point X="359" Y="571" T="0" /><Point X="362" Y="571" T="0" /><Point X="366" Y="571" T="0" /><Point X="369" Y="571" T="0" /><Point X="371" Y="571" T="0" /><Point X="375" Y="571" T="0" /><Point X="378" Y="571" T="0" /><Point X="379" Y="571" T="0" /><Point X="381" Y="571" T="0" /><Point X="383" Y="570" T="0" /><Point X="384" Y="570" T="0" /><Point X="387" Y="569" T="0" /><Point X="390" Y="568" T="0" /><Point X="392" Y="567" T="0" /><Point X="395" Y="567" T="0" /><Point X="397" Y="566" T="0" /><Point X="399" Y="564" T="0" /><Point X="402" Y="562" T="0" /><Point X="405" Y="560" T="0" /><Point X="407" Y="559" T="0" /><Point X="410" Y="557" T="0" /><Point X="413" Y="555" T="0" /><Point X="415" Y="553" T="0" /><Point X="416" Y="552" T="0" /><Point X="418" Y="551" T="0" /><Point X="420" Y="549" T="0" /><Point X="422" Y="547" T="0" /><Point X="423" Y="545" T="0" /><Point X="424" Y="544" T="0" /><Point X="426" Y="543" T="0" /><Point X="428" Y="540" T="0" /><Point X="430" Y="539" T="0" /><Point X="431" Y="536" T="0" /><Point X="434" Y="535" T="0" /><Point X="435" Y="531" T="0" /><Point X="436" Y="529" T="0" /><Point X="438" Y="527" T="0" /><Point X="439" Y="523" T="0" /><Point X="442" Y="521" T="0" /><Point X="442" Y="519" T="0" /><Point X="443" Y="515" T="0" /><Point X="444" Y="514" T="0" /><Point X="445" Y="512" T="0" /><Point X="446" Y="509" T="0" /><Point X="446" Y="507" T="0" /><Point X="447" Y="507" T="0" /><Point X="448" Y="505" T="0" /><Point X="448" Y="503" T="0" /><Point X="448" Y="502" T="0" /><Point X="448" Y="500" T="0" /><Point X="448" Y="499" T="0" /><Point X="448" Y="498" T="0" /><Point X="448" Y="495" T="0" /><Point X="448" Y="493" T="0" /><Point X="448" Y="492" T="0" /><Point X="448" Y="491" T="0" /><Point X="447" Y="489" T="0" /><Point X="446" Y="487" T="0" /><Point X="446" Y="485" T="0" /><Point X="445" Y="483" T="0" /><Point X="444" Y="482" T="0" /><Point X="443" Y="480" T="0" /><Point X="442" Y="479" T="0" /><Point X="442" Y="477" T="0" /><Point X="441" Y="476" T="0" /><Point X="440" Y="474" T="0" /><Point X="439" Y="472" T="0" /><Point X="438" Y="471" T="0" /><Point X="438" Y="470" T="0" /><Point X="437" Y="469" T="0" /><Point X="436" Y="469" T="0" /><Point X="436" Y="467" T="0" /><Point X="434" Y="467" T="0" /><Point X="434" Y="466" T="0" /><Point X="433" Y="466" T="0" /><Point X="431" Y="465" T="0" /><Point X="430" Y="464" T="0" /><Point X="427" Y="463" T="0" /><Point X="426" Y="463" T="0" /><Point X="426" Y="462" T="0" /><Point X="425" Y="461" T="0" /><Point X="424" Y="460" T="0" /><Point X="423" Y="459" T="0" /><Point X="422" Y="459" T="0" /><Point X="420" Y="459" T="0" /><Point X="419" Y="457" T="0" /><Point X="418" Y="456" T="0" /><Point X="416" Y="455" T="0" /><Point X="414" Y="454" T="0" /><Point X="413" Y="453" T="0" /><Point X="411" Y="453" T="0" /><Point X="410" Y="452" T="0" /><Point X="410" Y="451" T="0" /><Point X="409" Y="451" T="0" /><Point X="408" Y="451" T="0" /><Point X="407" Y="450" T="0" /><Point X="406" Y="449" T="0" /><Point X="406" Y="448" T="0" /><Point X="405" Y="447" T="0" /><Point X="404" Y="446" T="0" /><Point X="403" Y="446" T="0" /><Point X="402" Y="445" T="0" /><Point X="400" Y="444" T="0" /><Point X="399" Y="444" T="0" /><Point X="398" Y="444" T="0" /><Point X="398" Y="443" T="0" /><Point X="397" Y="443" T="0" /><Point X="396" Y="443" T="0" /><Point X="394" Y="443" T="0" /><Point X="392" Y="443" T="0" /><Point X="391" Y="443" T="0" /><Point X="390" Y="442" T="0" /><Point X="389" Y="442" T="0" /><Point X="388" Y="442" T="0" /><Point X="387" Y="442" T="0" /><Point X="386" Y="442" T="0" /><Point X="384" Y="442" T="0" /><Point X="383" Y="442" T="0" /><Point X="382" Y="442" T="0" /><Point X="381" Y="442" T="0" /><Point X="379" Y="442" T="0" /><Point X="378" Y="442" T="0" /><Point X="377" Y="442" T="0" /><Point X="376" Y="442" T="0" /><Point X="375" Y="442" T="0" /><Point X="374" Y="442" T="0" /><Point X="372" Y="442" T="0" /><Point X="371" Y="442" T="0" /><Point X="370" Y="442" T="0" /><Point X="369" Y="442" T="0" /><Point X="368" Y="442" T="0" /><Point X="366" Y="442" T="0" /><Point X="365" Y="442" T="0" /><Point X="364" Y="442" T="0" /><Point X="363" Y="442" T="0" /><Point X="362" Y="442" T="0" /><Point X="359" Y="443" T="0" /><Point X="358" Y="443" T="0" /><Point X="357" Y="444" T="0" /><Point X="356" Y="445" T="0" /><Point X="354" Y="446" T="0" /><Point X="353" Y="447" T="0" /><Point X="352" Y="447" T="0" /><Point X="351" Y="448" T="0" /><Point X="350" Y="449" T="0" /><Point X="350" Y="450" T="0" /><Point X="350" Y="451" T="0" /><Point X="349" Y="451" T="0" /><Point X="348" Y="451" T="0" /><Point X="347" Y="451" T="0" /><Point X="346" Y="451" T="0" /><Point X="345" Y="451" T="0" /><Point X="344" Y="452" T="0" /><Point X="343" Y="453" T="0" /><Point X="342" Y="455" T="0" /><Point X="341" Y="455" T="0" /></Gesture>