<Gesture Name="circle" Subject="1" Number="1" NumPts="286" Millseconds="0" AppName="Gestures" AppVer="1.0" Date="Wednesday, March 01, 2023" TimeOfDay="16:16:16" ID="1"><Point X="354" Y="195" T="0" /><Point X="353" Y="195" T="0" /><Point X="351" Y="195" T="0" /><Point X="350" Y="195" T="0" /><Point X="348" Y="195" T="0" /><Point X="346" Y="194" T="0" /><Point X="345" Y="194" T="0" /><Point X="344" Y="193" T="0" /><Point X="342" Y="193" T="0" /><Point X="340" Y="193" T="0" /><Point X="339" Y="193" T="0" /><Point X="338" Y="193" T="0" /><Point X="337" Y="193" T="0" /><Point X="335" Y="193" T="0" /><Point X="333" Y="193" T="0" /><Point X="332" Y="193" T="0" /><Point X="330" Y="193" T="0" /><Point X="329" Y="193" T="0" /><Point X="327" Y="193" T="0" /><Point X="326" Y="193" T="0" /><Point X="325" Y="193" T="0" /><Point X="323" Y="193" T="0" /><Point X="321" Y="193" T="0" /><Point X="320" Y="193" T="0" /><Point X="318" Y="193" T="0" /><Point X="316" Y="193" T="0" /><Point X="314" Y="193" T="0" /><Point X="313" Y="193" T="0" /><Point X="311" Y="193" T="0" /><Point X="310" Y="193" T="0" /><Point X="307" Y="193" T="0" /><Point X="306" Y="193" T="0" /><Point X="305" Y="193" T="0" /><Point X="303" Y="194" T="0" /><Point X="302" Y="194" T="0" /><Point X="300" Y="195" T="0" /><Point X="299" Y="195" T="0" /><Point X="298" Y="196" T="0" /><Point X="297" Y="198" T="0" /><Point X="297" Y="199" T="0" /><Point X="295" Y="199" T="0" /><Point X="294" Y="199" T="0" /><Point X="294" Y="202" T="0" /><Point X="293" Y="203" T="0" /><Point X="291" Y="203" T="0" /><Point X="290" Y="204" T="0" /><Point X="289" Y="206" T="0" /><Point X="287" Y="208" T="0" /><Point X="286" Y="209" T="0" /><Point X="285" Y="209" T="0" /><Point X="285" Y="211" T="0" /><Point X="284" Y="211" T="0" /><Point X="283" Y="211" T="0" /><Point X="282" Y="212" T="0" /><Point X="282" Y="213" T="0" /><Point X="281" Y="214" T="0" /><Point X="280" Y="215" T="0" /><Point X="279" Y="216" T="0" /><Point X="278" Y="216" T="0" /><Point X="278" Y="218" T="0" /><Point X="278" Y="221" T="0" /><Point X="276" Y="223" T="0" /><Point X="275" Y="225" T="0" /><Point X="274" Y="228" T="0" /><Point X="274" Y="231" T="0" /><Point X="273" Y="232" T="0" /><Point X="273" Y="235" T="0" /><Point X="272" Y="237" T="0" /><Point X="272" Y="239" T="0" /><Point X="272" Y="241" T="0" /><Point X="272" Y="243" T="0" /><Point X="272" Y="244" T="0" /><Point X="272" Y="246" T="0" /><Point X="272" Y="247" T="0" /><Point X="272" Y="250" T="0" /><Point X="272" Y="253" T="0" /><Point X="272" Y="257" T="0" /><Point X="272" Y="259" T="0" /><Point X="272" Y="263" T="0" /><Point X="272" Y="267" T="0" /><Point X="273" Y="270" T="0" /><Point X="274" Y="275" T="0" /><Point X="274" Y="276" T="0" /><Point X="274" Y="278" T="0" /><Point X="274" Y="279" T="0" /><Point X="274" Y="281" T="0" /><Point X="275" Y="283" T="0" /><Point X="277" Y="284" T="0" /><Point X="278" Y="285" T="0" /><Point X="278" Y="287" T="0" /><Point X="278" Y="289" T="0" /><Point X="279" Y="291" T="0" /><Point X="280" Y="292" T="0" /><Point X="281" Y="295" T="0" /><Point X="282" Y="296" T="0" /><Point X="282" Y="299" T="0" /><Point X="284" Y="299" T="0" /><Point X="285" Y="303" T="0" /><Point X="285" Y="304" T="0" /><Point X="286" Y="306" T="0" /><Point X="286" Y="307" T="0" /><Point X="287" Y="308" T="0" /><Point X="288" Y="311" T="0" /><Point X="289" Y="312" T="0" /><Point X="290" Y="313" T="0" /><Point X="292" Y="315" T="0" /><Point X="294" Y="317" T="0" /><Point X="296" Y="319" T="0" /><Point X="299" Y="320" T="0" /><Point X="302" Y="321" T="0" /><Point X="303" Y="322" T="0" /><Point X="306" Y="323" T="0" /><Point X="309" Y="323" T="0" /><Point X="311" Y="324" T="0" /><Point X="314" Y="325" T="0" /><Point X="315" Y="326" T="0" /><Point X="317" Y="327" T="0" /><Point X="318" Y="327" T="0" /><Point X="320" Y="327" T="0" /><Point X="322" Y="327" T="0" /><Point X="323" Y="327" T="0" /><Point X="324" Y="327" T="0" /><Point X="327" Y="327" T="0" /><Point X="330" Y="327" T="0" /><Point X="331" Y="327" T="0" /><Point X="334" Y="327" T="0" /><Point X="338" Y="327" T="0" /><Point X="341" Y="327" T="0" /><Point X="343" Y="327" T="0" /><Point X="346" Y="327" T="0" /><Point X="348" Y="327" T="0" /><Point X="350" Y="327" T="0" /><Point X="353" Y="327" T="0" /><Point X="355" Y="327" T="0" /><Point X="357" Y="327" T="0" /><Point X="358" Y="327" T="0" /><Point X="360" Y="327" T="0" /><Point X="361" Y="327" T="0" /><Point X="362" Y="326" T="0" /><Point X="364" Y="326" T="0" /><Point X="366" Y="324" T="0" /><Point X="366" Y="323" T="0" /><Point X="368" Y="323" T="0" /><Point X="371" Y="322" T="0" /><Point X="372" Y="321" T="0" /><Point X="374" Y="319" T="0" /><Point X="376" Y="319" T="0" /><Point X="378" Y="316" T="0" /><Point X="380" Y="315" T="0" /><Point X="382" Y="313" T="0" /><Point X="382" Y="311" T="0" /><Point X="385" Y="310" T="0" /><Point X="386" Y="308" T="0" /><Point X="387" Y="307" T="0" /><Point X="389" Y="305" T="0" /><Point X="389" Y="304" T="0" /><Point X="390" Y="302" T="0" /><Point X="392" Y="300" T="0" /><Point X="393" Y="299" T="0" /><Point X="394" Y="298" T="0" /><Point X="394" Y="296" T="0" /><Point X="395" Y="295" T="0" /><Point X="395" Y="293" T="0" /><Point X="396" Y="293" T="0" /><Point X="397" Y="291" T="0" /><Point X="398" Y="291" T="0" /><Point X="399" Y="290" T="0" /><Point X="400" Y="287" T="0" /><Point X="401" Y="286" T="0" /><Point X="402" Y="285" T="0" /><Point X="402" Y="283" T="0" /><Point X="403" Y="281" T="0" /><Point X="406" Y="279" T="0" /><Point X="406" Y="278" T="0" /><Point X="407" Y="276" T="0" /><Point X="408" Y="274" T="0" /><Point X="409" Y="272" T="0" /><Point X="410" Y="271" T="0" /><Point X="410" Y="269" T="0" /><Point X="410" Y="267" T="0" /><Point X="411" Y="265" T="0" /><Point X="412" Y="264" T="0" /><Point X="414" Y="263" T="0" /><Point X="414" Y="261" T="0" /><Point X="415" Y="259" T="0" /><Point X="416" Y="258" T="0" /><Point X="416" Y="256" T="0" /><Point X="416" Y="255" T="0" /><Point X="417" Y="252" T="0" /><Point X="417" Y="251" T="0" /><Point X="417" Y="250" T="0" /><Point X="417" Y="249" T="0" /><Point X="417" Y="247" T="0" /><Point X="417" Y="245" T="0" /><Point X="417" Y="244" T="0" /><Point X="417" Y="243" T="0" /><Point X="418" Y="242" T="0" /><Point X="418" Y="239" T="0" /><Point X="418" Y="237" T="0" /><Point X="418" Y="236" T="0" /><Point X="418" Y="234" T="0" /><Point X="418" Y="231" T="0" /><Point X="418" Y="229" T="0" /><Point X="418" Y="227" T="0" /><Point X="417" Y="226" T="0" /><Point X="417" Y="225" T="0" /><Point X="417" Y="224" T="0" /><Point X="417" Y="223" T="0" /><Point X="416" Y="223" T="0" /><Point X="415" Y="223" T="0" /><Point X="415" Y="222" T="0" /><Point X="414" Y="222" T="0" /><Point X="414" Y="221" T="0" /><Point X="414" Y="219" T="0" /><Point X="413" Y="219" T="0" /><Point X="412" Y="218" T="0" /><Point X="412" Y="217" T="0" /><Point X="412" Y="216" T="0" /><Point X="411" Y="215" T="0" /><Point X="410" Y="214" T="0" /><Point X="410" Y="213" T="0" /><Point X="409" Y="213" T="0" /><Point X="408" Y="212" T="0" /><Point X="407" Y="211" T="0" /><Point X="406" Y="211" T="0" /><Point X="406" Y="210" T="0" /><Point X="405" Y="209" T="0" /><Point X="404" Y="208" T="0" /><Point X="404" Y="207" T="0" /><Point X="403" Y="207" T="0" /><Point X="402" Y="207" T="0" /><Point X="402" Y="206" T="0" /><Point X="401" Y="205" T="0" /><Point X="400" Y="204" T="0" /><Point X="399" Y="204" T="0" /><Point X="399" Y="203" T="0" /><Point X="398" Y="203" T="0" /><Point X="398" Y="202" T="0" /><Point X="397" Y="202" T="0" /><Point X="395" Y="202" T="0" /><Point X="395" Y="201" T="0" /><Point X="394" Y="201" T="0" /><Point X="394" Y="200" T="0" /><Point X="393" Y="200" T="0" /><Point X="392" Y="199" T="0" /><Point X="391" Y="199" T="0" /><Point X="390" Y="198" T="0" /><Point X="389" Y="198" T="0" /><Point X="389" Y="197" T="0" /><Point X="388" Y="197" T="0" /><Point X="387" Y="197" T="0" /><Point X="386" Y="197" T="0" /><Point X="386" Y="196" T="0" /><Point X="385" Y="196" T="0" /><Point X="384" Y="196" T="0" /><Point X="383" Y="196" T="0" /><Point X="382" Y="195" T="0" /><Point X="381" Y="195" T="0" /><Point X="380" Y="195" T="0" /><Point X="379" Y="195" T="0" /><Point X="378" Y="195" T="0" /><Point X="377" Y="195" T="0" /><Point X="376" Y="195" T="0" /><Point X="375" Y="195" T="0" /><Point X="374" Y="195" T="0" /><Point X="373" Y="195" T="0" /><Point X="372" Y="195" T="0" /><Point X="371" Y="195" T="0" /><Point X="370" Y="195" T="0" /><Point X="369" Y="195" T="0" /><Point X="367" Y="195" T="0" /><Point X="366" Y="195" T="0" /><Point X="365" Y="195" T="0" /><Point X="364" Y="195" T="0" /><Point X="363" Y="195" T="0" /><Point X="362" Y="195" T="0" /><Point X="361" Y="195" T="0" /><Point X="360" Y="195" T="0" /><Point X="359" Y="195" T="0" /><Point X="358" Y="195" T="0" /><Point X="357" Y="195" T="0" /><Point X="356" Y="195" T="0" /><Point X="355" Y="195" T="0" /><Point X="354" Y="195" T="0" /><Point X="353" Y="195" T="0" /><Point X="352" Y="195" T="0" /></Gesture>