<Gesture Name="circle" Subject="1" Number="1" NumPts="171" Millseconds="0" AppName="Gestures" AppVer="1.0" Date="Wednesday, March 01, 2023" TimeOfDay="16:25:24" ID="6"><Point X="345" Y="504" T="0" /><Point X="341" Y="509" T="0" /><Point X="337" Y="512" T="0" /><Point X="333" Y="515" T="0" /><Point X="328" Y="519" T="0" /><Point X="326" Y="522" T="0" /><Point X="323" Y="524" T="0" /><Point X="320" Y="527" T="0" /><Point X="318" Y="530" T="0" /><Point X="317" Y="532" T="0" /><Point X="315" Y="535" T="0" /><Point X="314" Y="539" T="0" /><Point X="311" Y="542" T="0" /><Point X="310" Y="547" T="0" /><Point X="309" Y="550" T="0" /><Point X="307" Y="554" T="0" /><Point X="306" Y="559" T="0" /><Point X="305" Y="566" T="0" /><Point X="302" Y="572" T="0" /><Point X="302" Y="575" T="0" /><Point X="302" Y="581" T="0" /><Point X="302" Y="585" T="0" /><Point X="302" Y="589" T="0" /><Point X="302" Y="593" T="0" /><Point X="302" Y="597" T="0" /><Point X="302" Y="601" T="0" /><Point X="302" Y="607" T="0" /><Point X="302" Y="611" T="0" /><Point X="304" Y="616" T="0" /><Point X="305" Y="619" T="0" /><Point X="306" Y="623" T="0" /><Point X="307" Y="625" T="0" /><Point X="309" Y="627" T="0" /><Point X="312" Y="631" T="0" /><Point X="314" Y="633" T="0" /><Point X="318" Y="636" T="0" /><Point X="324" Y="642" T="0" /><Point X="331" Y="646" T="0" /><Point X="337" Y="650" T="0" /><Point X="346" Y="653" T="0" /><Point X="353" Y="656" T="0" /><Point X="358" Y="659" T="0" /><Point X="364" Y="661" T="0" /><Point X="367" Y="662" T="0" /><Point X="373" Y="663" T="0" /><Point X="377" Y="663" T="0" /><Point X="384" Y="663" T="0" /><Point X="390" Y="663" T="0" /><Point X="396" Y="662" T="0" /><Point X="403" Y="660" T="0" /><Point X="409" Y="659" T="0" /><Point X="411" Y="658" T="0" /><Point X="414" Y="657" T="0" /><Point X="417" Y="655" T="0" /><Point X="420" Y="654" T="0" /><Point X="425" Y="651" T="0" /><Point X="430" Y="647" T="0" /><Point X="436" Y="644" T="0" /><Point X="442" Y="641" T="0" /><Point X="450" Y="637" T="0" /><Point X="455" Y="633" T="0" /><Point X="459" Y="628" T="0" /><Point X="463" Y="623" T="0" /><Point X="468" Y="618" T="0" /><Point X="472" Y="611" T="0" /><Point X="476" Y="606" T="0" /><Point X="479" Y="602" T="0" /><Point X="482" Y="597" T="0" /><Point X="486" Y="592" T="0" /><Point X="491" Y="585" T="0" /><Point X="496" Y="576" T="0" /><Point X="501" Y="567" T="0" /><Point X="504" Y="557" T="0" /><Point X="506" Y="551" T="0" /><Point X="508" Y="546" T="0" /><Point X="509" Y="541" T="0" /><Point X="509" Y="537" T="0" /><Point X="509" Y="533" T="0" /><Point X="508" Y="527" T="0" /><Point X="507" Y="523" T="0" /><Point X="505" Y="519" T="0" /><Point X="503" Y="515" T="0" /><Point X="502" Y="511" T="0" /><Point X="500" Y="507" T="0" /><Point X="497" Y="504" T="0" /><Point X="495" Y="502" T="0" /><Point X="494" Y="499" T="0" /><Point X="493" Y="496" T="0" /><Point X="491" Y="495" T="0" /><Point X="488" Y="493" T="0" /><Point X="486" Y="491" T="0" /><Point X="483" Y="490" T="0" /><Point X="479" Y="487" T="0" /><Point X="476" Y="486" T="0" /><Point X="470" Y="483" T="0" /><Point X="466" Y="481" T="0" /><Point X="461" Y="479" T="0" /><Point X="458" Y="478" T="0" /><Point X="453" Y="477" T="0" /><Point X="451" Y="476" T="0" /><Point X="449" Y="475" T="0" /><Point X="446" Y="475" T="0" /><Point X="443" Y="474" T="0" /><Point X="441" Y="474" T="0" /><Point X="438" Y="474" T="0" /><Point X="434" Y="474" T="0" /><Point X="430" Y="472" T="0" /><Point X="428" Y="472" T="0" /><Point X="425" Y="472" T="0" /><Point X="422" Y="472" T="0" /><Point X="420" Y="472" T="0" /><Point X="418" Y="472" T="0" /><Point X="415" Y="472" T="0" /><Point X="414" Y="472" T="0" /><Point X="412" Y="472" T="0" /><Point X="411" Y="472" T="0" /><Point X="410" Y="472" T="0" /><Point X="409" Y="472" T="0" /><Point X="407" Y="472" T="0" /><Point X="406" Y="472" T="0" /><Point X="404" Y="472" T="0" /><Point X="402" Y="472" T="0" /><Point X="401" Y="472" T="0" /><Point X="400" Y="472" T="0" /><Point X="399" Y="472" T="0" /><Point X="398" Y="473" T="0" /><Point X="396" Y="473" T="0" /><Point X="395" Y="474" T="0" /><Point X="394" Y="475" T="0" /><Point X="392" Y="475" T="0" /><Point X="388" Y="477" T="0" /><Point X="386" Y="478" T="0" /><Point X="384" Y="479" T="0" /><Point X="383" Y="479" T="0" /><Point X="382" Y="480" T="0" /><Point X="381" Y="480" T="0" /><Point X="381" Y="481" T="0" /><Point X="380" Y="482" T="0" /><Point X="378" Y="483" T="0" /><Point X="377" Y="483" T="0" /><Point X="375" Y="485" T="0" /><Point X="374" Y="486" T="0" /><Point X="372" Y="487" T="0" /><Point X="370" Y="488" T="0" /><Point X="368" Y="489" T="0" /><Point X="368" Y="490" T="0" /><Point X="367" Y="491" T="0" /><Point X="366" Y="491" T="0" /><Point X="366" Y="492" T="0" /><Point X="366" Y="493" T="0" /><Point X="365" Y="493" T="0" /><Point X="364" Y="494" T="0" /><Point X="362" Y="495" T="0" /><Point X="361" Y="495" T="0" /><Point X="360" Y="495" T="0" /><Point X="359" Y="496" T="0" /><Point X="357" Y="499" T="0" /><Point X="352" Y="503" T="0" /><Point X="350" Y="505" T="0" /><Point X="346" Y="508" T="0" /><Point X="344" Y="511" T="0" /><Point X="342" Y="512" T="0" /><Point X="341" Y="514" T="0" /><Point X="340" Y="515" T="0" /><Point X="338" Y="515" T="0" /><Point X="338" Y="516" T="0" /><Point X="338" Y="517" T="0" /><Point X="337" Y="517" T="0" /><Point X="337" Y="518" T="0" /><Point X="336" Y="519" T="0" /><Point X="335" Y="519" T="0" /></Gesture>