<Gesture Name="circle" Subject="1" Number="1" NumPts="164" Millseconds="0" AppName="Gestures" AppVer="1.0" Date="Wednesday, March 01, 2023" TimeOfDay="16:26:43" ID="7"><Point X="351" Y="551" T="0" /><Point X="344" Y="555" T="0" /><Point X="338" Y="559" T="0" /><Point X="332" Y="562" T="0" /><Point X="328" Y="564" T="0" /><Point X="323" Y="569" T="0" /><Point X="321" Y="573" T="0" /><Point X="318" Y="578" T="0" /><Point X="314" Y="581" T="0" /><Point X="313" Y="584" T="0" /><Point X="311" Y="589" T="0" /><Point X="310" Y="592" T="0" /><Point X="307" Y="597" T="0" /><Point X="306" Y="601" T="0" /><Point X="305" Y="608" T="0" /><Point X="304" Y="615" T="0" /><Point X="304" Y="620" T="0" /><Point X="304" Y="627" T="0" /><Point X="304" Y="634" T="0" /><Point X="304" Y="638" T="0" /><Point X="304" Y="642" T="0" /><Point X="304" Y="647" T="0" /><Point X="305" Y="651" T="0" /><Point X="306" Y="655" T="0" /><Point X="310" Y="661" T="0" /><Point X="311" Y="664" T="0" /><Point X="313" Y="669" T="0" /><Point X="314" Y="672" T="0" /><Point X="317" Y="675" T="0" /><Point X="318" Y="678" T="0" /><Point X="320" Y="680" T="0" /><Point X="322" Y="683" T="0" /><Point X="327" Y="687" T="0" /><Point X="330" Y="688" T="0" /><Point X="335" Y="690" T="0" /><Point X="341" Y="691" T="0" /><Point X="347" Y="693" T="0" /><Point X="356" Y="695" T="0" /><Point X="362" Y="695" T="0" /><Point X="370" Y="695" T="0" /><Point X="378" Y="695" T="0" /><Point X="382" Y="695" T="0" /><Point X="386" Y="695" T="0" /><Point X="390" Y="694" T="0" /><Point X="394" Y="693" T="0" /><Point X="398" Y="692" T="0" /><Point X="404" Y="691" T="0" /><Point X="406" Y="690" T="0" /><Point X="411" Y="689" T="0" /><Point X="414" Y="687" T="0" /><Point X="419" Y="684" T="0" /><Point X="422" Y="683" T="0" /><Point X="423" Y="681" T="0" /><Point X="427" Y="679" T="0" /><Point X="430" Y="674" T="0" /><Point X="434" Y="669" T="0" /><Point X="438" Y="663" T="0" /><Point X="442" Y="657" T="0" /><Point X="444" Y="652" T="0" /><Point X="447" Y="648" T="0" /><Point X="449" Y="645" T="0" /><Point X="450" Y="642" T="0" /><Point X="450" Y="639" T="0" /><Point X="451" Y="636" T="0" /><Point X="451" Y="634" T="0" /><Point X="451" Y="631" T="0" /><Point X="451" Y="629" T="0" /><Point X="451" Y="625" T="0" /><Point X="451" Y="623" T="0" /><Point X="450" Y="620" T="0" /><Point X="450" Y="618" T="0" /><Point X="449" Y="615" T="0" /><Point X="448" Y="612" T="0" /><Point X="447" Y="609" T="0" /><Point X="445" Y="607" T="0" /><Point X="443" Y="605" T="0" /><Point X="442" Y="602" T="0" /><Point X="441" Y="599" T="0" /><Point X="438" Y="597" T="0" /><Point X="437" Y="594" T="0" /><Point X="435" Y="591" T="0" /><Point X="433" Y="590" T="0" /><Point X="430" Y="587" T="0" /><Point X="427" Y="584" T="0" /><Point X="423" Y="583" T="0" /><Point X="420" Y="581" T="0" /><Point X="418" Y="579" T="0" /><Point X="416" Y="577" T="0" /><Point X="414" Y="575" T="0" /><Point X="412" Y="575" T="0" /><Point X="410" Y="574" T="0" /><Point X="409" Y="573" T="0" /><Point X="407" Y="572" T="0" /><Point X="404" Y="571" T="0" /><Point X="402" Y="571" T="0" /><Point X="401" Y="570" T="0" /><Point X="398" Y="569" T="0" /><Point X="397" Y="568" T="0" /><Point X="394" Y="567" T="0" /><Point X="393" Y="567" T="0" /><Point X="391" Y="566" T="0" /><Point X="390" Y="565" T="0" /><Point X="389" Y="565" T="0" /><Point X="387" Y="564" T="0" /><Point X="385" Y="563" T="0" /><Point X="383" Y="562" T="0" /><Point X="382" Y="562" T="0" /><Point X="381" Y="562" T="0" /><Point X="379" Y="562" T="0" /><Point X="378" Y="562" T="0" /><Point X="377" Y="562" T="0" /><Point X="376" Y="562" T="0" /><Point X="375" Y="562" T="0" /><Point X="374" Y="562" T="0" /><Point X="373" Y="562" T="0" /><Point X="372" Y="562" T="0" /><Point X="371" Y="562" T="0" /><Point X="370" Y="562" T="0" /><Point X="369" Y="562" T="0" /><Point X="368" Y="562" T="0" /><Point X="367" Y="562" T="0" /><Point X="366" Y="562" T="0" /><Point X="365" Y="562" T="0" /><Point X="364" Y="562" T="0" /><Point X="363" Y="562" T="0" /><Point X="362" Y="562" T="0" /><Point X="361" Y="562" T="0" /><Point X="360" Y="562" T="0" /><Point X="359" Y="562" T="0" /><Point X="358" Y="562" T="0" /><Point X="357" Y="562" T="0" /><Point X="356" Y="562" T="0" /><Point X="355" Y="562" T="0" /><Point X="354" Y="561" T="0" /><Point X="353" Y="561" T="0" /><Point X="352" Y="561" T="0" /><Point X="351" Y="561" T="0" /><Point X="350" Y="561" T="0" /><Point X="349" Y="561" T="0" /><Point X="348" Y="561" T="0" /><Point X="347" Y="561" T="0" /><Point X="346" Y="561" T="0" /><Point X="345" Y="561" T="0" /><Point X="344" Y="561" T="0" /><Point X="343" Y="561" T="0" /><Point X="342" Y="561" T="0" /><Point X="341" Y="561" T="0" /><Point X="340" Y="561" T="0" /><Point X="339" Y="561" T="0" /><Point X="338" Y="561" T="0" /><Point X="337" Y="561" T="0" /><Point X="336" Y="561" T="0" /><Point X="335" Y="561" T="0" /><Point X="334" Y="561" T="0" /><Point X="332" Y="561" T="0" /><Point X="331" Y="561" T="0" /><Point X="330" Y="561" T="0" /><Point X="328" Y="562" T="0" /><Point X="326" Y="563" T="0" /><Point X="325" Y="563" T="0" /><Point X="325" Y="564" T="0" /><Point X="324" Y="564" T="0" /><Point X="323" Y="564" T="0" /><Point X="322" Y="564" T="0" /></Gesture>