<Gesture Name="delete" Subject="1" Number="1" NumPts="65" Millseconds="0" AppName="Gestures" AppVer="1.0" Date="Wednesday, March 01, 2023" TimeOfDay="16:26:03" ID="6"><Point X="270" Y="459" T="0" /><Point X="279" Y="469" T="0" /><Point X="294" Y="485" T="0" /><Point X="310" Y="507" T="0" /><Point X="322" Y="522" T="0" /><Point X="338" Y="544" T="0" /><Point X="358" Y="574" T="0" /><Point X="372" Y="593" T="0" /><Point X="381" Y="603" T="0" /><Point X="389" Y="613" T="0" /><Point X="395" Y="623" T="0" /><Point X="402" Y="633" T="0" /><Point X="406" Y="639" T="0" /><Point X="410" Y="645" T="0" /><Point X="413" Y="648" T="0" /><Point X="414" Y="652" T="0" /><Point X="415" Y="653" T="0" /><Point X="416" Y="655" T="0" /><Point X="416" Y="656" T="0" /><Point X="418" Y="657" T="0" /><Point X="418" Y="658" T="0" /><Point X="418" Y="659" T="0" /><Point X="418" Y="660" T="0" /><Point X="418" Y="661" T="0" /><Point X="417" Y="662" T="0" /><Point X="415" Y="662" T="0" /><Point X="412" Y="662" T="0" /><Point X="404" Y="663" T="0" /><Point X="394" Y="663" T="0" /><Point X="384" Y="665" T="0" /><Point X="374" Y="665" T="0" /><Point X="364" Y="665" T="0" /><Point X="354" Y="665" T="0" /><Point X="343" Y="665" T="0" /><Point X="332" Y="665" T="0" /><Point X="326" Y="665" T="0" /><Point X="320" Y="665" T="0" /><Point X="314" Y="665" T="0" /><Point X="312" Y="665" T="0" /><Point X="310" Y="665" T="0" /><Point X="307" Y="665" T="0" /><Point X="306" Y="665" T="0" /><Point X="305" Y="665" T="0" /><Point X="304" Y="665" T="0" /><Point X="303" Y="665" T="0" /><Point X="302" Y="665" T="0" /><Point X="302" Y="663" T="0" /><Point X="303" Y="659" T="0" /><Point X="308" Y="644" T="0" /><Point X="319" Y="626" T="0" /><Point X="339" Y="593" T="0" /><Point X="364" Y="553" T="0" /><Point X="374" Y="537" T="0" /><Point X="393" Y="505" T="0" /><Point X="411" Y="478" T="0" /><Point X="425" Y="456" T="0" /><Point X="437" Y="441" T="0" /><Point X="448" Y="425" T="0" /><Point X="455" Y="412" T="0" /><Point X="461" Y="403" T="0" /><Point X="463" Y="396" T="0" /><Point X="465" Y="393" T="0" /><Point X="466" Y="391" T="0" /><Point X="466" Y="389" T="0" /><Point X="466" Y="388" T="0" /></Gesture>