<Gesture Name="left-square-bracket" Subject="1" Number="1" NumPts="83" Millseconds="0" AppName="Gestures" AppVer="1.0" Date="Wednesday, March 01, 2023" TimeOfDay="16:19:36" ID="2"><Point X="370" Y="198" T="0" /><Point X="359" Y="198" T="0" /><Point X="348" Y="198" T="0" /><Point X="335" Y="198" T="0" /><Point X="322" Y="200" T="0" /><Point X="308" Y="203" T="0" /><Point X="298" Y="205" T="0" /><Point X="283" Y="209" T="0" /><Point X="273" Y="213" T="0" /><Point X="262" Y="216" T="0" /><Point X="252" Y="219" T="0" /><Point X="245" Y="220" T="0" /><Point X="239" Y="221" T="0" /><Point X="237" Y="221" T="0" /><Point X="234" Y="221" T="0" /><Point X="232" Y="221" T="0" /><Point X="231" Y="221" T="0" /><Point X="230" Y="221" T="0" /><Point X="229" Y="221" T="0" /><Point X="228" Y="221" T="0" /><Point X="228" Y="222" T="0" /><Point X="228" Y="223" T="0" /><Point X="228" Y="224" T="0" /><Point X="228" Y="227" T="0" /><Point X="228" Y="232" T="0" /><Point X="228" Y="242" T="0" /><Point X="229" Y="259" T="0" /><Point X="230" Y="278" T="0" /><Point X="232" Y="295" T="0" /><Point X="233" Y="315" T="0" /><Point X="233" Y="335" T="0" /><Point X="233" Y="356" T="0" /><Point X="233" Y="370" T="0" /><Point X="233" Y="383" T="0" /><Point X="233" Y="397" T="0" /><Point X="233" Y="409" T="0" /><Point X="233" Y="419" T="0" /><Point X="233" Y="424" T="0" /><Point X="233" Y="431" T="0" /><Point X="233" Y="438" T="0" /><Point X="233" Y="443" T="0" /><Point X="233" Y="448" T="0" /><Point X="233" Y="451" T="0" /><Point X="233" Y="455" T="0" /><Point X="233" Y="458" T="0" /><Point X="233" Y="459" T="0" /><Point X="233" Y="463" T="0" /><Point X="233" Y="465" T="0" /><Point X="233" Y="466" T="0" /><Point X="233" Y="467" T="0" /><Point X="233" Y="470" T="0" /><Point X="233" Y="471" T="0" /><Point X="233" Y="472" T="0" /><Point X="233" Y="473" T="0" /><Point X="233" Y="474" T="0" /><Point X="233" Y="475" T="0" /><Point X="233" Y="476" T="0" /><Point X="233" Y="477" T="0" /><Point X="233" Y="478" T="0" /><Point X="233" Y="479" T="0" /><Point X="236" Y="479" T="0" /><Point X="244" Y="478" T="0" /><Point X="254" Y="477" T="0" /><Point X="266" Y="476" T="0" /><Point X="282" Y="474" T="0" /><Point X="306" Y="472" T="0" /><Point X="318" Y="470" T="0" /><Point X="328" Y="469" T="0" /><Point X="342" Y="467" T="0" /><Point X="354" Y="467" T="0" /><Point X="364" Y="467" T="0" /><Point X="371" Y="468" T="0" /><Point X="377" Y="469" T="0" /><Point X="379" Y="469" T="0" /><Point X="383" Y="469" T="0" /><Point X="386" Y="471" T="0" /><Point X="388" Y="471" T="0" /><Point X="390" Y="471" T="0" /><Point X="391" Y="471" T="0" /><Point X="394" Y="471" T="0" /><Point X="397" Y="471" T="0" /><Point X="398" Y="471" T="0" /><Point X="399" Y="471" T="0" /></Gesture>