<Gesture Name="left-square-bracket" Subject="1" Number="1" NumPts="133" Millseconds="0" AppName="Gestures" AppVer="1.0" Date="Wednesday, March 01, 2023" TimeOfDay="16:30:54" ID="10"><Point X="324" Y="299" T="0" /><Point X="320" Y="299" T="0" /><Point X="315" Y="299" T="0" /><Point X="310" Y="299" T="0" /><Point X="306" Y="299" T="0" /><Point X="301" Y="299" T="0" /><Point X="296" Y="299" T="0" /><Point X="292" Y="299" T="0" /><Point X="288" Y="299" T="0" /><Point X="283" Y="300" T="0" /><Point X="281" Y="301" T="0" /><Point X="278" Y="302" T="0" /><Point X="274" Y="302" T="0" /><Point X="271" Y="302" T="0" /><Point X="267" Y="302" T="0" /><Point X="264" Y="302" T="0" /><Point X="260" Y="302" T="0" /><Point X="258" Y="302" T="0" /><Point X="256" Y="302" T="0" /><Point X="253" Y="302" T="0" /><Point X="251" Y="302" T="0" /><Point X="249" Y="302" T="0" /><Point X="246" Y="302" T="0" /><Point X="244" Y="302" T="0" /><Point X="243" Y="302" T="0" /><Point X="242" Y="302" T="0" /><Point X="241" Y="302" T="0" /><Point X="240" Y="302" T="0" /><Point X="239" Y="302" T="0" /><Point X="238" Y="302" T="0" /><Point X="237" Y="302" T="0" /><Point X="236" Y="302" T="0" /><Point X="234" Y="302" T="0" /><Point X="234" Y="304" T="0" /><Point X="234" Y="308" T="0" /><Point X="234" Y="313" T="0" /><Point X="234" Y="318" T="0" /><Point X="234" Y="323" T="0" /><Point X="234" Y="329" T="0" /><Point X="234" Y="335" T="0" /><Point X="234" Y="339" T="0" /><Point X="234" Y="345" T="0" /><Point X="234" Y="349" T="0" /><Point X="234" Y="355" T="0" /><Point X="234" Y="358" T="0" /><Point X="234" Y="363" T="0" /><Point X="234" Y="367" T="0" /><Point X="234" Y="371" T="0" /><Point X="234" Y="375" T="0" /><Point X="234" Y="381" T="0" /><Point X="234" Y="383" T="0" /><Point X="234" Y="387" T="0" /><Point X="234" Y="391" T="0" /><Point X="234" Y="395" T="0" /><Point X="234" Y="398" T="0" /><Point X="234" Y="402" T="0" /><Point X="234" Y="406" T="0" /><Point X="234" Y="410" T="0" /><Point X="234" Y="413" T="0" /><Point X="234" Y="415" T="0" /><Point X="234" Y="419" T="0" /><Point X="234" Y="423" T="0" /><Point X="234" Y="426" T="0" /><Point X="234" Y="429" T="0" /><Point X="234" Y="431" T="0" /><Point X="234" Y="434" T="0" /><Point X="234" Y="437" T="0" /><Point X="234" Y="441" T="0" /><Point X="234" Y="445" T="0" /><Point X="234" Y="451" T="0" /><Point X="234" Y="456" T="0" /><Point X="234" Y="461" T="0" /><Point X="234" Y="465" T="0" /><Point X="234" Y="471" T="0" /><Point X="234" Y="474" T="0" /><Point X="234" Y="477" T="0" /><Point X="234" Y="479" T="0" /><Point X="234" Y="483" T="0" /><Point X="234" Y="486" T="0" /><Point X="234" Y="488" T="0" /><Point X="234" Y="492" T="0" /><Point X="234" Y="494" T="0" /><Point X="234" Y="496" T="0" /><Point X="234" Y="499" T="0" /><Point X="234" Y="501" T="0" /><Point X="234" Y="503" T="0" /><Point X="234" Y="506" T="0" /><Point X="234" Y="507" T="0" /><Point X="234" Y="508" T="0" /><Point X="234" Y="509" T="0" /><Point X="234" Y="510" T="0" /><Point X="234" Y="511" T="0" /><Point X="234" Y="512" T="0" /><Point X="236" Y="512" T="0" /><Point X="238" Y="512" T="0" /><Point X="239" Y="512" T="0" /><Point X="243" Y="511" T="0" /><Point X="247" Y="510" T="0" /><Point X="252" Y="510" T="0" /><Point X="256" Y="510" T="0" /><Point X="262" Y="510" T="0" /><Point X="266" Y="511" T="0" /><Point X="270" Y="511" T="0" /><Point X="273" Y="511" T="0" /><Point X="275" Y="512" T="0" /><Point X="277" Y="512" T="0" /><Point X="278" Y="513" T="0" /><Point X="280" Y="513" T="0" /><Point X="281" Y="513" T="0" /><Point X="283" Y="514" T="0" /><Point X="284" Y="514" T="0" /><Point X="286" Y="514" T="0" /><Point X="288" Y="514" T="0" /><Point X="291" Y="515" T="0" /><Point X="293" Y="515" T="0" /><Point X="295" Y="515" T="0" /><Point X="298" Y="515" T="0" /><Point X="300" Y="515" T="0" /><Point X="302" Y="516" T="0" /><Point X="306" Y="516" T="0" /><Point X="307" Y="516" T="0" /><Point X="308" Y="518" T="0" /><Point X="309" Y="518" T="0" /><Point X="310" Y="518" T="0" /><Point X="312" Y="518" T="0" /><Point X="313" Y="518" T="0" /><Point X="314" Y="518" T="0" /><Point X="315" Y="518" T="0" /><Point X="316" Y="518" T="0" /><Point X="317" Y="518" T="0" /><Point X="318" Y="518" T="0" /><Point X="319" Y="518" T="0" /><Point X="320" Y="518" T="0" /></Gesture>