<Gesture Name="left-square-bracket" Subject="1" Number="1" NumPts="80" Millseconds="0" AppName="Gestures" AppVer="1.0" Date="Wednesday, March 01, 2023" TimeOfDay="16:28:35" ID="8"><Point X="342" Y="373" T="0" /><Point X="337" Y="373" T="0" /><Point X="331" Y="374" T="0" /><Point X="325" Y="375" T="0" /><Point X="314" Y="376" T="0" /><Point X="300" Y="377" T="0" /><Point X="287" Y="379" T="0" /><Point X="276" Y="380" T="0" /><Point X="266" Y="382" T="0" /><Point X="254" Y="383" T="0" /><Point X="244" Y="385" T="0" /><Point X="233" Y="386" T="0" /><Point X="224" Y="387" T="0" /><Point X="217" Y="388" T="0" /><Point X="211" Y="389" T="0" /><Point X="206" Y="390" T="0" /><Point X="199" Y="390" T="0" /><Point X="194" Y="391" T="0" /><Point X="191" Y="391" T="0" /><Point X="187" Y="391" T="0" /><Point X="186" Y="391" T="0" /><Point X="184" Y="391" T="0" /><Point X="182" Y="391" T="0" /><Point X="181" Y="391" T="0" /><Point X="180" Y="391" T="0" /><Point X="179" Y="391" T="0" /><Point X="178" Y="391" T="0" /><Point X="178" Y="392" T="0" /><Point X="178" Y="393" T="0" /><Point X="178" Y="394" T="0" /><Point X="178" Y="395" T="0" /><Point X="178" Y="398" T="0" /><Point X="178" Y="403" T="0" /><Point X="181" Y="413" T="0" /><Point X="184" Y="423" T="0" /><Point X="188" Y="430" T="0" /><Point X="191" Y="445" T="0" /><Point X="194" Y="459" T="0" /><Point X="197" Y="472" T="0" /><Point X="200" Y="483" T="0" /><Point X="202" Y="495" T="0" /><Point X="205" Y="509" T="0" /><Point X="206" Y="523" T="0" /><Point X="207" Y="535" T="0" /><Point X="207" Y="542" T="0" /><Point X="208" Y="549" T="0" /><Point X="209" Y="557" T="0" /><Point X="211" Y="566" T="0" /><Point X="212" Y="571" T="0" /><Point X="212" Y="578" T="0" /><Point X="212" Y="581" T="0" /><Point X="212" Y="585" T="0" /><Point X="212" Y="587" T="0" /><Point X="212" Y="588" T="0" /><Point X="212" Y="589" T="0" /><Point X="212" Y="590" T="0" /><Point X="212" Y="591" T="0" /><Point X="212" Y="592" T="0" /><Point X="212" Y="593" T="0" /><Point X="212" Y="594" T="0" /><Point X="212" Y="595" T="0" /><Point X="214" Y="595" T="0" /><Point X="217" Y="595" T="0" /><Point X="225" Y="592" T="0" /><Point X="233" Y="590" T="0" /><Point X="242" Y="588" T="0" /><Point X="249" Y="585" T="0" /><Point X="262" Y="583" T="0" /><Point X="277" Y="580" T="0" /><Point X="288" Y="579" T="0" /><Point X="296" Y="576" T="0" /><Point X="303" Y="575" T="0" /><Point X="310" Y="572" T="0" /><Point X="316" Y="571" T="0" /><Point X="318" Y="571" T="0" /><Point X="321" Y="571" T="0" /><Point X="323" Y="571" T="0" /><Point X="324" Y="571" T="0" /><Point X="325" Y="571" T="0" /><Point X="326" Y="571" T="0" /></Gesture>