<Gesture Name="left-curly-brace" Subject="1" Number="1" NumPts="114" Millseconds="0" AppName="Gestures" AppVer="1.0" Date="Wednesday, March 01, 2023" TimeOfDay="16:29:51" ID="9"><Point X="346" Y="342" T="0" /><Point X="338" Y="345" T="0" /><Point X="329" Y="349" T="0" /><Point X="322" Y="352" T="0" /><Point X="316" Y="355" T="0" /><Point X="311" Y="357" T="0" /><Point X="307" Y="361" T="0" /><Point X="306" Y="362" T="0" /><Point X="302" Y="363" T="0" /><Point X="301" Y="364" T="0" /><Point X="299" Y="367" T="0" /><Point X="298" Y="368" T="0" /><Point X="296" Y="370" T="0" /><Point X="294" Y="371" T="0" /><Point X="293" Y="374" T="0" /><Point X="291" Y="378" T="0" /><Point X="290" Y="381" T="0" /><Point X="286" Y="387" T="0" /><Point X="284" Y="394" T="0" /><Point X="283" Y="399" T="0" /><Point X="282" Y="405" T="0" /><Point X="282" Y="409" T="0" /><Point X="282" Y="413" T="0" /><Point X="282" Y="416" T="0" /><Point X="282" Y="420" T="0" /><Point X="282" Y="423" T="0" /><Point X="282" Y="425" T="0" /><Point X="283" Y="428" T="0" /><Point X="285" Y="430" T="0" /><Point X="289" Y="433" T="0" /><Point X="294" Y="438" T="0" /><Point X="302" Y="442" T="0" /><Point X="312" Y="448" T="0" /><Point X="322" Y="453" T="0" /><Point X="328" Y="458" T="0" /><Point X="331" Y="459" T="0" /><Point X="336" Y="463" T="0" /><Point X="341" Y="467" T="0" /><Point X="343" Y="470" T="0" /><Point X="345" Y="471" T="0" /><Point X="346" Y="473" T="0" /><Point X="349" Y="476" T="0" /><Point X="350" Y="479" T="0" /><Point X="350" Y="485" T="0" /><Point X="351" Y="490" T="0" /><Point X="351" Y="495" T="0" /><Point X="351" Y="499" T="0" /><Point X="351" Y="503" T="0" /><Point X="350" Y="507" T="0" /><Point X="349" Y="510" T="0" /><Point X="346" Y="512" T="0" /><Point X="343" Y="515" T="0" /><Point X="340" Y="519" T="0" /><Point X="335" Y="523" T="0" /><Point X="331" Y="525" T="0" /><Point X="326" Y="528" T="0" /><Point X="323" Y="530" T="0" /><Point X="318" Y="531" T="0" /><Point X="317" Y="531" T="0" /><Point X="314" Y="532" T="0" /><Point X="313" Y="532" T="0" /><Point X="311" Y="532" T="0" /><Point X="310" Y="532" T="0" /><Point X="309" Y="532" T="0" /><Point X="308" Y="532" T="0" /><Point X="307" Y="532" T="0" /><Point X="306" Y="532" T="0" /><Point X="306" Y="531" T="0" /><Point X="306" Y="529" T="0" /><Point X="306" Y="528" T="0" /><Point X="306" Y="527" T="0" /><Point X="307" Y="527" T="0" /><Point X="307" Y="526" T="0" /><Point X="308" Y="526" T="0" /><Point X="310" Y="525" T="0" /><Point X="310" Y="524" T="0" /><Point X="312" Y="524" T="0" /><Point X="312" Y="525" T="0" /><Point X="312" Y="526" T="0" /><Point X="312" Y="532" T="0" /><Point X="312" Y="542" T="0" /><Point X="310" Y="550" T="0" /><Point X="309" Y="555" T="0" /><Point X="308" Y="563" T="0" /><Point X="306" Y="571" T="0" /><Point X="305" Y="581" T="0" /><Point X="304" Y="592" T="0" /><Point X="303" Y="600" T="0" /><Point X="303" Y="607" T="0" /><Point X="303" Y="612" T="0" /><Point X="303" Y="615" T="0" /><Point X="303" Y="619" T="0" /><Point X="303" Y="623" T="0" /><Point X="303" Y="625" T="0" /><Point X="303" Y="629" T="0" /><Point X="303" Y="632" T="0" /><Point X="303" Y="635" T="0" /><Point X="304" Y="638" T="0" /><Point X="306" Y="640" T="0" /><Point X="309" Y="642" T="0" /><Point X="313" Y="644" T="0" /><Point X="318" Y="645" T="0" /><Point X="322" Y="645" T="0" /><Point X="325" Y="645" T="0" /><Point X="329" Y="645" T="0" /><Point X="331" Y="645" T="0" /><Point X="334" Y="645" T="0" /><Point X="337" Y="644" T="0" /><Point X="339" Y="643" T="0" /><Point X="343" Y="642" T="0" /><Point X="346" Y="640" T="0" /><Point X="348" Y="639" T="0" /><Point X="349" Y="639" T="0" /><Point X="350" Y="639" T="0" /></Gesture>