<Gesture Name="left-square-bracket" Subject="1" Number="1" NumPts="74" Millseconds="0" AppName="Gestures" AppVer="1.0" Date="Wednesday, March 01, 2023" TimeOfDay="16:17:56" ID="1"><Point X="393" Y="239" T="0" /><Point X="384" Y="239" T="0" /><Point X="374" Y="239" T="0" /><Point X="368" Y="239" T="0" /><Point X="361" Y="239" T="0" /><Point X="354" Y="239" T="0" /><Point X="349" Y="240" T="0" /><Point X="346" Y="241" T="0" /><Point X="342" Y="241" T="0" /><Point X="338" Y="242" T="0" /><Point X="333" Y="243" T="0" /><Point X="330" Y="244" T="0" /><Point X="326" Y="244" T="0" /><Point X="322" Y="244" T="0" /><Point X="320" Y="244" T="0" /><Point X="319" Y="244" T="0" /><Point X="317" Y="244" T="0" /><Point X="316" Y="244" T="0" /><Point X="315" Y="244" T="0" /><Point X="314" Y="244" T="0" /><Point X="313" Y="244" T="0" /><Point X="312" Y="244" T="0" /><Point X="311" Y="244" T="0" /><Point X="311" Y="245" T="0" /><Point X="310" Y="246" T="0" /><Point X="310" Y="247" T="0" /><Point X="310" Y="249" T="0" /><Point X="309" Y="252" T="0" /><Point X="308" Y="255" T="0" /><Point X="308" Y="259" T="0" /><Point X="308" Y="263" T="0" /><Point X="308" Y="267" T="0" /><Point X="308" Y="272" T="0" /><Point X="308" Y="279" T="0" /><Point X="308" Y="288" T="0" /><Point X="309" Y="298" T="0" /><Point X="310" Y="303" T="0" /><Point X="311" Y="311" T="0" /><Point X="312" Y="322" T="0" /><Point X="313" Y="335" T="0" /><Point X="315" Y="349" T="0" /><Point X="317" Y="361" T="0" /><Point X="318" Y="369" T="0" /><Point X="318" Y="377" T="0" /><Point X="319" Y="387" T="0" /><Point X="321" Y="395" T="0" /><Point X="322" Y="400" T="0" /><Point X="322" Y="407" T="0" /><Point X="322" Y="413" T="0" /><Point X="322" Y="415" T="0" /><Point X="322" Y="417" T="0" /><Point X="322" Y="418" T="0" /><Point X="322" Y="420" T="0" /><Point X="322" Y="421" T="0" /><Point X="322" Y="422" T="0" /><Point X="322" Y="423" T="0" /><Point X="322" Y="424" T="0" /><Point X="323" Y="424" T="0" /><Point X="324" Y="424" T="0" /><Point X="326" Y="424" T="0" /><Point X="330" Y="424" T="0" /><Point X="340" Y="423" T="0" /><Point X="357" Y="422" T="0" /><Point X="370" Y="422" T="0" /><Point X="380" Y="422" T="0" /><Point X="391" Y="422" T="0" /><Point X="403" Y="423" T="0" /><Point X="414" Y="423" T="0" /><Point X="422" Y="424" T="0" /><Point X="425" Y="424" T="0" /><Point X="427" Y="424" T="0" /><Point X="430" Y="426" T="0" /><Point X="431" Y="426" T="0" /><Point X="432" Y="426" T="0" /></Gesture>