<Gesture Name="left-curly-brace" Subject="1" Number="1" NumPts="179" Millseconds="0" AppName="Gestures" AppVer="1.0" Date="Wednesday, March 01, 2023" TimeOfDay="16:27:21" ID="7"><Point X="365" Y="444" T="0" /><Point X="362" Y="444" T="0" /><Point X="360" Y="444" T="0" /><Point X="357" Y="444" T="0" /><Point X="353" Y="444" T="0" /><Point X="350" Y="444" T="0" /><Point X="348" Y="445" T="0" /><Point X="346" Y="446" T="0" /><Point X="343" Y="447" T="0" /><Point X="341" Y="448" T="0" /><Point X="338" Y="450" T="0" /><Point X="335" Y="451" T="0" /><Point X="334" Y="453" T="0" /><Point X="333" Y="454" T="0" /><Point X="330" Y="456" T="0" /><Point X="330" Y="458" T="0" /><Point X="329" Y="459" T="0" /><Point X="328" Y="459" T="0" /><Point X="328" Y="461" T="0" /><Point X="327" Y="463" T="0" /><Point X="326" Y="463" T="0" /><Point X="326" Y="465" T="0" /><Point X="324" Y="467" T="0" /><Point X="324" Y="468" T="0" /><Point X="323" Y="470" T="0" /><Point X="322" Y="471" T="0" /><Point X="322" Y="472" T="0" /><Point X="321" Y="473" T="0" /><Point X="320" Y="475" T="0" /><Point X="320" Y="477" T="0" /><Point X="320" Y="478" T="0" /><Point X="320" Y="480" T="0" /><Point X="320" Y="484" T="0" /><Point X="321" Y="487" T="0" /><Point X="321" Y="491" T="0" /><Point X="323" Y="495" T="0" /><Point X="325" Y="499" T="0" /><Point X="327" Y="503" T="0" /><Point X="329" Y="505" T="0" /><Point X="331" Y="507" T="0" /><Point X="335" Y="511" T="0" /><Point X="337" Y="514" T="0" /><Point X="339" Y="515" T="0" /><Point X="343" Y="519" T="0" /><Point X="346" Y="521" T="0" /><Point X="349" Y="523" T="0" /><Point X="352" Y="524" T="0" /><Point X="354" Y="527" T="0" /><Point X="357" Y="528" T="0" /><Point X="358" Y="529" T="0" /><Point X="361" Y="531" T="0" /><Point X="362" Y="532" T="0" /><Point X="365" Y="534" T="0" /><Point X="367" Y="535" T="0" /><Point X="369" Y="535" T="0" /><Point X="371" Y="537" T="0" /><Point X="373" Y="538" T="0" /><Point X="375" Y="539" T="0" /><Point X="376" Y="539" T="0" /><Point X="378" Y="539" T="0" /><Point X="379" Y="540" T="0" /><Point X="380" Y="542" T="0" /><Point X="380" Y="543" T="0" /><Point X="382" Y="543" T="0" /><Point X="382" Y="544" T="0" /><Point X="382" Y="545" T="0" /><Point X="381" Y="546" T="0" /><Point X="380" Y="546" T="0" /><Point X="379" Y="546" T="0" /><Point X="378" Y="546" T="0" /><Point X="378" Y="547" T="0" /><Point X="376" Y="547" T="0" /><Point X="374" Y="548" T="0" /><Point X="373" Y="548" T="0" /><Point X="372" Y="549" T="0" /><Point X="371" Y="549" T="0" /><Point X="370" Y="550" T="0" /><Point X="368" Y="550" T="0" /><Point X="367" Y="550" T="0" /><Point X="366" Y="551" T="0" /><Point X="365" Y="551" T="0" /><Point X="364" Y="552" T="0" /><Point X="363" Y="552" T="0" /><Point X="362" Y="554" T="0" /><Point X="361" Y="555" T="0" /><Point X="359" Y="558" T="0" /><Point X="358" Y="562" T="0" /><Point X="356" Y="565" T="0" /><Point X="353" Y="568" T="0" /><Point X="351" Y="571" T="0" /><Point X="350" Y="574" T="0" /><Point X="350" Y="576" T="0" /><Point X="349" Y="579" T="0" /><Point X="348" Y="580" T="0" /><Point X="347" Y="580" T="0" /><Point X="346" Y="581" T="0" /><Point X="346" Y="582" T="0" /><Point X="346" Y="583" T="0" /><Point X="346" Y="584" T="0" /><Point X="346" Y="585" T="0" /><Point X="348" Y="585" T="0" /><Point X="350" Y="585" T="0" /><Point X="352" Y="585" T="0" /><Point X="355" Y="585" T="0" /><Point X="356" Y="585" T="0" /><Point X="358" Y="585" T="0" /><Point X="361" Y="585" T="0" /><Point X="362" Y="585" T="0" /><Point X="363" Y="585" T="0" /><Point X="365" Y="585" T="0" /><Point X="366" Y="585" T="0" /><Point X="368" Y="585" T="0" /><Point X="370" Y="585" T="0" /><Point X="371" Y="585" T="0" /><Point X="374" Y="585" T="0" /><Point X="376" Y="585" T="0" /><Point X="377" Y="585" T="0" /><Point X="378" Y="585" T="0" /><Point X="379" Y="585" T="0" /><Point X="379" Y="586" T="0" /><Point X="378" Y="587" T="0" /><Point X="377" Y="587" T="0" /><Point X="374" Y="587" T="0" /><Point X="373" Y="587" T="0" /><Point X="370" Y="588" T="0" /><Point X="369" Y="589" T="0" /><Point X="366" Y="591" T="0" /><Point X="363" Y="592" T="0" /><Point X="360" Y="594" T="0" /><Point X="357" Y="596" T="0" /><Point X="354" Y="600" T="0" /><Point X="351" Y="602" T="0" /><Point X="348" Y="606" T="0" /><Point X="345" Y="611" T="0" /><Point X="343" Y="614" T="0" /><Point X="342" Y="617" T="0" /><Point X="339" Y="619" T="0" /><Point X="338" Y="622" T="0" /><Point X="337" Y="624" T="0" /><Point X="336" Y="625" T="0" /><Point X="335" Y="627" T="0" /><Point X="334" Y="628" T="0" /><Point X="333" Y="631" T="0" /><Point X="332" Y="633" T="0" /><Point X="331" Y="635" T="0" /><Point X="330" Y="639" T="0" /><Point X="330" Y="643" T="0" /><Point X="329" Y="647" T="0" /><Point X="329" Y="650" T="0" /><Point X="329" Y="653" T="0" /><Point X="329" Y="656" T="0" /><Point X="329" Y="658" T="0" /><Point X="329" Y="659" T="0" /><Point X="329" Y="661" T="0" /><Point X="330" Y="663" T="0" /><Point X="334" Y="665" T="0" /><Point X="337" Y="667" T="0" /><Point X="340" Y="668" T="0" /><Point X="345" Y="669" T="0" /><Point X="347" Y="669" T="0" /><Point X="351" Y="669" T="0" /><Point X="354" Y="669" T="0" /><Point X="358" Y="669" T="0" /><Point X="362" Y="669" T="0" /><Point X="368" Y="668" T="0" /><Point X="371" Y="667" T="0" /><Point X="374" Y="667" T="0" /><Point X="379" Y="666" T="0" /><Point X="381" Y="665" T="0" /><Point X="384" Y="664" T="0" /><Point X="386" Y="663" T="0" /><Point X="387" Y="662" T="0" /><Point X="388" Y="661" T="0" /><Point X="390" Y="660" T="0" /><Point X="391" Y="660" T="0" /><Point X="392" Y="659" T="0" /><Point X="393" Y="659" T="0" /><Point X="394" Y="659" T="0" /><Point X="395" Y="658" T="0" /></Gesture>