<Gesture Name="left-square-bracket" Subject="1" Number="1" NumPts="68" Millseconds="0" AppName="Gestures" AppVer="1.0" Date="Wednesday, March 01, 2023" TimeOfDay="16:29:37" ID="9"><Point X="330" Y="514" T="0" /><Point X="322" Y="515" T="0" /><Point X="312" Y="517" T="0" /><Point X="304" Y="519" T="0" /><Point X="297" Y="519" T="0" /><Point X="293" Y="520" T="0" /><Point X="287" Y="521" T="0" /><Point X="282" Y="523" T="0" /><Point X="278" Y="523" T="0" /><Point X="275" Y="524" T="0" /><Point X="273" Y="524" T="0" /><Point X="271" Y="524" T="0" /><Point X="270" Y="524" T="0" /><Point X="269" Y="524" T="0" /><Point X="268" Y="524" T="0" /><Point X="267" Y="524" T="0" /><Point X="266" Y="524" T="0" /><Point X="265" Y="524" T="0" /><Point X="265" Y="525" T="0" /><Point X="265" Y="526" T="0" /><Point X="265" Y="527" T="0" /><Point X="265" Y="528" T="0" /><Point X="265" Y="531" T="0" /><Point X="265" Y="535" T="0" /><Point X="265" Y="543" T="0" /><Point X="265" Y="552" T="0" /><Point X="265" Y="562" T="0" /><Point X="265" Y="574" T="0" /><Point X="265" Y="587" T="0" /><Point X="266" Y="600" T="0" /><Point X="267" Y="610" T="0" /><Point X="269" Y="619" T="0" /><Point X="270" Y="627" T="0" /><Point X="270" Y="635" T="0" /><Point X="271" Y="641" T="0" /><Point X="271" Y="648" T="0" /><Point X="271" Y="652" T="0" /><Point X="271" Y="656" T="0" /><Point X="271" Y="659" T="0" /><Point X="271" Y="662" T="0" /><Point X="271" Y="663" T="0" /><Point X="271" Y="664" T="0" /><Point X="271" Y="665" T="0" /><Point X="271" Y="666" T="0" /><Point X="272" Y="666" T="0" /><Point X="274" Y="665" T="0" /><Point X="276" Y="663" T="0" /><Point X="280" Y="661" T="0" /><Point X="285" Y="659" T="0" /><Point X="293" Y="654" T="0" /><Point X="302" Y="650" T="0" /><Point X="311" Y="647" T="0" /><Point X="318" Y="646" T="0" /><Point X="324" Y="645" T="0" /><Point X="328" Y="644" T="0" /><Point X="334" Y="643" T="0" /><Point X="338" Y="641" T="0" /><Point X="342" Y="640" T="0" /><Point X="346" Y="640" T="0" /><Point X="350" Y="640" T="0" /><Point X="353" Y="640" T="0" /><Point X="355" Y="640" T="0" /><Point X="358" Y="639" T="0" /><Point X="359" Y="639" T="0" /><Point X="360" Y="639" T="0" /><Point X="361" Y="639" T="0" /><Point X="362" Y="639" T="0" /><Point X="363" Y="639" T="0" /></Gesture>