<Gesture Name="pigtail" Subject="1" Number="1" NumPts="67" Millseconds="0" AppName="Gestures" AppVer="1.0" Date="Wednesday, March 01, 2023" TimeOfDay="16:27:32" ID="7"><Point X="309" Y="591" T="0" /><Point X="326" Y="577" T="0" /><Point X="343" Y="564" T="0" /><Point X="357" Y="555" T="0" /><Point X="366" Y="549" T="0" /><Point X="372" Y="544" T="0" /><Point X="377" Y="538" T="0" /><Point X="381" Y="532" T="0" /><Point X="385" Y="527" T="0" /><Point X="387" Y="523" T="0" /><Point X="389" Y="520" T="0" /><Point X="391" Y="518" T="0" /><Point X="392" Y="516" T="0" /><Point X="393" Y="514" T="0" /><Point X="394" Y="512" T="0" /><Point X="394" Y="511" T="0" /><Point X="394" Y="509" T="0" /><Point X="394" Y="505" T="0" /><Point X="394" Y="500" T="0" /><Point X="393" Y="495" T="0" /><Point X="391" Y="489" T="0" /><Point X="386" Y="484" T="0" /><Point X="381" Y="478" T="0" /><Point X="375" Y="474" T="0" /><Point X="368" Y="469" T="0" /><Point X="362" Y="466" T="0" /><Point X="355" Y="464" T="0" /><Point X="350" Y="464" T="0" /><Point X="342" Y="464" T="0" /><Point X="333" Y="466" T="0" /><Point X="326" Y="471" T="0" /><Point X="320" Y="475" T="0" /><Point X="315" Y="478" T="0" /><Point X="311" Y="484" T="0" /><Point X="308" Y="490" T="0" /><Point X="305" Y="495" T="0" /><Point X="303" Y="500" T="0" /><Point X="302" Y="506" T="0" /><Point X="302" Y="511" T="0" /><Point X="303" Y="519" T="0" /><Point X="306" Y="523" T="0" /><Point X="310" Y="529" T="0" /><Point X="317" Y="535" T="0" /><Point X="324" Y="539" T="0" /><Point X="332" Y="544" T="0" /><Point X="345" Y="547" T="0" /><Point X="360" Y="551" T="0" /><Point X="372" Y="552" T="0" /><Point X="384" Y="552" T="0" /><Point X="403" Y="549" T="0" /><Point X="425" Y="543" T="0" /><Point X="438" Y="536" T="0" /><Point X="453" Y="528" T="0" /><Point X="472" Y="515" T="0" /><Point X="489" Y="504" T="0" /><Point X="502" Y="497" T="0" /><Point X="510" Y="491" T="0" /><Point X="518" Y="484" T="0" /><Point X="523" Y="478" T="0" /><Point X="528" Y="471" T="0" /><Point X="532" Y="468" T="0" /><Point X="534" Y="463" T="0" /><Point X="536" Y="461" T="0" /><Point X="538" Y="460" T="0" /><Point X="538" Y="459" T="0" /><Point X="538" Y="458" T="0" /><Point X="538" Y="457" T="0" /></Gesture>