<Gesture Name="pigtail" Subject="1" Number="1" NumPts="73" Millseconds="0" AppName="Gestures" AppVer="1.0" Date="Wednesday, March 01, 2023" TimeOfDay="16:24:58" ID="5"><Point X="258" Y="635" T="0" /><Point X="288" Y="615" T="0" /><Point X="316" Y="595" T="0" /><Point X="338" Y="577" T="0" /><Point X="361" Y="557" T="0" /><Point X="382" Y="536" T="0" /><Point X="400" Y="520" T="0" /><Point X="414" Y="505" T="0" /><Point X="422" Y="494" T="0" /><Point X="429" Y="484" T="0" /><Point X="437" Y="474" T="0" /><Point X="442" Y="465" T="0" /><Point X="446" Y="457" T="0" /><Point X="450" Y="448" T="0" /><Point X="453" Y="441" T="0" /><Point X="454" Y="437" T="0" /><Point X="454" Y="431" T="0" /><Point X="454" Y="427" T="0" /><Point X="454" Y="422" T="0" /><Point X="450" Y="415" T="0" /><Point X="445" Y="407" T="0" /><Point X="440" Y="399" T="0" /><Point X="432" Y="390" T="0" /><Point X="426" Y="381" T="0" /><Point X="421" Y="375" T="0" /><Point X="415" Y="369" T="0" /><Point X="410" Y="365" T="0" /><Point X="403" Y="359" T="0" /><Point X="398" Y="357" T="0" /><Point X="391" Y="354" T="0" /><Point X="381" Y="351" T="0" /><Point X="370" Y="349" T="0" /><Point X="357" Y="350" T="0" /><Point X="341" Y="355" T="0" /><Point X="319" Y="360" T="0" /><Point X="303" Y="370" T="0" /><Point X="286" Y="380" T="0" /><Point X="277" Y="388" T="0" /><Point X="268" Y="399" T="0" /><Point X="262" Y="407" T="0" /><Point X="257" Y="415" T="0" /><Point X="255" Y="420" T="0" /><Point X="253" Y="430" T="0" /><Point X="253" Y="439" T="0" /><Point X="254" Y="448" T="0" /><Point X="257" Y="458" T="0" /><Point X="263" Y="468" T="0" /><Point X="272" Y="478" T="0" /><Point X="286" Y="491" T="0" /><Point X="298" Y="502" T="0" /><Point X="318" Y="517" T="0" /><Point X="336" Y="527" T="0" /><Point X="352" Y="536" T="0" /><Point X="366" Y="541" T="0" /><Point X="386" Y="546" T="0" /><Point X="415" Y="546" T="0" /><Point X="442" Y="541" T="0" /><Point X="482" Y="530" T="0" /><Point X="525" Y="508" T="0" /><Point X="565" Y="487" T="0" /><Point X="610" Y="458" T="0" /><Point X="643" Y="434" T="0" /><Point X="690" Y="398" T="0" /><Point X="729" Y="364" T="0" /><Point X="736" Y="359" T="0" /><Point X="788" Y="313" T="0" /><Point X="794" Y="307" T="0" /><Point X="798" Y="304" T="0" /><Point X="799" Y="303" T="0" /><Point X="825" Y="253" T="0" /><Point X="828" Y="246" T="0" /><Point X="831" Y="230" T="0" /><Point X="834" Y="224" T="0" /></Gesture>