<Gesture Name="pigtail" Subject="1" Number="1" NumPts="76" Millseconds="0" AppName="Gestures" AppVer="1.0" Date="Wednesday, March 01, 2023" TimeOfDay="16:20:47" ID="2"><Point X="178" Y="424" T="0" /><Point X="207" Y="408" T="0" /><Point X="231" Y="394" T="0" /><Point X="247" Y="383" T="0" /><Point X="265" Y="375" T="0" /><Point X="286" Y="365" T="0" /><Point X="298" Y="358" T="0" /><Point X="306" Y="352" T="0" /><Point X="313" Y="343" T="0" /><Point X="319" Y="335" T="0" /><Point X="323" Y="329" T="0" /><Point X="328" Y="323" T="0" /><Point X="331" Y="318" T="0" /><Point X="334" Y="312" T="0" /><Point X="337" Y="304" T="0" /><Point X="339" Y="297" T="0" /><Point X="340" Y="287" T="0" /><Point X="340" Y="279" T="0" /><Point X="340" Y="272" T="0" /><Point X="340" Y="268" T="0" /><Point X="338" Y="263" T="0" /><Point X="335" Y="258" T="0" /><Point X="334" Y="250" T="0" /><Point X="331" Y="243" T="0" /><Point X="330" Y="238" T="0" /><Point X="326" Y="232" T="0" /><Point X="322" Y="226" T="0" /><Point X="320" Y="223" T="0" /><Point X="315" Y="219" T="0" /><Point X="312" Y="217" T="0" /><Point X="305" Y="215" T="0" /><Point X="301" Y="215" T="0" /><Point X="294" Y="215" T="0" /><Point X="287" Y="215" T="0" /><Point X="278" Y="217" T="0" /><Point X="269" Y="222" T="0" /><Point X="258" Y="230" T="0" /><Point X="250" Y="235" T="0" /><Point X="244" Y="241" T="0" /><Point X="240" Y="245" T="0" /><Point X="238" Y="251" T="0" /><Point X="234" Y="255" T="0" /><Point X="233" Y="260" T="0" /><Point X="231" Y="263" T="0" /><Point X="230" Y="269" T="0" /><Point X="230" Y="273" T="0" /><Point X="230" Y="279" T="0" /><Point X="230" Y="281" T="0" /><Point X="230" Y="285" T="0" /><Point X="233" Y="288" T="0" /><Point X="240" Y="295" T="0" /><Point X="250" Y="300" T="0" /><Point X="260" Y="306" T="0" /><Point X="271" Y="311" T="0" /><Point X="290" Y="319" T="0" /><Point X="314" Y="325" T="0" /><Point X="329" Y="327" T="0" /><Point X="343" Y="329" T="0" /><Point X="368" Y="328" T="0" /><Point X="382" Y="327" T="0" /><Point X="396" Y="325" T="0" /><Point X="414" Y="321" T="0" /><Point X="432" Y="315" T="0" /><Point X="446" Y="311" T="0" /><Point X="458" Y="307" T="0" /><Point X="470" Y="301" T="0" /><Point X="489" Y="291" T="0" /><Point X="502" Y="283" T="0" /><Point X="510" Y="276" T="0" /><Point X="516" Y="270" T="0" /><Point X="521" Y="266" T="0" /><Point X="523" Y="263" T="0" /><Point X="526" Y="260" T="0" /><Point X="529" Y="259" T="0" /><Point X="530" Y="258" T="0" /><Point X="530" Y="257" T="0" /></Gesture>