<Gesture Name="pigtail" Subject="1" Number="1" NumPts="77" Millseconds="0" AppName="Gestures" AppVer="1.0" Date="Wednesday, March 01, 2023" TimeOfDay="16:26:21" ID="6"><Point X="282" Y="623" T="0" /><Point X="295" Y="615" T="0" /><Point X="313" Y="608" T="0" /><Point X="333" Y="600" T="0" /><Point X="346" Y="595" T="0" /><Point X="354" Y="587" T="0" /><Point X="360" Y="582" T="0" /><Point X="367" Y="576" T="0" /><Point X="374" Y="570" T="0" /><Point X="380" Y="565" T="0" /><Point X="385" Y="560" T="0" /><Point X="388" Y="556" T="0" /><Point X="391" Y="551" T="0" /><Point X="396" Y="547" T="0" /><Point X="399" Y="541" T="0" /><Point X="401" Y="536" T="0" /><Point X="402" Y="532" T="0" /><Point X="406" Y="527" T="0" /><Point X="406" Y="522" T="0" /><Point X="406" Y="518" T="0" /><Point X="406" Y="513" T="0" /><Point X="406" Y="511" T="0" /><Point X="405" Y="507" T="0" /><Point X="403" Y="501" T="0" /><Point X="401" Y="498" T="0" /><Point X="399" Y="493" T="0" /><Point X="396" Y="490" T="0" /><Point X="393" Y="487" T="0" /><Point X="391" Y="484" T="0" /><Point X="390" Y="483" T="0" /><Point X="386" Y="481" T="0" /><Point X="384" Y="479" T="0" /><Point X="378" Y="477" T="0" /><Point X="373" Y="475" T="0" /><Point X="366" Y="475" T="0" /><Point X="360" Y="475" T="0" /><Point X="354" Y="476" T="0" /><Point X="348" Y="478" T="0" /><Point X="344" Y="480" T="0" /><Point X="342" Y="482" T="0" /><Point X="340" Y="483" T="0" /><Point X="338" Y="485" T="0" /><Point X="337" Y="488" T="0" /><Point X="335" Y="491" T="0" /><Point X="334" Y="495" T="0" /><Point X="333" Y="500" T="0" /><Point X="331" Y="506" T="0" /><Point X="330" Y="511" T="0" /><Point X="330" Y="515" T="0" /><Point X="330" Y="519" T="0" /><Point X="330" Y="527" T="0" /><Point X="330" Y="531" T="0" /><Point X="331" Y="535" T="0" /><Point X="333" Y="538" T="0" /><Point X="334" Y="539" T="0" /><Point X="337" Y="543" T="0" /><Point X="342" Y="547" T="0" /><Point X="349" Y="550" T="0" /><Point X="358" Y="554" T="0" /><Point X="366" Y="555" T="0" /><Point X="378" Y="555" T="0" /><Point X="392" Y="555" T="0" /><Point X="407" Y="552" T="0" /><Point X="422" Y="547" T="0" /><Point X="434" Y="543" T="0" /><Point X="449" Y="535" T="0" /><Point X="462" Y="524" T="0" /><Point X="473" Y="518" T="0" /><Point X="481" Y="510" T="0" /><Point X="486" Y="505" T="0" /><Point X="491" Y="500" T="0" /><Point X="494" Y="498" T="0" /><Point X="497" Y="495" T="0" /><Point X="499" Y="493" T="0" /><Point X="501" Y="492" T="0" /><Point X="502" Y="491" T="0" /><Point X="502" Y="490" T="0" /></Gesture>