<Gesture Name="pigtail" Subject="1" Number="1" NumPts="127" Millseconds="0" AppName="Gestures" AppVer="1.0" Date="Wednesday, March 01, 2023" TimeOfDay="16:31:30" ID="10"><Point X="278" Y="528" T="0" /><Point X="287" Y="525" T="0" /><Point X="294" Y="523" T="0" /><Point X="302" Y="518" T="0" /><Point X="310" Y="515" T="0" /><Point X="314" Y="512" T="0" /><Point X="319" Y="508" T="0" /><Point X="323" Y="505" T="0" /><Point X="329" Y="499" T="0" /><Point X="334" Y="495" T="0" /><Point X="342" Y="487" T="0" /><Point X="348" Y="479" T="0" /><Point X="354" Y="474" T="0" /><Point X="362" Y="466" T="0" /><Point X="367" Y="459" T="0" /><Point X="374" Y="451" T="0" /><Point X="378" Y="443" T="0" /><Point X="384" Y="434" T="0" /><Point X="388" Y="426" T="0" /><Point X="394" Y="418" T="0" /><Point X="397" Y="411" T="0" /><Point X="399" Y="405" T="0" /><Point X="400" Y="403" T="0" /><Point X="402" Y="400" T="0" /><Point X="404" Y="399" T="0" /><Point X="405" Y="397" T="0" /><Point X="406" Y="396" T="0" /><Point X="406" Y="395" T="0" /><Point X="406" Y="393" T="0" /><Point X="406" Y="390" T="0" /><Point X="406" Y="389" T="0" /><Point X="406" Y="387" T="0" /><Point X="405" Y="386" T="0" /><Point X="405" Y="384" T="0" /><Point X="404" Y="383" T="0" /><Point X="404" Y="381" T="0" /><Point X="404" Y="379" T="0" /><Point X="403" Y="376" T="0" /><Point X="403" Y="373" T="0" /><Point X="402" Y="371" T="0" /><Point X="401" Y="368" T="0" /><Point X="401" Y="366" T="0" /><Point X="400" Y="363" T="0" /><Point X="399" Y="360" T="0" /><Point X="399" Y="359" T="0" /><Point X="398" Y="357" T="0" /><Point X="398" Y="355" T="0" /><Point X="398" Y="354" T="0" /><Point X="398" Y="352" T="0" /><Point X="397" Y="351" T="0" /><Point X="396" Y="349" T="0" /><Point X="395" Y="349" T="0" /><Point X="394" Y="347" T="0" /><Point X="392" Y="347" T="0" /><Point X="391" Y="346" T="0" /><Point X="390" Y="345" T="0" /><Point X="387" Y="344" T="0" /><Point X="386" Y="343" T="0" /><Point X="385" Y="343" T="0" /><Point X="384" Y="343" T="0" /><Point X="383" Y="343" T="0" /><Point X="381" Y="343" T="0" /><Point X="380" Y="343" T="0" /><Point X="378" Y="343" T="0" /><Point X="377" Y="343" T="0" /><Point X="376" Y="343" T="0" /><Point X="374" Y="344" T="0" /><Point X="372" Y="345" T="0" /><Point X="371" Y="345" T="0" /><Point X="371" Y="346" T="0" /><Point X="370" Y="347" T="0" /><Point X="370" Y="348" T="0" /><Point X="367" Y="350" T="0" /><Point X="366" Y="352" T="0" /><Point X="364" Y="356" T="0" /><Point X="362" Y="359" T="0" /><Point X="362" Y="364" T="0" /><Point X="361" Y="367" T="0" /><Point X="359" Y="371" T="0" /><Point X="358" Y="374" T="0" /><Point X="358" Y="377" T="0" /><Point X="357" Y="381" T="0" /><Point X="357" Y="384" T="0" /><Point X="357" Y="387" T="0" /><Point X="357" Y="391" T="0" /><Point X="357" Y="394" T="0" /><Point X="357" Y="398" T="0" /><Point X="357" Y="401" T="0" /><Point X="357" Y="405" T="0" /><Point X="358" Y="408" T="0" /><Point X="358" Y="411" T="0" /><Point X="361" Y="414" T="0" /><Point X="365" Y="416" T="0" /><Point X="373" Y="420" T="0" /><Point X="384" Y="426" T="0" /><Point X="396" Y="429" T="0" /><Point X="405" Y="431" T="0" /><Point X="414" Y="435" T="0" /><Point X="426" Y="435" T="0" /><Point X="439" Y="435" T="0" /><Point X="450" Y="435" T="0" /><Point X="458" Y="435" T="0" /><Point X="465" Y="435" T="0" /><Point X="474" Y="432" T="0" /><Point X="483" Y="431" T="0" /><Point X="491" Y="428" T="0" /><Point X="499" Y="426" T="0" /><Point X="502" Y="426" T="0" /><Point X="503" Y="425" T="0" /><Point X="505" Y="425" T="0" /><Point X="509" Y="422" T="0" /><Point X="516" Y="418" T="0" /><Point X="523" Y="414" T="0" /><Point X="532" Y="407" T="0" /><Point X="539" Y="400" T="0" /><Point X="545" Y="395" T="0" /><Point X="552" Y="386" T="0" /><Point X="558" Y="379" T="0" /><Point X="563" Y="373" T="0" /><Point X="570" Y="368" T="0" /><Point X="574" Y="364" T="0" /><Point X="579" Y="362" T="0" /><Point X="582" Y="358" T="0" /><Point X="585" Y="355" T="0" /><Point X="587" Y="354" T="0" /><Point X="589" Y="354" T="0" /><Point X="590" Y="352" T="0" /></Gesture>