<Gesture Name="pigtail" Subject="1" Number="1" NumPts="68" Millseconds="0" AppName="Gestures" AppVer="1.0" Date="Wednesday, March 01, 2023" TimeOfDay="16:22:03" ID="3"><Point X="296" Y="636" T="0" /><Point X="306" Y="630" T="0" /><Point X="319" Y="620" T="0" /><Point X="334" Y="610" T="0" /><Point X="343" Y="602" T="0" /><Point X="352" Y="593" T="0" /><Point X="360" Y="583" T="0" /><Point X="364" Y="575" T="0" /><Point X="367" Y="570" T="0" /><Point X="370" Y="566" T="0" /><Point X="371" Y="562" T="0" /><Point X="374" Y="556" T="0" /><Point X="374" Y="550" T="0" /><Point X="375" Y="544" T="0" /><Point X="375" Y="537" T="0" /><Point X="375" Y="531" T="0" /><Point X="375" Y="525" T="0" /><Point X="374" Y="520" T="0" /><Point X="371" Y="518" T="0" /><Point X="366" Y="514" T="0" /><Point X="362" Y="511" T="0" /><Point X="354" Y="507" T="0" /><Point X="347" Y="505" T="0" /><Point X="342" Y="503" T="0" /><Point X="336" Y="502" T="0" /><Point X="328" Y="502" T="0" /><Point X="322" Y="502" T="0" /><Point X="315" Y="502" T="0" /><Point X="308" Y="506" T="0" /><Point X="305" Y="510" T="0" /><Point X="299" Y="517" T="0" /><Point X="295" Y="527" T="0" /><Point X="292" Y="535" T="0" /><Point X="288" Y="543" T="0" /><Point X="286" Y="553" T="0" /><Point X="283" Y="570" T="0" /><Point X="282" Y="583" T="0" /><Point X="282" Y="593" T="0" /><Point X="282" Y="601" T="0" /><Point X="282" Y="607" T="0" /><Point X="283" Y="615" T="0" /><Point X="285" Y="622" T="0" /><Point X="287" Y="625" T="0" /><Point X="290" Y="627" T="0" /><Point X="296" Y="631" T="0" /><Point X="303" Y="632" T="0" /><Point X="311" Y="632" T="0" /><Point X="322" Y="630" T="0" /><Point X="338" Y="623" T="0" /><Point X="360" Y="618" T="0" /><Point X="372" Y="612" T="0" /><Point X="387" Y="605" T="0" /><Point X="409" Y="591" T="0" /><Point X="430" Y="575" T="0" /><Point X="445" Y="565" T="0" /><Point X="456" Y="557" T="0" /><Point X="468" Y="551" T="0" /><Point X="479" Y="546" T="0" /><Point X="486" Y="543" T="0" /><Point X="494" Y="540" T="0" /><Point X="498" Y="536" T="0" /><Point X="501" Y="535" T="0" /><Point X="503" Y="533" T="0" /><Point X="504" Y="532" T="0" /><Point X="506" Y="532" T="0" /><Point X="506" Y="531" T="0" /><Point X="507" Y="530" T="0" /><Point X="507" Y="529" T="0" /></Gesture>