<Gesture Name="pigtail" Subject="1" Number="1" NumPts="108" Millseconds="0" AppName="Gestures" AppVer="1.0" Date="Wednesday, March 01, 2023" TimeOfDay="16:23:43" ID="4"><Point X="284" Y="568" T="0" /><Point X="293" Y="567" T="0" /><Point X="302" Y="563" T="0" /><Point X="310" Y="559" T="0" /><Point X="319" Y="555" T="0" /><Point X="337" Y="549" T="0" /><Point X="356" Y="538" T="0" /><Point X="370" Y="527" T="0" /><Point X="380" Y="517" T="0" /><Point X="394" Y="507" T="0" /><Point X="405" Y="499" T="0" /><Point X="416" Y="491" T="0" /><Point X="426" Y="481" T="0" /><Point X="435" Y="470" T="0" /><Point X="442" Y="459" T="0" /><Point X="449" Y="449" T="0" /><Point X="454" Y="443" T="0" /><Point X="461" Y="434" T="0" /><Point X="466" Y="424" T="0" /><Point X="473" Y="415" T="0" /><Point X="476" Y="404" T="0" /><Point X="480" Y="396" T="0" /><Point X="481" Y="391" T="0" /><Point X="482" Y="385" T="0" /><Point X="482" Y="381" T="0" /><Point X="482" Y="375" T="0" /><Point X="480" Y="368" T="0" /><Point X="477" Y="363" T="0" /><Point X="474" Y="356" T="0" /><Point X="471" Y="351" T="0" /><Point X="467" Y="346" T="0" /><Point X="463" Y="342" T="0" /><Point X="458" Y="337" T="0" /><Point X="454" Y="335" T="0" /><Point X="446" Y="329" T="0" /><Point X="441" Y="326" T="0" /><Point X="434" Y="324" T="0" /><Point X="429" Y="323" T="0" /><Point X="425" Y="321" T="0" /><Point X="422" Y="321" T="0" /><Point X="418" Y="321" T="0" /><Point X="414" Y="321" T="0" /><Point X="410" Y="321" T="0" /><Point X="409" Y="321" T="0" /><Point X="406" Y="322" T="0" /><Point X="403" Y="323" T="0" /><Point X="401" Y="325" T="0" /><Point X="398" Y="327" T="0" /><Point X="395" Y="330" T="0" /><Point X="393" Y="332" T="0" /><Point X="390" Y="337" T="0" /><Point X="387" Y="342" T="0" /><Point X="386" Y="347" T="0" /><Point X="384" Y="351" T="0" /><Point X="383" Y="356" T="0" /><Point X="382" Y="361" T="0" /><Point X="382" Y="367" T="0" /><Point X="382" Y="371" T="0" /><Point X="382" Y="379" T="0" /><Point X="382" Y="383" T="0" /><Point X="382" Y="389" T="0" /><Point X="383" Y="396" T="0" /><Point X="384" Y="400" T="0" /><Point X="386" Y="405" T="0" /><Point X="389" Y="410" T="0" /><Point X="391" Y="415" T="0" /><Point X="394" Y="419" T="0" /><Point X="398" Y="424" T="0" /><Point X="402" Y="427" T="0" /><Point X="406" Y="432" T="0" /><Point X="412" Y="437" T="0" /><Point X="419" Y="443" T="0" /><Point X="426" Y="449" T="0" /><Point X="435" Y="455" T="0" /><Point X="445" Y="460" T="0" /><Point X="452" Y="464" T="0" /><Point X="458" Y="466" T="0" /><Point X="466" Y="468" T="0" /><Point X="476" Y="469" T="0" /><Point X="489" Y="469" T="0" /><Point X="501" Y="469" T="0" /><Point X="511" Y="469" T="0" /><Point X="529" Y="465" T="0" /><Point X="549" Y="458" T="0" /><Point X="566" Y="450" T="0" /><Point X="578" Y="442" T="0" /><Point X="591" Y="432" T="0" /><Point X="611" Y="422" T="0" /><Point X="625" Y="413" T="0" /><Point X="635" Y="406" T="0" /><Point X="642" Y="397" T="0" /><Point X="651" Y="389" T="0" /><Point X="662" Y="379" T="0" /><Point X="672" Y="370" T="0" /><Point X="681" Y="363" T="0" /><Point X="688" Y="356" T="0" /><Point X="695" Y="350" T="0" /><Point X="702" Y="346" T="0" /><Point X="706" Y="339" T="0" /><Point X="711" Y="335" T="0" /><Point X="714" Y="331" T="0" /><Point X="716" Y="329" T="0" /><Point X="718" Y="327" T="0" /><Point X="720" Y="324" T="0" /><Point X="722" Y="323" T="0" /><Point X="723" Y="322" T="0" /><Point X="724" Y="321" T="0" /><Point X="725" Y="320" T="0" /></Gesture>