<Gesture Name="rectangle" Subject="1" Number="1" NumPts="141" Millseconds="0" AppName="Gestures" AppVer="1.0" Date="Wednesday, March 01, 2023" TimeOfDay="16:27:44" ID="8"><Point X="312" Y="531" T="0" /><Point X="310" Y="549" T="0" /><Point X="309" Y="569" T="0" /><Point X="308" Y="586" T="0" /><Point X="306" Y="606" T="0" /><Point X="306" Y="623" T="0" /><Point X="306" Y="636" T="0" /><Point X="306" Y="647" T="0" /><Point X="306" Y="658" T="0" /><Point X="306" Y="667" T="0" /><Point X="306" Y="675" T="0" /><Point X="306" Y="682" T="0" /><Point X="306" Y="686" T="0" /><Point X="306" Y="687" T="0" /><Point X="306" Y="690" T="0" /><Point X="306" Y="691" T="0" /><Point X="306" Y="692" T="0" /><Point X="306" Y="693" T="0" /><Point X="306" Y="694" T="0" /><Point X="306" Y="695" T="0" /><Point X="306" Y="696" T="0" /><Point X="308" Y="695" T="0" /><Point X="315" Y="691" T="0" /><Point X="328" Y="683" T="0" /><Point X="345" Y="677" T="0" /><Point X="356" Y="672" T="0" /><Point X="370" Y="667" T="0" /><Point X="390" Y="661" T="0" /><Point X="411" Y="655" T="0" /><Point X="423" Y="653" T="0" /><Point X="435" Y="651" T="0" /><Point X="450" Y="650" T="0" /><Point X="462" Y="649" T="0" /><Point X="471" Y="649" T="0" /><Point X="478" Y="649" T="0" /><Point X="481" Y="649" T="0" /><Point X="485" Y="649" T="0" /><Point X="487" Y="649" T="0" /><Point X="489" Y="649" T="0" /><Point X="492" Y="649" T="0" /><Point X="494" Y="649" T="0" /><Point X="495" Y="649" T="0" /><Point X="496" Y="649" T="0" /><Point X="497" Y="649" T="0" /><Point X="499" Y="649" T="0" /><Point X="500" Y="649" T="0" /><Point X="501" Y="649" T="0" /><Point X="502" Y="649" T="0" /><Point X="503" Y="646" T="0" /><Point X="505" Y="635" T="0" /><Point X="505" Y="621" T="0" /><Point X="502" Y="608" T="0" /><Point X="500" Y="595" T="0" /><Point X="498" Y="575" T="0" /><Point X="495" Y="556" T="0" /><Point X="494" Y="546" T="0" /><Point X="492" Y="537" T="0" /><Point X="491" Y="531" T="0" /><Point X="490" Y="523" T="0" /><Point X="489" Y="517" T="0" /><Point X="488" Y="512" T="0" /><Point X="488" Y="508" T="0" /><Point X="487" Y="504" T="0" /><Point X="487" Y="501" T="0" /><Point X="487" Y="499" T="0" /><Point X="487" Y="495" T="0" /><Point X="487" Y="494" T="0" /><Point X="487" Y="492" T="0" /><Point X="487" Y="490" T="0" /><Point X="486" Y="489" T="0" /><Point X="486" Y="488" T="0" /><Point X="486" Y="487" T="0" /><Point X="484" Y="487" T="0" /><Point X="482" Y="487" T="0" /><Point X="481" Y="487" T="0" /><Point X="477" Y="487" T="0" /><Point X="471" Y="487" T="0" /><Point X="464" Y="487" T="0" /><Point X="458" Y="487" T="0" /><Point X="452" Y="488" T="0" /><Point X="445" Y="489" T="0" /><Point X="438" Y="490" T="0" /><Point X="431" Y="491" T="0" /><Point X="423" Y="493" T="0" /><Point X="414" Y="495" T="0" /><Point X="408" Y="495" T="0" /><Point X="403" Y="496" T="0" /><Point X="398" Y="497" T="0" /><Point X="394" Y="498" T="0" /><Point X="388" Y="499" T="0" /><Point X="383" Y="499" T="0" /><Point X="379" Y="500" T="0" /><Point X="376" Y="503" T="0" /><Point X="371" Y="503" T="0" /><Point X="370" Y="504" T="0" /><Point X="367" Y="504" T="0" /><Point X="364" Y="505" T="0" /><Point X="362" Y="506" T="0" /><Point X="360" Y="507" T="0" /><Point X="358" Y="507" T="0" /><Point X="356" Y="507" T="0" /><Point X="355" Y="508" T="0" /><Point X="354" Y="508" T="0" /><Point X="352" Y="508" T="0" /><Point X="350" Y="508" T="0" /><Point X="349" Y="508" T="0" /><Point X="348" Y="508" T="0" /><Point X="347" Y="509" T="0" /><Point X="346" Y="509" T="0" /><Point X="346" Y="510" T="0" /><Point X="346" Y="511" T="0" /><Point X="345" Y="511" T="0" /><Point X="343" Y="511" T="0" /><Point X="342" Y="512" T="0" /><Point X="341" Y="512" T="0" /><Point X="338" Y="513" T="0" /><Point X="337" Y="514" T="0" /><Point X="336" Y="514" T="0" /><Point X="335" Y="514" T="0" /><Point X="334" Y="514" T="0" /><Point X="332" Y="514" T="0" /><Point X="331" Y="514" T="0" /><Point X="330" Y="514" T="0" /><Point X="329" Y="515" T="0" /><Point X="328" Y="515" T="0" /><Point X="326" Y="515" T="0" /><Point X="325" Y="515" T="0" /><Point X="324" Y="515" T="0" /><Point X="323" Y="515" T="0" /><Point X="322" Y="515" T="0" /><Point X="321" Y="515" T="0" /><Point X="320" Y="515" T="0" /><Point X="319" Y="515" T="0" /><Point X="318" Y="515" T="0" /><Point X="317" Y="515" T="0" /><Point X="316" Y="516" T="0" /><Point X="316" Y="517" T="0" /><Point X="315" Y="517" T="0" /><Point X="314" Y="517" T="0" /><Point X="313" Y="518" T="0" /><Point X="312" Y="518" T="0" /></Gesture>