<Gesture Name="rectangle" Subject="1" Number="1" NumPts="334" Millseconds="0" AppName="Gestures" AppVer="1.0" Date="Wednesday, March 01, 2023" TimeOfDay="16:30:22" ID="10"><Point X="257" Y="426" T="0" /><Point X="257" Y="428" T="0" /><Point X="257" Y="431" T="0" /><Point X="257" Y="434" T="0" /><Point X="257" Y="435" T="0" /><Point X="257" Y="436" T="0" /><Point X="257" Y="438" T="0" /><Point X="257" Y="439" T="0" /><Point X="257" Y="441" T="0" /><Point X="257" Y="443" T="0" /><Point X="257" Y="446" T="0" /><Point X="257" Y="448" T="0" /><Point X="257" Y="450" T="0" /><Point X="258" Y="453" T="0" /><Point X="258" Y="456" T="0" /><Point X="259" Y="459" T="0" /><Point X="260" Y="462" T="0" /><Point X="260" Y="463" T="0" /><Point X="260" Y="466" T="0" /><Point X="260" Y="469" T="0" /><Point X="260" Y="471" T="0" /><Point X="260" Y="472" T="0" /><Point X="260" Y="474" T="0" /><Point X="260" Y="475" T="0" /><Point X="260" Y="477" T="0" /><Point X="260" Y="479" T="0" /><Point X="260" Y="481" T="0" /><Point X="260" Y="483" T="0" /><Point X="260" Y="485" T="0" /><Point X="260" Y="487" T="0" /><Point X="261" Y="490" T="0" /><Point X="262" Y="491" T="0" /><Point X="262" Y="494" T="0" /><Point X="262" Y="495" T="0" /><Point X="262" Y="497" T="0" /><Point X="262" Y="499" T="0" /><Point X="262" Y="501" T="0" /><Point X="262" Y="503" T="0" /><Point X="263" Y="504" T="0" /><Point X="263" Y="506" T="0" /><Point X="263" Y="507" T="0" /><Point X="263" Y="508" T="0" /><Point X="264" Y="511" T="0" /><Point X="264" Y="513" T="0" /><Point X="264" Y="514" T="0" /><Point X="264" Y="515" T="0" /><Point X="264" Y="518" T="0" /><Point X="264" Y="519" T="0" /><Point X="264" Y="520" T="0" /><Point X="264" Y="521" T="0" /><Point X="264" Y="523" T="0" /><Point X="264" Y="524" T="0" /><Point X="264" Y="525" T="0" /><Point X="264" Y="526" T="0" /><Point X="264" Y="527" T="0" /><Point X="264" Y="529" T="0" /><Point X="264" Y="530" T="0" /><Point X="265" Y="530" T="0" /><Point X="266" Y="530" T="0" /><Point X="268" Y="528" T="0" /><Point X="270" Y="527" T="0" /><Point X="272" Y="527" T="0" /><Point X="274" Y="526" T="0" /><Point X="278" Y="525" T="0" /><Point X="283" Y="524" T="0" /><Point X="289" Y="523" T="0" /><Point X="293" Y="523" T="0" /><Point X="298" Y="523" T="0" /><Point X="302" Y="522" T="0" /><Point X="306" Y="522" T="0" /><Point X="309" Y="522" T="0" /><Point X="313" Y="522" T="0" /><Point X="316" Y="522" T="0" /><Point X="321" Y="522" T="0" /><Point X="325" Y="522" T="0" /><Point X="332" Y="522" T="0" /><Point X="338" Y="519" T="0" /><Point X="343" Y="519" T="0" /><Point X="346" Y="519" T="0" /><Point X="350" Y="519" T="0" /><Point X="352" Y="519" T="0" /><Point X="356" Y="519" T="0" /><Point X="358" Y="519" T="0" /><Point X="362" Y="519" T="0" /><Point X="366" Y="519" T="0" /><Point X="370" Y="519" T="0" /><Point X="374" Y="519" T="0" /><Point X="378" Y="519" T="0" /><Point X="382" Y="518" T="0" /><Point X="385" Y="517" T="0" /><Point X="388" Y="517" T="0" /><Point X="390" Y="517" T="0" /><Point X="392" Y="517" T="0" /><Point X="394" Y="517" T="0" /><Point X="395" Y="517" T="0" /><Point X="398" Y="517" T="0" /><Point X="400" Y="517" T="0" /><Point X="402" Y="517" T="0" /><Point X="405" Y="517" T="0" /><Point X="407" Y="517" T="0" /><Point X="410" Y="517" T="0" /><Point X="413" Y="517" T="0" /><Point X="415" Y="517" T="0" /><Point X="418" Y="517" T="0" /><Point X="420" Y="517" T="0" /><Point X="422" Y="517" T="0" /><Point X="426" Y="517" T="0" /><Point X="428" Y="517" T="0" /><Point X="430" Y="517" T="0" /><Point X="431" Y="517" T="0" /><Point X="433" Y="517" T="0" /><Point X="434" Y="517" T="0" /><Point X="435" Y="517" T="0" /><Point X="437" Y="517" T="0" /><Point X="438" Y="517" T="0" /><Point X="441" Y="517" T="0" /><Point X="443" Y="517" T="0" /><Point X="445" Y="517" T="0" /><Point X="446" Y="517" T="0" /><Point X="448" Y="517" T="0" /><Point X="449" Y="517" T="0" /><Point X="450" Y="517" T="0" /><Point X="453" Y="517" T="0" /><Point X="454" Y="518" T="0" /><Point X="455" Y="518" T="0" /><Point X="457" Y="519" T="0" /><Point X="458" Y="520" T="0" /><Point X="460" Y="520" T="0" /><Point X="461" Y="520" T="0" /><Point X="462" Y="520" T="0" /><Point X="463" Y="520" T="0" /><Point X="464" Y="520" T="0" /><Point X="466" Y="520" T="0" /><Point X="466" Y="519" T="0" /><Point X="466" Y="517" T="0" /><Point X="466" Y="516" T="0" /><Point X="466" Y="515" T="0" /><Point X="466" Y="512" T="0" /><Point X="466" Y="511" T="0" /><Point X="466" Y="510" T="0" /><Point X="466" Y="509" T="0" /><Point X="466" Y="507" T="0" /><Point X="466" Y="505" T="0" /><Point X="466" Y="504" T="0" /><Point X="466" Y="502" T="0" /><Point X="466" Y="499" T="0" /><Point X="466" Y="495" T="0" /><Point X="466" Y="493" T="0" /><Point X="466" Y="487" T="0" /><Point X="466" Y="485" T="0" /><Point X="466" Y="481" T="0" /><Point X="466" Y="479" T="0" /><Point X="466" Y="475" T="0" /><Point X="466" Y="473" T="0" /><Point X="466" Y="472" T="0" /><Point X="466" Y="471" T="0" /><Point X="465" Y="470" T="0" /><Point X="465" Y="469" T="0" /><Point X="465" Y="467" T="0" /><Point X="465" Y="466" T="0" /><Point X="464" Y="465" T="0" /><Point X="464" Y="463" T="0" /><Point X="464" Y="460" T="0" /><Point X="464" Y="459" T="0" /><Point X="464" Y="457" T="0" /><Point X="464" Y="455" T="0" /><Point X="464" Y="454" T="0" /><Point X="464" Y="453" T="0" /><Point X="464" Y="452" T="0" /><Point X="464" Y="451" T="0" /><Point X="463" Y="450" T="0" /><Point X="462" Y="448" T="0" /><Point X="462" Y="446" T="0" /><Point X="462" Y="444" T="0" /><Point X="461" Y="443" T="0" /><Point X="461" Y="441" T="0" /><Point X="461" Y="440" T="0" /><Point X="461" Y="439" T="0" /><Point X="461" Y="438" T="0" /><Point X="461" Y="437" T="0" /><Point X="460" Y="436" T="0" /><Point X="458" Y="435" T="0" /><Point X="458" Y="434" T="0" /><Point X="458" Y="433" T="0" /><Point X="458" Y="432" T="0" /><Point X="458" Y="431" T="0" /><Point X="458" Y="429" T="0" /><Point X="458" Y="428" T="0" /><Point X="458" Y="427" T="0" /><Point X="458" Y="426" T="0" /><Point X="458" Y="424" T="0" /><Point X="458" Y="422" T="0" /><Point X="458" Y="421" T="0" /><Point X="458" Y="419" T="0" /><Point X="458" Y="418" T="0" /><Point X="458" Y="415" T="0" /><Point X="458" Y="414" T="0" /><Point X="458" Y="413" T="0" /><Point X="458" Y="411" T="0" /><Point X="458" Y="409" T="0" /><Point X="458" Y="408" T="0" /><Point X="458" Y="407" T="0" /><Point X="457" Y="407" T="0" /><Point X="456" Y="407" T="0" /><Point X="455" Y="407" T="0" /><Point X="454" Y="407" T="0" /><Point X="451" Y="407" T="0" /><Point X="449" Y="407" T="0" /><Point X="446" Y="407" T="0" /><Point X="442" Y="409" T="0" /><Point X="439" Y="409" T="0" /><Point X="436" Y="411" T="0" /><Point X="434" Y="411" T="0" /><Point X="432" Y="412" T="0" /><Point X="429" Y="413" T="0" /><Point X="426" Y="413" T="0" /><Point X="424" Y="414" T="0" /><Point X="422" Y="414" T="0" /><Point X="419" Y="414" T="0" /><Point X="417" Y="415" T="0" /><Point X="414" Y="415" T="0" /><Point X="412" Y="415" T="0" /><Point X="410" Y="416" T="0" /><Point X="408" Y="417" T="0" /><Point X="405" Y="419" T="0" /><Point X="403" Y="419" T="0" /><Point X="399" Y="419" T="0" /><Point X="396" Y="419" T="0" /><Point X="393" Y="419" T="0" /><Point X="390" Y="419" T="0" /><Point X="387" Y="419" T="0" /><Point X="383" Y="419" T="0" /><Point X="381" Y="419" T="0" /><Point X="378" Y="420" T="0" /><Point X="375" Y="420" T="0" /><Point X="374" Y="420" T="0" /><Point X="373" Y="420" T="0" /><Point X="372" Y="420" T="0" /><Point X="370" Y="420" T="0" /><Point X="368" Y="420" T="0" /><Point X="367" Y="420" T="0" /><Point X="366" Y="420" T="0" /><Point X="365" Y="420" T="0" /><Point X="363" Y="420" T="0" /><Point X="361" Y="420" T="0" /><Point X="360" Y="420" T="0" /><Point X="358" Y="420" T="0" /><Point X="356" Y="421" T="0" /><Point X="354" Y="421" T="0" /><Point X="352" Y="421" T="0" /><Point X="350" Y="421" T="0" /><Point X="348" Y="421" T="0" /><Point X="346" Y="421" T="0" /><Point X="345" Y="421" T="0" /><Point X="344" Y="421" T="0" /><Point X="342" Y="421" T="0" /><Point X="341" Y="421" T="0" /><Point X="339" Y="421" T="0" /><Point X="338" Y="421" T="0" /><Point X="337" Y="421" T="0" /><Point X="336" Y="421" T="0" /><Point X="335" Y="421" T="0" /><Point X="334" Y="421" T="0" /><Point X="333" Y="421" T="0" /><Point X="332" Y="421" T="0" /><Point X="330" Y="422" T="0" /><Point X="328" Y="422" T="0" /><Point X="327" Y="423" T="0" /><Point X="326" Y="423" T="0" /><Point X="325" Y="423" T="0" /><Point X="324" Y="423" T="0" /><Point X="323" Y="423" T="0" /><Point X="322" Y="423" T="0" /><Point X="321" Y="423" T="0" /><Point X="321" Y="424" T="0" /><Point X="319" Y="424" T="0" /><Point X="318" Y="425" T="0" /><Point X="316" Y="426" T="0" /><Point X="314" Y="426" T="0" /><Point X="313" Y="426" T="0" /><Point X="312" Y="426" T="0" /><Point X="310" Y="427" T="0" /><Point X="308" Y="427" T="0" /><Point X="307" Y="427" T="0" /><Point X="306" Y="427" T="0" /><Point X="305" Y="427" T="0" /><Point X="304" Y="427" T="0" /><Point X="302" Y="427" T="0" /><Point X="301" Y="427" T="0" /><Point X="300" Y="427" T="0" /><Point X="299" Y="427" T="0" /><Point X="298" Y="427" T="0" /><Point X="297" Y="427" T="0" /><Point X="296" Y="427" T="0" /><Point X="295" Y="427" T="0" /><Point X="294" Y="427" T="0" /><Point X="294" Y="428" T="0" /><Point X="293" Y="428" T="0" /><Point X="292" Y="428" T="0" /><Point X="291" Y="428" T="0" /><Point X="290" Y="428" T="0" /><Point X="290" Y="429" T="0" /><Point X="289" Y="429" T="0" /><Point X="288" Y="429" T="0" /><Point X="287" Y="429" T="0" /><Point X="286" Y="429" T="0" /><Point X="285" Y="429" T="0" /><Point X="284" Y="429" T="0" /><Point X="283" Y="429" T="0" /><Point X="282" Y="429" T="0" /><Point X="281" Y="429" T="0" /><Point X="280" Y="429" T="0" /><Point X="279" Y="429" T="0" /><Point X="278" Y="429" T="0" /><Point X="277" Y="429" T="0" /><Point X="276" Y="429" T="0" /><Point X="275" Y="429" T="0" /><Point X="274" Y="429" T="0" /><Point X="273" Y="429" T="0" /><Point X="272" Y="429" T="0" /><Point X="271" Y="429" T="0" /><Point X="270" Y="429" T="0" /><Point X="269" Y="429" T="0" /><Point X="268" Y="429" T="0" /><Point X="267" Y="429" T="0" /><Point X="266" Y="429" T="0" /><Point X="265" Y="429" T="0" /><Point X="264" Y="429" T="0" /><Point X="262" Y="429" T="0" /><Point X="261" Y="429" T="0" /><Point X="260" Y="429" T="0" /><Point X="259" Y="429" T="0" /><Point X="258" Y="429" T="0" /><Point X="257" Y="429" T="0" /></Gesture>