<Gesture Name="rectangle" Subject="1" Number="1" NumPts="103" Millseconds="0" AppName="Gestures" AppVer="1.0" Date="Wednesday, March 01, 2023" TimeOfDay="16:21:01" ID="3"><Point X="233" Y="231" T="0" /><Point X="232" Y="250" T="0" /><Point X="232" Y="262" T="0" /><Point X="232" Y="271" T="0" /><Point X="232" Y="279" T="0" /><Point X="232" Y="285" T="0" /><Point X="232" Y="291" T="0" /><Point X="232" Y="292" T="0" /><Point X="232" Y="295" T="0" /><Point X="232" Y="297" T="0" /><Point X="232" Y="298" T="0" /><Point X="232" Y="299" T="0" /><Point X="232" Y="300" T="0" /><Point X="232" Y="301" T="0" /><Point X="232" Y="302" T="0" /><Point X="234" Y="301" T="0" /><Point X="241" Y="300" T="0" /><Point X="249" Y="299" T="0" /><Point X="266" Y="296" T="0" /><Point X="290" Y="293" T="0" /><Point X="309" Y="291" T="0" /><Point X="327" Y="289" T="0" /><Point X="352" Y="287" T="0" /><Point X="369" Y="287" T="0" /><Point X="379" Y="288" T="0" /><Point X="389" Y="291" T="0" /><Point X="398" Y="293" T="0" /><Point X="406" Y="295" T="0" /><Point X="411" Y="297" T="0" /><Point X="417" Y="299" T="0" /><Point X="422" Y="300" T="0" /><Point X="425" Y="301" T="0" /><Point X="427" Y="302" T="0" /><Point X="429" Y="303" T="0" /><Point X="431" Y="303" T="0" /><Point X="433" Y="303" T="0" /><Point X="433" Y="304" T="0" /><Point X="434" Y="305" T="0" /><Point X="435" Y="305" T="0" /><Point X="437" Y="303" T="0" /><Point X="440" Y="295" T="0" /><Point X="442" Y="288" T="0" /><Point X="444" Y="276" T="0" /><Point X="446" Y="261" T="0" /><Point X="447" Y="247" T="0" /><Point X="447" Y="237" T="0" /><Point X="447" Y="227" T="0" /><Point X="447" Y="219" T="0" /><Point X="447" Y="211" T="0" /><Point X="447" Y="209" T="0" /><Point X="447" Y="207" T="0" /><Point X="447" Y="206" T="0" /><Point X="447" Y="205" T="0" /><Point X="447" Y="204" T="0" /><Point X="447" Y="203" T="0" /><Point X="445" Y="203" T="0" /><Point X="438" Y="202" T="0" /><Point X="427" Y="201" T="0" /><Point X="416" Y="201" T="0" /><Point X="406" Y="201" T="0" /><Point X="391" Y="201" T="0" /><Point X="378" Y="201" T="0" /><Point X="366" Y="203" T="0" /><Point X="356" Y="206" T="0" /><Point X="346" Y="207" T="0" /><Point X="337" Y="210" T="0" /><Point X="329" Y="211" T="0" /><Point X="321" Y="213" T="0" /><Point X="314" Y="215" T="0" /><Point X="306" Y="216" T="0" /><Point X="302" Y="217" T="0" /><Point X="297" Y="219" T="0" /><Point X="291" Y="219" T="0" /><Point X="286" Y="220" T="0" /><Point X="283" Y="220" T="0" /><Point X="280" Y="220" T="0" /><Point X="277" Y="220" T="0" /><Point X="273" Y="220" T="0" /><Point X="270" Y="220" T="0" /><Point X="268" Y="220" T="0" /><Point X="266" Y="220" T="0" /><Point X="263" Y="220" T="0" /><Point X="262" Y="220" T="0" /><Point X="261" Y="220" T="0" /><Point X="260" Y="220" T="0" /><Point X="259" Y="220" T="0" /><Point X="258" Y="220" T="0" /><Point X="257" Y="220" T="0" /><Point X="254" Y="220" T="0" /><Point X="252" Y="220" T="0" /><Point X="250" Y="220" T="0" /><Point X="249" Y="220" T="0" /><Point X="248" Y="220" T="0" /><Point X="247" Y="220" T="0" /><Point X="246" Y="220" T="0" /><Point X="245" Y="220" T="0" /><Point X="244" Y="220" T="0" /><Point X="242" Y="220" T="0" /><Point X="241" Y="220" T="0" /><Point X="240" Y="220" T="0" /><Point X="239" Y="220" T="0" /><Point X="238" Y="220" T="0" /><Point X="237" Y="220" T="0" /></Gesture>