<Gesture Name="rectangle" Subject="1" Number="1" NumPts="209" Millseconds="0" AppName="Gestures" AppVer="1.0" Date="Wednesday, March 01, 2023" TimeOfDay="16:23:55" ID="5"><Point X="256" Y="572" T="0" /><Point X="256" Y="583" T="0" /><Point X="256" Y="589" T="0" /><Point X="256" Y="596" T="0" /><Point X="256" Y="600" T="0" /><Point X="256" Y="604" T="0" /><Point X="256" Y="607" T="0" /><Point X="256" Y="610" T="0" /><Point X="256" Y="611" T="0" /><Point X="256" Y="612" T="0" /><Point X="256" Y="613" T="0" /><Point X="256" Y="614" T="0" /><Point X="256" Y="615" T="0" /><Point X="256" Y="616" T="0" /><Point X="256" Y="617" T="0" /><Point X="256" Y="618" T="0" /><Point X="256" Y="619" T="0" /><Point X="256" Y="620" T="0" /><Point X="256" Y="623" T="0" /><Point X="256" Y="625" T="0" /><Point X="256" Y="626" T="0" /><Point X="256" Y="627" T="0" /><Point X="256" Y="628" T="0" /><Point X="256" Y="629" T="0" /><Point X="256" Y="630" T="0" /><Point X="256" Y="631" T="0" /><Point X="256" Y="632" T="0" /><Point X="256" Y="634" T="0" /><Point X="256" Y="635" T="0" /><Point X="256" Y="636" T="0" /><Point X="256" Y="639" T="0" /><Point X="256" Y="641" T="0" /><Point X="256" Y="642" T="0" /><Point X="256" Y="643" T="0" /><Point X="256" Y="644" T="0" /><Point X="256" Y="646" T="0" /><Point X="256" Y="647" T="0" /><Point X="256" Y="648" T="0" /><Point X="256" Y="650" T="0" /><Point X="256" Y="651" T="0" /><Point X="257" Y="652" T="0" /><Point X="257" Y="655" T="0" /><Point X="257" Y="656" T="0" /><Point X="257" Y="657" T="0" /><Point X="257" Y="658" T="0" /><Point X="257" Y="659" T="0" /><Point X="257" Y="660" T="0" /><Point X="258" Y="660" T="0" /><Point X="260" Y="660" T="0" /><Point X="264" Y="660" T="0" /><Point X="267" Y="660" T="0" /><Point X="272" Y="660" T="0" /><Point X="279" Y="658" T="0" /><Point X="286" Y="657" T="0" /><Point X="295" Y="656" T="0" /><Point X="304" Y="655" T="0" /><Point X="313" Y="654" T="0" /><Point X="318" Y="653" T="0" /><Point X="326" Y="652" T="0" /><Point X="333" Y="651" T="0" /><Point X="339" Y="650" T="0" /><Point X="349" Y="650" T="0" /><Point X="358" Y="648" T="0" /><Point X="366" Y="648" T="0" /><Point X="374" Y="647" T="0" /><Point X="376" Y="647" T="0" /><Point X="380" Y="647" T="0" /><Point X="383" Y="647" T="0" /><Point X="386" Y="647" T="0" /><Point X="391" Y="647" T="0" /><Point X="394" Y="647" T="0" /><Point X="398" Y="647" T="0" /><Point X="402" Y="647" T="0" /><Point X="408" Y="646" T="0" /><Point X="412" Y="646" T="0" /><Point X="417" Y="645" T="0" /><Point X="419" Y="645" T="0" /><Point X="423" Y="645" T="0" /><Point X="426" Y="645" T="0" /><Point X="430" Y="645" T="0" /><Point X="434" Y="645" T="0" /><Point X="438" Y="645" T="0" /><Point X="442" Y="645" T="0" /><Point X="448" Y="645" T="0" /><Point X="451" Y="645" T="0" /><Point X="455" Y="645" T="0" /><Point X="458" Y="645" T="0" /><Point X="460" Y="645" T="0" /><Point X="463" Y="646" T="0" /><Point X="466" Y="646" T="0" /><Point X="467" Y="647" T="0" /><Point X="470" Y="647" T="0" /><Point X="472" Y="647" T="0" /><Point X="473" Y="647" T="0" /><Point X="474" Y="647" T="0" /><Point X="475" Y="647" T="0" /><Point X="476" Y="647" T="0" /><Point X="477" Y="646" T="0" /><Point X="477" Y="644" T="0" /><Point X="477" Y="642" T="0" /><Point X="477" Y="638" T="0" /><Point X="477" Y="634" T="0" /><Point X="477" Y="626" T="0" /><Point X="474" Y="618" T="0" /><Point X="474" Y="611" T="0" /><Point X="473" Y="605" T="0" /><Point X="472" Y="601" T="0" /><Point X="472" Y="598" T="0" /><Point X="472" Y="595" T="0" /><Point X="472" Y="592" T="0" /><Point X="472" Y="591" T="0" /><Point X="472" Y="589" T="0" /><Point X="472" Y="586" T="0" /><Point X="472" Y="583" T="0" /><Point X="472" Y="578" T="0" /><Point X="472" Y="574" T="0" /><Point X="472" Y="570" T="0" /><Point X="472" Y="566" T="0" /><Point X="472" Y="562" T="0" /><Point X="472" Y="559" T="0" /><Point X="472" Y="555" T="0" /><Point X="472" Y="553" T="0" /><Point X="472" Y="551" T="0" /><Point X="472" Y="549" T="0" /><Point X="472" Y="547" T="0" /><Point X="472" Y="545" T="0" /><Point X="472" Y="543" T="0" /><Point X="472" Y="540" T="0" /><Point X="472" Y="539" T="0" /><Point X="471" Y="539" T="0" /><Point X="471" Y="538" T="0" /><Point X="470" Y="537" T="0" /><Point X="470" Y="536" T="0" /><Point X="470" Y="535" T="0" /><Point X="469" Y="535" T="0" /><Point X="467" Y="535" T="0" /><Point X="465" Y="535" T="0" /><Point X="462" Y="535" T="0" /><Point X="454" Y="537" T="0" /><Point X="448" Y="538" T="0" /><Point X="442" Y="539" T="0" /><Point X="435" Y="539" T="0" /><Point X="429" Y="541" T="0" /><Point X="422" Y="543" T="0" /><Point X="416" Y="544" T="0" /><Point X="409" Y="546" T="0" /><Point X="403" Y="547" T="0" /><Point X="396" Y="547" T="0" /><Point X="392" Y="548" T="0" /><Point X="388" Y="549" T="0" /><Point X="383" Y="550" T="0" /><Point X="378" Y="551" T="0" /><Point X="371" Y="552" T="0" /><Point X="366" Y="554" T="0" /><Point X="361" Y="555" T="0" /><Point X="356" Y="555" T="0" /><Point X="350" Y="556" T="0" /><Point X="348" Y="557" T="0" /><Point X="343" Y="557" T="0" /><Point X="342" Y="558" T="0" /><Point X="339" Y="559" T="0" /><Point X="336" Y="559" T="0" /><Point X="334" Y="559" T="0" /><Point X="333" Y="560" T="0" /><Point X="330" Y="560" T="0" /><Point X="327" Y="562" T="0" /><Point X="324" Y="563" T="0" /><Point X="320" Y="563" T="0" /><Point X="317" Y="563" T="0" /><Point X="313" Y="563" T="0" /><Point X="310" Y="563" T="0" /><Point X="308" Y="563" T="0" /><Point X="305" Y="563" T="0" /><Point X="303" Y="563" T="0" /><Point X="301" Y="563" T="0" /><Point X="298" Y="563" T="0" /><Point X="296" Y="563" T="0" /><Point X="294" Y="563" T="0" /><Point X="291" Y="563" T="0" /><Point X="290" Y="563" T="0" /><Point X="289" Y="563" T="0" /><Point X="287" Y="563" T="0" /><Point X="286" Y="563" T="0" /><Point X="285" Y="563" T="0" /><Point X="283" Y="563" T="0" /><Point X="282" Y="563" T="0" /><Point X="281" Y="563" T="0" /><Point X="280" Y="563" T="0" /><Point X="279" Y="563" T="0" /><Point X="278" Y="563" T="0" /><Point X="276" Y="563" T="0" /><Point X="275" Y="563" T="0" /><Point X="274" Y="563" T="0" /><Point X="272" Y="563" T="0" /><Point X="271" Y="563" T="0" /><Point X="270" Y="563" T="0" /><Point X="269" Y="563" T="0" /><Point X="268" Y="563" T="0" /><Point X="267" Y="563" T="0" /><Point X="266" Y="564" T="0" /><Point X="265" Y="564" T="0" /><Point X="264" Y="564" T="0" /><Point X="262" Y="564" T="0" /><Point X="261" Y="564" T="0" /><Point X="260" Y="564" T="0" /><Point X="259" Y="564" T="0" /><Point X="258" Y="564" T="0" /><Point X="257" Y="564" T="0" /><Point X="257" Y="565" T="0" /></Gesture>