<Gesture Name="rectangle" Subject="1" Number="1" NumPts="145" Millseconds="0" AppName="Gestures" AppVer="1.0" Date="Wednesday, March 01, 2023" TimeOfDay="16:16:05" ID="1"><Point X="238" Y="252" T="0" /><Point X="240" Y="280" T="0" /><Point X="241" Y="297" T="0" /><Point X="241" Y="311" T="0" /><Point X="242" Y="335" T="0" /><Point X="244" Y="363" T="0" /><Point X="244" Y="376" T="0" /><Point X="244" Y="389" T="0" /><Point X="245" Y="406" T="0" /><Point X="245" Y="420" T="0" /><Point X="245" Y="430" T="0" /><Point X="245" Y="435" T="0" /><Point X="245" Y="439" T="0" /><Point X="245" Y="441" T="0" /><Point X="245" Y="444" T="0" /><Point X="245" Y="446" T="0" /><Point X="245" Y="447" T="0" /><Point X="245" Y="448" T="0" /><Point X="245" Y="449" T="0" /><Point X="245" Y="451" T="0" /><Point X="246" Y="451" T="0" /><Point X="251" Y="451" T="0" /><Point X="263" Y="447" T="0" /><Point X="279" Y="442" T="0" /><Point X="299" Y="434" T="0" /><Point X="325" Y="424" T="0" /><Point X="353" Y="411" T="0" /><Point X="371" Y="403" T="0" /><Point X="393" Y="395" T="0" /><Point X="415" Y="387" T="0" /><Point X="436" Y="383" T="0" /><Point X="450" Y="381" T="0" /><Point X="465" Y="379" T="0" /><Point X="482" Y="376" T="0" /><Point X="496" Y="375" T="0" /><Point X="504" Y="375" T="0" /><Point X="512" Y="375" T="0" /><Point X="522" Y="375" T="0" /><Point X="530" Y="375" T="0" /><Point X="538" Y="375" T="0" /><Point X="544" Y="375" T="0" /><Point X="550" Y="375" T="0" /><Point X="553" Y="375" T="0" /><Point X="557" Y="375" T="0" /><Point X="558" Y="375" T="0" /><Point X="562" Y="375" T="0" /><Point X="563" Y="375" T="0" /><Point X="564" Y="375" T="0" /><Point X="565" Y="375" T="0" /><Point X="566" Y="375" T="0" /><Point X="566" Y="367" T="0" /><Point X="566" Y="349" T="0" /><Point X="566" Y="335" T="0" /><Point X="562" Y="315" T="0" /><Point X="550" Y="276" T="0" /><Point X="546" Y="260" T="0" /><Point X="542" Y="247" T="0" /><Point X="538" Y="235" T="0" /><Point X="535" Y="224" T="0" /><Point X="534" Y="216" T="0" /><Point X="533" Y="212" T="0" /><Point X="532" Y="210" T="0" /><Point X="530" Y="208" T="0" /><Point X="530" Y="206" T="0" /><Point X="529" Y="206" T="0" /><Point X="529" Y="205" T="0" /><Point X="529" Y="204" T="0" /><Point X="529" Y="203" T="0" /><Point X="528" Y="203" T="0" /><Point X="527" Y="202" T="0" /><Point X="526" Y="201" T="0" /><Point X="526" Y="200" T="0" /><Point X="526" Y="199" T="0" /><Point X="524" Y="199" T="0" /><Point X="523" Y="199" T="0" /><Point X="522" Y="199" T="0" /><Point X="518" Y="199" T="0" /><Point X="512" Y="199" T="0" /><Point X="502" Y="199" T="0" /><Point X="492" Y="201" T="0" /><Point X="482" Y="205" T="0" /><Point X="471" Y="210" T="0" /><Point X="458" Y="217" T="0" /><Point X="443" Y="223" T="0" /><Point X="433" Y="227" T="0" /><Point X="422" Y="231" T="0" /><Point X="416" Y="232" T="0" /><Point X="405" Y="237" T="0" /><Point X="394" Y="239" T="0" /><Point X="382" Y="241" T="0" /><Point X="372" Y="243" T="0" /><Point X="366" Y="243" T="0" /><Point X="358" Y="244" T="0" /><Point X="348" Y="247" T="0" /><Point X="341" Y="247" T="0" /><Point X="335" Y="247" T="0" /><Point X="329" Y="247" T="0" /><Point X="322" Y="247" T="0" /><Point X="319" Y="247" T="0" /><Point X="315" Y="247" T="0" /><Point X="313" Y="247" T="0" /><Point X="310" Y="247" T="0" /><Point X="306" Y="247" T="0" /><Point X="304" Y="247" T="0" /><Point X="301" Y="247" T="0" /><Point X="297" Y="247" T="0" /><Point X="294" Y="247" T="0" /><Point X="290" Y="247" T="0" /><Point X="288" Y="247" T="0" /><Point X="284" Y="247" T="0" /><Point X="282" Y="247" T="0" /><Point X="279" Y="247" T="0" /><Point X="277" Y="247" T="0" /><Point X="274" Y="247" T="0" /><Point X="273" Y="247" T="0" /><Point X="271" Y="247" T="0" /><Point X="270" Y="247" T="0" /><Point X="267" Y="247" T="0" /><Point X="266" Y="247" T="0" /><Point X="262" Y="247" T="0" /><Point X="260" Y="247" T="0" /><Point X="258" Y="247" T="0" /><Point X="255" Y="247" T="0" /><Point X="254" Y="247" T="0" /><Point X="253" Y="247" T="0" /><Point X="251" Y="247" T="0" /><Point X="248" Y="247" T="0" /><Point X="247" Y="247" T="0" /><Point X="245" Y="247" T="0" /><Point X="242" Y="247" T="0" /><Point X="241" Y="247" T="0" /><Point X="239" Y="247" T="0" /><Point X="238" Y="247" T="0" /><Point X="237" Y="247" T="0" /><Point X="236" Y="247" T="0" /><Point X="235" Y="247" T="0" /><Point X="234" Y="247" T="0" /><Point X="233" Y="247" T="0" /><Point X="232" Y="247" T="0" /><Point X="231" Y="247" T="0" /><Point X="230" Y="247" T="0" /><Point X="229" Y="247" T="0" /><Point X="228" Y="247" T="0" /><Point X="227" Y="247" T="0" /><Point X="226" Y="247" T="0" /></Gesture>