<Gesture Name="rectangle" Subject="1" Number="1" NumPts="177" Millseconds="0" AppName="Gestures" AppVer="1.0" Date="Wednesday, March 01, 2023" TimeOfDay="16:26:39" ID="7"><Point X="235" Y="488" T="0" /><Point X="237" Y="498" T="0" /><Point X="238" Y="503" T="0" /><Point X="238" Y="511" T="0" /><Point X="238" Y="513" T="0" /><Point X="239" Y="518" T="0" /><Point X="239" Y="519" T="0" /><Point X="239" Y="521" T="0" /><Point X="239" Y="522" T="0" /><Point X="239" Y="524" T="0" /><Point X="239" Y="527" T="0" /><Point X="240" Y="528" T="0" /><Point X="240" Y="531" T="0" /><Point X="241" Y="534" T="0" /><Point X="242" Y="537" T="0" /><Point X="242" Y="541" T="0" /><Point X="243" Y="544" T="0" /><Point X="245" Y="549" T="0" /><Point X="246" Y="552" T="0" /><Point X="246" Y="555" T="0" /><Point X="246" Y="556" T="0" /><Point X="246" Y="558" T="0" /><Point X="246" Y="559" T="0" /><Point X="246" Y="560" T="0" /><Point X="246" Y="562" T="0" /><Point X="246" Y="563" T="0" /><Point X="246" Y="565" T="0" /><Point X="246" Y="566" T="0" /><Point X="246" Y="568" T="0" /><Point X="246" Y="570" T="0" /><Point X="246" Y="571" T="0" /><Point X="246" Y="572" T="0" /><Point X="246" Y="573" T="0" /><Point X="246" Y="574" T="0" /><Point X="246" Y="575" T="0" /><Point X="247" Y="575" T="0" /><Point X="248" Y="575" T="0" /><Point X="249" Y="575" T="0" /><Point X="250" Y="575" T="0" /><Point X="253" Y="575" T="0" /><Point X="258" Y="572" T="0" /><Point X="266" Y="570" T="0" /><Point X="275" Y="567" T="0" /><Point X="287" Y="564" T="0" /><Point X="298" Y="561" T="0" /><Point X="306" Y="559" T="0" /><Point X="315" Y="556" T="0" /><Point X="326" Y="551" T="0" /><Point X="337" Y="549" T="0" /><Point X="346" Y="547" T="0" /><Point X="352" Y="545" T="0" /><Point X="358" Y="544" T="0" /><Point X="364" Y="541" T="0" /><Point X="370" Y="540" T="0" /><Point X="379" Y="539" T="0" /><Point X="385" Y="539" T="0" /><Point X="391" Y="537" T="0" /><Point X="395" Y="537" T="0" /><Point X="400" Y="537" T="0" /><Point X="402" Y="537" T="0" /><Point X="405" Y="537" T="0" /><Point X="407" Y="537" T="0" /><Point X="408" Y="537" T="0" /><Point X="410" Y="537" T="0" /><Point X="412" Y="537" T="0" /><Point X="413" Y="537" T="0" /><Point X="414" Y="537" T="0" /><Point X="415" Y="535" T="0" /><Point X="415" Y="532" T="0" /><Point X="415" Y="531" T="0" /><Point X="415" Y="527" T="0" /><Point X="415" Y="523" T="0" /><Point X="414" Y="515" T="0" /><Point X="413" Y="506" T="0" /><Point X="412" Y="498" T="0" /><Point X="411" Y="488" T="0" /><Point X="410" Y="482" T="0" /><Point X="408" Y="477" T="0" /><Point X="407" Y="472" T="0" /><Point X="406" Y="471" T="0" /><Point X="406" Y="467" T="0" /><Point X="405" Y="465" T="0" /><Point X="405" Y="463" T="0" /><Point X="405" Y="460" T="0" /><Point X="405" Y="458" T="0" /><Point X="405" Y="456" T="0" /><Point X="405" Y="455" T="0" /><Point X="404" Y="454" T="0" /><Point X="404" Y="452" T="0" /><Point X="404" Y="451" T="0" /><Point X="403" Y="451" T="0" /><Point X="402" Y="450" T="0" /><Point X="402" Y="449" T="0" /><Point X="401" Y="448" T="0" /><Point X="400" Y="448" T="0" /><Point X="399" Y="447" T="0" /><Point X="398" Y="446" T="0" /><Point X="395" Y="446" T="0" /><Point X="393" Y="445" T="0" /><Point X="390" Y="444" T="0" /><Point X="387" Y="443" T="0" /><Point X="386" Y="443" T="0" /><Point X="382" Y="443" T="0" /><Point X="378" Y="443" T="0" /><Point X="373" Y="443" T="0" /><Point X="367" Y="444" T="0" /><Point X="363" Y="445" T="0" /><Point X="356" Y="446" T="0" /><Point X="350" Y="447" T="0" /><Point X="347" Y="449" T="0" /><Point X="344" Y="449" T="0" /><Point X="340" Y="451" T="0" /><Point X="338" Y="451" T="0" /><Point X="334" Y="451" T="0" /><Point X="331" Y="452" T="0" /><Point X="329" Y="452" T="0" /><Point X="326" Y="453" T="0" /><Point X="323" Y="454" T="0" /><Point X="319" Y="455" T="0" /><Point X="317" Y="456" T="0" /><Point X="314" Y="457" T="0" /><Point X="310" Y="458" T="0" /><Point X="309" Y="459" T="0" /><Point X="306" Y="459" T="0" /><Point X="303" Y="459" T="0" /><Point X="301" Y="460" T="0" /><Point X="300" Y="460" T="0" /><Point X="297" Y="461" T="0" /><Point X="295" Y="461" T="0" /><Point X="294" Y="462" T="0" /><Point X="291" Y="463" T="0" /><Point X="288" Y="463" T="0" /><Point X="286" Y="463" T="0" /><Point X="284" Y="464" T="0" /><Point X="281" Y="465" T="0" /><Point X="278" Y="465" T="0" /><Point X="276" Y="466" T="0" /><Point X="274" Y="466" T="0" /><Point X="272" Y="466" T="0" /><Point X="270" Y="466" T="0" /><Point X="268" Y="467" T="0" /><Point X="266" Y="467" T="0" /><Point X="265" Y="467" T="0" /><Point X="263" Y="467" T="0" /><Point X="262" Y="467" T="0" /><Point X="261" Y="467" T="0" /><Point X="260" Y="467" T="0" /><Point X="259" Y="467" T="0" /><Point X="258" Y="467" T="0" /><Point X="257" Y="467" T="0" /><Point X="256" Y="467" T="0" /><Point X="254" Y="468" T="0" /><Point X="253" Y="468" T="0" /><Point X="251" Y="468" T="0" /><Point X="251" Y="469" T="0" /><Point X="250" Y="469" T="0" /><Point X="249" Y="470" T="0" /><Point X="248" Y="470" T="0" /><Point X="247" Y="470" T="0" /><Point X="246" Y="470" T="0" /><Point X="245" Y="470" T="0" /><Point X="244" Y="470" T="0" /><Point X="243" Y="470" T="0" /><Point X="242" Y="470" T="0" /><Point X="242" Y="471" T="0" /><Point X="241" Y="471" T="0" /><Point X="240" Y="472" T="0" /><Point X="240" Y="473" T="0" /><Point X="239" Y="473" T="0" /><Point X="238" Y="473" T="0" /><Point X="237" Y="474" T="0" /><Point X="236" Y="475" T="0" /><Point X="235" Y="475" T="0" /><Point X="234" Y="477" T="0" /><Point X="232" Y="477" T="0" /><Point X="231" Y="477" T="0" /><Point X="231" Y="478" T="0" /></Gesture>