<Gesture Name="right-square-bracket" Subject="1" Number="1" NumPts="73" Millseconds="0" AppName="Gestures" AppVer="1.0" Date="Wednesday, March 01, 2023" TimeOfDay="16:28:38" ID="8"><Point X="331" Y="418" T="0" /><Point X="345" Y="416" T="0" /><Point X="358" Y="415" T="0" /><Point X="367" Y="415" T="0" /><Point X="375" Y="415" T="0" /><Point X="384" Y="415" T="0" /><Point X="393" Y="415" T="0" /><Point X="402" Y="415" T="0" /><Point X="410" Y="415" T="0" /><Point X="417" Y="415" T="0" /><Point X="420" Y="415" T="0" /><Point X="422" Y="415" T="0" /><Point X="425" Y="415" T="0" /><Point X="426" Y="415" T="0" /><Point X="427" Y="415" T="0" /><Point X="428" Y="415" T="0" /><Point X="428" Y="416" T="0" /><Point X="428" Y="417" T="0" /><Point X="428" Y="418" T="0" /><Point X="429" Y="419" T="0" /><Point X="430" Y="426" T="0" /><Point X="432" Y="435" T="0" /><Point X="432" Y="444" T="0" /><Point X="432" Y="455" T="0" /><Point X="432" Y="470" T="0" /><Point X="431" Y="486" T="0" /><Point X="429" Y="499" T="0" /><Point X="429" Y="507" T="0" /><Point X="429" Y="519" T="0" /><Point X="429" Y="529" T="0" /><Point X="429" Y="538" T="0" /><Point X="429" Y="547" T="0" /><Point X="429" Y="553" T="0" /><Point X="429" Y="556" T="0" /><Point X="429" Y="558" T="0" /><Point X="429" Y="559" T="0" /><Point X="429" Y="562" T="0" /><Point X="429" Y="563" T="0" /><Point X="429" Y="564" T="0" /><Point X="429" Y="566" T="0" /><Point X="429" Y="568" T="0" /><Point X="430" Y="570" T="0" /><Point X="430" Y="573" T="0" /><Point X="430" Y="579" T="0" /><Point X="431" Y="584" T="0" /><Point X="432" Y="588" T="0" /><Point X="432" Y="592" T="0" /><Point X="432" Y="595" T="0" /><Point X="432" Y="597" T="0" /><Point X="432" Y="598" T="0" /><Point X="432" Y="599" T="0" /><Point X="432" Y="600" T="0" /><Point X="432" Y="601" T="0" /><Point X="432" Y="602" T="0" /><Point X="432" Y="603" T="0" /><Point X="430" Y="603" T="0" /><Point X="426" Y="603" T="0" /><Point X="416" Y="603" T="0" /><Point X="406" Y="603" T="0" /><Point X="397" Y="606" T="0" /><Point X="386" Y="607" T="0" /><Point X="376" Y="608" T="0" /><Point X="366" Y="608" T="0" /><Point X="361" Y="608" T="0" /><Point X="355" Y="608" T="0" /><Point X="353" Y="608" T="0" /><Point X="350" Y="608" T="0" /><Point X="348" Y="608" T="0" /><Point X="347" Y="608" T="0" /><Point X="346" Y="608" T="0" /><Point X="344" Y="608" T="0" /><Point X="343" Y="608" T="0" /><Point X="342" Y="608" T="0" /></Gesture>