<Gesture Name="right-curly-brace" Subject="1" Number="1" NumPts="112" Millseconds="0" AppName="Gestures" AppVer="1.0" Date="Wednesday, March 01, 2023" TimeOfDay="16:20:35" ID="2"><Point X="307" Y="163" T="0" /><Point X="313" Y="159" T="0" /><Point X="318" Y="155" T="0" /><Point X="325" Y="152" T="0" /><Point X="334" Y="151" T="0" /><Point X="343" Y="148" T="0" /><Point X="351" Y="148" T="0" /><Point X="359" Y="148" T="0" /><Point X="365" Y="151" T="0" /><Point X="370" Y="153" T="0" /><Point X="374" Y="159" T="0" /><Point X="380" Y="167" T="0" /><Point X="385" Y="173" T="0" /><Point X="389" Y="181" T="0" /><Point X="394" Y="192" T="0" /><Point X="398" Y="206" T="0" /><Point X="401" Y="223" T="0" /><Point X="401" Y="233" T="0" /><Point X="399" Y="244" T="0" /><Point X="397" Y="259" T="0" /><Point X="391" Y="281" T="0" /><Point X="388" Y="295" T="0" /><Point X="386" Y="303" T="0" /><Point X="382" Y="310" T="0" /><Point X="377" Y="321" T="0" /><Point X="370" Y="335" T="0" /><Point X="362" Y="348" T="0" /><Point X="356" Y="359" T="0" /><Point X="351" Y="366" T="0" /><Point X="346" Y="371" T="0" /><Point X="342" Y="377" T="0" /><Point X="337" Y="383" T="0" /><Point X="334" Y="390" T="0" /><Point X="330" Y="397" T="0" /><Point X="329" Y="402" T="0" /><Point X="326" Y="407" T="0" /><Point X="324" Y="411" T="0" /><Point X="323" Y="414" T="0" /><Point X="323" Y="415" T="0" /><Point X="322" Y="417" T="0" /><Point X="322" Y="418" T="0" /><Point X="322" Y="419" T="0" /><Point X="322" Y="420" T="0" /><Point X="322" Y="421" T="0" /><Point X="325" Y="421" T="0" /><Point X="328" Y="421" T="0" /><Point X="331" Y="421" T="0" /><Point X="336" Y="421" T="0" /><Point X="342" Y="420" T="0" /><Point X="349" Y="419" T="0" /><Point X="355" Y="419" T="0" /><Point X="360" Y="419" T="0" /><Point X="364" Y="418" T="0" /><Point X="366" Y="418" T="0" /><Point X="369" Y="418" T="0" /><Point X="370" Y="418" T="0" /><Point X="372" Y="418" T="0" /><Point X="373" Y="418" T="0" /><Point X="374" Y="418" T="0" /><Point X="374" Y="419" T="0" /><Point X="373" Y="420" T="0" /><Point X="370" Y="421" T="0" /><Point X="370" Y="423" T="0" /><Point X="366" Y="427" T="0" /><Point X="362" Y="431" T="0" /><Point X="358" Y="439" T="0" /><Point X="354" Y="446" T="0" /><Point X="350" Y="451" T="0" /><Point X="349" Y="455" T="0" /><Point X="347" Y="458" T="0" /><Point X="346" Y="461" T="0" /><Point X="345" Y="465" T="0" /><Point X="343" Y="471" T="0" /><Point X="342" Y="478" T="0" /><Point X="342" Y="488" T="0" /><Point X="342" Y="498" T="0" /><Point X="342" Y="504" T="0" /><Point X="342" Y="509" T="0" /><Point X="344" Y="515" T="0" /><Point X="346" Y="520" T="0" /><Point X="348" Y="531" T="0" /><Point X="350" Y="541" T="0" /><Point X="352" Y="549" T="0" /><Point X="354" Y="556" T="0" /><Point X="355" Y="559" T="0" /><Point X="355" Y="563" T="0" /><Point X="355" Y="565" T="0" /><Point X="355" Y="567" T="0" /><Point X="355" Y="571" T="0" /><Point X="354" Y="575" T="0" /><Point X="351" Y="580" T="0" /><Point X="350" Y="587" T="0" /><Point X="347" Y="593" T="0" /><Point X="346" Y="599" T="0" /><Point X="342" Y="604" T="0" /><Point X="339" Y="609" T="0" /><Point X="334" Y="612" T="0" /><Point X="330" Y="616" T="0" /><Point X="322" Y="623" T="0" /><Point X="316" Y="627" T="0" /><Point X="309" Y="634" T="0" /><Point X="302" Y="640" T="0" /><Point X="297" Y="647" T="0" /><Point X="293" Y="652" T="0" /><Point X="290" Y="656" T="0" /><Point X="288" Y="661" T="0" /><Point X="284" Y="663" T="0" /><Point X="282" Y="665" T="0" /><Point X="281" Y="666" T="0" /><Point X="280" Y="667" T="0" /><Point X="279" Y="668" T="0" /><Point X="278" Y="668" T="0" /></Gesture>