<Gesture Name="right-square-bracket" Subject="1" Number="1" NumPts="74" Millseconds="0" AppName="Gestures" AppVer="1.0" Date="Wednesday, March 01, 2023" TimeOfDay="16:29:40" ID="9"><Point X="343" Y="375" T="0" /><Point X="359" Y="371" T="0" /><Point X="370" Y="369" T="0" /><Point X="382" Y="366" T="0" /><Point X="394" Y="363" T="0" /><Point X="407" Y="359" T="0" /><Point X="418" Y="357" T="0" /><Point X="426" Y="354" T="0" /><Point X="432" Y="353" T="0" /><Point X="435" Y="352" T="0" /><Point X="439" Y="351" T="0" /><Point X="442" Y="351" T="0" /><Point X="445" Y="350" T="0" /><Point X="448" Y="349" T="0" /><Point X="450" Y="348" T="0" /><Point X="451" Y="347" T="0" /><Point X="452" Y="347" T="0" /><Point X="454" Y="347" T="0" /><Point X="454" Y="348" T="0" /><Point X="454" Y="350" T="0" /><Point X="454" Y="354" T="0" /><Point X="454" Y="359" T="0" /><Point X="454" Y="370" T="0" /><Point X="454" Y="383" T="0" /><Point X="454" Y="398" T="0" /><Point X="454" Y="408" T="0" /><Point X="454" Y="419" T="0" /><Point X="454" Y="432" T="0" /><Point X="452" Y="446" T="0" /><Point X="452" Y="459" T="0" /><Point X="450" Y="467" T="0" /><Point X="450" Y="473" T="0" /><Point X="450" Y="477" T="0" /><Point X="450" Y="481" T="0" /><Point X="450" Y="484" T="0" /><Point X="450" Y="486" T="0" /><Point X="450" Y="489" T="0" /><Point X="450" Y="491" T="0" /><Point X="452" Y="494" T="0" /><Point X="453" Y="498" T="0" /><Point X="454" Y="501" T="0" /><Point X="454" Y="507" T="0" /><Point X="455" Y="510" T="0" /><Point X="456" Y="514" T="0" /><Point X="457" Y="516" T="0" /><Point X="458" Y="518" T="0" /><Point X="458" Y="520" T="0" /><Point X="460" Y="522" T="0" /><Point X="460" Y="523" T="0" /><Point X="461" Y="523" T="0" /><Point X="461" Y="524" T="0" /><Point X="461" Y="525" T="0" /><Point X="461" Y="526" T="0" /><Point X="461" Y="527" T="0" /><Point X="461" Y="528" T="0" /><Point X="461" Y="529" T="0" /><Point X="461" Y="530" T="0" /><Point X="458" Y="530" T="0" /><Point X="457" Y="531" T="0" /><Point X="454" Y="532" T="0" /><Point X="446" Y="535" T="0" /><Point X="437" Y="536" T="0" /><Point X="427" Y="539" T="0" /><Point X="418" Y="544" T="0" /><Point X="411" Y="546" T="0" /><Point X="404" Y="549" T="0" /><Point X="401" Y="551" T="0" /><Point X="397" Y="554" T="0" /><Point X="393" Y="555" T="0" /><Point X="390" Y="556" T="0" /><Point X="389" Y="557" T="0" /><Point X="387" Y="557" T="0" /><Point X="386" Y="558" T="0" /><Point X="384" Y="558" T="0" /></Gesture>