<Gesture Name="right-curly-brace" Subject="1" Number="1" NumPts="158" Millseconds="0" AppName="Gestures" AppVer="1.0" Date="Wednesday, March 01, 2023" TimeOfDay="16:23:26" ID="4"><Point X="346" Y="418" T="0" /><Point X="356" Y="414" T="0" /><Point X="368" Y="408" T="0" /><Point X="378" Y="406" T="0" /><Point X="386" Y="405" T="0" /><Point X="390" Y="405" T="0" /><Point X="394" Y="405" T="0" /><Point X="396" Y="405" T="0" /><Point X="398" Y="405" T="0" /><Point X="401" Y="405" T="0" /><Point X="402" Y="406" T="0" /><Point X="402" Y="407" T="0" /><Point X="403" Y="408" T="0" /><Point X="404" Y="410" T="0" /><Point X="405" Y="411" T="0" /><Point X="407" Y="414" T="0" /><Point X="408" Y="417" T="0" /><Point X="409" Y="420" T="0" /><Point X="409" Y="423" T="0" /><Point X="409" Y="425" T="0" /><Point X="409" Y="427" T="0" /><Point X="409" Y="431" T="0" /><Point X="409" Y="435" T="0" /><Point X="407" Y="441" T="0" /><Point X="405" Y="446" T="0" /><Point X="402" Y="451" T="0" /><Point X="401" Y="456" T="0" /><Point X="398" Y="462" T="0" /><Point X="395" Y="466" T="0" /><Point X="394" Y="470" T="0" /><Point X="392" Y="472" T="0" /><Point X="390" Y="475" T="0" /><Point X="388" Y="478" T="0" /><Point X="386" Y="480" T="0" /><Point X="384" Y="483" T="0" /><Point X="382" Y="487" T="0" /><Point X="378" Y="491" T="0" /><Point X="376" Y="495" T="0" /><Point X="374" Y="498" T="0" /><Point X="373" Y="503" T="0" /><Point X="370" Y="506" T="0" /><Point X="368" Y="511" T="0" /><Point X="368" Y="513" T="0" /><Point X="367" Y="515" T="0" /><Point X="366" Y="516" T="0" /><Point X="366" Y="519" T="0" /><Point X="365" Y="520" T="0" /><Point X="364" Y="521" T="0" /><Point X="363" Y="522" T="0" /><Point X="362" Y="523" T="0" /><Point X="362" Y="524" T="0" /><Point X="362" Y="525" T="0" /><Point X="362" Y="526" T="0" /><Point X="362" Y="527" T="0" /><Point X="362" Y="528" T="0" /><Point X="362" Y="529" T="0" /><Point X="362" Y="530" T="0" /><Point X="362" Y="531" T="0" /><Point X="364" Y="532" T="0" /><Point X="366" Y="533" T="0" /><Point X="369" Y="534" T="0" /><Point X="373" Y="535" T="0" /><Point X="376" Y="535" T="0" /><Point X="380" Y="536" T="0" /><Point X="382" Y="536" T="0" /><Point X="384" Y="537" T="0" /><Point X="387" Y="539" T="0" /><Point X="390" Y="539" T="0" /><Point X="391" Y="539" T="0" /><Point X="392" Y="539" T="0" /><Point X="394" Y="539" T="0" /><Point X="396" Y="539" T="0" /><Point X="396" Y="540" T="0" /><Point X="397" Y="540" T="0" /><Point X="398" Y="540" T="0" /><Point X="398" Y="541" T="0" /><Point X="398" Y="542" T="0" /><Point X="397" Y="543" T="0" /><Point X="396" Y="543" T="0" /><Point X="393" Y="545" T="0" /><Point X="390" Y="546" T="0" /><Point X="388" Y="547" T="0" /><Point X="385" Y="547" T="0" /><Point X="384" Y="548" T="0" /><Point X="382" Y="549" T="0" /><Point X="381" Y="550" T="0" /><Point X="381" Y="551" T="0" /><Point X="380" Y="551" T="0" /><Point X="378" Y="551" T="0" /><Point X="378" Y="552" T="0" /><Point X="377" Y="553" T="0" /><Point X="376" Y="554" T="0" /><Point X="375" Y="555" T="0" /><Point X="374" Y="555" T="0" /><Point X="373" Y="555" T="0" /><Point X="372" Y="556" T="0" /><Point X="372" Y="558" T="0" /><Point X="372" Y="559" T="0" /><Point X="372" Y="560" T="0" /><Point X="372" Y="561" T="0" /><Point X="372" Y="562" T="0" /><Point X="372" Y="563" T="0" /><Point X="372" Y="564" T="0" /><Point X="374" Y="564" T="0" /><Point X="374" Y="565" T="0" /><Point X="376" Y="566" T="0" /><Point X="378" Y="567" T="0" /><Point X="379" Y="568" T="0" /><Point X="381" Y="571" T="0" /><Point X="382" Y="571" T="0" /><Point X="384" Y="572" T="0" /><Point X="385" Y="573" T="0" /><Point X="385" Y="574" T="0" /><Point X="386" Y="574" T="0" /><Point X="386" Y="575" T="0" /><Point X="386" Y="577" T="0" /><Point X="386" Y="579" T="0" /><Point X="386" Y="581" T="0" /><Point X="386" Y="584" T="0" /><Point X="386" Y="585" T="0" /><Point X="386" Y="587" T="0" /><Point X="384" Y="588" T="0" /><Point X="382" Y="591" T="0" /><Point X="378" Y="595" T="0" /><Point X="375" Y="599" T="0" /><Point X="373" Y="603" T="0" /><Point X="369" Y="606" T="0" /><Point X="366" Y="611" T="0" /><Point X="364" Y="614" T="0" /><Point X="358" Y="619" T="0" /><Point X="355" Y="622" T="0" /><Point X="350" Y="624" T="0" /><Point X="347" Y="628" T="0" /><Point X="342" Y="631" T="0" /><Point X="338" Y="634" T="0" /><Point X="334" Y="637" T="0" /><Point X="332" Y="639" T="0" /><Point X="330" Y="640" T="0" /><Point X="326" Y="642" T="0" /><Point X="324" Y="645" T="0" /><Point X="320" Y="648" T="0" /><Point X="315" Y="652" T="0" /><Point X="311" Y="657" T="0" /><Point X="306" Y="661" T="0" /><Point X="301" Y="667" T="0" /><Point X="294" Y="672" T="0" /><Point X="290" Y="677" T="0" /><Point X="286" Y="679" T="0" /><Point X="283" Y="682" T="0" /><Point X="281" Y="684" T="0" /><Point X="280" Y="686" T="0" /><Point X="278" Y="687" T="0" /><Point X="277" Y="687" T="0" /><Point X="276" Y="688" T="0" /><Point X="276" Y="689" T="0" /><Point X="275" Y="690" T="0" /><Point X="274" Y="691" T="0" /><Point X="272" Y="691" T="0" /></Gesture>