<Gesture Name="right-curly-brace" Subject="1" Number="1" NumPts="169" Millseconds="0" AppName="Gestures" AppVer="1.0" Date="Wednesday, March 01, 2023" TimeOfDay="16:18:20" ID="1"><Point X="365" Y="202" T="0" /><Point X="369" Y="203" T="0" /><Point X="371" Y="205" T="0" /><Point X="376" Y="207" T="0" /><Point X="378" Y="210" T="0" /><Point X="380" Y="212" T="0" /><Point X="384" Y="216" T="0" /><Point X="386" Y="219" T="0" /><Point X="389" Y="221" T="0" /><Point X="392" Y="224" T="0" /><Point X="394" Y="227" T="0" /><Point X="396" Y="229" T="0" /><Point X="398" Y="232" T="0" /><Point X="400" Y="235" T="0" /><Point X="402" Y="236" T="0" /><Point X="403" Y="239" T="0" /><Point X="405" Y="243" T="0" /><Point X="406" Y="249" T="0" /><Point X="406" Y="255" T="0" /><Point X="409" Y="261" T="0" /><Point X="409" Y="265" T="0" /><Point X="409" Y="270" T="0" /><Point X="409" Y="271" T="0" /><Point X="409" Y="273" T="0" /><Point X="409" Y="275" T="0" /><Point X="409" Y="276" T="0" /><Point X="409" Y="278" T="0" /><Point X="409" Y="279" T="0" /><Point X="409" Y="283" T="0" /><Point X="409" Y="285" T="0" /><Point X="407" Y="291" T="0" /><Point X="406" Y="300" T="0" /><Point X="406" Y="307" T="0" /><Point X="405" Y="314" T="0" /><Point X="403" Y="319" T="0" /><Point X="403" Y="323" T="0" /><Point X="401" Y="328" T="0" /><Point X="398" Y="333" T="0" /><Point X="396" Y="339" T="0" /><Point X="394" Y="343" T="0" /><Point X="391" Y="350" T="0" /><Point X="387" Y="355" T="0" /><Point X="385" Y="361" T="0" /><Point X="382" Y="364" T="0" /><Point X="379" Y="369" T="0" /><Point X="378" Y="371" T="0" /><Point X="376" Y="375" T="0" /><Point X="374" Y="377" T="0" /><Point X="373" Y="379" T="0" /><Point X="370" Y="380" T="0" /><Point X="370" Y="383" T="0" /><Point X="369" Y="383" T="0" /><Point X="368" Y="384" T="0" /><Point X="368" Y="385" T="0" /><Point X="367" Y="387" T="0" /><Point X="366" Y="390" T="0" /><Point X="366" Y="392" T="0" /><Point X="365" Y="395" T="0" /><Point X="363" Y="396" T="0" /><Point X="362" Y="398" T="0" /><Point X="362" Y="399" T="0" /><Point X="362" Y="401" T="0" /><Point X="361" Y="401" T="0" /><Point X="360" Y="402" T="0" /><Point X="360" Y="403" T="0" /><Point X="360" Y="404" T="0" /><Point X="360" Y="405" T="0" /><Point X="361" Y="405" T="0" /><Point X="362" Y="405" T="0" /><Point X="363" Y="405" T="0" /><Point X="365" Y="405" T="0" /><Point X="366" Y="404" T="0" /><Point X="367" Y="403" T="0" /><Point X="370" Y="402" T="0" /><Point X="373" Y="402" T="0" /><Point X="375" Y="402" T="0" /><Point X="379" Y="402" T="0" /><Point X="381" Y="402" T="0" /><Point X="383" Y="402" T="0" /><Point X="386" Y="402" T="0" /><Point X="388" Y="402" T="0" /><Point X="390" Y="402" T="0" /><Point X="391" Y="402" T="0" /><Point X="391" Y="403" T="0" /><Point X="391" Y="404" T="0" /><Point X="390" Y="406" T="0" /><Point X="390" Y="407" T="0" /><Point X="388" Y="411" T="0" /><Point X="386" Y="413" T="0" /><Point X="386" Y="415" T="0" /><Point X="383" Y="418" T="0" /><Point X="382" Y="419" T="0" /><Point X="382" Y="420" T="0" /><Point X="381" Y="421" T="0" /><Point X="380" Y="422" T="0" /><Point X="379" Y="423" T="0" /><Point X="378" Y="423" T="0" /><Point X="378" Y="424" T="0" /><Point X="377" Y="425" T="0" /><Point X="376" Y="425" T="0" /><Point X="376" Y="426" T="0" /><Point X="375" Y="427" T="0" /><Point X="374" Y="427" T="0" /><Point X="374" Y="428" T="0" /><Point X="374" Y="430" T="0" /><Point X="374" Y="431" T="0" /><Point X="374" Y="432" T="0" /><Point X="374" Y="433" T="0" /><Point X="374" Y="434" T="0" /><Point X="374" Y="435" T="0" /><Point X="374" Y="437" T="0" /><Point X="375" Y="439" T="0" /><Point X="377" Y="441" T="0" /><Point X="379" Y="445" T="0" /><Point X="382" Y="448" T="0" /><Point X="384" Y="452" T="0" /><Point X="388" Y="455" T="0" /><Point X="390" Y="457" T="0" /><Point X="392" Y="459" T="0" /><Point X="393" Y="460" T="0" /><Point X="394" Y="462" T="0" /><Point X="396" Y="463" T="0" /><Point X="397" Y="465" T="0" /><Point X="398" Y="467" T="0" /><Point X="398" Y="468" T="0" /><Point X="398" Y="470" T="0" /><Point X="399" Y="471" T="0" /><Point X="400" Y="474" T="0" /><Point X="401" Y="477" T="0" /><Point X="402" Y="482" T="0" /><Point X="404" Y="487" T="0" /><Point X="404" Y="494" T="0" /><Point X="404" Y="498" T="0" /><Point X="404" Y="503" T="0" /><Point X="404" Y="507" T="0" /><Point X="404" Y="511" T="0" /><Point X="404" Y="513" T="0" /><Point X="404" Y="515" T="0" /><Point X="404" Y="519" T="0" /><Point X="403" Y="522" T="0" /><Point X="402" Y="527" T="0" /><Point X="401" Y="535" T="0" /><Point X="400" Y="540" T="0" /><Point X="398" Y="547" T="0" /><Point X="396" Y="551" T="0" /><Point X="394" Y="556" T="0" /><Point X="392" Y="559" T="0" /><Point X="390" Y="563" T="0" /><Point X="386" Y="566" T="0" /><Point X="383" Y="571" T="0" /><Point X="379" Y="575" T="0" /><Point X="374" Y="581" T="0" /><Point X="369" Y="587" T="0" /><Point X="363" Y="593" T="0" /><Point X="357" Y="598" T="0" /><Point X="350" Y="604" T="0" /><Point X="342" Y="609" T="0" /><Point X="336" Y="613" T="0" /><Point X="330" Y="615" T="0" /><Point X="327" Y="616" T="0" /><Point X="322" Y="618" T="0" /><Point X="319" Y="619" T="0" /><Point X="316" Y="619" T="0" /><Point X="313" Y="621" T="0" /><Point X="311" Y="621" T="0" /><Point X="309" Y="621" T="0" /><Point X="306" Y="621" T="0" /><Point X="304" Y="621" T="0" /><Point X="302" Y="621" T="0" /></Gesture>