<Gesture Name="right-curly-brace" Subject="1" Number="1" NumPts="129" Millseconds="0" AppName="Gestures" AppVer="1.0" Date="Wednesday, March 01, 2023" TimeOfDay="16:21:49" ID="3"><Point X="330" Y="433" T="0" /><Point X="337" Y="431" T="0" /><Point X="341" Y="430" T="0" /><Point X="346" Y="430" T="0" /><Point X="350" Y="430" T="0" /><Point X="352" Y="430" T="0" /><Point X="354" Y="430" T="0" /><Point X="357" Y="431" T="0" /><Point X="359" Y="432" T="0" /><Point X="362" Y="434" T="0" /><Point X="362" Y="435" T="0" /><Point X="364" Y="436" T="0" /><Point X="366" Y="438" T="0" /><Point X="368" Y="440" T="0" /><Point X="370" Y="442" T="0" /><Point X="370" Y="444" T="0" /><Point X="371" Y="446" T="0" /><Point X="373" Y="451" T="0" /><Point X="375" Y="454" T="0" /><Point X="376" Y="458" T="0" /><Point X="377" Y="461" T="0" /><Point X="378" Y="467" T="0" /><Point X="378" Y="470" T="0" /><Point X="378" Y="474" T="0" /><Point X="378" Y="477" T="0" /><Point X="377" Y="481" T="0" /><Point X="376" Y="484" T="0" /><Point X="373" Y="487" T="0" /><Point X="371" Y="492" T="0" /><Point X="370" Y="495" T="0" /><Point X="368" Y="500" T="0" /><Point X="366" Y="503" T="0" /><Point X="363" Y="509" T="0" /><Point X="362" Y="512" T="0" /><Point X="359" Y="517" T="0" /><Point X="355" Y="520" T="0" /><Point X="353" Y="522" T="0" /><Point X="351" Y="526" T="0" /><Point X="350" Y="527" T="0" /><Point X="346" Y="528" T="0" /><Point X="344" Y="530" T="0" /><Point X="342" Y="531" T="0" /><Point X="341" Y="533" T="0" /><Point X="340" Y="534" T="0" /><Point X="339" Y="534" T="0" /><Point X="338" Y="535" T="0" /><Point X="338" Y="536" T="0" /><Point X="337" Y="536" T="0" /><Point X="336" Y="537" T="0" /><Point X="337" Y="537" T="0" /><Point X="339" Y="537" T="0" /><Point X="344" Y="537" T="0" /><Point X="349" Y="537" T="0" /><Point X="354" Y="538" T="0" /><Point X="357" Y="539" T="0" /><Point X="361" Y="540" T="0" /><Point X="362" Y="541" T="0" /><Point X="365" Y="541" T="0" /><Point X="368" Y="541" T="0" /><Point X="370" Y="541" T="0" /><Point X="373" Y="541" T="0" /><Point X="377" Y="541" T="0" /><Point X="380" Y="541" T="0" /><Point X="384" Y="542" T="0" /><Point X="386" Y="542" T="0" /><Point X="388" Y="542" T="0" /><Point X="390" Y="542" T="0" /><Point X="391" Y="543" T="0" /><Point X="392" Y="543" T="0" /><Point X="392" Y="544" T="0" /><Point X="389" Y="545" T="0" /><Point X="386" Y="547" T="0" /><Point X="382" Y="549" T="0" /><Point X="377" Y="551" T="0" /><Point X="371" Y="553" T="0" /><Point X="366" Y="555" T="0" /><Point X="360" Y="559" T="0" /><Point X="356" Y="560" T="0" /><Point X="351" Y="563" T="0" /><Point X="348" Y="564" T="0" /><Point X="346" Y="567" T="0" /><Point X="343" Y="568" T="0" /><Point X="342" Y="569" T="0" /><Point X="341" Y="571" T="0" /><Point X="339" Y="573" T="0" /><Point X="338" Y="574" T="0" /><Point X="338" Y="575" T="0" /><Point X="337" Y="576" T="0" /><Point X="336" Y="578" T="0" /><Point X="335" Y="580" T="0" /><Point X="334" Y="583" T="0" /><Point X="334" Y="588" T="0" /><Point X="333" Y="592" T="0" /><Point X="331" Y="598" T="0" /><Point X="330" Y="603" T="0" /><Point X="330" Y="607" T="0" /><Point X="329" Y="610" T="0" /><Point X="329" Y="614" T="0" /><Point X="327" Y="616" T="0" /><Point X="326" Y="619" T="0" /><Point X="326" Y="621" T="0" /><Point X="326" Y="623" T="0" /><Point X="325" Y="626" T="0" /><Point X="324" Y="629" T="0" /><Point X="323" Y="631" T="0" /><Point X="322" Y="632" T="0" /><Point X="322" Y="634" T="0" /><Point X="321" Y="636" T="0" /><Point X="320" Y="637" T="0" /><Point X="319" Y="639" T="0" /><Point X="318" Y="640" T="0" /><Point X="316" Y="642" T="0" /><Point X="313" Y="644" T="0" /><Point X="310" Y="646" T="0" /><Point X="305" Y="647" T="0" /><Point X="302" Y="649" T="0" /><Point X="297" Y="650" T="0" /><Point X="295" Y="652" T="0" /><Point X="293" Y="653" T="0" /><Point X="290" Y="654" T="0" /><Point X="287" Y="655" T="0" /><Point X="286" Y="655" T="0" /><Point X="285" Y="656" T="0" /><Point X="283" Y="657" T="0" /><Point X="282" Y="657" T="0" /><Point X="281" Y="657" T="0" /><Point X="280" Y="657" T="0" /><Point X="279" Y="657" T="0" /><Point X="278" Y="657" T="0" /></Gesture>