<Gesture Name="right-square-bracket" Subject="1" Number="1" NumPts="79" Millseconds="0" AppName="Gestures" AppVer="1.0" Date="Wednesday, March 01, 2023" TimeOfDay="16:24:27" ID="5"><Point X="351" Y="519" T="0" /><Point X="358" Y="517" T="0" /><Point X="367" Y="515" T="0" /><Point X="379" Y="513" T="0" /><Point X="394" Y="510" T="0" /><Point X="408" Y="507" T="0" /><Point X="418" Y="505" T="0" /><Point X="430" Y="504" T="0" /><Point X="442" Y="503" T="0" /><Point X="452" Y="503" T="0" /><Point X="460" Y="502" T="0" /><Point X="467" Y="502" T="0" /><Point X="470" Y="502" T="0" /><Point X="472" Y="502" T="0" /><Point X="474" Y="502" T="0" /><Point X="475" Y="502" T="0" /><Point X="476" Y="502" T="0" /><Point X="477" Y="502" T="0" /><Point X="478" Y="502" T="0" /><Point X="478" Y="503" T="0" /><Point X="478" Y="504" T="0" /><Point X="478" Y="507" T="0" /><Point X="479" Y="509" T="0" /><Point X="481" Y="514" T="0" /><Point X="482" Y="524" T="0" /><Point X="482" Y="538" T="0" /><Point X="482" Y="550" T="0" /><Point X="482" Y="559" T="0" /><Point X="482" Y="568" T="0" /><Point X="482" Y="579" T="0" /><Point X="482" Y="589" T="0" /><Point X="482" Y="600" T="0" /><Point X="482" Y="608" T="0" /><Point X="482" Y="615" T="0" /><Point X="482" Y="620" T="0" /><Point X="482" Y="623" T="0" /><Point X="482" Y="627" T="0" /><Point X="482" Y="630" T="0" /><Point X="482" Y="632" T="0" /><Point X="482" Y="635" T="0" /><Point X="482" Y="637" T="0" /><Point X="482" Y="639" T="0" /><Point X="482" Y="642" T="0" /><Point X="482" Y="643" T="0" /><Point X="482" Y="644" T="0" /><Point X="482" Y="646" T="0" /><Point X="482" Y="647" T="0" /><Point X="482" Y="649" T="0" /><Point X="482" Y="650" T="0" /><Point X="482" Y="651" T="0" /><Point X="482" Y="652" T="0" /><Point X="482" Y="654" T="0" /><Point X="482" Y="655" T="0" /><Point X="482" Y="656" T="0" /><Point X="481" Y="656" T="0" /><Point X="480" Y="656" T="0" /><Point X="478" Y="656" T="0" /><Point X="474" Y="656" T="0" /><Point X="468" Y="656" T="0" /><Point X="461" Y="656" T="0" /><Point X="454" Y="656" T="0" /><Point X="449" Y="657" T="0" /><Point X="439" Y="658" T="0" /><Point X="429" Y="659" T="0" /><Point X="418" Y="660" T="0" /><Point X="410" Y="663" T="0" /><Point X="404" Y="664" T="0" /><Point X="398" Y="665" T="0" /><Point X="391" Y="666" T="0" /><Point X="387" Y="667" T="0" /><Point X="382" Y="668" T="0" /><Point X="377" Y="669" T="0" /><Point X="373" Y="670" T="0" /><Point X="370" Y="670" T="0" /><Point X="368" Y="670" T="0" /><Point X="366" Y="670" T="0" /><Point X="365" Y="670" T="0" /><Point X="364" Y="670" T="0" /><Point X="363" Y="670" T="0" /></Gesture>