<Gesture Name="right-curly-brace" Subject="1" Number="1" NumPts="116" Millseconds="0" AppName="Gestures" AppVer="1.0" Date="Wednesday, March 01, 2023" TimeOfDay="16:29:54" ID="9"><Point X="334" Y="346" T="0" /><Point X="351" Y="334" T="0" /><Point X="365" Y="325" T="0" /><Point X="376" Y="319" T="0" /><Point X="387" Y="315" T="0" /><Point X="398" Y="313" T="0" /><Point X="407" Y="313" T="0" /><Point X="414" Y="314" T="0" /><Point X="422" Y="316" T="0" /><Point X="426" Y="320" T="0" /><Point X="429" Y="323" T="0" /><Point X="431" Y="324" T="0" /><Point X="433" Y="329" T="0" /><Point X="437" Y="336" T="0" /><Point X="439" Y="344" T="0" /><Point X="440" Y="353" T="0" /><Point X="441" Y="362" T="0" /><Point X="441" Y="369" T="0" /><Point X="441" Y="375" T="0" /><Point X="440" Y="385" T="0" /><Point X="436" Y="396" T="0" /><Point X="431" Y="407" T="0" /><Point X="426" Y="417" T="0" /><Point X="420" Y="426" T="0" /><Point X="414" Y="433" T="0" /><Point X="408" Y="440" T="0" /><Point X="402" Y="449" T="0" /><Point X="395" Y="460" T="0" /><Point X="387" Y="471" T="0" /><Point X="382" Y="480" T="0" /><Point X="377" Y="487" T="0" /><Point X="374" Y="490" T="0" /><Point X="371" Y="495" T="0" /><Point X="370" Y="497" T="0" /><Point X="368" Y="499" T="0" /><Point X="367" Y="502" T="0" /><Point X="366" Y="504" T="0" /><Point X="366" Y="507" T="0" /><Point X="366" Y="511" T="0" /><Point X="366" Y="512" T="0" /><Point X="366" Y="515" T="0" /><Point X="370" Y="519" T="0" /><Point X="370" Y="520" T="0" /><Point X="372" Y="523" T="0" /><Point X="376" Y="527" T="0" /><Point X="382" Y="528" T="0" /><Point X="386" Y="530" T="0" /><Point X="394" Y="531" T="0" /><Point X="401" Y="531" T="0" /><Point X="406" Y="531" T="0" /><Point X="412" Y="531" T="0" /><Point X="414" Y="531" T="0" /><Point X="418" Y="530" T="0" /><Point X="420" Y="528" T="0" /><Point X="422" Y="526" T="0" /><Point X="422" Y="524" T="0" /><Point X="425" Y="522" T="0" /><Point X="426" Y="521" T="0" /><Point X="427" Y="519" T="0" /><Point X="428" Y="517" T="0" /><Point X="429" Y="515" T="0" /><Point X="429" Y="514" T="0" /><Point X="429" Y="513" T="0" /><Point X="428" Y="512" T="0" /><Point X="427" Y="512" T="0" /><Point X="426" Y="511" T="0" /><Point X="422" Y="511" T="0" /><Point X="418" Y="511" T="0" /><Point X="415" Y="511" T="0" /><Point X="414" Y="511" T="0" /><Point X="411" Y="511" T="0" /><Point X="409" Y="513" T="0" /><Point X="407" Y="515" T="0" /><Point X="406" Y="516" T="0" /><Point X="404" Y="521" T="0" /><Point X="403" Y="524" T="0" /><Point X="402" Y="527" T="0" /><Point X="402" Y="531" T="0" /><Point X="402" Y="533" T="0" /><Point X="402" Y="536" T="0" /><Point X="403" Y="538" T="0" /><Point X="406" Y="540" T="0" /><Point X="408" Y="543" T="0" /><Point X="413" Y="546" T="0" /><Point X="415" Y="548" T="0" /><Point X="418" Y="551" T="0" /><Point X="421" Y="555" T="0" /><Point X="422" Y="557" T="0" /><Point X="424" Y="561" T="0" /><Point X="427" Y="564" T="0" /><Point X="429" Y="567" T="0" /><Point X="430" Y="572" T="0" /><Point X="430" Y="575" T="0" /><Point X="430" Y="579" T="0" /><Point X="430" Y="583" T="0" /><Point X="430" Y="587" T="0" /><Point X="430" Y="589" T="0" /><Point X="428" Y="595" T="0" /><Point X="426" Y="601" T="0" /><Point X="421" Y="608" T="0" /><Point X="415" Y="615" T="0" /><Point X="410" Y="622" T="0" /><Point X="402" Y="628" T="0" /><Point X="396" Y="633" T="0" /><Point X="389" Y="639" T="0" /><Point X="380" Y="643" T="0" /><Point X="370" Y="646" T="0" /><Point X="362" Y="651" T="0" /><Point X="355" Y="652" T="0" /><Point X="348" Y="655" T="0" /><Point X="343" Y="656" T="0" /><Point X="339" Y="658" T="0" /><Point X="336" Y="659" T="0" /><Point X="332" Y="659" T="0" /><Point X="330" Y="660" T="0" /><Point X="328" Y="661" T="0" /></Gesture>