<Gesture Name="right-square-bracket" Subject="1" Number="1" NumPts="64" Millseconds="0" AppName="Gestures" AppVer="1.0" Date="Wednesday, March 01, 2023" TimeOfDay="16:19:39" ID="2"><Point X="255" Y="127" T="0" /><Point X="283" Y="123" T="0" /><Point X="301" Y="123" T="0" /><Point X="323" Y="121" T="0" /><Point X="350" Y="121" T="0" /><Point X="366" Y="121" T="0" /><Point X="378" Y="121" T="0" /><Point X="388" Y="121" T="0" /><Point X="398" Y="121" T="0" /><Point X="406" Y="121" T="0" /><Point X="410" Y="121" T="0" /><Point X="413" Y="121" T="0" /><Point X="414" Y="121" T="0" /><Point X="415" Y="121" T="0" /><Point X="416" Y="121" T="0" /><Point X="417" Y="121" T="0" /><Point X="417" Y="122" T="0" /><Point X="417" Y="123" T="0" /><Point X="417" Y="129" T="0" /><Point X="417" Y="141" T="0" /><Point X="417" Y="151" T="0" /><Point X="414" Y="171" T="0" /><Point X="412" Y="203" T="0" /><Point X="411" Y="223" T="0" /><Point X="408" Y="251" T="0" /><Point X="404" Y="291" T="0" /><Point X="403" Y="311" T="0" /><Point X="403" Y="327" T="0" /><Point X="403" Y="351" T="0" /><Point X="403" Y="371" T="0" /><Point X="403" Y="382" T="0" /><Point X="403" Y="390" T="0" /><Point X="406" Y="398" T="0" /><Point X="406" Y="405" T="0" /><Point X="407" Y="411" T="0" /><Point X="408" Y="419" T="0" /><Point X="409" Y="422" T="0" /><Point X="409" Y="425" T="0" /><Point X="409" Y="426" T="0" /><Point X="409" Y="427" T="0" /><Point X="409" Y="428" T="0" /><Point X="409" Y="429" T="0" /><Point X="409" Y="430" T="0" /><Point X="409" Y="431" T="0" /><Point X="409" Y="432" T="0" /><Point X="409" Y="433" T="0" /><Point X="408" Y="434" T="0" /><Point X="405" Y="435" T="0" /><Point X="399" Y="436" T="0" /><Point X="388" Y="441" T="0" /><Point X="370" Y="443" T="0" /><Point X="356" Y="446" T="0" /><Point X="345" Y="447" T="0" /><Point X="332" Y="449" T="0" /><Point X="319" Y="451" T="0" /><Point X="309" Y="452" T="0" /><Point X="301" Y="453" T="0" /><Point X="296" Y="454" T="0" /><Point X="294" Y="454" T="0" /><Point X="292" Y="454" T="0" /><Point X="290" Y="454" T="0" /><Point X="288" Y="454" T="0" /><Point X="287" Y="454" T="0" /><Point X="286" Y="454" T="0" /></Gesture>