<Gesture Name="right-square-bracket" Subject="1" Number="1" NumPts="73" Millseconds="0" AppName="Gestures" AppVer="1.0" Date="Wednesday, March 01, 2023" TimeOfDay="16:21:24" ID="3"><Point X="395" Y="527" T="0" /><Point X="403" Y="527" T="0" /><Point X="411" Y="527" T="0" /><Point X="421" Y="527" T="0" /><Point X="430" Y="527" T="0" /><Point X="439" Y="527" T="0" /><Point X="447" Y="527" T="0" /><Point X="453" Y="527" T="0" /><Point X="458" Y="527" T="0" /><Point X="461" Y="527" T="0" /><Point X="462" Y="527" T="0" /><Point X="466" Y="527" T="0" /><Point X="467" Y="527" T="0" /><Point X="468" Y="527" T="0" /><Point X="469" Y="527" T="0" /><Point X="470" Y="527" T="0" /><Point X="471" Y="527" T="0" /><Point X="471" Y="528" T="0" /><Point X="471" Y="529" T="0" /><Point X="471" Y="530" T="0" /><Point X="471" Y="531" T="0" /><Point X="472" Y="534" T="0" /><Point X="473" Y="538" T="0" /><Point X="473" Y="546" T="0" /><Point X="473" Y="554" T="0" /><Point X="473" Y="562" T="0" /><Point X="473" Y="573" T="0" /><Point X="473" Y="583" T="0" /><Point X="473" Y="595" T="0" /><Point X="473" Y="606" T="0" /><Point X="473" Y="615" T="0" /><Point X="473" Y="623" T="0" /><Point X="473" Y="634" T="0" /><Point X="473" Y="644" T="0" /><Point X="473" Y="655" T="0" /><Point X="473" Y="663" T="0" /><Point X="473" Y="668" T="0" /><Point X="473" Y="671" T="0" /><Point X="473" Y="674" T="0" /><Point X="473" Y="676" T="0" /><Point X="473" Y="677" T="0" /><Point X="473" Y="678" T="0" /><Point X="473" Y="679" T="0" /><Point X="473" Y="680" T="0" /><Point X="473" Y="681" T="0" /><Point X="473" Y="682" T="0" /><Point X="470" Y="682" T="0" /><Point X="466" Y="682" T="0" /><Point X="458" Y="683" T="0" /><Point X="448" Y="683" T="0" /><Point X="442" Y="683" T="0" /><Point X="431" Y="683" T="0" /><Point X="420" Y="683" T="0" /><Point X="410" Y="683" T="0" /><Point X="402" Y="683" T="0" /><Point X="395" Y="683" T="0" /><Point X="390" Y="683" T="0" /><Point X="386" Y="683" T="0" /><Point X="383" Y="683" T="0" /><Point X="382" Y="683" T="0" /><Point X="381" Y="683" T="0" /><Point X="380" Y="683" T="0" /><Point X="378" Y="683" T="0" /><Point X="376" Y="683" T="0" /><Point X="375" Y="683" T="0" /><Point X="374" Y="683" T="0" /><Point X="372" Y="684" T="0" /><Point X="370" Y="685" T="0" /><Point X="368" Y="685" T="0" /><Point X="366" Y="685" T="0" /><Point X="365" Y="685" T="0" /><Point X="364" Y="685" T="0" /><Point X="363" Y="685" T="0" /></Gesture>