<Gesture Name="right-curly-brace" Subject="1" Number="1" NumPts="161" Millseconds="0" AppName="Gestures" AppVer="1.0" Date="Wednesday, March 01, 2023" TimeOfDay="16:31:15" ID="10"><Point X="319" Y="235" T="0" /><Point X="333" Y="231" T="0" /><Point X="342" Y="227" T="0" /><Point X="350" Y="226" T="0" /><Point X="357" Y="224" T="0" /><Point X="361" Y="223" T="0" /><Point X="368" Y="223" T="0" /><Point X="374" Y="223" T="0" /><Point X="380" Y="223" T="0" /><Point X="386" Y="223" T="0" /><Point X="394" Y="223" T="0" /><Point X="398" Y="223" T="0" /><Point X="403" Y="223" T="0" /><Point X="406" Y="224" T="0" /><Point X="411" Y="227" T="0" /><Point X="414" Y="229" T="0" /><Point X="420" Y="231" T="0" /><Point X="423" Y="232" T="0" /><Point X="427" Y="234" T="0" /><Point X="431" Y="236" T="0" /><Point X="434" Y="238" T="0" /><Point X="438" Y="241" T="0" /><Point X="440" Y="244" T="0" /><Point X="442" Y="247" T="0" /><Point X="444" Y="249" T="0" /><Point X="446" Y="253" T="0" /><Point X="448" Y="259" T="0" /><Point X="450" Y="266" T="0" /><Point X="451" Y="273" T="0" /><Point X="452" Y="279" T="0" /><Point X="452" Y="289" T="0" /><Point X="452" Y="301" T="0" /><Point X="448" Y="315" T="0" /><Point X="447" Y="320" T="0" /><Point X="442" Y="331" T="0" /><Point X="438" Y="341" T="0" /><Point X="432" Y="352" T="0" /><Point X="428" Y="362" T="0" /><Point X="423" Y="371" T="0" /><Point X="419" Y="378" T="0" /><Point X="416" Y="383" T="0" /><Point X="414" Y="388" T="0" /><Point X="410" Y="395" T="0" /><Point X="406" Y="402" T="0" /><Point X="400" Y="407" T="0" /><Point X="395" Y="416" T="0" /><Point X="390" Y="423" T="0" /><Point X="386" Y="430" T="0" /><Point X="385" Y="434" T="0" /><Point X="383" Y="437" T="0" /><Point X="381" Y="441" T="0" /><Point X="380" Y="442" T="0" /><Point X="379" Y="443" T="0" /><Point X="378" Y="445" T="0" /><Point X="378" Y="447" T="0" /><Point X="378" Y="448" T="0" /><Point X="378" Y="450" T="0" /><Point X="378" Y="451" T="0" /><Point X="379" Y="452" T="0" /><Point X="381" Y="455" T="0" /><Point X="384" Y="457" T="0" /><Point X="387" Y="459" T="0" /><Point X="390" Y="460" T="0" /><Point X="393" Y="461" T="0" /><Point X="396" Y="463" T="0" /><Point X="400" Y="463" T="0" /><Point X="404" Y="463" T="0" /><Point X="411" Y="460" T="0" /><Point X="420" Y="459" T="0" /><Point X="428" Y="456" T="0" /><Point X="434" Y="453" T="0" /><Point X="440" Y="451" T="0" /><Point X="443" Y="448" T="0" /><Point X="448" Y="445" T="0" /><Point X="450" Y="442" T="0" /><Point X="454" Y="438" T="0" /><Point X="457" Y="435" T="0" /><Point X="458" Y="433" T="0" /><Point X="459" Y="432" T="0" /><Point X="459" Y="431" T="0" /><Point X="460" Y="431" T="0" /><Point X="460" Y="430" T="0" /><Point X="460" Y="429" T="0" /><Point X="460" Y="427" T="0" /><Point X="459" Y="426" T="0" /><Point X="458" Y="424" T="0" /><Point X="458" Y="423" T="0" /><Point X="456" Y="423" T="0" /><Point X="455" Y="423" T="0" /><Point X="454" Y="422" T="0" /><Point X="452" Y="420" T="0" /><Point X="449" Y="420" T="0" /><Point X="447" Y="420" T="0" /><Point X="445" Y="420" T="0" /><Point X="442" Y="421" T="0" /><Point X="439" Y="423" T="0" /><Point X="437" Y="424" T="0" /><Point X="435" Y="427" T="0" /><Point X="431" Y="431" T="0" /><Point X="430" Y="434" T="0" /><Point X="428" Y="438" T="0" /><Point X="426" Y="440" T="0" /><Point X="425" Y="442" T="0" /><Point X="424" Y="445" T="0" /><Point X="423" Y="447" T="0" /><Point X="422" Y="451" T="0" /><Point X="422" Y="455" T="0" /><Point X="422" Y="459" T="0" /><Point X="422" Y="466" T="0" /><Point X="422" Y="470" T="0" /><Point X="422" Y="474" T="0" /><Point X="422" Y="477" T="0" /><Point X="422" Y="481" T="0" /><Point X="423" Y="483" T="0" /><Point X="424" Y="486" T="0" /><Point X="426" Y="489" T="0" /><Point X="429" Y="491" T="0" /><Point X="431" Y="494" T="0" /><Point X="435" Y="499" T="0" /><Point X="438" Y="503" T="0" /><Point X="440" Y="509" T="0" /><Point X="442" Y="516" T="0" /><Point X="445" Y="521" T="0" /><Point X="446" Y="527" T="0" /><Point X="446" Y="529" T="0" /><Point X="447" Y="534" T="0" /><Point X="447" Y="535" T="0" /><Point X="447" Y="538" T="0" /><Point X="447" Y="541" T="0" /><Point X="446" Y="544" T="0" /><Point X="445" Y="547" T="0" /><Point X="439" Y="554" T="0" /><Point X="434" Y="561" T="0" /><Point X="428" Y="567" T="0" /><Point X="424" Y="573" T="0" /><Point X="419" Y="577" T="0" /><Point X="414" Y="582" T="0" /><Point X="407" Y="585" T="0" /><Point X="400" Y="588" T="0" /><Point X="394" Y="591" T="0" /><Point X="387" Y="593" T="0" /><Point X="382" Y="595" T="0" /><Point X="378" Y="595" T="0" /><Point X="374" Y="596" T="0" /><Point X="371" Y="597" T="0" /><Point X="367" Y="599" T="0" /><Point X="362" Y="600" T="0" /><Point X="355" Y="600" T="0" /><Point X="350" Y="600" T="0" /><Point X="344" Y="601" T="0" /><Point X="342" Y="601" T="0" /><Point X="338" Y="601" T="0" /><Point X="335" Y="601" T="0" /><Point X="334" Y="601" T="0" /><Point X="333" Y="601" T="0" /><Point X="332" Y="601" T="0" /><Point X="331" Y="601" T="0" /><Point X="330" Y="601" T="0" /><Point X="329" Y="601" T="0" /><Point X="328" Y="601" T="0" /><Point X="327" Y="601" T="0" /></Gesture>