<Gesture Name="right-square-bracket" Subject="1" Number="1" NumPts="48" Millseconds="0" AppName="Gestures" AppVer="1.0" Date="Wednesday, March 01, 2023" TimeOfDay="16:23:06" ID="4"><Point X="350" Y="467" T="0" /><Point X="356" Y="467" T="0" /><Point X="359" Y="467" T="0" /><Point X="361" Y="467" T="0" /><Point X="362" Y="467" T="0" /><Point X="363" Y="467" T="0" /><Point X="364" Y="467" T="0" /><Point X="364" Y="468" T="0" /><Point X="364" Y="469" T="0" /><Point X="364" Y="471" T="0" /><Point X="365" Y="478" T="0" /><Point X="365" Y="487" T="0" /><Point X="365" Y="499" T="0" /><Point X="365" Y="511" T="0" /><Point X="365" Y="524" T="0" /><Point X="365" Y="540" T="0" /><Point X="363" Y="560" T="0" /><Point X="363" Y="571" T="0" /><Point X="363" Y="582" T="0" /><Point X="361" Y="594" T="0" /><Point X="361" Y="604" T="0" /><Point X="361" Y="614" T="0" /><Point X="361" Y="619" T="0" /><Point X="361" Y="623" T="0" /><Point X="361" Y="625" T="0" /><Point X="361" Y="627" T="0" /><Point X="361" Y="628" T="0" /><Point X="361" Y="629" T="0" /><Point X="361" Y="630" T="0" /><Point X="361" Y="631" T="0" /><Point X="361" Y="632" T="0" /><Point X="360" Y="632" T="0" /><Point X="358" Y="633" T="0" /><Point X="356" Y="633" T="0" /><Point X="350" Y="635" T="0" /><Point X="341" Y="636" T="0" /><Point X="335" Y="637" T="0" /><Point X="329" Y="638" T="0" /><Point X="322" Y="639" T="0" /><Point X="316" Y="639" T="0" /><Point X="310" Y="641" T="0" /><Point X="305" Y="642" T="0" /><Point X="302" Y="643" T="0" /><Point X="300" Y="643" T="0" /><Point X="299" Y="643" T="0" /><Point X="298" Y="643" T="0" /><Point X="297" Y="643" T="0" /><Point X="296" Y="643" T="0" /></Gesture>