<Gesture Name="right-square-bracket" Subject="1" Number="1" NumPts="73" Millseconds="0" AppName="Gestures" AppVer="1.0" Date="Wednesday, March 01, 2023" TimeOfDay="16:25:53" ID="6"><Point X="330" Y="480" T="0" /><Point X="346" Y="478" T="0" /><Point X="358" Y="477" T="0" /><Point X="370" Y="476" T="0" /><Point X="382" Y="475" T="0" /><Point X="394" Y="475" T="0" /><Point X="402" Y="474" T="0" /><Point X="409" Y="473" T="0" /><Point X="411" Y="473" T="0" /><Point X="414" Y="473" T="0" /><Point X="416" Y="473" T="0" /><Point X="417" Y="473" T="0" /><Point X="418" Y="473" T="0" /><Point X="418" Y="474" T="0" /><Point X="418" Y="475" T="0" /><Point X="418" Y="476" T="0" /><Point X="418" Y="479" T="0" /><Point X="420" Y="482" T="0" /><Point X="420" Y="488" T="0" /><Point X="420" Y="499" T="0" /><Point X="420" Y="512" T="0" /><Point X="418" Y="523" T="0" /><Point X="418" Y="534" T="0" /><Point X="416" Y="547" T="0" /><Point X="415" Y="559" T="0" /><Point X="414" Y="570" T="0" /><Point X="414" Y="579" T="0" /><Point X="414" Y="586" T="0" /><Point X="414" Y="590" T="0" /><Point X="414" Y="595" T="0" /><Point X="414" Y="599" T="0" /><Point X="414" Y="602" T="0" /><Point X="414" Y="603" T="0" /><Point X="414" Y="605" T="0" /><Point X="414" Y="606" T="0" /><Point X="414" Y="608" T="0" /><Point X="414" Y="610" T="0" /><Point X="414" Y="611" T="0" /><Point X="414" Y="612" T="0" /><Point X="414" Y="614" T="0" /><Point X="414" Y="615" T="0" /><Point X="414" Y="616" T="0" /><Point X="414" Y="617" T="0" /><Point X="414" Y="618" T="0" /><Point X="414" Y="619" T="0" /><Point X="412" Y="620" T="0" /><Point X="408" Y="621" T="0" /><Point X="402" Y="622" T="0" /><Point X="394" Y="623" T="0" /><Point X="386" Y="625" T="0" /><Point X="375" Y="627" T="0" /><Point X="364" Y="631" T="0" /><Point X="354" Y="633" T="0" /><Point X="346" Y="635" T="0" /><Point X="341" Y="637" T="0" /><Point X="336" Y="638" T="0" /><Point X="333" Y="639" T="0" /><Point X="330" Y="640" T="0" /><Point X="326" Y="641" T="0" /><Point X="325" Y="642" T="0" /><Point X="322" Y="642" T="0" /><Point X="320" Y="642" T="0" /><Point X="319" Y="642" T="0" /><Point X="318" Y="642" T="0" /><Point X="316" Y="642" T="0" /><Point X="314" Y="642" T="0" /><Point X="313" Y="643" T="0" /><Point X="312" Y="643" T="0" /><Point X="311" Y="643" T="0" /><Point X="310" Y="643" T="0" /><Point X="308" Y="643" T="0" /><Point X="307" Y="643" T="0" /><Point X="306" Y="643" T="0" /></Gesture>