<Gesture Name="star" Subject="1" Number="1" NumPts="172" Millseconds="0" AppName="Gestures" AppVer="1.0" Date="Wednesday, March 01, 2023" TimeOfDay="16:26:18" ID="6"><Point X="270" Y="603" T="0" /><Point X="271" Y="597" T="0" /><Point X="274" Y="587" T="0" /><Point X="280" Y="563" T="0" /><Point X="285" Y="538" T="0" /><Point X="287" Y="522" T="0" /><Point X="296" Y="484" T="0" /><Point X="301" Y="455" T="0" /><Point X="305" Y="437" T="0" /><Point X="313" Y="412" T="0" /><Point X="319" Y="386" T="0" /><Point X="322" Y="372" T="0" /><Point X="326" Y="360" T="0" /><Point X="331" Y="347" T="0" /><Point X="335" Y="336" T="0" /><Point X="339" Y="327" T="0" /><Point X="342" Y="317" T="0" /><Point X="344" Y="310" T="0" /><Point X="345" Y="307" T="0" /><Point X="346" Y="305" T="0" /><Point X="347" Y="303" T="0" /><Point X="348" Y="301" T="0" /><Point X="348" Y="300" T="0" /><Point X="348" Y="299" T="0" /><Point X="348" Y="298" T="0" /><Point X="348" Y="296" T="0" /><Point X="348" Y="295" T="0" /><Point X="349" Y="298" T="0" /><Point X="350" Y="302" T="0" /><Point X="356" Y="314" T="0" /><Point X="362" Y="327" T="0" /><Point X="370" Y="343" T="0" /><Point X="378" Y="366" T="0" /><Point X="390" Y="391" T="0" /><Point X="397" Y="404" T="0" /><Point X="402" Y="415" T="0" /><Point X="409" Y="434" T="0" /><Point X="417" Y="455" T="0" /><Point X="421" Y="467" T="0" /><Point X="424" Y="474" T="0" /><Point X="427" Y="481" T="0" /><Point X="431" Y="487" T="0" /><Point X="434" Y="491" T="0" /><Point X="435" Y="496" T="0" /><Point X="438" Y="499" T="0" /><Point X="440" Y="503" T="0" /><Point X="441" Y="506" T="0" /><Point X="442" Y="507" T="0" /><Point X="442" Y="509" T="0" /><Point X="442" Y="510" T="0" /><Point X="442" Y="512" T="0" /><Point X="443" Y="513" T="0" /><Point X="443" Y="514" T="0" /><Point X="443" Y="515" T="0" /><Point X="443" Y="516" T="0" /><Point X="443" Y="518" T="0" /><Point X="443" Y="519" T="0" /><Point X="441" Y="519" T="0" /><Point X="434" Y="519" T="0" /><Point X="422" Y="517" T="0" /><Point X="396" Y="510" T="0" /><Point X="372" Y="505" T="0" /><Point X="334" Y="496" T="0" /><Point X="300" Y="490" T="0" /><Point X="282" Y="487" T="0" /><Point X="258" Y="483" T="0" /><Point X="241" Y="480" T="0" /><Point X="231" Y="479" T="0" /><Point X="223" Y="479" T="0" /><Point X="216" Y="479" T="0" /><Point X="210" Y="479" T="0" /><Point X="204" Y="480" T="0" /><Point X="201" Y="481" T="0" /><Point X="196" Y="483" T="0" /><Point X="194" Y="483" T="0" /><Point X="193" Y="483" T="0" /><Point X="191" Y="483" T="0" /><Point X="190" Y="483" T="0" /><Point X="189" Y="483" T="0" /><Point X="188" Y="483" T="0" /><Point X="187" Y="483" T="0" /><Point X="188" Y="483" T="0" /><Point X="192" Y="481" T="0" /><Point X="198" Y="478" T="0" /><Point X="210" Y="471" T="0" /><Point X="233" Y="463" T="0" /><Point X="251" Y="454" T="0" /><Point X="266" Y="446" T="0" /><Point X="295" Y="432" T="0" /><Point X="324" Y="417" T="0" /><Point X="342" Y="407" T="0" /><Point X="371" Y="394" T="0" /><Point X="397" Y="383" T="0" /><Point X="418" Y="371" T="0" /><Point X="432" Y="359" T="0" /><Point X="450" Y="346" T="0" /><Point X="463" Y="335" T="0" /><Point X="473" Y="331" T="0" /><Point X="481" Y="326" T="0" /><Point X="484" Y="324" T="0" /><Point X="485" Y="324" T="0" /><Point X="486" Y="323" T="0" /><Point X="487" Y="323" T="0" /><Point X="488" Y="323" T="0" /><Point X="489" Y="323" T="0" /><Point X="487" Y="323" T="0" /><Point X="485" Y="323" T="0" /><Point X="481" Y="325" T="0" /><Point X="474" Y="330" T="0" /><Point X="467" Y="335" T="0" /><Point X="461" Y="343" T="0" /><Point X="450" Y="351" T="0" /><Point X="441" Y="359" T="0" /><Point X="430" Y="367" T="0" /><Point X="418" Y="379" T="0" /><Point X="404" Y="397" T="0" /><Point X="389" Y="417" T="0" /><Point X="378" Y="427" T="0" /><Point X="366" Y="441" T="0" /><Point X="350" Y="460" T="0" /><Point X="338" Y="479" T="0" /><Point X="332" Y="490" T="0" /><Point X="326" Y="497" T="0" /><Point X="323" Y="502" T="0" /><Point X="319" Y="507" T="0" /><Point X="315" Y="512" T="0" /><Point X="312" Y="519" T="0" /><Point X="309" Y="526" T="0" /><Point X="306" Y="531" T="0" /><Point X="302" Y="536" T="0" /><Point X="299" Y="541" T="0" /><Point X="297" Y="544" T="0" /><Point X="294" Y="548" T="0" /><Point X="293" Y="551" T="0" /><Point X="290" Y="554" T="0" /><Point X="289" Y="555" T="0" /><Point X="287" Y="556" T="0" /><Point X="286" Y="559" T="0" /><Point X="286" Y="560" T="0" /><Point X="284" Y="561" T="0" /><Point X="283" Y="563" T="0" /><Point X="282" Y="564" T="0" /><Point X="281" Y="567" T="0" /><Point X="280" Y="567" T="0" /><Point X="279" Y="569" T="0" /><Point X="277" Y="571" T="0" /><Point X="276" Y="574" T="0" /><Point X="275" Y="576" T="0" /><Point X="274" Y="577" T="0" /><Point X="274" Y="579" T="0" /><Point X="273" Y="581" T="0" /><Point X="272" Y="582" T="0" /><Point X="272" Y="583" T="0" /><Point X="271" Y="585" T="0" /><Point X="270" Y="587" T="0" /><Point X="269" Y="588" T="0" /><Point X="268" Y="590" T="0" /><Point X="267" Y="591" T="0" /><Point X="266" Y="591" T="0" /><Point X="266" Y="592" T="0" /><Point X="266" Y="593" T="0" /><Point X="265" Y="594" T="0" /><Point X="264" Y="595" T="0" /><Point X="263" Y="595" T="0" /><Point X="262" Y="595" T="0" /><Point X="262" Y="596" T="0" /><Point X="262" Y="597" T="0" /><Point X="262" Y="598" T="0" /><Point X="262" Y="599" T="0" /><Point X="262" Y="600" T="0" /><Point X="262" Y="601" T="0" /><Point X="262" Y="602" T="0" /></Gesture>