<Gesture Name="star" Subject="1" Number="1" NumPts="144" Millseconds="0" AppName="Gestures" AppVer="1.0" Date="Wednesday, March 01, 2023" TimeOfDay="16:27:29" ID="7"><Point X="293" Y="583" T="0" /><Point X="299" Y="559" T="0" /><Point X="310" Y="523" T="0" /><Point X="315" Y="504" T="0" /><Point X="326" Y="477" T="0" /><Point X="335" Y="447" T="0" /><Point X="339" Y="431" T="0" /><Point X="342" Y="419" T="0" /><Point X="346" Y="403" T="0" /><Point X="348" Y="391" T="0" /><Point X="351" Y="381" T="0" /><Point X="352" Y="373" T="0" /><Point X="354" Y="368" T="0" /><Point X="354" Y="366" T="0" /><Point X="354" Y="364" T="0" /><Point X="354" Y="363" T="0" /><Point X="354" Y="362" T="0" /><Point X="354" Y="363" T="0" /><Point X="356" Y="366" T="0" /><Point X="360" Y="375" T="0" /><Point X="365" Y="386" T="0" /><Point X="372" Y="400" T="0" /><Point X="379" Y="423" T="0" /><Point X="390" Y="443" T="0" /><Point X="394" Y="453" T="0" /><Point X="400" Y="464" T="0" /><Point X="405" Y="479" T="0" /><Point X="413" Y="497" T="0" /><Point X="417" Y="508" T="0" /><Point X="420" Y="515" T="0" /><Point X="423" Y="520" T="0" /><Point X="425" Y="523" T="0" /><Point X="426" Y="526" T="0" /><Point X="426" Y="527" T="0" /><Point X="426" Y="528" T="0" /><Point X="426" Y="529" T="0" /><Point X="426" Y="530" T="0" /><Point X="426" Y="531" T="0" /><Point X="425" Y="531" T="0" /><Point X="418" Y="531" T="0" /><Point X="404" Y="529" T="0" /><Point X="386" Y="528" T="0" /><Point X="370" Y="528" T="0" /><Point X="342" Y="528" T="0" /><Point X="318" Y="528" T="0" /><Point X="303" Y="528" T="0" /><Point X="286" Y="531" T="0" /><Point X="274" Y="531" T="0" /><Point X="264" Y="533" T="0" /><Point X="256" Y="533" T="0" /><Point X="249" Y="534" T="0" /><Point X="246" Y="534" T="0" /><Point X="244" Y="534" T="0" /><Point X="241" Y="534" T="0" /><Point X="239" Y="534" T="0" /><Point X="238" Y="534" T="0" /><Point X="238" Y="533" T="0" /><Point X="246" Y="527" T="0" /><Point X="262" Y="513" T="0" /><Point X="288" Y="495" T="0" /><Point X="328" Y="472" T="0" /><Point X="360" Y="452" T="0" /><Point X="385" Y="435" T="0" /><Point X="418" Y="408" T="0" /><Point X="445" Y="391" T="0" /><Point X="457" Y="382" T="0" /><Point X="466" Y="375" T="0" /><Point X="474" Y="367" T="0" /><Point X="478" Y="362" T="0" /><Point X="480" Y="361" T="0" /><Point X="483" Y="359" T="0" /><Point X="485" Y="359" T="0" /><Point X="486" Y="358" T="0" /><Point X="486" Y="359" T="0" /><Point X="486" Y="360" T="0" /><Point X="483" Y="365" T="0" /><Point X="478" Y="370" T="0" /><Point X="467" Y="379" T="0" /><Point X="455" Y="390" T="0" /><Point X="443" Y="399" T="0" /><Point X="434" Y="408" T="0" /><Point X="423" Y="418" T="0" /><Point X="407" Y="432" T="0" /><Point X="397" Y="445" T="0" /><Point X="385" Y="459" T="0" /><Point X="378" Y="469" T="0" /><Point X="372" Y="475" T="0" /><Point X="366" Y="485" T="0" /><Point X="361" Y="494" T="0" /><Point X="357" Y="503" T="0" /><Point X="351" Y="511" T="0" /><Point X="348" Y="517" T="0" /><Point X="346" Y="524" T="0" /><Point X="344" Y="527" T="0" /><Point X="341" Y="531" T="0" /><Point X="339" Y="533" T="0" /><Point X="338" Y="535" T="0" /><Point X="337" Y="538" T="0" /><Point X="336" Y="539" T="0" /><Point X="334" Y="540" T="0" /><Point X="332" Y="543" T="0" /><Point X="330" Y="546" T="0" /><Point X="329" Y="548" T="0" /><Point X="327" Y="551" T="0" /><Point X="325" Y="555" T="0" /><Point X="323" Y="558" T="0" /><Point X="322" Y="563" T="0" /><Point X="320" Y="565" T="0" /><Point X="318" Y="567" T="0" /><Point X="316" Y="570" T="0" /><Point X="314" Y="571" T="0" /><Point X="314" Y="572" T="0" /><Point X="314" Y="574" T="0" /><Point X="313" Y="575" T="0" /><Point X="312" Y="576" T="0" /><Point X="310" Y="578" T="0" /><Point X="310" Y="579" T="0" /><Point X="309" Y="580" T="0" /><Point X="308" Y="581" T="0" /><Point X="307" Y="583" T="0" /><Point X="307" Y="584" T="0" /><Point X="306" Y="585" T="0" /><Point X="306" Y="587" T="0" /><Point X="303" Y="588" T="0" /><Point X="302" Y="591" T="0" /><Point X="301" Y="592" T="0" /><Point X="300" Y="593" T="0" /><Point X="299" Y="595" T="0" /><Point X="298" Y="596" T="0" /><Point X="296" Y="599" T="0" /><Point X="295" Y="599" T="0" /><Point X="294" Y="601" T="0" /><Point X="294" Y="603" T="0" /><Point X="293" Y="605" T="0" /><Point X="292" Y="606" T="0" /><Point X="291" Y="607" T="0" /><Point X="290" Y="607" T="0" /><Point X="289" Y="608" T="0" /><Point X="289" Y="609" T="0" /><Point X="288" Y="609" T="0" /><Point X="287" Y="611" T="0" /><Point X="287" Y="612" T="0" /><Point X="287" Y="613" T="0" /><Point X="287" Y="614" T="0" /></Gesture>