<Gesture Name="star" Subject="1" Number="1" NumPts="165" Millseconds="0" AppName="Gestures" AppVer="1.0" Date="Wednesday, March 01, 2023" TimeOfDay="16:29:58" ID="9"><Point X="296" Y="588" T="0" /><Point X="298" Y="579" T="0" /><Point X="300" Y="571" T="0" /><Point X="305" Y="560" T="0" /><Point X="310" Y="539" T="0" /><Point X="315" Y="507" T="0" /><Point X="319" Y="489" T="0" /><Point X="324" Y="455" T="0" /><Point X="327" Y="427" T="0" /><Point X="330" Y="408" T="0" /><Point X="334" Y="382" T="0" /><Point X="338" Y="354" T="0" /><Point X="338" Y="340" T="0" /><Point X="340" Y="331" T="0" /><Point X="341" Y="323" T="0" /><Point X="342" Y="316" T="0" /><Point X="342" Y="313" T="0" /><Point X="342" Y="310" T="0" /><Point X="342" Y="309" T="0" /><Point X="342" Y="308" T="0" /><Point X="342" Y="307" T="0" /><Point X="343" Y="308" T="0" /><Point X="345" Y="311" T="0" /><Point X="349" Y="317" T="0" /><Point X="358" Y="331" T="0" /><Point X="366" Y="352" T="0" /><Point X="373" Y="363" T="0" /><Point X="378" Y="377" T="0" /><Point X="387" Y="402" T="0" /><Point X="390" Y="415" T="0" /><Point X="395" Y="425" T="0" /><Point X="397" Y="430" T="0" /><Point X="398" Y="435" T="0" /><Point X="400" Y="438" T="0" /><Point X="402" Y="441" T="0" /><Point X="405" Y="444" T="0" /><Point X="405" Y="447" T="0" /><Point X="406" Y="449" T="0" /><Point X="407" Y="452" T="0" /><Point X="408" Y="454" T="0" /><Point X="409" Y="456" T="0" /><Point X="410" Y="459" T="0" /><Point X="410" Y="462" T="0" /><Point X="412" Y="463" T="0" /><Point X="412" Y="464" T="0" /><Point X="412" Y="466" T="0" /><Point X="412" Y="467" T="0" /><Point X="411" Y="468" T="0" /><Point X="410" Y="469" T="0" /><Point X="406" Y="471" T="0" /><Point X="398" Y="474" T="0" /><Point X="382" Y="476" T="0" /><Point X="354" Y="478" T="0" /><Point X="336" Y="479" T="0" /><Point X="309" Y="481" T="0" /><Point X="286" Y="481" T="0" /><Point X="276" Y="482" T="0" /><Point X="266" Y="482" T="0" /><Point X="257" Y="483" T="0" /><Point X="250" Y="485" T="0" /><Point X="243" Y="486" T="0" /><Point X="240" Y="487" T="0" /><Point X="237" Y="487" T="0" /><Point X="236" Y="488" T="0" /><Point X="234" Y="488" T="0" /><Point X="232" Y="488" T="0" /><Point X="231" Y="488" T="0" /><Point X="233" Y="487" T="0" /><Point X="237" Y="484" T="0" /><Point X="244" Y="476" T="0" /><Point X="258" Y="463" T="0" /><Point X="278" Y="445" T="0" /><Point X="298" Y="427" T="0" /><Point X="319" Y="399" T="0" /><Point X="337" Y="379" T="0" /><Point X="353" Y="361" T="0" /><Point X="368" Y="347" T="0" /><Point X="378" Y="339" T="0" /><Point X="386" Y="330" T="0" /><Point X="392" Y="322" T="0" /><Point X="396" Y="317" T="0" /><Point X="401" Y="314" T="0" /><Point X="404" Y="311" T="0" /><Point X="407" Y="309" T="0" /><Point X="410" Y="307" T="0" /><Point X="411" Y="306" T="0" /><Point X="413" Y="305" T="0" /><Point X="413" Y="304" T="0" /><Point X="414" Y="303" T="0" /><Point X="415" Y="303" T="0" /><Point X="415" Y="304" T="0" /><Point X="414" Y="307" T="0" /><Point X="411" Y="312" T="0" /><Point X="409" Y="319" T="0" /><Point X="406" Y="325" T="0" /><Point X="399" Y="336" T="0" /><Point X="390" Y="357" T="0" /><Point X="383" Y="371" T="0" /><Point X="380" Y="378" T="0" /><Point X="374" Y="386" T="0" /><Point X="368" Y="397" T="0" /><Point X="361" Y="414" T="0" /><Point X="356" Y="428" T="0" /><Point X="351" Y="438" T="0" /><Point X="350" Y="443" T="0" /><Point X="348" Y="449" T="0" /><Point X="346" Y="454" T="0" /><Point X="343" Y="461" T="0" /><Point X="341" Y="467" T="0" /><Point X="339" Y="474" T="0" /><Point X="337" Y="482" T="0" /><Point X="336" Y="489" T="0" /><Point X="334" Y="493" T="0" /><Point X="333" Y="498" T="0" /><Point X="333" Y="499" T="0" /><Point X="331" Y="502" T="0" /><Point X="330" Y="504" T="0" /><Point X="330" Y="506" T="0" /><Point X="329" Y="509" T="0" /><Point X="328" Y="510" T="0" /><Point X="326" Y="512" T="0" /><Point X="324" Y="515" T="0" /><Point X="322" Y="518" T="0" /><Point X="322" Y="521" T="0" /><Point X="320" Y="525" T="0" /><Point X="318" Y="529" T="0" /><Point X="317" Y="533" T="0" /><Point X="316" Y="535" T="0" /><Point X="314" Y="538" T="0" /><Point X="314" Y="540" T="0" /><Point X="313" Y="542" T="0" /><Point X="311" Y="543" T="0" /><Point X="311" Y="545" T="0" /><Point X="310" Y="546" T="0" /><Point X="310" Y="548" T="0" /><Point X="309" Y="550" T="0" /><Point X="308" Y="551" T="0" /><Point X="307" Y="552" T="0" /><Point X="306" Y="554" T="0" /><Point X="306" Y="555" T="0" /><Point X="306" Y="556" T="0" /><Point X="305" Y="557" T="0" /><Point X="305" Y="558" T="0" /><Point X="305" Y="559" T="0" /><Point X="304" Y="560" T="0" /><Point X="304" Y="563" T="0" /><Point X="303" Y="564" T="0" /><Point X="302" Y="565" T="0" /><Point X="302" Y="567" T="0" /><Point X="302" Y="570" T="0" /><Point X="302" Y="571" T="0" /><Point X="302" Y="573" T="0" /><Point X="301" Y="575" T="0" /><Point X="301" Y="576" T="0" /><Point X="300" Y="578" T="0" /><Point X="300" Y="579" T="0" /><Point X="299" Y="580" T="0" /><Point X="299" Y="581" T="0" /><Point X="299" Y="582" T="0" /><Point X="299" Y="583" T="0" /><Point X="299" Y="584" T="0" /><Point X="299" Y="585" T="0" /><Point X="299" Y="586" T="0" /><Point X="298" Y="586" T="0" /><Point X="298" Y="587" T="0" /></Gesture>