<Gesture Name="star" Subject="1" Number="1" NumPts="163" Millseconds="0" AppName="Gestures" AppVer="1.0" Date="Wednesday, March 01, 2023" TimeOfDay="16:20:40" ID="2"><Point X="179" Y="441" T="0" /><Point X="194" Y="407" T="0" /><Point X="207" Y="377" T="0" /><Point X="219" Y="348" T="0" /><Point X="235" Y="315" T="0" /><Point X="250" Y="281" T="0" /><Point X="256" Y="261" T="0" /><Point X="266" Y="234" T="0" /><Point X="276" Y="215" T="0" /><Point X="285" Y="195" T="0" /><Point X="290" Y="187" T="0" /><Point X="293" Y="179" T="0" /><Point X="295" Y="175" T="0" /><Point X="295" Y="173" T="0" /><Point X="296" Y="172" T="0" /><Point X="298" Y="171" T="0" /><Point X="300" Y="171" T="0" /><Point X="302" Y="176" T="0" /><Point X="308" Y="185" T="0" /><Point X="314" Y="201" T="0" /><Point X="323" Y="221" T="0" /><Point X="334" Y="247" T="0" /><Point X="346" Y="272" T="0" /><Point X="355" Y="291" T="0" /><Point X="366" Y="307" T="0" /><Point X="374" Y="323" T="0" /><Point X="383" Y="339" T="0" /><Point X="387" Y="348" T="0" /><Point X="391" Y="355" T="0" /><Point X="393" Y="359" T="0" /><Point X="394" Y="361" T="0" /><Point X="395" Y="363" T="0" /><Point X="396" Y="364" T="0" /><Point X="396" Y="366" T="0" /><Point X="396" Y="367" T="0" /><Point X="396" Y="368" T="0" /><Point X="396" Y="369" T="0" /><Point X="396" Y="370" T="0" /><Point X="396" Y="371" T="0" /><Point X="391" Y="371" T="0" /><Point X="369" Y="372" T="0" /><Point X="341" Y="374" T="0" /><Point X="302" Y="375" T="0" /><Point X="274" Y="379" T="0" /><Point X="240" Y="383" T="0" /><Point X="214" Y="387" T="0" /><Point X="194" Y="388" T="0" /><Point X="181" Y="391" T="0" /><Point X="169" Y="391" T="0" /><Point X="159" Y="392" T="0" /><Point X="152" Y="395" T="0" /><Point X="146" Y="395" T="0" /><Point X="142" Y="395" T="0" /><Point X="139" Y="395" T="0" /><Point X="138" Y="395" T="0" /><Point X="136" Y="395" T="0" /><Point X="135" Y="395" T="0" /><Point X="134" Y="395" T="0" /><Point X="134" Y="394" T="0" /><Point X="134" Y="392" T="0" /><Point X="142" Y="387" T="0" /><Point X="152" Y="377" T="0" /><Point X="170" Y="360" T="0" /><Point X="209" Y="330" T="0" /><Point X="239" Y="307" T="0" /><Point X="286" Y="270" T="0" /><Point X="332" Y="235" T="0" /><Point X="362" Y="212" T="0" /><Point X="406" Y="187" T="0" /><Point X="433" Y="168" T="0" /><Point X="447" Y="156" T="0" /><Point X="462" Y="146" T="0" /><Point X="471" Y="139" T="0" /><Point X="477" Y="135" T="0" /><Point X="481" Y="134" T="0" /><Point X="482" Y="133" T="0" /><Point X="483" Y="133" T="0" /><Point X="484" Y="133" T="0" /><Point X="485" Y="133" T="0" /><Point X="484" Y="134" T="0" /><Point X="479" Y="138" T="0" /><Point X="470" Y="147" T="0" /><Point X="452" Y="159" T="0" /><Point X="430" Y="174" T="0" /><Point X="418" Y="187" T="0" /><Point X="398" Y="207" T="0" /><Point X="386" Y="220" T="0" /><Point X="372" Y="235" T="0" /><Point X="355" Y="255" T="0" /><Point X="342" Y="275" T="0" /><Point X="330" Y="291" T="0" /><Point X="322" Y="303" T="0" /><Point X="316" Y="314" T="0" /><Point X="308" Y="325" T="0" /><Point X="302" Y="335" T="0" /><Point X="295" Y="344" T="0" /><Point X="291" Y="351" T="0" /><Point X="287" Y="355" T="0" /><Point X="284" Y="360" T="0" /><Point X="282" Y="363" T="0" /><Point X="279" Y="366" T="0" /><Point X="278" Y="371" T="0" /><Point X="274" Y="376" T="0" /><Point X="273" Y="383" T="0" /><Point X="270" Y="391" T="0" /><Point X="267" Y="396" T="0" /><Point X="266" Y="403" T="0" /><Point X="263" Y="409" T="0" /><Point X="262" Y="412" T="0" /><Point X="262" Y="415" T="0" /><Point X="261" Y="418" T="0" /><Point X="259" Y="419" T="0" /><Point X="258" Y="422" T="0" /><Point X="256" Y="425" T="0" /><Point X="254" Y="427" T="0" /><Point X="253" Y="429" T="0" /><Point X="251" Y="432" T="0" /><Point X="250" Y="435" T="0" /><Point X="248" Y="436" T="0" /><Point X="246" Y="441" T="0" /><Point X="244" Y="444" T="0" /><Point X="242" Y="447" T="0" /><Point X="238" Y="451" T="0" /><Point X="237" Y="454" T="0" /><Point X="235" Y="457" T="0" /><Point X="234" Y="458" T="0" /><Point X="231" Y="459" T="0" /><Point X="228" Y="461" T="0" /><Point X="226" Y="463" T="0" /><Point X="223" Y="465" T="0" /><Point X="220" Y="467" T="0" /><Point X="217" Y="470" T="0" /><Point X="213" Y="474" T="0" /><Point X="210" Y="476" T="0" /><Point X="207" Y="478" T="0" /><Point X="204" Y="480" T="0" /><Point X="200" Y="483" T="0" /><Point X="197" Y="486" T="0" /><Point X="192" Y="488" T="0" /><Point X="190" Y="492" T="0" /><Point X="186" Y="494" T="0" /><Point X="184" Y="495" T="0" /><Point X="182" Y="496" T="0" /><Point X="180" Y="499" T="0" /><Point X="178" Y="500" T="0" /><Point X="177" Y="501" T="0" /><Point X="176" Y="502" T="0" /><Point X="175" Y="502" T="0" /><Point X="175" Y="503" T="0" /><Point X="174" Y="503" T="0" /><Point X="173" Y="504" T="0" /><Point X="171" Y="506" T="0" /><Point X="170" Y="507" T="0" /><Point X="169" Y="508" T="0" /><Point X="168" Y="509" T="0" /><Point X="167" Y="510" T="0" /><Point X="166" Y="510" T="0" /><Point X="166" Y="511" T="0" /><Point X="165" Y="512" T="0" /><Point X="165" Y="513" T="0" /><Point X="164" Y="513" T="0" /><Point X="163" Y="514" T="0" /><Point X="162" Y="515" T="0" /></Gesture>