<Gesture Name="triangle" Subject="1" Number="1" NumPts="178" Millseconds="0" AppName="Gestures" AppVer="1.0" Date="Wednesday, March 01, 2023" TimeOfDay="16:15:43" ID="1"><Point X="328" Y="188" T="0" /><Point X="326" Y="190" T="0" /><Point X="325" Y="191" T="0" /><Point X="322" Y="195" T="0" /><Point X="321" Y="196" T="0" /><Point X="319" Y="198" T="0" /><Point X="318" Y="199" T="0" /><Point X="316" Y="203" T="0" /><Point X="314" Y="205" T="0" /><Point X="312" Y="207" T="0" /><Point X="310" Y="211" T="0" /><Point X="310" Y="212" T="0" /><Point X="307" Y="215" T="0" /><Point X="306" Y="218" T="0" /><Point X="304" Y="220" T="0" /><Point X="303" Y="221" T="0" /><Point X="302" Y="223" T="0" /><Point X="301" Y="226" T="0" /><Point X="298" Y="227" T="0" /><Point X="298" Y="229" T="0" /><Point X="297" Y="230" T="0" /><Point X="295" Y="232" T="0" /><Point X="294" Y="234" T="0" /><Point X="292" Y="235" T="0" /><Point X="290" Y="235" T="0" /><Point X="289" Y="236" T="0" /><Point X="288" Y="237" T="0" /><Point X="288" Y="238" T="0" /><Point X="287" Y="239" T="0" /><Point X="286" Y="239" T="0" /><Point X="286" Y="240" T="0" /><Point X="285" Y="240" T="0" /><Point X="284" Y="241" T="0" /><Point X="284" Y="242" T="0" /><Point X="283" Y="243" T="0" /><Point X="282" Y="245" T="0" /><Point X="282" Y="247" T="0" /><Point X="280" Y="249" T="0" /><Point X="278" Y="251" T="0" /><Point X="277" Y="254" T="0" /><Point X="276" Y="256" T="0" /><Point X="276" Y="258" T="0" /><Point X="275" Y="259" T="0" /><Point X="274" Y="261" T="0" /><Point X="274" Y="262" T="0" /><Point X="273" Y="263" T="0" /><Point X="271" Y="265" T="0" /><Point X="271" Y="266" T="0" /><Point X="270" Y="267" T="0" /><Point X="270" Y="269" T="0" /><Point X="269" Y="271" T="0" /><Point X="268" Y="271" T="0" /><Point X="267" Y="274" T="0" /><Point X="267" Y="275" T="0" /><Point X="266" Y="277" T="0" /><Point X="266" Y="278" T="0" /><Point X="264" Y="279" T="0" /><Point X="263" Y="280" T="0" /><Point X="262" Y="281" T="0" /><Point X="262" Y="282" T="0" /><Point X="262" Y="283" T="0" /><Point X="264" Y="283" T="0" /><Point X="267" Y="283" T="0" /><Point X="270" Y="283" T="0" /><Point X="274" Y="283" T="0" /><Point X="277" Y="283" T="0" /><Point X="280" Y="283" T="0" /><Point X="282" Y="283" T="0" /><Point X="284" Y="283" T="0" /><Point X="287" Y="283" T="0" /><Point X="289" Y="283" T="0" /><Point X="290" Y="283" T="0" /><Point X="293" Y="283" T="0" /><Point X="296" Y="283" T="0" /><Point X="298" Y="283" T="0" /><Point X="302" Y="283" T="0" /><Point X="305" Y="283" T="0" /><Point X="308" Y="283" T="0" /><Point X="312" Y="283" T="0" /><Point X="315" Y="283" T="0" /><Point X="317" Y="283" T="0" /><Point X="319" Y="283" T="0" /><Point X="322" Y="283" T="0" /><Point X="323" Y="283" T="0" /><Point X="325" Y="283" T="0" /><Point X="326" Y="283" T="0" /><Point X="328" Y="283" T="0" /><Point X="330" Y="283" T="0" /><Point X="332" Y="283" T="0" /><Point X="334" Y="283" T="0" /><Point X="338" Y="283" T="0" /><Point X="339" Y="283" T="0" /><Point X="342" Y="283" T="0" /><Point X="344" Y="283" T="0" /><Point X="346" Y="283" T="0" /><Point X="347" Y="283" T="0" /><Point X="350" Y="283" T="0" /><Point X="352" Y="283" T="0" /><Point X="354" Y="283" T="0" /><Point X="356" Y="283" T="0" /><Point X="357" Y="283" T="0" /><Point X="359" Y="283" T="0" /><Point X="361" Y="283" T="0" /><Point X="362" Y="283" T="0" /><Point X="363" Y="283" T="0" /><Point X="365" Y="284" T="0" /><Point X="366" Y="284" T="0" /><Point X="368" Y="284" T="0" /><Point X="369" Y="284" T="0" /><Point X="370" Y="284" T="0" /><Point X="371" Y="284" T="0" /><Point X="372" Y="284" T="0" /><Point X="373" Y="284" T="0" /><Point X="373" Y="283" T="0" /><Point X="373" Y="282" T="0" /><Point X="373" Y="281" T="0" /><Point X="372" Y="279" T="0" /><Point X="372" Y="278" T="0" /><Point X="370" Y="276" T="0" /><Point X="368" Y="275" T="0" /><Point X="366" Y="274" T="0" /><Point X="365" Y="271" T="0" /><Point X="363" Y="269" T="0" /><Point X="362" Y="267" T="0" /><Point X="361" Y="267" T="0" /><Point X="360" Y="265" T="0" /><Point X="359" Y="264" T="0" /><Point X="358" Y="263" T="0" /><Point X="357" Y="263" T="0" /><Point X="357" Y="262" T="0" /><Point X="355" Y="260" T="0" /><Point X="354" Y="258" T="0" /><Point X="352" Y="255" T="0" /><Point X="350" Y="253" T="0" /><Point X="349" Y="250" T="0" /><Point X="346" Y="247" T="0" /><Point X="344" Y="243" T="0" /><Point X="343" Y="242" T="0" /><Point X="342" Y="240" T="0" /><Point X="342" Y="239" T="0" /><Point X="341" Y="238" T="0" /><Point X="339" Y="235" T="0" /><Point X="338" Y="234" T="0" /><Point X="338" Y="233" T="0" /><Point X="338" Y="231" T="0" /><Point X="337" Y="228" T="0" /><Point X="336" Y="227" T="0" /><Point X="335" Y="226" T="0" /><Point X="334" Y="224" T="0" /><Point X="334" Y="222" T="0" /><Point X="333" Y="221" T="0" /><Point X="333" Y="220" T="0" /><Point X="333" Y="219" T="0" /><Point X="332" Y="219" T="0" /><Point X="332" Y="218" T="0" /><Point X="332" Y="217" T="0" /><Point X="332" Y="216" T="0" /><Point X="331" Y="215" T="0" /><Point X="330" Y="213" T="0" /><Point X="330" Y="211" T="0" /><Point X="330" Y="210" T="0" /><Point X="330" Y="208" T="0" /><Point X="330" Y="207" T="0" /><Point X="330" Y="206" T="0" /><Point X="329" Y="204" T="0" /><Point X="329" Y="203" T="0" /><Point X="329" Y="202" T="0" /><Point X="328" Y="202" T="0" /><Point X="327" Y="202" T="0" /><Point X="327" Y="201" T="0" /><Point X="326" Y="200" T="0" /><Point X="325" Y="199" T="0" /><Point X="324" Y="198" T="0" /><Point X="323" Y="197" T="0" /><Point X="322" Y="197" T="0" /><Point X="322" Y="196" T="0" /><Point X="322" Y="195" T="0" /><Point X="321" Y="195" T="0" /></Gesture>