<Gesture Name="triangle" Subject="1" Number="1" NumPts="196" Millseconds="0" AppName="Gestures" AppVer="1.0" Date="Wednesday, March 01, 2023" TimeOfDay="16:30:12" ID="10"><Point X="330" Y="400" T="0" /><Point X="324" Y="412" T="0" /><Point X="318" Y="421" T="0" /><Point X="315" Y="430" T="0" /><Point X="310" Y="439" T="0" /><Point X="306" Y="450" T="0" /><Point X="303" Y="460" T="0" /><Point X="299" Y="468" T="0" /><Point X="298" Y="475" T="0" /><Point X="295" Y="481" T="0" /><Point X="294" Y="484" T="0" /><Point X="293" Y="489" T="0" /><Point X="292" Y="491" T="0" /><Point X="290" Y="493" T="0" /><Point X="290" Y="496" T="0" /><Point X="289" Y="499" T="0" /><Point X="288" Y="501" T="0" /><Point X="287" Y="503" T="0" /><Point X="287" Y="505" T="0" /><Point X="286" Y="507" T="0" /><Point X="286" Y="508" T="0" /><Point X="285" Y="511" T="0" /><Point X="283" Y="512" T="0" /><Point X="282" Y="514" T="0" /><Point X="282" Y="515" T="0" /><Point X="282" Y="516" T="0" /><Point X="281" Y="519" T="0" /><Point X="280" Y="519" T="0" /><Point X="279" Y="519" T="0" /><Point X="279" Y="520" T="0" /><Point X="279" Y="521" T="0" /><Point X="279" Y="522" T="0" /><Point X="279" Y="523" T="0" /><Point X="279" Y="524" T="0" /><Point X="284" Y="523" T="0" /><Point X="288" Y="523" T="0" /><Point X="293" Y="522" T="0" /><Point X="294" Y="521" T="0" /><Point X="297" Y="520" T="0" /><Point X="300" Y="519" T="0" /><Point X="302" Y="519" T="0" /><Point X="303" Y="519" T="0" /><Point X="306" Y="518" T="0" /><Point X="309" Y="518" T="0" /><Point X="312" Y="517" T="0" /><Point X="315" Y="517" T="0" /><Point X="318" Y="517" T="0" /><Point X="324" Y="515" T="0" /><Point X="327" Y="515" T="0" /><Point X="330" Y="515" T="0" /><Point X="333" Y="515" T="0" /><Point X="334" Y="515" T="0" /><Point X="337" Y="515" T="0" /><Point X="338" Y="515" T="0" /><Point X="339" Y="515" T="0" /><Point X="341" Y="515" T="0" /><Point X="342" Y="515" T="0" /><Point X="344" Y="515" T="0" /><Point X="346" Y="515" T="0" /><Point X="348" Y="515" T="0" /><Point X="353" Y="515" T="0" /><Point X="355" Y="515" T="0" /><Point X="361" Y="515" T="0" /><Point X="363" Y="515" T="0" /><Point X="367" Y="515" T="0" /><Point X="370" Y="515" T="0" /><Point X="372" Y="515" T="0" /><Point X="374" Y="515" T="0" /><Point X="375" Y="515" T="0" /><Point X="377" Y="515" T="0" /><Point X="378" Y="515" T="0" /><Point X="379" Y="515" T="0" /><Point X="381" Y="515" T="0" /><Point X="382" Y="515" T="0" /><Point X="385" Y="515" T="0" /><Point X="386" Y="515" T="0" /><Point X="390" Y="515" T="0" /><Point X="392" Y="515" T="0" /><Point X="394" Y="515" T="0" /><Point X="397" Y="515" T="0" /><Point X="399" Y="515" T="0" /><Point X="402" Y="516" T="0" /><Point X="404" Y="516" T="0" /><Point X="406" Y="518" T="0" /><Point X="408" Y="518" T="0" /><Point X="410" Y="518" T="0" /><Point X="411" Y="519" T="0" /><Point X="413" Y="519" T="0" /><Point X="414" Y="519" T="0" /><Point X="415" Y="519" T="0" /><Point X="417" Y="519" T="0" /><Point X="417" Y="520" T="0" /><Point X="414" Y="519" T="0" /><Point X="412" Y="517" T="0" /><Point X="410" Y="516" T="0" /><Point X="408" Y="515" T="0" /><Point X="407" Y="514" T="0" /><Point X="406" Y="512" T="0" /><Point X="404" Y="511" T="0" /><Point X="402" Y="509" T="0" /><Point X="400" Y="507" T="0" /><Point X="399" Y="506" T="0" /><Point X="398" Y="504" T="0" /><Point X="396" Y="503" T="0" /><Point X="395" Y="502" T="0" /><Point X="394" Y="500" T="0" /><Point X="392" Y="499" T="0" /><Point X="390" Y="496" T="0" /><Point X="389" Y="495" T="0" /><Point X="386" Y="491" T="0" /><Point X="384" Y="490" T="0" /><Point X="383" Y="488" T="0" /><Point X="382" Y="485" T="0" /><Point X="380" Y="483" T="0" /><Point X="378" Y="482" T="0" /><Point X="376" Y="480" T="0" /><Point X="375" Y="480" T="0" /><Point X="375" Y="479" T="0" /><Point X="374" Y="478" T="0" /><Point X="374" Y="477" T="0" /><Point X="372" Y="476" T="0" /><Point X="371" Y="476" T="0" /><Point X="370" Y="475" T="0" /><Point X="370" Y="473" T="0" /><Point X="370" Y="471" T="0" /><Point X="369" Y="471" T="0" /><Point X="368" Y="469" T="0" /><Point X="367" Y="468" T="0" /><Point X="366" Y="467" T="0" /><Point X="365" Y="466" T="0" /><Point X="364" Y="466" T="0" /><Point X="363" Y="465" T="0" /><Point X="363" Y="464" T="0" /><Point X="362" Y="463" T="0" /><Point X="361" Y="462" T="0" /><Point X="360" Y="460" T="0" /><Point X="359" Y="459" T="0" /><Point X="359" Y="457" T="0" /><Point X="358" Y="456" T="0" /><Point X="358" Y="455" T="0" /><Point X="358" Y="454" T="0" /><Point X="357" Y="453" T="0" /><Point X="357" Y="452" T="0" /><Point X="357" Y="451" T="0" /><Point X="356" Y="451" T="0" /><Point X="356" Y="450" T="0" /><Point X="355" Y="450" T="0" /><Point X="355" Y="448" T="0" /><Point X="354" Y="447" T="0" /><Point X="354" Y="446" T="0" /><Point X="353" Y="445" T="0" /><Point X="353" Y="444" T="0" /><Point X="352" Y="443" T="0" /><Point X="352" Y="441" T="0" /><Point X="351" Y="439" T="0" /><Point X="351" Y="438" T="0" /><Point X="350" Y="436" T="0" /><Point X="350" Y="435" T="0" /><Point X="349" Y="432" T="0" /><Point X="348" Y="431" T="0" /><Point X="347" Y="429" T="0" /><Point X="346" Y="428" T="0" /><Point X="346" Y="427" T="0" /><Point X="346" Y="426" T="0" /><Point X="346" Y="425" T="0" /><Point X="346" Y="424" T="0" /><Point X="345" Y="423" T="0" /><Point X="344" Y="423" T="0" /><Point X="344" Y="422" T="0" /><Point X="343" Y="420" T="0" /><Point X="342" Y="420" T="0" /><Point X="342" Y="419" T="0" /><Point X="341" Y="418" T="0" /><Point X="340" Y="418" T="0" /><Point X="339" Y="417" T="0" /><Point X="339" Y="416" T="0" /><Point X="339" Y="415" T="0" /><Point X="338" Y="415" T="0" /><Point X="338" Y="414" T="0" /><Point X="337" Y="413" T="0" /><Point X="336" Y="411" T="0" /><Point X="335" Y="411" T="0" /><Point X="334" Y="408" T="0" /><Point X="334" Y="407" T="0" /><Point X="333" Y="407" T="0" /><Point X="333" Y="406" T="0" /><Point X="332" Y="406" T="0" /><Point X="332" Y="405" T="0" /><Point X="332" Y="404" T="0" /><Point X="332" Y="403" T="0" /><Point X="332" Y="402" T="0" /><Point X="331" Y="402" T="0" /><Point X="331" Y="401" T="0" /><Point X="330" Y="401" T="0" /><Point X="330" Y="400" T="0" /><Point X="330" Y="399" T="0" /></Gesture>