<Gesture Name="triangle" Subject="1" Number="1" NumPts="117" Millseconds="0" AppName="Gestures" AppVer="1.0" Date="Wednesday, March 01, 2023" TimeOfDay="16:29:09" ID="9"><Point X="326" Y="414" T="0" /><Point X="319" Y="431" T="0" /><Point X="313" Y="447" T="0" /><Point X="304" Y="465" T="0" /><Point X="300" Y="476" T="0" /><Point X="294" Y="485" T="0" /><Point X="291" Y="493" T="0" /><Point X="288" Y="503" T="0" /><Point X="284" Y="511" T="0" /><Point X="281" Y="517" T="0" /><Point X="279" Y="524" T="0" /><Point X="278" Y="529" T="0" /><Point X="276" Y="533" T="0" /><Point X="275" Y="535" T="0" /><Point X="274" Y="536" T="0" /><Point X="273" Y="537" T="0" /><Point X="273" Y="538" T="0" /><Point X="273" Y="539" T="0" /><Point X="273" Y="540" T="0" /><Point X="273" Y="541" T="0" /><Point X="273" Y="542" T="0" /><Point X="273" Y="543" T="0" /><Point X="274" Y="543" T="0" /><Point X="279" Y="539" T="0" /><Point X="286" Y="535" T="0" /><Point X="294" Y="529" T="0" /><Point X="305" Y="523" T="0" /><Point X="323" Y="515" T="0" /><Point X="342" Y="507" T="0" /><Point X="356" Y="504" T="0" /><Point X="371" Y="502" T="0" /><Point X="394" Y="499" T="0" /><Point X="411" Y="498" T="0" /><Point X="420" Y="498" T="0" /><Point X="429" Y="498" T="0" /><Point X="438" Y="498" T="0" /><Point X="448" Y="498" T="0" /><Point X="454" Y="500" T="0" /><Point X="459" Y="501" T="0" /><Point X="463" Y="501" T="0" /><Point X="466" Y="502" T="0" /><Point X="467" Y="503" T="0" /><Point X="468" Y="503" T="0" /><Point X="468" Y="502" T="0" /><Point X="466" Y="500" T="0" /><Point X="466" Y="499" T="0" /><Point X="462" Y="496" T="0" /><Point X="458" Y="490" T="0" /><Point X="454" Y="483" T="0" /><Point X="448" Y="473" T="0" /><Point X="444" Y="463" T="0" /><Point X="438" Y="455" T="0" /><Point X="434" Y="449" T="0" /><Point X="428" Y="441" T="0" /><Point X="422" Y="432" T="0" /><Point X="415" Y="424" T="0" /><Point X="410" Y="418" T="0" /><Point X="405" Y="411" T="0" /><Point X="402" Y="409" T="0" /><Point X="398" Y="406" T="0" /><Point X="396" Y="403" T="0" /><Point X="394" Y="402" T="0" /><Point X="390" Y="400" T="0" /><Point X="388" Y="399" T="0" /><Point X="386" Y="398" T="0" /><Point X="382" Y="397" T="0" /><Point X="382" Y="396" T="0" /><Point X="380" Y="395" T="0" /><Point X="378" Y="395" T="0" /><Point X="377" Y="395" T="0" /><Point X="375" Y="395" T="0" /><Point X="374" Y="395" T="0" /><Point X="373" Y="394" T="0" /><Point X="370" Y="394" T="0" /><Point X="369" Y="394" T="0" /><Point X="368" Y="393" T="0" /><Point X="366" Y="392" T="0" /><Point X="365" Y="392" T="0" /><Point X="363" Y="392" T="0" /><Point X="362" Y="392" T="0" /><Point X="361" Y="392" T="0" /><Point X="361" Y="391" T="0" /><Point X="360" Y="391" T="0" /><Point X="359" Y="391" T="0" /><Point X="358" Y="391" T="0" /><Point X="358" Y="390" T="0" /><Point X="357" Y="390" T="0" /><Point X="357" Y="389" T="0" /><Point X="356" Y="389" T="0" /><Point X="354" Y="388" T="0" /><Point X="354" Y="387" T="0" /><Point X="352" Y="387" T="0" /><Point X="350" Y="385" T="0" /><Point X="350" Y="384" T="0" /><Point X="349" Y="383" T="0" /><Point X="348" Y="383" T="0" /><Point X="347" Y="382" T="0" /><Point X="346" Y="381" T="0" /><Point X="346" Y="380" T="0" /><Point X="345" Y="380" T="0" /><Point X="344" Y="380" T="0" /><Point X="343" Y="380" T="0" /><Point X="342" Y="383" T="0" /><Point X="339" Y="387" T="0" /><Point X="338" Y="391" T="0" /><Point X="336" Y="395" T="0" /><Point X="335" Y="397" T="0" /><Point X="335" Y="399" T="0" /><Point X="334" Y="402" T="0" /><Point X="334" Y="403" T="0" /><Point X="332" Y="405" T="0" /><Point X="331" Y="406" T="0" /><Point X="330" Y="407" T="0" /><Point X="330" Y="408" T="0" /><Point X="330" Y="409" T="0" /><Point X="330" Y="410" T="0" /><Point X="330" Y="411" T="0" /></Gesture>