<Gesture Name="triangle" Subject="1" Number="1" NumPts="103" Millseconds="0" AppName="Gestures" AppVer="1.0" Date="Wednesday, March 01, 2023" TimeOfDay="16:20:53" ID="3"><Point X="254" Y="179" T="0" /><Point X="245" Y="195" T="0" /><Point X="234" Y="216" T="0" /><Point X="225" Y="242" T="0" /><Point X="214" Y="263" T="0" /><Point X="210" Y="273" T="0" /><Point X="205" Y="287" T="0" /><Point X="199" Y="304" T="0" /><Point X="195" Y="315" T="0" /><Point X="193" Y="325" T="0" /><Point X="191" Y="329" T="0" /><Point X="190" Y="331" T="0" /><Point X="190" Y="335" T="0" /><Point X="189" Y="336" T="0" /><Point X="189" Y="337" T="0" /><Point X="189" Y="338" T="0" /><Point X="189" Y="339" T="0" /><Point X="189" Y="340" T="0" /><Point X="190" Y="340" T="0" /><Point X="199" Y="338" T="0" /><Point X="214" Y="335" T="0" /><Point X="232" Y="333" T="0" /><Point X="258" Y="330" T="0" /><Point X="294" Y="328" T="0" /><Point X="314" Y="327" T="0" /><Point X="346" Y="327" T="0" /><Point X="371" Y="327" T="0" /><Point X="386" Y="329" T="0" /><Point X="401" Y="331" T="0" /><Point X="416" Y="333" T="0" /><Point X="428" Y="335" T="0" /><Point X="437" Y="339" T="0" /><Point X="444" Y="341" T="0" /><Point X="447" Y="343" T="0" /><Point X="450" Y="343" T="0" /><Point X="452" Y="344" T="0" /><Point X="454" Y="344" T="0" /><Point X="454" Y="346" T="0" /><Point X="455" Y="347" T="0" /><Point X="456" Y="347" T="0" /><Point X="457" Y="347" T="0" /><Point X="457" Y="345" T="0" /><Point X="454" Y="339" T="0" /><Point X="449" Y="323" T="0" /><Point X="442" Y="312" T="0" /><Point X="434" Y="303" T="0" /><Point X="422" Y="286" T="0" /><Point X="408" Y="262" T="0" /><Point X="398" Y="241" T="0" /><Point X="393" Y="232" T="0" /><Point X="382" Y="217" T="0" /><Point X="372" Y="203" T="0" /><Point X="365" Y="191" T="0" /><Point X="358" Y="179" T="0" /><Point X="352" Y="171" T="0" /><Point X="348" Y="166" T="0" /><Point X="345" Y="160" T="0" /><Point X="342" Y="155" T="0" /><Point X="338" Y="149" T="0" /><Point X="336" Y="146" T="0" /><Point X="332" Y="143" T="0" /><Point X="330" Y="139" T="0" /><Point X="326" Y="137" T="0" /><Point X="322" Y="135" T="0" /><Point X="318" Y="134" T="0" /><Point X="314" Y="131" T="0" /><Point X="311" Y="129" T="0" /><Point X="309" Y="127" T="0" /><Point X="307" Y="127" T="0" /><Point X="305" Y="127" T="0" /><Point X="302" Y="126" T="0" /><Point X="299" Y="124" T="0" /><Point X="298" Y="123" T="0" /><Point X="295" Y="123" T="0" /><Point X="293" Y="123" T="0" /><Point X="292" Y="123" T="0" /><Point X="290" Y="122" T="0" /><Point X="288" Y="122" T="0" /><Point X="286" Y="122" T="0" /><Point X="284" Y="121" T="0" /><Point X="282" Y="120" T="0" /><Point X="280" Y="119" T="0" /><Point X="277" Y="119" T="0" /><Point X="275" Y="119" T="0" /><Point X="273" Y="118" T="0" /><Point X="270" Y="117" T="0" /><Point X="269" Y="117" T="0" /><Point X="267" Y="117" T="0" /><Point X="266" Y="117" T="0" /><Point X="264" Y="117" T="0" /><Point X="263" Y="117" T="0" /><Point X="262" Y="117" T="0" /><Point X="261" Y="117" T="0" /><Point X="260" Y="117" T="0" /><Point X="258" Y="117" T="0" /><Point X="258" Y="116" T="0" /><Point X="258" Y="115" T="0" /><Point X="257" Y="115" T="0" /><Point X="256" Y="115" T="0" /><Point X="255" Y="115" T="0" /><Point X="254" Y="115" T="0" /><Point X="253" Y="115" T="0" /><Point X="252" Y="115" T="0" /></Gesture>