<Gesture Name="triangle" Subject="1" Number="1" NumPts="84" Millseconds="0" AppName="Gestures" AppVer="1.0" Date="Wednesday, March 01, 2023" TimeOfDay="16:23:47" ID="5"><Point X="337" Y="506" T="0" /><Point X="326" Y="524" T="0" /><Point X="318" Y="540" T="0" /><Point X="310" Y="558" T="0" /><Point X="302" Y="569" T="0" /><Point X="299" Y="576" T="0" /><Point X="296" Y="583" T="0" /><Point X="292" Y="591" T="0" /><Point X="290" Y="595" T="0" /><Point X="289" Y="599" T="0" /><Point X="288" Y="602" T="0" /><Point X="287" Y="603" T="0" /><Point X="286" Y="605" T="0" /><Point X="285" Y="607" T="0" /><Point X="285" Y="608" T="0" /><Point X="285" Y="609" T="0" /><Point X="285" Y="610" T="0" /><Point X="285" Y="611" T="0" /><Point X="288" Y="609" T="0" /><Point X="294" Y="607" T="0" /><Point X="301" Y="602" T="0" /><Point X="312" Y="599" T="0" /><Point X="324" Y="597" T="0" /><Point X="339" Y="595" T="0" /><Point X="351" Y="592" T="0" /><Point X="361" Y="592" T="0" /><Point X="369" Y="592" T="0" /><Point X="379" Y="592" T="0" /><Point X="389" Y="592" T="0" /><Point X="398" Y="592" T="0" /><Point X="405" Y="592" T="0" /><Point X="409" Y="592" T="0" /><Point X="413" Y="592" T="0" /><Point X="416" Y="592" T="0" /><Point X="418" Y="592" T="0" /><Point X="420" Y="592" T="0" /><Point X="422" Y="592" T="0" /><Point X="423" Y="592" T="0" /><Point X="424" Y="592" T="0" /><Point X="424" Y="591" T="0" /><Point X="423" Y="589" T="0" /><Point X="420" Y="582" T="0" /><Point X="414" Y="569" T="0" /><Point X="409" Y="559" T="0" /><Point X="402" Y="552" T="0" /><Point X="398" Y="543" T="0" /><Point X="390" Y="534" T="0" /><Point X="384" Y="523" T="0" /><Point X="378" Y="515" T="0" /><Point X="376" Y="509" T="0" /><Point X="374" Y="504" T="0" /><Point X="372" Y="503" T="0" /><Point X="370" Y="500" T="0" /><Point X="369" Y="498" T="0" /><Point X="368" Y="496" T="0" /><Point X="367" Y="496" T="0" /><Point X="367" Y="495" T="0" /><Point X="366" Y="495" T="0" /><Point X="365" Y="495" T="0" /><Point X="364" Y="495" T="0" /><Point X="364" Y="494" T="0" /><Point X="363" Y="494" T="0" /><Point X="362" Y="494" T="0" /><Point X="361" Y="494" T="0" /><Point X="360" Y="494" T="0" /><Point X="359" Y="494" T="0" /><Point X="358" Y="492" T="0" /><Point X="358" Y="491" T="0" /><Point X="357" Y="491" T="0" /><Point X="356" Y="491" T="0" /><Point X="355" Y="491" T="0" /><Point X="354" Y="490" T="0" /><Point X="354" Y="489" T="0" /><Point X="353" Y="489" T="0" /><Point X="352" Y="488" T="0" /><Point X="352" Y="487" T="0" /><Point X="351" Y="487" T="0" /><Point X="350" Y="487" T="0" /><Point X="349" Y="487" T="0" /><Point X="348" Y="487" T="0" /><Point X="347" Y="487" T="0" /><Point X="346" Y="486" T="0" /><Point X="346" Y="485" T="0" /><Point X="346" Y="484" T="0" /></Gesture>