<Gesture Name="triangle" Subject="1" Number="1" NumPts="100" Millseconds="0" AppName="Gestures" AppVer="1.0" Date="Wednesday, March 01, 2023" TimeOfDay="16:18:54" ID="2"><Point X="334" Y="191" T="0" /><Point X="320" Y="215" T="0" /><Point X="305" Y="247" T="0" /><Point X="298" Y="262" T="0" /><Point X="295" Y="271" T="0" /><Point X="290" Y="283" T="0" /><Point X="287" Y="297" T="0" /><Point X="284" Y="309" T="0" /><Point X="280" Y="319" T="0" /><Point X="278" Y="323" T="0" /><Point X="276" Y="328" T="0" /><Point X="274" Y="331" T="0" /><Point X="274" Y="334" T="0" /><Point X="272" Y="335" T="0" /><Point X="272" Y="336" T="0" /><Point X="271" Y="337" T="0" /><Point X="271" Y="338" T="0" /><Point X="271" Y="339" T="0" /><Point X="271" Y="340" T="0" /><Point X="271" Y="341" T="0" /><Point X="271" Y="342" T="0" /><Point X="274" Y="342" T="0" /><Point X="278" Y="342" T="0" /><Point X="290" Y="341" T="0" /><Point X="306" Y="339" T="0" /><Point X="321" Y="339" T="0" /><Point X="333" Y="336" T="0" /><Point X="351" Y="336" T="0" /><Point X="369" Y="338" T="0" /><Point X="381" Y="339" T="0" /><Point X="390" Y="340" T="0" /><Point X="402" Y="341" T="0" /><Point X="411" Y="343" T="0" /><Point X="418" Y="346" T="0" /><Point X="425" Y="347" T="0" /><Point X="430" Y="348" T="0" /><Point X="430" Y="349" T="0" /><Point X="432" Y="350" T="0" /><Point X="433" Y="351" T="0" /><Point X="434" Y="351" T="0" /><Point X="434" Y="349" T="0" /><Point X="434" Y="346" T="0" /><Point X="431" Y="342" T="0" /><Point X="428" Y="332" T="0" /><Point X="422" Y="321" T="0" /><Point X="418" Y="310" T="0" /><Point X="414" Y="301" T="0" /><Point X="411" Y="294" T="0" /><Point X="410" Y="287" T="0" /><Point X="407" Y="278" T="0" /><Point X="405" Y="267" T="0" /><Point X="402" Y="259" T="0" /><Point X="401" Y="251" T="0" /><Point X="400" Y="247" T="0" /><Point X="399" Y="244" T="0" /><Point X="398" Y="242" T="0" /><Point X="397" Y="239" T="0" /><Point X="394" Y="236" T="0" /><Point X="393" Y="235" T="0" /><Point X="391" Y="233" T="0" /><Point X="390" Y="231" T="0" /><Point X="389" Y="227" T="0" /><Point X="386" Y="226" T="0" /><Point X="386" Y="224" T="0" /><Point X="384" Y="223" T="0" /><Point X="382" Y="220" T="0" /><Point X="381" Y="218" T="0" /><Point X="378" Y="216" T="0" /><Point X="377" Y="215" T="0" /><Point X="376" Y="213" T="0" /><Point X="374" Y="211" T="0" /><Point X="373" Y="211" T="0" /><Point X="372" Y="210" T="0" /><Point X="370" Y="209" T="0" /><Point X="369" Y="207" T="0" /><Point X="366" Y="206" T="0" /><Point X="365" Y="204" T="0" /><Point X="364" Y="203" T="0" /><Point X="362" Y="203" T="0" /><Point X="360" Y="202" T="0" /><Point X="359" Y="201" T="0" /><Point X="358" Y="200" T="0" /><Point X="356" Y="199" T="0" /><Point X="354" Y="198" T="0" /><Point X="352" Y="196" T="0" /><Point X="351" Y="195" T="0" /><Point X="350" Y="195" T="0" /><Point X="348" Y="192" T="0" /><Point X="347" Y="191" T="0" /><Point X="346" Y="190" T="0" /><Point X="345" Y="190" T="0" /><Point X="345" Y="189" T="0" /><Point X="344" Y="188" T="0" /><Point X="343" Y="188" T="0" /><Point X="342" Y="187" T="0" /><Point X="341" Y="186" T="0" /><Point X="340" Y="186" T="0" /><Point X="339" Y="186" T="0" /><Point X="338" Y="186" T="0" /><Point X="338" Y="185" T="0" /></Gesture>