<Gesture Name="v" Subject="1" Number="1" NumPts="138" Millseconds="0" AppName="Gestures" AppVer="1.0" Date="Wednesday, March 01, 2023" TimeOfDay="16:31:03" ID="10"><Point X="261" Y="375" T="0" /><Point X="265" Y="386" T="0" /><Point X="270" Y="395" T="0" /><Point X="274" Y="406" T="0" /><Point X="277" Y="412" T="0" /><Point X="280" Y="419" T="0" /><Point X="282" Y="424" T="0" /><Point X="284" Y="427" T="0" /><Point X="286" Y="432" T="0" /><Point X="288" Y="435" T="0" /><Point X="290" Y="440" T="0" /><Point X="292" Y="443" T="0" /><Point X="294" Y="446" T="0" /><Point X="295" Y="449" T="0" /><Point X="297" Y="452" T="0" /><Point X="299" Y="455" T="0" /><Point X="301" Y="458" T="0" /><Point X="302" Y="460" T="0" /><Point X="303" Y="463" T="0" /><Point X="304" Y="465" T="0" /><Point X="305" Y="467" T="0" /><Point X="305" Y="469" T="0" /><Point X="306" Y="472" T="0" /><Point X="308" Y="475" T="0" /><Point X="309" Y="476" T="0" /><Point X="310" Y="479" T="0" /><Point X="311" Y="482" T="0" /><Point X="313" Y="484" T="0" /><Point X="314" Y="487" T="0" /><Point X="316" Y="490" T="0" /><Point X="317" Y="491" T="0" /><Point X="318" Y="494" T="0" /><Point X="318" Y="495" T="0" /><Point X="318" Y="497" T="0" /><Point X="319" Y="498" T="0" /><Point X="320" Y="501" T="0" /><Point X="322" Y="503" T="0" /><Point X="322" Y="505" T="0" /><Point X="324" Y="507" T="0" /><Point X="326" Y="510" T="0" /><Point X="327" Y="512" T="0" /><Point X="329" Y="515" T="0" /><Point X="331" Y="519" T="0" /><Point X="333" Y="523" T="0" /><Point X="334" Y="526" T="0" /><Point X="334" Y="528" T="0" /><Point X="335" Y="530" T="0" /><Point X="335" Y="532" T="0" /><Point X="337" Y="534" T="0" /><Point X="338" Y="535" T="0" /><Point X="338" Y="536" T="0" /><Point X="340" Y="538" T="0" /><Point X="341" Y="540" T="0" /><Point X="341" Y="541" T="0" /><Point X="342" Y="543" T="0" /><Point X="342" Y="544" T="0" /><Point X="344" Y="546" T="0" /><Point X="345" Y="547" T="0" /><Point X="346" Y="547" T="0" /><Point X="346" Y="548" T="0" /><Point X="347" Y="549" T="0" /><Point X="347" Y="550" T="0" /><Point X="348" Y="551" T="0" /><Point X="349" Y="551" T="0" /><Point X="350" Y="551" T="0" /><Point X="350" Y="553" T="0" /><Point X="350" Y="554" T="0" /><Point X="350" Y="555" T="0" /><Point X="350" Y="554" T="0" /><Point X="351" Y="553" T="0" /><Point X="352" Y="550" T="0" /><Point X="354" Y="547" T="0" /><Point X="355" Y="540" T="0" /><Point X="358" Y="532" T="0" /><Point X="361" Y="525" T="0" /><Point X="362" Y="517" T="0" /><Point X="365" Y="510" T="0" /><Point X="366" Y="506" T="0" /><Point X="366" Y="501" T="0" /><Point X="367" Y="499" T="0" /><Point X="370" Y="495" T="0" /><Point X="372" Y="490" T="0" /><Point X="374" Y="484" T="0" /><Point X="375" Y="479" T="0" /><Point X="376" Y="473" T="0" /><Point X="378" Y="468" T="0" /><Point X="379" Y="463" T="0" /><Point X="380" Y="459" T="0" /><Point X="381" Y="457" T="0" /><Point X="382" Y="455" T="0" /><Point X="382" Y="452" T="0" /><Point X="383" Y="450" T="0" /><Point X="384" Y="448" T="0" /><Point X="384" Y="446" T="0" /><Point X="387" Y="440" T="0" /><Point X="389" Y="435" T="0" /><Point X="390" Y="430" T="0" /><Point X="393" Y="426" T="0" /><Point X="394" Y="421" T="0" /><Point X="394" Y="418" T="0" /><Point X="396" Y="415" T="0" /><Point X="397" Y="412" T="0" /><Point X="398" Y="411" T="0" /><Point X="398" Y="410" T="0" /><Point X="398" Y="407" T="0" /><Point X="399" Y="406" T="0" /><Point X="400" Y="405" T="0" /><Point X="401" Y="404" T="0" /><Point X="402" Y="402" T="0" /><Point X="402" Y="400" T="0" /><Point X="403" Y="399" T="0" /><Point X="404" Y="398" T="0" /><Point X="405" Y="396" T="0" /><Point X="405" Y="394" T="0" /><Point X="406" Y="393" T="0" /><Point X="406" Y="391" T="0" /><Point X="406" Y="390" T="0" /><Point X="407" Y="389" T="0" /><Point X="408" Y="387" T="0" /><Point X="408" Y="386" T="0" /><Point X="410" Y="385" T="0" /><Point X="410" Y="383" T="0" /><Point X="411" Y="382" T="0" /><Point X="411" Y="379" T="0" /><Point X="412" Y="379" T="0" /><Point X="413" Y="377" T="0" /><Point X="413" Y="375" T="0" /><Point X="413" Y="374" T="0" /><Point X="413" Y="373" T="0" /><Point X="413" Y="372" T="0" /><Point X="413" Y="371" T="0" /><Point X="414" Y="370" T="0" /><Point X="414" Y="369" T="0" /><Point X="414" Y="368" T="0" /><Point X="414" Y="367" T="0" /><Point X="416" Y="366" T="0" /><Point X="416" Y="365" T="0" /><Point X="416" Y="364" T="0" /></Gesture>