<Gesture Name="v" Subject="1" Number="1" NumPts="66" Millseconds="0" AppName="Gestures" AppVer="1.0" Date="Wednesday, March 01, 2023" TimeOfDay="16:19:48" ID="2"><Point X="176" Y="214" T="0" /><Point X="177" Y="217" T="0" /><Point X="179" Y="224" T="0" /><Point X="181" Y="231" T="0" /><Point X="185" Y="239" T="0" /><Point X="188" Y="249" T="0" /><Point X="193" Y="260" T="0" /><Point X="198" Y="271" T="0" /><Point X="202" Y="283" T="0" /><Point X="208" Y="296" T="0" /><Point X="212" Y="307" T="0" /><Point X="215" Y="320" T="0" /><Point X="219" Y="331" T="0" /><Point X="222" Y="343" T="0" /><Point X="225" Y="353" T="0" /><Point X="226" Y="359" T="0" /><Point X="230" Y="366" T="0" /><Point X="232" Y="371" T="0" /><Point X="234" Y="376" T="0" /><Point X="234" Y="379" T="0" /><Point X="235" Y="383" T="0" /><Point X="236" Y="385" T="0" /><Point X="238" Y="387" T="0" /><Point X="238" Y="389" T="0" /><Point X="238" Y="391" T="0" /><Point X="238" Y="392" T="0" /><Point X="239" Y="393" T="0" /><Point X="240" Y="395" T="0" /><Point X="241" Y="398" T="0" /><Point X="242" Y="399" T="0" /><Point X="242" Y="400" T="0" /><Point X="242" Y="403" T="0" /><Point X="243" Y="404" T="0" /><Point X="243" Y="405" T="0" /><Point X="243" Y="406" T="0" /><Point X="243" Y="407" T="0" /><Point X="243" Y="409" T="0" /><Point X="243" Y="410" T="0" /><Point X="243" Y="411" T="0" /><Point X="245" Y="413" T="0" /><Point X="246" Y="415" T="0" /><Point X="246" Y="416" T="0" /><Point X="246" Y="417" T="0" /><Point X="246" Y="418" T="0" /><Point X="246" Y="419" T="0" /><Point X="248" Y="419" T="0" /><Point X="254" Y="410" T="0" /><Point X="262" Y="399" T="0" /><Point X="273" Y="383" T="0" /><Point X="285" Y="368" T="0" /><Point X="302" Y="348" T="0" /><Point X="319" Y="326" T="0" /><Point X="335" Y="304" T="0" /><Point X="346" Y="290" T="0" /><Point X="356" Y="276" T="0" /><Point X="366" Y="262" T="0" /><Point X="373" Y="252" T="0" /><Point X="379" Y="242" T="0" /><Point X="383" Y="233" T="0" /><Point X="386" Y="227" T="0" /><Point X="387" Y="225" T="0" /><Point X="388" Y="223" T="0" /><Point X="389" Y="222" T="0" /><Point X="389" Y="221" T="0" /><Point X="389" Y="220" T="0" /><Point X="389" Y="219" T="0" /></Gesture>