<Gesture Name="v" Subject="1" Number="1" NumPts="42" Millseconds="0" AppName="Gestures" AppVer="1.0" Date="Wednesday, March 01, 2023" TimeOfDay="16:23:09" ID="4"><Point X="279" Y="528" T="0" /><Point X="290" Y="541" T="0" /><Point X="306" Y="556" T="0" /><Point X="322" Y="574" T="0" /><Point X="337" Y="591" T="0" /><Point X="346" Y="603" T="0" /><Point X="353" Y="611" T="0" /><Point X="355" Y="615" T="0" /><Point X="358" Y="620" T="0" /><Point X="360" Y="623" T="0" /><Point X="362" Y="627" T="0" /><Point X="363" Y="628" T="0" /><Point X="364" Y="630" T="0" /><Point X="364" Y="631" T="0" /><Point X="364" Y="633" T="0" /><Point X="364" Y="634" T="0" /><Point X="366" Y="628" T="0" /><Point X="372" Y="611" T="0" /><Point X="380" Y="583" T="0" /><Point X="394" Y="555" T="0" /><Point X="412" Y="518" T="0" /><Point X="429" Y="491" T="0" /><Point X="444" Y="462" T="0" /><Point X="464" Y="430" T="0" /><Point X="481" Y="409" T="0" /><Point X="494" Y="395" T="0" /><Point X="506" Y="382" T="0" /><Point X="518" Y="367" T="0" /><Point X="525" Y="358" T="0" /><Point X="533" Y="349" T="0" /><Point X="539" Y="343" T="0" /><Point X="542" Y="339" T="0" /><Point X="545" Y="336" T="0" /><Point X="549" Y="333" T="0" /><Point X="550" Y="331" T="0" /><Point X="553" Y="329" T="0" /><Point X="555" Y="327" T="0" /><Point X="557" Y="326" T="0" /><Point X="558" Y="325" T="0" /><Point X="558" Y="324" T="0" /><Point X="558" Y="323" T="0" /><Point X="559" Y="323" T="0" /></Gesture>