<Gesture Name="v" Subject="1" Number="1" NumPts="65" Millseconds="0" AppName="Gestures" AppVer="1.0" Date="Wednesday, March 01, 2023" TimeOfDay="16:25:56" ID="6"><Point X="271" Y="555" T="0" /><Point X="282" Y="564" T="0" /><Point X="290" Y="575" T="0" /><Point X="302" Y="587" T="0" /><Point X="310" Y="598" T="0" /><Point X="318" Y="608" T="0" /><Point X="324" Y="617" T="0" /><Point X="328" Y="622" T="0" /><Point X="333" Y="627" T="0" /><Point X="335" Y="630" T="0" /><Point X="337" Y="633" T="0" /><Point X="338" Y="635" T="0" /><Point X="339" Y="636" T="0" /><Point X="339" Y="637" T="0" /><Point X="340" Y="637" T="0" /><Point X="340" Y="638" T="0" /><Point X="340" Y="639" T="0" /><Point X="341" Y="639" T="0" /><Point X="342" Y="640" T="0" /><Point X="342" Y="641" T="0" /><Point X="343" Y="642" T="0" /><Point X="344" Y="643" T="0" /><Point X="346" Y="644" T="0" /><Point X="348" Y="645" T="0" /><Point X="350" Y="647" T="0" /><Point X="352" Y="650" T="0" /><Point X="355" Y="651" T="0" /><Point X="357" Y="655" T="0" /><Point X="358" Y="657" T="0" /><Point X="359" Y="659" T="0" /><Point X="362" Y="660" T="0" /><Point X="362" Y="661" T="0" /><Point X="363" Y="662" T="0" /><Point X="363" Y="663" T="0" /><Point X="364" Y="663" T="0" /><Point X="365" Y="663" T="0" /><Point X="366" Y="664" T="0" /><Point X="366" Y="665" T="0" /><Point X="367" Y="665" T="0" /><Point X="368" Y="666" T="0" /><Point X="368" Y="667" T="0" /><Point X="369" Y="667" T="0" /><Point X="370" Y="668" T="0" /><Point X="370" Y="669" T="0" /><Point X="370" Y="670" T="0" /><Point X="372" Y="664" T="0" /><Point X="376" Y="655" T="0" /><Point X="379" Y="647" T="0" /><Point X="384" Y="635" T="0" /><Point X="392" Y="611" T="0" /><Point X="402" Y="581" T="0" /><Point X="408" Y="566" T="0" /><Point X="420" Y="535" T="0" /><Point X="435" Y="495" T="0" /><Point X="440" Y="480" T="0" /><Point X="445" Y="463" T="0" /><Point X="452" Y="443" T="0" /><Point X="455" Y="431" T="0" /><Point X="458" Y="421" T="0" /><Point X="460" Y="415" T="0" /><Point X="460" Y="413" T="0" /><Point X="460" Y="411" T="0" /><Point X="460" Y="410" T="0" /><Point X="460" Y="408" T="0" /><Point X="460" Y="407" T="0" /></Gesture>