<Gesture Name="v" Subject="1" Number="1" NumPts="82" Millseconds="0" AppName="Gestures" AppVer="1.0" Date="Wednesday, March 01, 2023" TimeOfDay="16:28:41" ID="8"><Point X="294" Y="519" T="0" /><Point X="298" Y="529" T="0" /><Point X="304" Y="540" T="0" /><Point X="309" Y="550" T="0" /><Point X="313" Y="557" T="0" /><Point X="314" Y="560" T="0" /><Point X="316" Y="563" T="0" /><Point X="317" Y="565" T="0" /><Point X="318" Y="566" T="0" /><Point X="318" Y="567" T="0" /><Point X="318" Y="568" T="0" /><Point X="318" Y="569" T="0" /><Point X="318" Y="571" T="0" /><Point X="318" Y="572" T="0" /><Point X="318" Y="575" T="0" /><Point X="320" Y="577" T="0" /><Point X="320" Y="579" T="0" /><Point X="321" Y="582" T="0" /><Point X="323" Y="586" T="0" /><Point X="324" Y="588" T="0" /><Point X="326" Y="591" T="0" /><Point X="328" Y="594" T="0" /><Point X="330" Y="596" T="0" /><Point X="330" Y="599" T="0" /><Point X="331" Y="601" T="0" /><Point X="332" Y="603" T="0" /><Point X="333" Y="606" T="0" /><Point X="334" Y="609" T="0" /><Point X="334" Y="611" T="0" /><Point X="336" Y="613" T="0" /><Point X="337" Y="615" T="0" /><Point X="337" Y="617" T="0" /><Point X="338" Y="619" T="0" /><Point X="338" Y="620" T="0" /><Point X="339" Y="623" T="0" /><Point X="340" Y="625" T="0" /><Point X="341" Y="626" T="0" /><Point X="342" Y="627" T="0" /><Point X="343" Y="630" T="0" /><Point X="343" Y="631" T="0" /><Point X="344" Y="632" T="0" /><Point X="345" Y="634" T="0" /><Point X="346" Y="635" T="0" /><Point X="346" Y="637" T="0" /><Point X="347" Y="639" T="0" /><Point X="348" Y="640" T="0" /><Point X="348" Y="642" T="0" /><Point X="348" Y="643" T="0" /><Point X="348" Y="644" T="0" /><Point X="348" Y="645" T="0" /><Point X="348" Y="646" T="0" /><Point X="348" Y="647" T="0" /><Point X="350" Y="646" T="0" /><Point X="352" Y="639" T="0" /><Point X="354" Y="636" T="0" /><Point X="355" Y="632" T="0" /><Point X="357" Y="627" T="0" /><Point X="362" Y="618" T="0" /><Point X="365" Y="605" T="0" /><Point X="368" Y="593" T="0" /><Point X="371" Y="583" T="0" /><Point X="373" Y="576" T="0" /><Point X="375" Y="567" T="0" /><Point X="378" Y="556" T="0" /><Point X="384" Y="543" T="0" /><Point X="387" Y="533" T="0" /><Point X="392" Y="524" T="0" /><Point X="394" Y="519" T="0" /><Point X="395" Y="513" T="0" /><Point X="398" Y="508" T="0" /><Point X="399" Y="503" T="0" /><Point X="402" Y="499" T="0" /><Point X="402" Y="496" T="0" /><Point X="403" Y="494" T="0" /><Point X="404" Y="491" T="0" /><Point X="405" Y="490" T="0" /><Point X="406" Y="488" T="0" /><Point X="406" Y="487" T="0" /><Point X="406" Y="485" T="0" /><Point X="406" Y="484" T="0" /><Point X="406" Y="483" T="0" /><Point X="406" Y="482" T="0" /></Gesture>