<Gesture Name="v" Subject="1" Number="1" NumPts="42" Millseconds="0" AppName="Gestures" AppVer="1.0" Date="Wednesday, March 01, 2023" TimeOfDay="16:29:43" ID="9"><Point X="264" Y="453" T="0" /><Point X="277" Y="475" T="0" /><Point X="288" Y="493" T="0" /><Point X="298" Y="505" T="0" /><Point X="310" Y="526" T="0" /><Point X="322" Y="547" T="0" /><Point X="331" Y="563" T="0" /><Point X="335" Y="573" T="0" /><Point X="339" Y="580" T="0" /><Point X="344" Y="589" T="0" /><Point X="346" Y="595" T="0" /><Point X="351" Y="602" T="0" /><Point X="353" Y="607" T="0" /><Point X="354" Y="611" T="0" /><Point X="356" Y="613" T="0" /><Point X="357" Y="616" T="0" /><Point X="358" Y="618" T="0" /><Point X="358" Y="619" T="0" /><Point X="359" Y="620" T="0" /><Point X="360" Y="621" T="0" /><Point X="360" Y="622" T="0" /><Point X="360" Y="623" T="0" /><Point X="362" Y="618" T="0" /><Point X="368" Y="605" T="0" /><Point X="371" Y="595" T="0" /><Point X="374" Y="586" T="0" /><Point X="382" Y="567" T="0" /><Point X="390" Y="540" T="0" /><Point X="398" Y="523" T="0" /><Point X="403" Y="511" T="0" /><Point X="413" Y="488" T="0" /><Point X="422" Y="468" T="0" /><Point X="426" Y="455" T="0" /><Point X="429" Y="446" T="0" /><Point X="434" Y="438" T="0" /><Point X="437" Y="429" T="0" /><Point X="438" Y="421" T="0" /><Point X="440" Y="416" T="0" /><Point X="442" Y="413" T="0" /><Point X="442" Y="411" T="0" /><Point X="442" Y="410" T="0" /><Point X="442" Y="409" T="0" /></Gesture>