<Gesture Name="x" Subject="1" Number="1" NumPts="94" Millseconds="0" AppName="Gestures" AppVer="1.0" Date="Wednesday, March 01, 2023" TimeOfDay="16:15:58" ID="1"><Point X="296" Y="231" T="0" /><Point X="297" Y="234" T="0" /><Point X="298" Y="237" T="0" /><Point X="300" Y="239" T="0" /><Point X="302" Y="241" T="0" /><Point X="306" Y="246" T="0" /><Point X="308" Y="250" T="0" /><Point X="311" Y="255" T="0" /><Point X="315" Y="259" T="0" /><Point X="319" Y="267" T="0" /><Point X="325" Y="275" T="0" /><Point X="330" Y="281" T="0" /><Point X="335" Y="288" T="0" /><Point X="339" Y="295" T="0" /><Point X="345" Y="301" T="0" /><Point X="350" Y="308" T="0" /><Point X="357" Y="315" T="0" /><Point X="362" Y="323" T="0" /><Point X="369" Y="333" T="0" /><Point X="374" Y="340" T="0" /><Point X="379" Y="347" T="0" /><Point X="383" Y="352" T="0" /><Point X="389" Y="358" T="0" /><Point X="393" Y="363" T="0" /><Point X="398" Y="370" T="0" /><Point X="402" Y="375" T="0" /><Point X="405" Y="380" T="0" /><Point X="409" Y="384" T="0" /><Point X="411" Y="388" T="0" /><Point X="413" Y="391" T="0" /><Point X="415" Y="393" T="0" /><Point X="417" Y="396" T="0" /><Point X="418" Y="398" T="0" /><Point X="420" Y="399" T="0" /><Point X="421" Y="401" T="0" /><Point X="423" Y="402" T="0" /><Point X="424" Y="404" T="0" /><Point X="425" Y="406" T="0" /><Point X="426" Y="407" T="0" /><Point X="426" Y="408" T="0" /><Point X="427" Y="409" T="0" /><Point X="427" Y="410" T="0" /><Point X="427" Y="411" T="0" /><Point X="428" Y="407" T="0" /><Point X="429" Y="400" T="0" /><Point X="431" Y="390" T="0" /><Point X="431" Y="383" T="0" /><Point X="431" Y="375" T="0" /><Point X="431" Y="367" T="0" /><Point X="431" Y="355" T="0" /><Point X="431" Y="342" T="0" /><Point X="431" Y="330" T="0" /><Point X="431" Y="322" T="0" /><Point X="431" Y="314" T="0" /><Point X="431" Y="306" T="0" /><Point X="431" Y="294" T="0" /><Point X="431" Y="282" T="0" /><Point X="431" Y="272" T="0" /><Point X="432" Y="267" T="0" /><Point X="432" Y="261" T="0" /><Point X="432" Y="257" T="0" /><Point X="433" Y="251" T="0" /><Point X="434" Y="243" T="0" /><Point X="434" Y="238" T="0" /><Point X="435" Y="231" T="0" /><Point X="435" Y="228" T="0" /><Point X="435" Y="225" T="0" /><Point X="435" Y="224" T="0" /><Point X="435" Y="223" T="0" /><Point X="434" Y="223" T="0" /><Point X="434" Y="225" T="0" /><Point X="430" Y="230" T="0" /><Point X="423" Y="235" T="0" /><Point X="413" Y="247" T="0" /><Point X="392" Y="278" T="0" /><Point X="376" Y="299" T="0" /><Point X="362" Y="319" T="0" /><Point X="346" Y="346" T="0" /><Point X="328" Y="378" T="0" /><Point X="318" Y="391" T="0" /><Point X="308" Y="406" T="0" /><Point X="295" Y="430" T="0" /><Point X="286" Y="450" T="0" /><Point X="281" Y="461" T="0" /><Point X="278" Y="468" T="0" /><Point X="276" Y="471" T="0" /><Point X="274" Y="475" T="0" /><Point X="273" Y="476" T="0" /><Point X="272" Y="477" T="0" /><Point X="271" Y="478" T="0" /><Point X="271" Y="479" T="0" /><Point X="270" Y="479" T="0" /><Point X="270" Y="481" T="0" /><Point X="270" Y="482" T="0" /></Gesture>