<Gesture Name="x" Subject="1" Number="1" NumPts="79" Millseconds="0" AppName="Gestures" AppVer="1.0" Date="Wednesday, March 01, 2023" TimeOfDay="16:19:00" ID="2"><Point X="221" Y="195" T="0" /><Point X="230" Y="199" T="0" /><Point X="241" Y="206" T="0" /><Point X="250" Y="212" T="0" /><Point X="266" Y="224" T="0" /><Point X="289" Y="240" T="0" /><Point X="314" Y="263" T="0" /><Point X="332" Y="279" T="0" /><Point X="353" Y="298" T="0" /><Point X="378" Y="319" T="0" /><Point X="398" Y="339" T="0" /><Point X="411" Y="350" T="0" /><Point X="421" Y="359" T="0" /><Point X="430" Y="367" T="0" /><Point X="438" Y="374" T="0" /><Point X="446" Y="380" T="0" /><Point X="450" Y="384" T="0" /><Point X="453" Y="387" T="0" /><Point X="454" Y="389" T="0" /><Point X="455" Y="390" T="0" /><Point X="456" Y="390" T="0" /><Point X="456" Y="391" T="0" /><Point X="456" Y="392" T="0" /><Point X="456" Y="393" T="0" /><Point X="456" Y="394" T="0" /><Point X="456" Y="392" T="0" /><Point X="456" Y="388" T="0" /><Point X="456" Y="377" T="0" /><Point X="454" Y="355" T="0" /><Point X="452" Y="331" T="0" /><Point X="450" Y="307" T="0" /><Point X="450" Y="274" T="0" /><Point X="450" Y="244" T="0" /><Point X="450" Y="217" T="0" /><Point X="450" Y="198" T="0" /><Point X="450" Y="184" T="0" /><Point X="450" Y="176" T="0" /><Point X="450" Y="168" T="0" /><Point X="450" Y="164" T="0" /><Point X="450" Y="162" T="0" /><Point X="450" Y="161" T="0" /><Point X="450" Y="160" T="0" /><Point X="450" Y="159" T="0" /><Point X="449" Y="159" T="0" /><Point X="448" Y="159" T="0" /><Point X="447" Y="159" T="0" /><Point X="446" Y="159" T="0" /><Point X="444" Y="159" T="0" /><Point X="438" Y="161" T="0" /><Point X="429" Y="166" T="0" /><Point X="416" Y="174" T="0" /><Point X="399" Y="187" T="0" /><Point X="385" Y="199" T="0" /><Point X="366" Y="219" T="0" /><Point X="346" Y="244" T="0" /><Point X="323" Y="270" T="0" /><Point X="307" Y="294" T="0" /><Point X="293" Y="315" T="0" /><Point X="282" Y="339" T="0" /><Point X="273" Y="355" T="0" /><Point X="266" Y="366" T="0" /><Point X="261" Y="377" T="0" /><Point X="254" Y="387" T="0" /><Point X="249" Y="397" T="0" /><Point X="243" Y="403" T="0" /><Point X="239" Y="411" T="0" /><Point X="235" Y="416" T="0" /><Point X="231" Y="421" T="0" /><Point X="229" Y="424" T="0" /><Point X="226" Y="429" T="0" /><Point X="223" Y="433" T="0" /><Point X="221" Y="439" T="0" /><Point X="219" Y="442" T="0" /><Point X="216" Y="445" T="0" /><Point X="215" Y="447" T="0" /><Point X="215" Y="448" T="0" /><Point X="214" Y="449" T="0" /><Point X="214" Y="450" T="0" /><Point X="214" Y="451" T="0" /></Gesture>