<Gesture Name="x" Subject="1" Number="1" NumPts="59" Millseconds="0" AppName="Gestures" AppVer="1.0" Date="Wednesday, March 01, 2023" TimeOfDay="16:22:14" ID="4"><Point X="307" Y="594" T="0" /><Point X="331" Y="608" T="0" /><Point X="352" Y="620" T="0" /><Point X="364" Y="630" T="0" /><Point X="378" Y="642" T="0" /><Point X="396" Y="655" T="0" /><Point X="407" Y="661" T="0" /><Point X="415" Y="667" T="0" /><Point X="420" Y="669" T="0" /><Point X="423" Y="671" T="0" /><Point X="426" Y="672" T="0" /><Point X="427" Y="675" T="0" /><Point X="428" Y="675" T="0" /><Point X="429" Y="676" T="0" /><Point X="430" Y="677" T="0" /><Point X="433" Y="671" T="0" /><Point X="434" Y="660" T="0" /><Point X="434" Y="649" T="0" /><Point X="434" Y="639" T="0" /><Point X="434" Y="619" T="0" /><Point X="434" Y="591" T="0" /><Point X="433" Y="579" T="0" /><Point X="432" Y="564" T="0" /><Point X="430" Y="547" T="0" /><Point X="430" Y="533" T="0" /><Point X="427" Y="524" T="0" /><Point X="426" Y="519" T="0" /><Point X="426" Y="517" T="0" /><Point X="426" Y="515" T="0" /><Point X="425" Y="515" T="0" /><Point X="422" Y="515" T="0" /><Point X="418" Y="517" T="0" /><Point X="412" Y="523" T="0" /><Point X="405" Y="530" T="0" /><Point X="398" Y="537" T="0" /><Point X="386" Y="548" T="0" /><Point X="369" Y="566" T="0" /><Point X="349" Y="591" T="0" /><Point X="338" Y="603" T="0" /><Point X="329" Y="615" T="0" /><Point X="320" Y="629" T="0" /><Point X="309" Y="645" T="0" /><Point X="299" Y="657" T="0" /><Point X="294" Y="667" T="0" /><Point X="289" Y="674" T="0" /><Point X="284" Y="678" T="0" /><Point X="280" Y="682" T="0" /><Point X="278" Y="686" T="0" /><Point X="274" Y="691" T="0" /><Point X="270" Y="697" T="0" /><Point X="268" Y="700" T="0" /><Point X="266" Y="705" T="0" /><Point X="264" Y="707" T="0" /><Point X="263" Y="708" T="0" /><Point X="262" Y="711" T="0" /><Point X="262" Y="712" T="0" /><Point X="261" Y="712" T="0" /><Point X="261" Y="713" T="0" /><Point X="261" Y="714" T="0" /></Gesture>