<Gesture Name="x" Subject="1" Number="1" NumPts="63" Millseconds="0" AppName="Gestures" AppVer="1.0" Date="Wednesday, March 01, 2023" TimeOfDay="16:25:06" ID="6"><Point X="302" Y="491" T="0" /><Point X="321" Y="507" T="0" /><Point X="342" Y="523" T="0" /><Point X="370" Y="548" T="0" /><Point X="392" Y="564" T="0" /><Point X="414" Y="578" T="0" /><Point X="430" Y="589" T="0" /><Point X="444" Y="601" T="0" /><Point X="455" Y="609" T="0" /><Point X="464" Y="615" T="0" /><Point X="469" Y="618" T="0" /><Point X="471" Y="620" T="0" /><Point X="474" Y="622" T="0" /><Point X="475" Y="624" T="0" /><Point X="475" Y="625" T="0" /><Point X="476" Y="625" T="0" /><Point X="476" Y="626" T="0" /><Point X="476" Y="627" T="0" /><Point X="477" Y="626" T="0" /><Point X="478" Y="621" T="0" /><Point X="482" Y="611" T="0" /><Point X="487" Y="599" T="0" /><Point X="493" Y="587" T="0" /><Point X="498" Y="571" T="0" /><Point X="504" Y="553" T="0" /><Point X="509" Y="541" T="0" /><Point X="512" Y="529" T="0" /><Point X="515" Y="518" T="0" /><Point X="518" Y="508" T="0" /><Point X="518" Y="503" T="0" /><Point X="519" Y="499" T="0" /><Point X="519" Y="496" T="0" /><Point X="519" Y="495" T="0" /><Point X="519" Y="494" T="0" /><Point X="519" Y="493" T="0" /><Point X="518" Y="493" T="0" /><Point X="516" Y="493" T="0" /><Point X="511" Y="495" T="0" /><Point X="504" Y="499" T="0" /><Point X="493" Y="507" T="0" /><Point X="480" Y="515" T="0" /><Point X="465" Y="527" T="0" /><Point X="450" Y="543" T="0" /><Point X="430" Y="566" T="0" /><Point X="408" Y="591" T="0" /><Point X="386" Y="615" T="0" /><Point X="366" Y="642" T="0" /><Point X="346" Y="667" T="0" /><Point X="331" Y="684" T="0" /><Point X="322" Y="696" T="0" /><Point X="312" Y="708" T="0" /><Point X="306" Y="718" T="0" /><Point X="302" Y="725" T="0" /><Point X="299" Y="729" T="0" /><Point X="296" Y="733" T="0" /><Point X="294" Y="735" T="0" /><Point X="293" Y="736" T="0" /><Point X="293" Y="737" T="0" /><Point X="292" Y="737" T="0" /><Point X="291" Y="739" T="0" /><Point X="290" Y="739" T="0" /><Point X="290" Y="740" T="0" /><Point X="289" Y="740" T="0" /></Gesture>