<Gesture Name="x" Subject="1" Number="1" NumPts="56" Millseconds="0" AppName="Gestures" AppVer="1.0" Date="Wednesday, March 01, 2023" TimeOfDay="16:27:40" ID="8"><Point X="311" Y="469" T="0" /><Point X="327" Y="483" T="0" /><Point X="346" Y="503" T="0" /><Point X="366" Y="523" T="0" /><Point X="382" Y="539" T="0" /><Point X="392" Y="549" T="0" /><Point X="406" Y="562" T="0" /><Point X="419" Y="575" T="0" /><Point X="428" Y="583" T="0" /><Point X="437" Y="590" T="0" /><Point X="440" Y="595" T="0" /><Point X="442" Y="597" T="0" /><Point X="445" Y="599" T="0" /><Point X="446" Y="600" T="0" /><Point X="447" Y="603" T="0" /><Point X="448" Y="603" T="0" /><Point X="448" Y="604" T="0" /><Point X="448" Y="605" T="0" /><Point X="448" Y="606" T="0" /><Point X="449" Y="602" T="0" /><Point X="451" Y="588" T="0" /><Point X="454" Y="579" T="0" /><Point X="455" Y="569" T="0" /><Point X="458" Y="544" T="0" /><Point X="462" Y="518" T="0" /><Point X="466" Y="502" T="0" /><Point X="471" Y="475" T="0" /><Point X="475" Y="455" T="0" /><Point X="478" Y="443" T="0" /><Point X="481" Y="435" T="0" /><Point X="482" Y="430" T="0" /><Point X="483" Y="427" T="0" /><Point X="484" Y="426" T="0" /><Point X="484" Y="423" T="0" /><Point X="483" Y="423" T="0" /><Point X="482" Y="423" T="0" /><Point X="479" Y="425" T="0" /><Point X="473" Y="429" T="0" /><Point X="459" Y="440" T="0" /><Point X="439" Y="457" T="0" /><Point X="427" Y="467" T="0" /><Point X="409" Y="487" T="0" /><Point X="381" Y="520" T="0" /><Point X="359" Y="543" T="0" /><Point X="345" Y="561" T="0" /><Point X="329" Y="583" T="0" /><Point X="318" Y="602" T="0" /><Point X="310" Y="613" T="0" /><Point X="306" Y="620" T="0" /><Point X="302" Y="624" T="0" /><Point X="300" Y="627" T="0" /><Point X="298" Y="629" T="0" /><Point X="298" Y="630" T="0" /><Point X="296" Y="631" T="0" /><Point X="295" Y="631" T="0" /><Point X="294" Y="633" T="0" /></Gesture>