<Gesture Name="zig-zig" Subject="1" Number="1" NumPts="103" Millseconds="0" AppName="Gestures" AppVer="1.0" Date="Wednesday, March 01, 2023" TimeOfDay="16:22:56" ID="4"><Point X="237" Y="635" T="0" /><Point X="251" Y="617" T="0" /><Point X="270" Y="596" T="0" /><Point X="291" Y="575" T="0" /><Point X="306" Y="560" T="0" /><Point X="320" Y="545" T="0" /><Point X="326" Y="536" T="0" /><Point X="329" Y="533" T="0" /><Point X="330" Y="531" T="0" /><Point X="331" Y="531" T="0" /><Point X="333" Y="530" T="0" /><Point X="333" Y="528" T="0" /><Point X="334" Y="528" T="0" /><Point X="335" Y="529" T="0" /><Point X="335" Y="531" T="0" /><Point X="336" Y="535" T="0" /><Point X="338" Y="543" T="0" /><Point X="341" Y="555" T="0" /><Point X="342" Y="567" T="0" /><Point X="343" Y="580" T="0" /><Point X="344" Y="599" T="0" /><Point X="344" Y="605" T="0" /><Point X="346" Y="619" T="0" /><Point X="349" Y="630" T="0" /><Point X="353" Y="640" T="0" /><Point X="355" Y="649" T="0" /><Point X="357" Y="655" T="0" /><Point X="359" Y="660" T="0" /><Point X="362" Y="664" T="0" /><Point X="362" Y="667" T="0" /><Point X="363" Y="668" T="0" /><Point X="363" Y="669" T="0" /><Point X="363" Y="670" T="0" /><Point X="363" Y="671" T="0" /><Point X="363" Y="672" T="0" /><Point X="363" Y="673" T="0" /><Point X="363" Y="674" T="0" /><Point X="365" Y="673" T="0" /><Point X="370" Y="665" T="0" /><Point X="378" Y="653" T="0" /><Point X="388" Y="639" T="0" /><Point X="409" Y="608" T="0" /><Point X="436" Y="578" T="0" /><Point X="454" Y="558" T="0" /><Point X="470" Y="533" T="0" /><Point X="485" Y="513" T="0" /><Point X="494" Y="499" T="0" /><Point X="500" Y="491" T="0" /><Point X="504" Y="487" T="0" /><Point X="506" Y="483" T="0" /><Point X="507" Y="483" T="0" /><Point X="507" Y="482" T="0" /><Point X="508" Y="481" T="0" /><Point X="509" Y="481" T="0" /><Point X="510" Y="482" T="0" /><Point X="510" Y="486" T="0" /><Point X="513" Y="495" T="0" /><Point X="513" Y="505" T="0" /><Point X="513" Y="518" T="0" /><Point X="511" Y="533" T="0" /><Point X="510" Y="545" T="0" /><Point X="510" Y="553" T="0" /><Point X="509" Y="560" T="0" /><Point X="509" Y="563" T="0" /><Point X="509" Y="566" T="0" /><Point X="509" Y="569" T="0" /><Point X="509" Y="571" T="0" /><Point X="509" Y="574" T="0" /><Point X="509" Y="576" T="0" /><Point X="509" Y="579" T="0" /><Point X="509" Y="582" T="0" /><Point X="510" Y="584" T="0" /><Point X="512" Y="591" T="0" /><Point X="513" Y="595" T="0" /><Point X="514" Y="600" T="0" /><Point X="514" Y="603" T="0" /><Point X="515" Y="607" T="0" /><Point X="516" Y="610" T="0" /><Point X="517" Y="611" T="0" /><Point X="517" Y="615" T="0" /><Point X="517" Y="616" T="0" /><Point X="517" Y="617" T="0" /><Point X="517" Y="618" T="0" /><Point X="517" Y="619" T="0" /><Point X="517" Y="621" T="0" /><Point X="517" Y="622" T="0" /><Point X="519" Y="622" T="0" /><Point X="522" Y="619" T="0" /><Point X="529" Y="612" T="0" /><Point X="546" Y="587" T="0" /><Point X="570" Y="557" T="0" /><Point X="593" Y="527" T="0" /><Point X="616" Y="483" T="0" /><Point X="631" Y="464" T="0" /><Point X="646" Y="444" T="0" /><Point X="663" Y="420" T="0" /><Point X="674" Y="403" T="0" /><Point X="679" Y="394" T="0" /><Point X="681" Y="389" T="0" /><Point X="682" Y="386" T="0" /><Point X="682" Y="385" T="0" /><Point X="683" Y="384" T="0" /><Point X="683" Y="383" T="0" /></Gesture>