<Gesture Name="zig-zig" Subject="1" Number="1" NumPts="124" Millseconds="0" AppName="Gestures" AppVer="1.0" Date="Wednesday, March 01, 2023" TimeOfDay="16:28:09" ID="8"><Point X="127" Y="623" T="0" /><Point X="132" Y="613" T="0" /><Point X="138" Y="602" T="0" /><Point X="144" Y="592" T="0" /><Point X="153" Y="574" T="0" /><Point X="165" Y="547" T="0" /><Point X="171" Y="531" T="0" /><Point X="180" Y="517" T="0" /><Point X="190" Y="499" T="0" /><Point X="198" Y="483" T="0" /><Point X="206" Y="474" T="0" /><Point X="210" Y="464" T="0" /><Point X="215" Y="457" T="0" /><Point X="217" Y="451" T="0" /><Point X="218" Y="449" T="0" /><Point X="219" Y="447" T="0" /><Point X="220" Y="447" T="0" /><Point X="220" Y="446" T="0" /><Point X="220" Y="444" T="0" /><Point X="220" Y="445" T="0" /><Point X="221" Y="446" T="0" /><Point X="222" Y="447" T="0" /><Point X="224" Y="450" T="0" /><Point X="228" Y="455" T="0" /><Point X="234" Y="463" T="0" /><Point X="239" Y="471" T="0" /><Point X="246" Y="480" T="0" /><Point X="255" Y="490" T="0" /><Point X="262" Y="501" T="0" /><Point X="272" Y="516" T="0" /><Point X="280" Y="527" T="0" /><Point X="285" Y="535" T="0" /><Point X="293" Y="543" T="0" /><Point X="299" Y="550" T="0" /><Point X="304" Y="557" T="0" /><Point X="310" Y="565" T="0" /><Point X="313" Y="568" T="0" /><Point X="316" Y="571" T="0" /><Point X="318" Y="575" T="0" /><Point X="320" Y="577" T="0" /><Point X="320" Y="579" T="0" /><Point X="321" Y="582" T="0" /><Point X="322" Y="583" T="0" /><Point X="322" Y="584" T="0" /><Point X="322" Y="585" T="0" /><Point X="322" Y="586" T="0" /><Point X="322" Y="587" T="0" /><Point X="323" Y="586" T="0" /><Point X="323" Y="585" T="0" /><Point X="323" Y="584" T="0" /><Point X="326" Y="579" T="0" /><Point X="330" Y="573" T="0" /><Point X="334" Y="566" T="0" /><Point X="340" Y="553" T="0" /><Point X="346" Y="541" T="0" /><Point X="352" Y="524" T="0" /><Point X="355" Y="515" T="0" /><Point X="360" Y="505" T="0" /><Point X="363" Y="490" T="0" /><Point X="367" Y="471" T="0" /><Point X="374" Y="456" T="0" /><Point X="377" Y="447" T="0" /><Point X="381" Y="437" T="0" /><Point X="385" Y="430" T="0" /><Point X="388" Y="423" T="0" /><Point X="390" Y="417" T="0" /><Point X="392" Y="414" T="0" /><Point X="394" Y="411" T="0" /><Point X="395" Y="409" T="0" /><Point X="396" Y="407" T="0" /><Point X="397" Y="407" T="0" /><Point X="398" Y="407" T="0" /><Point X="398" Y="406" T="0" /><Point X="398" Y="405" T="0" /><Point X="400" Y="405" T="0" /><Point X="402" Y="407" T="0" /><Point X="403" Y="409" T="0" /><Point X="406" Y="413" T="0" /><Point X="412" Y="418" T="0" /><Point X="419" Y="428" T="0" /><Point X="426" Y="438" T="0" /><Point X="437" Y="450" T="0" /><Point X="446" Y="462" T="0" /><Point X="455" Y="471" T="0" /><Point X="462" Y="478" T="0" /><Point X="467" Y="484" T="0" /><Point X="475" Y="491" T="0" /><Point X="482" Y="498" T="0" /><Point X="488" Y="505" T="0" /><Point X="492" Y="511" T="0" /><Point X="497" Y="515" T="0" /><Point X="499" Y="517" T="0" /><Point X="501" Y="521" T="0" /><Point X="502" Y="522" T="0" /><Point X="503" Y="523" T="0" /><Point X="504" Y="524" T="0" /><Point X="505" Y="525" T="0" /><Point X="505" Y="527" T="0" /><Point X="505" Y="526" T="0" /><Point X="506" Y="521" T="0" /><Point X="508" Y="512" T="0" /><Point X="512" Y="504" T="0" /><Point X="515" Y="495" T="0" /><Point X="525" Y="477" T="0" /><Point X="536" Y="449" T="0" /><Point X="544" Y="434" T="0" /><Point X="548" Y="423" T="0" /><Point X="556" Y="403" T="0" /><Point X="564" Y="375" T="0" /><Point X="569" Y="363" T="0" /><Point X="571" Y="355" T="0" /><Point X="573" Y="347" T="0" /><Point X="575" Y="341" T="0" /><Point X="576" Y="335" T="0" /><Point X="577" Y="333" T="0" /><Point X="577" Y="331" T="0" /><Point X="577" Y="330" T="0" /><Point X="577" Y="329" T="0" /><Point X="578" Y="328" T="0" /><Point X="578" Y="327" T="0" /><Point X="579" Y="326" T="0" /><Point X="581" Y="324" T="0" /><Point X="583" Y="321" T="0" /><Point X="586" Y="319" T="0" /></Gesture>