<Gesture Name="zig-zig" Subject="1" Number="1" NumPts="104" Millseconds="0" AppName="Gestures" AppVer="1.0" Date="Wednesday, March 01, 2023" TimeOfDay="16:26:55" ID="7"><Point X="250" Y="651" T="0" /><Point X="255" Y="644" T="0" /><Point X="258" Y="639" T="0" /><Point X="262" Y="635" T="0" /><Point X="264" Y="631" T="0" /><Point X="266" Y="629" T="0" /><Point X="266" Y="627" T="0" /><Point X="267" Y="625" T="0" /><Point X="268" Y="625" T="0" /><Point X="268" Y="624" T="0" /><Point X="268" Y="623" T="0" /><Point X="269" Y="623" T="0" /><Point X="270" Y="623" T="0" /><Point X="272" Y="623" T="0" /><Point X="274" Y="624" T="0" /><Point X="275" Y="626" T="0" /><Point X="278" Y="627" T="0" /><Point X="281" Y="631" T="0" /><Point X="283" Y="633" T="0" /><Point X="288" Y="636" T="0" /><Point X="291" Y="639" T="0" /><Point X="294" Y="642" T="0" /><Point X="299" Y="645" T="0" /><Point X="303" Y="648" T="0" /><Point X="308" Y="651" T="0" /><Point X="310" Y="654" T="0" /><Point X="312" Y="656" T="0" /><Point X="314" Y="657" T="0" /><Point X="316" Y="659" T="0" /><Point X="317" Y="659" T="0" /><Point X="317" Y="660" T="0" /><Point X="318" Y="660" T="0" /><Point X="318" Y="661" T="0" /><Point X="318" Y="663" T="0" /><Point X="319" Y="663" T="0" /><Point X="323" Y="660" T="0" /><Point X="326" Y="659" T="0" /><Point X="334" Y="655" T="0" /><Point X="342" Y="648" T="0" /><Point X="350" Y="642" T="0" /><Point X="357" Y="633" T="0" /><Point X="364" Y="624" T="0" /><Point X="369" Y="616" T="0" /><Point X="374" Y="611" T="0" /><Point X="377" Y="607" T="0" /><Point X="379" Y="603" T="0" /><Point X="383" Y="600" T="0" /><Point X="385" Y="597" T="0" /><Point X="386" Y="595" T="0" /><Point X="387" Y="594" T="0" /><Point X="388" Y="594" T="0" /><Point X="389" Y="593" T="0" /><Point X="390" Y="591" T="0" /><Point X="391" Y="591" T="0" /><Point X="393" Y="592" T="0" /><Point X="395" Y="594" T="0" /><Point X="398" Y="597" T="0" /><Point X="402" Y="603" T="0" /><Point X="407" Y="609" T="0" /><Point X="412" Y="618" T="0" /><Point X="416" Y="625" T="0" /><Point X="420" Y="631" T="0" /><Point X="423" Y="637" T="0" /><Point X="426" Y="640" T="0" /><Point X="428" Y="645" T="0" /><Point X="430" Y="648" T="0" /><Point X="431" Y="651" T="0" /><Point X="433" Y="654" T="0" /><Point X="435" Y="656" T="0" /><Point X="436" Y="658" T="0" /><Point X="437" Y="659" T="0" /><Point X="438" Y="661" T="0" /><Point X="438" Y="662" T="0" /><Point X="439" Y="663" T="0" /><Point X="440" Y="664" T="0" /><Point X="440" Y="665" T="0" /><Point X="442" Y="666" T="0" /><Point X="442" Y="667" T="0" /><Point X="443" Y="667" T="0" /><Point X="445" Y="669" T="0" /><Point X="446" Y="670" T="0" /><Point X="446" Y="671" T="0" /><Point X="448" Y="672" T="0" /><Point X="448" Y="673" T="0" /><Point X="449" Y="673" T="0" /><Point X="450" Y="673" T="0" /><Point X="453" Y="667" T="0" /><Point X="458" Y="660" T="0" /><Point X="465" Y="653" T="0" /><Point X="474" Y="643" T="0" /><Point X="491" Y="625" T="0" /><Point X="509" Y="602" T="0" /><Point X="518" Y="591" T="0" /><Point X="525" Y="582" T="0" /><Point X="530" Y="577" T="0" /><Point X="536" Y="573" T="0" /><Point X="539" Y="568" T="0" /><Point X="544" Y="565" T="0" /><Point X="546" Y="563" T="0" /><Point X="548" Y="562" T="0" /><Point X="549" Y="561" T="0" /><Point X="549" Y="560" T="0" /><Point X="550" Y="559" T="0" /><Point X="551" Y="559" T="0" /></Gesture>