<Gesture Name="zig-zig" Subject="1" Number="1" NumPts="80" Millseconds="0" AppName="Gestures" AppVer="1.0" Date="Wednesday, March 01, 2023" TimeOfDay="16:19:29" ID="2"><Point X="154" Y="439" T="0" /><Point X="166" Y="417" T="0" /><Point X="172" Y="406" T="0" /><Point X="178" Y="397" T="0" /><Point X="181" Y="391" T="0" /><Point X="182" Y="388" T="0" /><Point X="183" Y="387" T="0" /><Point X="184" Y="386" T="0" /><Point X="185" Y="385" T="0" /><Point X="185" Y="384" T="0" /><Point X="186" Y="398" T="0" /><Point X="187" Y="418" T="0" /><Point X="190" Y="435" T="0" /><Point X="190" Y="447" T="0" /><Point X="193" Y="457" T="0" /><Point X="196" Y="467" T="0" /><Point X="197" Y="472" T="0" /><Point X="198" Y="479" T="0" /><Point X="198" Y="483" T="0" /><Point X="198" Y="484" T="0" /><Point X="198" Y="486" T="0" /><Point X="198" Y="487" T="0" /><Point X="198" Y="488" T="0" /><Point X="198" Y="490" T="0" /><Point X="200" Y="488" T="0" /><Point X="205" Y="484" T="0" /><Point X="209" Y="478" T="0" /><Point X="214" Y="471" T="0" /><Point X="221" Y="460" T="0" /><Point X="232" Y="443" T="0" /><Point X="247" Y="423" T="0" /><Point X="258" Y="411" T="0" /><Point X="269" Y="397" T="0" /><Point X="278" Y="379" T="0" /><Point X="287" Y="366" T="0" /><Point X="294" Y="357" T="0" /><Point X="299" Y="348" T="0" /><Point X="302" Y="343" T="0" /><Point X="306" Y="339" T="0" /><Point X="307" Y="335" T="0" /><Point X="308" Y="334" T="0" /><Point X="309" Y="334" T="0" /><Point X="309" Y="333" T="0" /><Point X="310" Y="332" T="0" /><Point X="311" Y="331" T="0" /><Point X="313" Y="346" T="0" /><Point X="316" Y="374" T="0" /><Point X="319" Y="395" T="0" /><Point X="320" Y="405" T="0" /><Point X="321" Y="417" T="0" /><Point X="322" Y="427" T="0" /><Point X="323" Y="436" T="0" /><Point X="324" Y="442" T="0" /><Point X="324" Y="446" T="0" /><Point X="324" Y="448" T="0" /><Point X="324" Y="449" T="0" /><Point X="324" Y="451" T="0" /><Point X="324" Y="452" T="0" /><Point X="324" Y="453" T="0" /><Point X="324" Y="454" T="0" /><Point X="324" Y="455" T="0" /><Point X="324" Y="456" T="0" /><Point X="326" Y="455" T="0" /><Point X="330" Y="450" T="0" /><Point X="341" Y="436" T="0" /><Point X="355" Y="419" T="0" /><Point X="380" Y="393" T="0" /><Point X="403" Y="360" T="0" /><Point X="420" Y="336" T="0" /><Point X="438" Y="314" T="0" /><Point X="452" Y="296" T="0" /><Point X="464" Y="282" T="0" /><Point X="471" Y="273" T="0" /><Point X="474" Y="269" T="0" /><Point X="475" Y="267" T="0" /><Point X="479" Y="265" T="0" /><Point X="480" Y="263" T="0" /><Point X="481" Y="262" T="0" /><Point X="482" Y="260" T="0" /><Point X="482" Y="259" T="0" /></Gesture>