<Gesture Name="zig-zig" Subject="1" Number="1" NumPts="96" Millseconds="0" AppName="Gestures" AppVer="1.0" Date="Wednesday, March 01, 2023" TimeOfDay="16:25:43" ID="6"><Point X="227" Y="609" T="0" /><Point X="238" Y="593" T="0" /><Point X="250" Y="574" T="0" /><Point X="263" Y="547" T="0" /><Point X="269" Y="535" T="0" /><Point X="274" Y="526" T="0" /><Point X="278" Y="516" T="0" /><Point X="281" Y="507" T="0" /><Point X="282" Y="502" T="0" /><Point X="284" Y="497" T="0" /><Point X="285" Y="495" T="0" /><Point X="286" Y="494" T="0" /><Point X="286" Y="493" T="0" /><Point X="286" Y="492" T="0" /><Point X="287" Y="492" T="0" /><Point X="289" Y="493" T="0" /><Point X="290" Y="495" T="0" /><Point X="294" Y="497" T="0" /><Point X="296" Y="503" T="0" /><Point X="302" Y="510" T="0" /><Point X="308" Y="521" T="0" /><Point X="315" Y="535" T="0" /><Point X="320" Y="546" T="0" /><Point X="325" Y="554" T="0" /><Point X="330" Y="564" T="0" /><Point X="334" Y="574" T="0" /><Point X="341" Y="583" T="0" /><Point X="347" Y="594" T="0" /><Point X="351" Y="601" T="0" /><Point X="354" Y="604" T="0" /><Point X="358" Y="607" T="0" /><Point X="359" Y="609" T="0" /><Point X="361" Y="611" T="0" /><Point X="362" Y="612" T="0" /><Point X="363" Y="614" T="0" /><Point X="364" Y="615" T="0" /><Point X="365" Y="615" T="0" /><Point X="365" Y="616" T="0" /><Point X="366" Y="616" T="0" /><Point X="368" Y="612" T="0" /><Point X="374" Y="604" T="0" /><Point X="383" Y="591" T="0" /><Point X="391" Y="579" T="0" /><Point X="406" Y="560" T="0" /><Point X="426" Y="530" T="0" /><Point X="439" Y="511" T="0" /><Point X="449" Y="497" T="0" /><Point X="459" Y="483" T="0" /><Point X="470" Y="469" T="0" /><Point X="476" Y="459" T="0" /><Point X="482" Y="450" T="0" /><Point X="486" Y="445" T="0" /><Point X="488" Y="442" T="0" /><Point X="490" Y="440" T="0" /><Point X="491" Y="439" T="0" /><Point X="492" Y="436" T="0" /><Point X="492" Y="435" T="0" /><Point X="493" Y="435" T="0" /><Point X="494" Y="435" T="0" /><Point X="497" Y="442" T="0" /><Point X="500" Y="453" T="0" /><Point X="503" Y="465" T="0" /><Point X="510" Y="485" T="0" /><Point X="516" Y="507" T="0" /><Point X="519" Y="520" T="0" /><Point X="523" Y="528" T="0" /><Point X="528" Y="538" T="0" /><Point X="534" Y="549" T="0" /><Point X="535" Y="552" T="0" /><Point X="542" Y="569" T="0" /><Point X="544" Y="573" T="0" /><Point X="547" Y="579" T="0" /><Point X="549" Y="582" T="0" /><Point X="549" Y="583" T="0" /><Point X="550" Y="584" T="0" /><Point X="551" Y="586" T="0" /><Point X="551" Y="587" T="0" /><Point X="551" Y="588" T="0" /><Point X="551" Y="589" T="0" /><Point X="551" Y="591" T="0" /><Point X="555" Y="584" T="0" /><Point X="567" Y="567" T="0" /><Point X="587" Y="539" T="0" /><Point X="606" Y="512" T="0" /><Point X="630" Y="465" T="0" /><Point X="654" Y="427" T="0" /><Point X="680" Y="387" T="0" /><Point X="705" Y="347" T="0" /><Point X="718" Y="320" T="0" /><Point X="728" Y="299" T="0" /><Point X="733" Y="287" T="0" /><Point X="735" Y="280" T="0" /><Point X="736" Y="277" T="0" /><Point X="738" Y="275" T="0" /><Point X="738" Y="274" T="0" /><Point X="738" Y="273" T="0" /></Gesture>