<Gesture Name="arrow" Subject="1" Number="1" NumPts="145" Millseconds="0" AppName="Gestures" AppVer="1.0" Date="Wednesday, March 01, 2023" TimeOfDay="17:10:47" ID="10"><Point X="30" Y="532" T="0" /><Point X="44" Y="526" T="0" /><Point X="58" Y="519" T="0" /><Point X="74" Y="512" T="0" /><Point X="91" Y="502" T="0" /><Point X="109" Y="494" T="0" /><Point X="130" Y="484" T="0" /><Point X="151" Y="474" T="0" /><Point X="172" Y="464" T="0" /><Point X="195" Y="454" T="0" /><Point X="217" Y="444" T="0" /><Point X="239" Y="436" T="0" /><Point X="260" Y="426" T="0" /><Point X="282" Y="416" T="0" /><Point X="303" Y="406" T="0" /><Point X="323" Y="396" T="0" /><Point X="344" Y="387" T="0" /><Point X="364" Y="377" T="0" /><Point X="385" Y="368" T="0" /><Point X="407" Y="358" T="0" /><Point X="427" Y="350" T="0" /><Point X="447" Y="342" T="0" /><Point X="465" Y="335" T="0" /><Point X="482" Y="330" T="0" /><Point X="497" Y="324" T="0" /><Point X="513" Y="318" T="0" /><Point X="525" Y="313" T="0" /><Point X="538" Y="308" T="0" /><Point X="548" Y="304" T="0" /><Point X="557" Y="301" T="0" /><Point X="565" Y="298" T="0" /><Point X="572" Y="295" T="0" /><Point X="578" Y="293" T="0" /><Point X="583" Y="292" T="0" /><Point X="587" Y="290" T="0" /><Point X="591" Y="288" T="0" /><Point X="594" Y="287" T="0" /><Point X="597" Y="286" T="0" /><Point X="599" Y="286" T="0" /><Point X="600" Y="285" T="0" /><Point X="601" Y="284" T="0" /><Point X="603" Y="284" T="0" /><Point X="604" Y="284" T="0" /><Point X="603" Y="284" T="0" /><Point X="600" Y="284" T="0" /><Point X="596" Y="283" T="0" /><Point X="590" Y="282" T="0" /><Point X="583" Y="282" T="0" /><Point X="575" Y="282" T="0" /><Point X="569" Y="283" T="0" /><Point X="561" Y="284" T="0" /><Point X="553" Y="284" T="0" /><Point X="545" Y="284" T="0" /><Point X="537" Y="285" T="0" /><Point X="529" Y="286" T="0" /><Point X="521" Y="286" T="0" /><Point X="513" Y="286" T="0" /><Point X="506" Y="287" T="0" /><Point X="499" Y="288" T="0" /><Point X="490" Y="288" T="0" /><Point X="483" Y="289" T="0" /><Point X="475" Y="290" T="0" /><Point X="466" Y="290" T="0" /><Point X="457" Y="291" T="0" /><Point X="451" Y="292" T="0" /><Point X="445" Y="293" T="0" /><Point X="439" Y="294" T="0" /><Point X="434" Y="294" T="0" /><Point X="429" Y="295" T="0" /><Point X="425" Y="295" T="0" /><Point X="422" Y="295" T="0" /><Point X="420" Y="295" T="0" /><Point X="418" Y="295" T="0" /><Point X="417" Y="295" T="0" /><Point X="416" Y="295" T="0" /><Point X="415" Y="295" T="0" /><Point X="416" Y="295" T="0" /><Point X="418" Y="294" T="0" /><Point X="423" Y="292" T="0" /><Point X="428" Y="292" T="0" /><Point X="435" Y="290" T="0" /><Point X="443" Y="289" T="0" /><Point X="451" Y="288" T="0" /><Point X="458" Y="287" T="0" /><Point X="466" Y="286" T="0" /><Point X="474" Y="286" T="0" /><Point X="483" Y="285" T="0" /><Point X="490" Y="284" T="0" /><Point X="497" Y="284" T="0" /><Point X="505" Y="283" T="0" /><Point X="514" Y="283" T="0" /><Point X="521" Y="283" T="0" /><Point X="529" Y="283" T="0" /><Point X="537" Y="282" T="0" /><Point X="545" Y="282" T="0" /><Point X="553" Y="281" T="0" /><Point X="560" Y="281" T="0" /><Point X="568" Y="280" T="0" /><Point X="574" Y="280" T="0" /><Point X="580" Y="279" T="0" /><Point X="585" Y="279" T="0" /><Point X="590" Y="279" T="0" /><Point X="593" Y="279" T="0" /><Point X="597" Y="279" T="0" /><Point X="600" Y="279" T="0" /><Point X="603" Y="279" T="0" /><Point X="605" Y="279" T="0" /><Point X="607" Y="279" T="0" /><Point X="608" Y="279" T="0" /><Point X="609" Y="280" T="0" /><Point X="610" Y="280" T="0" /><Point X="611" Y="281" T="0" /><Point X="611" Y="282" T="0" /><Point X="611" Y="283" T="0" /><Point X="611" Y="284" T="0" /><Point X="611" Y="285" T="0" /><Point X="611" Y="286" T="0" /><Point X="610" Y="287" T="0" /><Point X="609" Y="288" T="0" /><Point X="608" Y="290" T="0" /><Point X="607" Y="292" T="0" /><Point X="604" Y="293" T="0" /><Point X="600" Y="296" T="0" /><Point X="596" Y="300" T="0" /><Point X="591" Y="304" T="0" /><Point X="586" Y="310" T="0" /><Point X="579" Y="316" T="0" /><Point X="574" Y="321" T="0" /><Point X="568" Y="327" T="0" /><Point X="561" Y="334" T="0" /><Point X="555" Y="342" T="0" /><Point X="549" Y="348" T="0" /><Point X="543" Y="354" T="0" /><Point X="538" Y="360" T="0" /><Point X="533" Y="366" T="0" /><Point X="528" Y="373" T="0" /><Point X="523" Y="378" T="0" /><Point X="520" Y="383" T="0" /><Point X="516" Y="388" T="0" /><Point X="513" Y="394" T="0" /><Point X="509" Y="401" T="0" /><Point X="506" Y="406" T="0" /><Point X="503" Y="414" T="0" /><Point X="499" Y="422" T="0" /><Point X="489" Y="443" T="0" /></Gesture>