<Gesture Name="arrow" Subject="1" Number="1" NumPts="134" Millseconds="0" AppName="Gestures" AppVer="1.0" Date="Wednesday, March 01, 2023" TimeOfDay="17:03:53" ID="4"><Point X="191" Y="548" T="0" /><Point X="198" Y="544" T="0" /><Point X="205" Y="539" T="0" /><Point X="215" Y="532" T="0" /><Point X="225" Y="526" T="0" /><Point X="236" Y="518" T="0" /><Point X="247" Y="510" T="0" /><Point X="258" Y="502" T="0" /><Point X="271" Y="492" T="0" /><Point X="283" Y="483" T="0" /><Point X="297" Y="473" T="0" /><Point X="312" Y="462" T="0" /><Point X="327" Y="452" T="0" /><Point X="341" Y="443" T="0" /><Point X="357" Y="433" T="0" /><Point X="373" Y="424" T="0" /><Point X="389" Y="415" T="0" /><Point X="404" Y="406" T="0" /><Point X="419" Y="398" T="0" /><Point X="433" Y="390" T="0" /><Point X="445" Y="382" T="0" /><Point X="457" Y="376" T="0" /><Point X="468" Y="369" T="0" /><Point X="478" Y="364" T="0" /><Point X="487" Y="358" T="0" /><Point X="496" Y="353" T="0" /><Point X="505" Y="349" T="0" /><Point X="512" Y="345" T="0" /><Point X="519" Y="342" T="0" /><Point X="523" Y="338" T="0" /><Point X="527" Y="336" T="0" /><Point X="530" Y="335" T="0" /><Point X="533" Y="334" T="0" /><Point X="535" Y="333" T="0" /><Point X="537" Y="332" T="0" /><Point X="538" Y="332" T="0" /><Point X="539" Y="331" T="0" /><Point X="539" Y="330" T="0" /><Point X="540" Y="330" T="0" /><Point X="540" Y="329" T="0" /><Point X="539" Y="329" T="0" /><Point X="538" Y="329" T="0" /><Point X="536" Y="329" T="0" /><Point X="533" Y="329" T="0" /><Point X="529" Y="329" T="0" /><Point X="524" Y="329" T="0" /><Point X="518" Y="329" T="0" /><Point X="511" Y="330" T="0" /><Point X="505" Y="330" T="0" /><Point X="499" Y="330" T="0" /><Point X="492" Y="331" T="0" /><Point X="486" Y="332" T="0" /><Point X="478" Y="332" T="0" /><Point X="470" Y="333" T="0" /><Point X="463" Y="334" T="0" /><Point X="455" Y="334" T="0" /><Point X="448" Y="335" T="0" /><Point X="440" Y="336" T="0" /><Point X="433" Y="336" T="0" /><Point X="425" Y="336" T="0" /><Point X="417" Y="338" T="0" /><Point X="411" Y="339" T="0" /><Point X="405" Y="340" T="0" /><Point X="400" Y="341" T="0" /><Point X="396" Y="342" T="0" /><Point X="393" Y="342" T="0" /><Point X="390" Y="343" T="0" /><Point X="388" Y="343" T="0" /><Point X="387" Y="343" T="0" /><Point X="386" Y="343" T="0" /><Point X="385" Y="343" T="0" /><Point X="386" Y="343" T="0" /><Point X="387" Y="343" T="0" /><Point X="390" Y="343" T="0" /><Point X="395" Y="343" T="0" /><Point X="401" Y="343" T="0" /><Point X="409" Y="343" T="0" /><Point X="417" Y="343" T="0" /><Point X="425" Y="342" T="0" /><Point X="435" Y="342" T="0" /><Point X="444" Y="342" T="0" /><Point X="453" Y="340" T="0" /><Point X="463" Y="339" T="0" /><Point X="471" Y="338" T="0" /><Point X="481" Y="338" T="0" /><Point X="489" Y="337" T="0" /><Point X="497" Y="336" T="0" /><Point X="505" Y="336" T="0" /><Point X="513" Y="336" T="0" /><Point X="521" Y="335" T="0" /><Point X="527" Y="334" T="0" /><Point X="534" Y="334" T="0" /><Point X="540" Y="334" T="0" /><Point X="546" Y="334" T="0" /><Point X="551" Y="334" T="0" /><Point X="556" Y="334" T="0" /><Point X="559" Y="335" T="0" /><Point X="562" Y="336" T="0" /><Point X="565" Y="336" T="0" /><Point X="566" Y="336" T="0" /><Point X="567" Y="337" T="0" /><Point X="568" Y="338" T="0" /><Point X="569" Y="338" T="0" /><Point X="569" Y="339" T="0" /><Point X="569" Y="340" T="0" /><Point X="569" Y="342" T="0" /><Point X="569" Y="343" T="0" /><Point X="569" Y="344" T="0" /><Point X="569" Y="346" T="0" /><Point X="567" Y="348" T="0" /><Point X="566" Y="350" T="0" /><Point X="564" Y="351" T="0" /><Point X="561" Y="354" T="0" /><Point X="557" Y="358" T="0" /><Point X="553" Y="362" T="0" /><Point X="548" Y="367" T="0" /><Point X="543" Y="373" T="0" /><Point X="537" Y="378" T="0" /><Point X="532" Y="384" T="0" /><Point X="527" Y="391" T="0" /><Point X="522" Y="397" T="0" /><Point X="517" Y="404" T="0" /><Point X="512" Y="410" T="0" /><Point X="507" Y="417" T="0" /><Point X="503" Y="423" T="0" /><Point X="498" Y="430" T="0" /><Point X="493" Y="437" T="0" /><Point X="487" Y="444" T="0" /><Point X="483" Y="451" T="0" /><Point X="477" Y="458" T="0" /><Point X="472" Y="464" T="0" /><Point X="467" Y="471" T="0" /><Point X="461" Y="477" T="0" /><Point X="458" Y="480" T="0" /></Gesture>