<Gesture Name="arrow" Subject="1" Number="1" NumPts="114" Millseconds="0" AppName="Gestures" AppVer="1.0" Date="Wednesday, March 01, 2023" TimeOfDay="17:09:23" ID="9"><Point X="126" Y="574" T="0" /><Point X="139" Y="566" T="0" /><Point X="154" Y="557" T="0" /><Point X="171" Y="548" T="0" /><Point X="188" Y="538" T="0" /><Point X="205" Y="528" T="0" /><Point X="224" Y="518" T="0" /><Point X="244" Y="506" T="0" /><Point X="265" Y="494" T="0" /><Point X="289" Y="480" T="0" /><Point X="313" Y="466" T="0" /><Point X="337" Y="453" T="0" /><Point X="363" Y="440" T="0" /><Point X="389" Y="427" T="0" /><Point X="413" Y="414" T="0" /><Point X="436" Y="402" T="0" /><Point X="457" Y="391" T="0" /><Point X="479" Y="380" T="0" /><Point X="501" Y="368" T="0" /><Point X="522" Y="358" T="0" /><Point X="542" Y="349" T="0" /><Point X="559" Y="342" T="0" /><Point X="576" Y="334" T="0" /><Point X="593" Y="328" T="0" /><Point X="607" Y="322" T="0" /><Point X="618" Y="318" T="0" /><Point X="629" Y="313" T="0" /><Point X="637" Y="308" T="0" /><Point X="645" Y="306" T="0" /><Point X="649" Y="303" T="0" /><Point X="654" Y="301" T="0" /><Point X="657" Y="299" T="0" /><Point X="660" Y="298" T="0" /><Point X="661" Y="297" T="0" /><Point X="663" Y="296" T="0" /><Point X="663" Y="295" T="0" /><Point X="662" Y="294" T="0" /><Point X="659" Y="294" T="0" /><Point X="651" Y="293" T="0" /><Point X="642" Y="293" T="0" /><Point X="630" Y="294" T="0" /><Point X="618" Y="295" T="0" /><Point X="604" Y="297" T="0" /><Point X="589" Y="299" T="0" /><Point X="573" Y="301" T="0" /><Point X="557" Y="303" T="0" /><Point X="543" Y="306" T="0" /><Point X="529" Y="307" T="0" /><Point X="517" Y="309" T="0" /><Point X="505" Y="310" T="0" /><Point X="492" Y="312" T="0" /><Point X="481" Y="313" T="0" /><Point X="469" Y="314" T="0" /><Point X="459" Y="316" T="0" /><Point X="450" Y="316" T="0" /><Point X="441" Y="317" T="0" /><Point X="435" Y="318" T="0" /><Point X="429" Y="318" T="0" /><Point X="425" Y="318" T="0" /><Point X="421" Y="318" T="0" /><Point X="419" Y="318" T="0" /><Point X="418" Y="318" T="0" /><Point X="417" Y="318" T="0" /><Point X="418" Y="318" T="0" /><Point X="420" Y="317" T="0" /><Point X="425" Y="316" T="0" /><Point X="432" Y="314" T="0" /><Point X="441" Y="313" T="0" /><Point X="451" Y="311" T="0" /><Point X="462" Y="309" T="0" /><Point X="473" Y="306" T="0" /><Point X="486" Y="304" T="0" /><Point X="499" Y="302" T="0" /><Point X="512" Y="300" T="0" /><Point X="525" Y="298" T="0" /><Point X="538" Y="296" T="0" /><Point X="550" Y="294" T="0" /><Point X="562" Y="293" T="0" /><Point X="574" Y="292" T="0" /><Point X="586" Y="291" T="0" /><Point X="597" Y="289" T="0" /><Point X="609" Y="288" T="0" /><Point X="621" Y="286" T="0" /><Point X="631" Y="285" T="0" /><Point X="640" Y="284" T="0" /><Point X="647" Y="284" T="0" /><Point X="653" Y="284" T="0" /><Point X="659" Y="284" T="0" /><Point X="663" Y="284" T="0" /><Point X="665" Y="284" T="0" /><Point X="668" Y="285" T="0" /><Point X="670" Y="286" T="0" /><Point X="671" Y="286" T="0" /><Point X="673" Y="287" T="0" /><Point X="674" Y="288" T="0" /><Point X="675" Y="289" T="0" /><Point X="675" Y="291" T="0" /><Point X="675" Y="292" T="0" /><Point X="673" Y="295" T="0" /><Point X="671" Y="299" T="0" /><Point X="667" Y="304" T="0" /><Point X="663" Y="310" T="0" /><Point X="657" Y="318" T="0" /><Point X="650" Y="326" T="0" /><Point X="643" Y="334" T="0" /><Point X="634" Y="344" T="0" /><Point X="625" Y="354" T="0" /><Point X="615" Y="364" T="0" /><Point X="606" Y="375" T="0" /><Point X="597" Y="387" T="0" /><Point X="587" Y="398" T="0" /><Point X="579" Y="409" T="0" /><Point X="571" Y="422" T="0" /><Point X="560" Y="444" T="0" /></Gesture>