<Gesture Name="arrow" Subject="1" Number="1" NumPts="147" Millseconds="0" AppName="Gestures" AppVer="1.0" Date="Wednesday, March 01, 2023" TimeOfDay="17:05:01" ID="5"><Point X="257" Y="546" T="0" /><Point X="264" Y="540" T="0" /><Point X="273" Y="533" T="0" /><Point X="283" Y="526" T="0" /><Point X="294" Y="518" T="0" /><Point X="307" Y="511" T="0" /><Point X="321" Y="502" T="0" /><Point X="335" Y="492" T="0" /><Point X="349" Y="482" T="0" /><Point X="366" Y="472" T="0" /><Point X="383" Y="461" T="0" /><Point X="401" Y="449" T="0" /><Point X="417" Y="439" T="0" /><Point X="433" Y="431" T="0" /><Point X="447" Y="422" T="0" /><Point X="459" Y="416" T="0" /><Point X="471" Y="408" T="0" /><Point X="484" Y="402" T="0" /><Point X="494" Y="396" T="0" /><Point X="505" Y="390" T="0" /><Point X="514" Y="384" T="0" /><Point X="523" Y="380" T="0" /><Point X="532" Y="376" T="0" /><Point X="539" Y="372" T="0" /><Point X="547" Y="367" T="0" /><Point X="554" Y="364" T="0" /><Point X="559" Y="361" T="0" /><Point X="565" Y="358" T="0" /><Point X="569" Y="356" T="0" /><Point X="573" Y="354" T="0" /><Point X="575" Y="352" T="0" /><Point X="578" Y="351" T="0" /><Point X="581" Y="350" T="0" /><Point X="582" Y="350" T="0" /><Point X="583" Y="350" T="0" /><Point X="585" Y="349" T="0" /><Point X="586" Y="348" T="0" /><Point X="587" Y="348" T="0" /><Point X="588" Y="348" T="0" /><Point X="588" Y="349" T="0" /><Point X="587" Y="349" T="0" /><Point X="586" Y="349" T="0" /><Point X="585" Y="350" T="0" /><Point X="583" Y="350" T="0" /><Point X="581" Y="350" T="0" /><Point X="577" Y="350" T="0" /><Point X="574" Y="351" T="0" /><Point X="568" Y="352" T="0" /><Point X="559" Y="352" T="0" /><Point X="551" Y="354" T="0" /><Point X="543" Y="355" T="0" /><Point X="537" Y="356" T="0" /><Point X="530" Y="358" T="0" /><Point X="523" Y="358" T="0" /><Point X="517" Y="359" T="0" /><Point X="511" Y="360" T="0" /><Point X="507" Y="360" T="0" /><Point X="502" Y="360" T="0" /><Point X="497" Y="360" T="0" /><Point X="491" Y="360" T="0" /><Point X="486" Y="360" T="0" /><Point X="481" Y="361" T="0" /><Point X="474" Y="362" T="0" /><Point X="467" Y="363" T="0" /><Point X="459" Y="364" T="0" /><Point X="452" Y="365" T="0" /><Point X="447" Y="366" T="0" /><Point X="443" Y="367" T="0" /><Point X="439" Y="368" T="0" /><Point X="436" Y="368" T="0" /><Point X="435" Y="368" T="0" /><Point X="433" Y="368" T="0" /><Point X="431" Y="368" T="0" /><Point X="430" Y="368" T="0" /><Point X="429" Y="368" T="0" /><Point X="430" Y="368" T="0" /><Point X="432" Y="368" T="0" /><Point X="435" Y="368" T="0" /><Point X="441" Y="368" T="0" /><Point X="448" Y="367" T="0" /><Point X="455" Y="366" T="0" /><Point X="461" Y="365" T="0" /><Point X="469" Y="364" T="0" /><Point X="477" Y="363" T="0" /><Point X="485" Y="362" T="0" /><Point X="492" Y="362" T="0" /><Point X="499" Y="360" T="0" /><Point X="507" Y="360" T="0" /><Point X="515" Y="359" T="0" /><Point X="522" Y="358" T="0" /><Point X="529" Y="357" T="0" /><Point X="536" Y="356" T="0" /><Point X="542" Y="356" T="0" /><Point X="547" Y="355" T="0" /><Point X="553" Y="354" T="0" /><Point X="557" Y="354" T="0" /><Point X="562" Y="353" T="0" /><Point X="567" Y="352" T="0" /><Point X="572" Y="352" T="0" /><Point X="575" Y="352" T="0" /><Point X="579" Y="352" T="0" /><Point X="581" Y="352" T="0" /><Point X="584" Y="352" T="0" /><Point X="585" Y="352" T="0" /><Point X="587" Y="352" T="0" /><Point X="588" Y="353" T="0" /><Point X="589" Y="354" T="0" /><Point X="590" Y="354" T="0" /><Point X="591" Y="355" T="0" /><Point X="591" Y="356" T="0" /><Point X="592" Y="356" T="0" /><Point X="592" Y="357" T="0" /><Point X="592" Y="358" T="0" /><Point X="592" Y="359" T="0" /><Point X="592" Y="360" T="0" /><Point X="592" Y="362" T="0" /><Point X="592" Y="364" T="0" /><Point X="591" Y="366" T="0" /><Point X="590" Y="370" T="0" /><Point X="589" Y="373" T="0" /><Point X="587" Y="378" T="0" /><Point X="584" Y="383" T="0" /><Point X="581" Y="389" T="0" /><Point X="577" Y="394" T="0" /><Point X="573" Y="400" T="0" /><Point X="569" Y="406" T="0" /><Point X="565" Y="414" T="0" /><Point X="560" Y="422" T="0" /><Point X="557" Y="428" T="0" /><Point X="553" Y="434" T="0" /><Point X="548" Y="441" T="0" /><Point X="543" Y="448" T="0" /><Point X="540" Y="454" T="0" /><Point X="537" Y="460" T="0" /><Point X="534" Y="466" T="0" /><Point X="531" Y="472" T="0" /><Point X="528" Y="478" T="0" /><Point X="525" Y="484" T="0" /><Point X="523" Y="488" T="0" /><Point X="522" Y="492" T="0" /><Point X="520" Y="496" T="0" /><Point X="517" Y="503" T="0" /><Point X="516" Y="506" T="0" /><Point X="515" Y="508" T="0" /><Point X="515" Y="511" T="0" /><Point X="514" Y="514" T="0" /><Point X="513" Y="516" T="0" /></Gesture>