<Gesture Name="caret" Subject="1" Number="1" NumPts="57" Millseconds="0" AppName="Gestures" AppVer="1.0" Date="Wednesday, March 01, 2023" TimeOfDay="17:03:45" ID="4"><Point X="315" Y="550" T="0" /><Point X="317" Y="542" T="0" /><Point X="321" Y="533" T="0" /><Point X="324" Y="525" T="0" /><Point X="327" Y="517" T="0" /><Point X="330" Y="508" T="0" /><Point X="335" Y="498" T="0" /><Point X="339" Y="488" T="0" /><Point X="344" Y="477" T="0" /><Point X="349" Y="466" T="0" /><Point X="355" Y="454" T="0" /><Point X="361" Y="443" T="0" /><Point X="367" Y="431" T="0" /><Point X="375" Y="418" T="0" /><Point X="381" Y="405" T="0" /><Point X="388" Y="392" T="0" /><Point X="395" Y="378" T="0" /><Point X="401" Y="366" T="0" /><Point X="406" Y="356" T="0" /><Point X="411" Y="348" T="0" /><Point X="415" Y="341" T="0" /><Point X="417" Y="336" T="0" /><Point X="418" Y="332" T="0" /><Point X="419" Y="328" T="0" /><Point X="421" Y="326" T="0" /><Point X="421" Y="324" T="0" /><Point X="421" Y="323" T="0" /><Point X="422" Y="324" T="0" /><Point X="423" Y="324" T="0" /><Point X="423" Y="326" T="0" /><Point X="425" Y="330" T="0" /><Point X="428" Y="336" T="0" /><Point X="431" Y="345" T="0" /><Point X="435" Y="355" T="0" /><Point X="438" Y="367" T="0" /><Point X="441" Y="380" T="0" /><Point X="444" Y="395" T="0" /><Point X="447" Y="410" T="0" /><Point X="448" Y="426" T="0" /><Point X="449" Y="442" T="0" /><Point X="451" Y="456" T="0" /><Point X="453" Y="470" T="0" /><Point X="455" Y="484" T="0" /><Point X="457" Y="495" T="0" /><Point X="459" Y="506" T="0" /><Point X="461" Y="516" T="0" /><Point X="463" Y="525" T="0" /><Point X="465" Y="532" T="0" /><Point X="468" Y="540" T="0" /><Point X="469" Y="546" T="0" /><Point X="471" Y="551" T="0" /><Point X="473" Y="556" T="0" /><Point X="474" Y="559" T="0" /><Point X="475" Y="562" T="0" /><Point X="477" Y="565" T="0" /><Point X="478" Y="568" T="0" /><Point X="479" Y="570" T="0" /></Gesture>