<Gesture Name="caret" Subject="1" Number="1" NumPts="62" Millseconds="0" AppName="Gestures" AppVer="1.0" Date="Wednesday, March 01, 2023" TimeOfDay="17:02:25" ID="3"><Point X="219" Y="460" T="0" /><Point X="221" Y="449" T="0" /><Point X="225" Y="439" T="0" /><Point X="231" Y="427" T="0" /><Point X="237" Y="414" T="0" /><Point X="245" Y="399" T="0" /><Point X="254" Y="384" T="0" /><Point X="263" Y="368" T="0" /><Point X="273" Y="354" T="0" /><Point X="283" Y="341" T="0" /><Point X="293" Y="329" T="0" /><Point X="301" Y="318" T="0" /><Point X="310" Y="309" T="0" /><Point X="317" Y="300" T="0" /><Point X="325" Y="292" T="0" /><Point X="331" Y="284" T="0" /><Point X="337" Y="278" T="0" /><Point X="342" Y="273" T="0" /><Point X="345" Y="268" T="0" /><Point X="349" Y="265" T="0" /><Point X="351" Y="262" T="0" /><Point X="354" Y="258" T="0" /><Point X="357" Y="256" T="0" /><Point X="359" Y="254" T="0" /><Point X="360" Y="252" T="0" /><Point X="361" Y="251" T="0" /><Point X="363" Y="250" T="0" /><Point X="363" Y="249" T="0" /><Point X="364" Y="249" T="0" /><Point X="365" Y="250" T="0" /><Point X="365" Y="252" T="0" /><Point X="367" Y="254" T="0" /><Point X="369" Y="258" T="0" /><Point X="371" Y="265" T="0" /><Point X="373" Y="274" T="0" /><Point X="376" Y="283" T="0" /><Point X="379" Y="296" T="0" /><Point X="381" Y="309" T="0" /><Point X="384" Y="323" T="0" /><Point X="387" Y="338" T="0" /><Point X="389" Y="354" T="0" /><Point X="392" Y="370" T="0" /><Point X="395" Y="387" T="0" /><Point X="397" Y="404" T="0" /><Point X="400" Y="421" T="0" /><Point X="403" Y="438" T="0" /><Point X="407" Y="452" T="0" /><Point X="412" Y="466" T="0" /><Point X="417" Y="478" T="0" /><Point X="420" Y="489" T="0" /><Point X="424" Y="500" T="0" /><Point X="429" Y="508" T="0" /><Point X="433" Y="516" T="0" /><Point X="435" Y="522" T="0" /><Point X="438" Y="527" T="0" /><Point X="441" Y="531" T="0" /><Point X="443" Y="534" T="0" /><Point X="444" Y="537" T="0" /><Point X="445" Y="538" T="0" /><Point X="447" Y="540" T="0" /><Point X="447" Y="541" T="0" /><Point X="448" Y="542" T="0" /></Gesture>