<Gesture Name="circle" Subject="1" Number="1" NumPts="128" Millseconds="0" AppName="Gestures" AppVer="1.0" Date="Wednesday, March 01, 2023" TimeOfDay="19:18:40" ID="7"><Point X="201" Y="146" T="0" /><Point X="197" Y="146" T="0" /><Point X="194" Y="146" T="0" /><Point X="192" Y="146" T="0" /><Point X="189" Y="146" T="0" /><Point X="186" Y="146" T="0" /><Point X="185" Y="146" T="0" /><Point X="181" Y="146" T="0" /><Point X="178" Y="146" T="0" /><Point X="174" Y="147" T="0" /><Point X="170" Y="147" T="0" /><Point X="167" Y="148" T="0" /><Point X="162" Y="149" T="0" /><Point X="160" Y="150" T="0" /><Point X="156" Y="151" T="0" /><Point X="154" Y="154" T="0" /><Point X="152" Y="155" T="0" /><Point X="149" Y="157" T="0" /><Point X="146" Y="159" T="0" /><Point X="144" Y="163" T="0" /><Point X="140" Y="166" T="0" /><Point X="138" Y="168" T="0" /><Point X="136" Y="171" T="0" /><Point X="134" Y="173" T="0" /><Point X="133" Y="175" T="0" /><Point X="131" Y="178" T="0" /><Point X="130" Y="179" T="0" /><Point X="129" Y="181" T="0" /><Point X="127" Y="182" T="0" /><Point X="126" Y="183" T="0" /><Point X="125" Y="186" T="0" /><Point X="125" Y="187" T="0" /><Point X="123" Y="189" T="0" /><Point X="122" Y="194" T="0" /><Point X="122" Y="198" T="0" /><Point X="122" Y="204" T="0" /><Point X="122" Y="210" T="0" /><Point X="122" Y="217" T="0" /><Point X="122" Y="223" T="0" /><Point X="122" Y="225" T="0" /><Point X="123" Y="228" T="0" /><Point X="125" Y="233" T="0" /><Point X="127" Y="236" T="0" /><Point X="130" Y="243" T="0" /><Point X="134" Y="251" T="0" /><Point X="138" Y="255" T="0" /><Point X="142" Y="262" T="0" /><Point X="147" Y="267" T="0" /><Point X="153" Y="271" T="0" /><Point X="160" Y="275" T="0" /><Point X="167" Y="280" T="0" /><Point X="171" Y="282" T="0" /><Point X="176" Y="283" T="0" /><Point X="179" Y="284" T="0" /><Point X="182" Y="285" T="0" /><Point X="186" Y="285" T="0" /><Point X="190" Y="285" T="0" /><Point X="194" Y="285" T="0" /><Point X="200" Y="285" T="0" /><Point X="206" Y="285" T="0" /><Point X="210" Y="285" T="0" /><Point X="215" Y="284" T="0" /><Point X="220" Y="283" T="0" /><Point X="223" Y="280" T="0" /><Point X="228" Y="277" T="0" /><Point X="231" Y="274" T="0" /><Point X="238" Y="269" T="0" /><Point X="242" Y="265" T="0" /><Point X="248" Y="261" T="0" /><Point X="252" Y="258" T="0" /><Point X="257" Y="255" T="0" /><Point X="260" Y="250" T="0" /><Point X="263" Y="247" T="0" /><Point X="267" Y="240" T="0" /><Point X="271" Y="235" T="0" /><Point X="274" Y="227" T="0" /><Point X="277" Y="220" T="0" /><Point X="279" Y="215" T="0" /><Point X="280" Y="214" T="0" /><Point X="280" Y="211" T="0" /><Point X="280" Y="209" T="0" /><Point X="280" Y="208" T="0" /><Point X="280" Y="207" T="0" /><Point X="280" Y="206" T="0" /><Point X="280" Y="205" T="0" /><Point X="280" Y="204" T="0" /><Point X="280" Y="203" T="0" /><Point X="280" Y="201" T="0" /><Point X="280" Y="199" T="0" /><Point X="279" Y="196" T="0" /><Point X="277" Y="193" T="0" /><Point X="274" Y="188" T="0" /><Point X="274" Y="186" T="0" /><Point X="272" Y="183" T="0" /><Point X="270" Y="179" T="0" /><Point X="269" Y="178" T="0" /><Point X="267" Y="176" T="0" /><Point X="266" Y="175" T="0" /><Point X="264" Y="172" T="0" /><Point X="262" Y="171" T="0" /><Point X="258" Y="168" T="0" /><Point X="256" Y="167" T="0" /><Point X="254" Y="164" T="0" /><Point X="251" Y="163" T="0" /><Point X="248" Y="161" T="0" /><Point X="243" Y="159" T="0" /><Point X="238" Y="155" T="0" /><Point X="233" Y="151" T="0" /><Point X="230" Y="149" T="0" /><Point X="226" Y="147" T="0" /><Point X="224" Y="146" T="0" /><Point X="222" Y="144" T="0" /><Point X="218" Y="143" T="0" /><Point X="216" Y="140" T="0" /><Point X="214" Y="140" T="0" /><Point X="213" Y="139" T="0" /><Point X="210" Y="139" T="0" /><Point X="209" Y="139" T="0" /><Point X="208" Y="139" T="0" /><Point X="206" Y="139" T="0" /><Point X="204" Y="139" T="0" /><Point X="203" Y="139" T="0" /><Point X="202" Y="139" T="0" /><Point X="201" Y="139" T="0" /><Point X="200" Y="139" T="0" /><Point X="199" Y="139" T="0" /><Point X="198" Y="139" T="0" /><Point X="197" Y="139" T="0" /></Gesture>