<Gesture Name="circle" Subject="1" Number="1" NumPts="131" Millseconds="0" AppName="Gestures" AppVer="1.0" Date="Wednesday, March 01, 2023" TimeOfDay="19:21:33" ID="10"><Point X="137" Y="158" T="0" /><Point X="132" Y="168" T="0" /><Point X="127" Y="176" T="0" /><Point X="124" Y="183" T="0" /><Point X="122" Y="187" T="0" /><Point X="121" Y="191" T="0" /><Point X="120" Y="195" T="0" /><Point X="119" Y="201" T="0" /><Point X="119" Y="206" T="0" /><Point X="119" Y="211" T="0" /><Point X="119" Y="215" T="0" /><Point X="119" Y="219" T="0" /><Point X="120" Y="223" T="0" /><Point X="121" Y="226" T="0" /><Point X="123" Y="228" T="0" /><Point X="126" Y="230" T="0" /><Point X="128" Y="234" T="0" /><Point X="131" Y="236" T="0" /><Point X="135" Y="239" T="0" /><Point X="138" Y="240" T="0" /><Point X="143" Y="244" T="0" /><Point X="149" Y="247" T="0" /><Point X="154" Y="249" T="0" /><Point X="159" Y="252" T="0" /><Point X="164" Y="254" T="0" /><Point X="168" Y="255" T="0" /><Point X="172" Y="257" T="0" /><Point X="176" Y="259" T="0" /><Point X="179" Y="261" T="0" /><Point X="184" Y="262" T="0" /><Point X="186" Y="262" T="0" /><Point X="190" Y="262" T="0" /><Point X="194" Y="262" T="0" /><Point X="199" Y="262" T="0" /><Point X="206" Y="259" T="0" /><Point X="212" Y="259" T="0" /><Point X="217" Y="257" T="0" /><Point X="221" Y="256" T="0" /><Point X="224" Y="255" T="0" /><Point X="226" Y="253" T="0" /><Point X="230" Y="251" T="0" /><Point X="232" Y="250" T="0" /><Point X="234" Y="248" T="0" /><Point X="238" Y="246" T="0" /><Point X="240" Y="242" T="0" /><Point X="242" Y="239" T="0" /><Point X="248" Y="232" T="0" /><Point X="250" Y="228" T="0" /><Point X="252" Y="223" T="0" /><Point X="254" Y="221" T="0" /><Point X="254" Y="219" T="0" /><Point X="256" Y="215" T="0" /><Point X="258" Y="211" T="0" /><Point X="258" Y="209" T="0" /><Point X="259" Y="207" T="0" /><Point X="259" Y="206" T="0" /><Point X="259" Y="205" T="0" /><Point X="259" Y="204" T="0" /><Point X="259" Y="203" T="0" /><Point X="259" Y="202" T="0" /><Point X="259" Y="201" T="0" /><Point X="258" Y="195" T="0" /><Point X="257" Y="190" T="0" /><Point X="254" Y="183" T="0" /><Point X="250" Y="178" T="0" /><Point X="249" Y="174" T="0" /><Point X="247" Y="171" T="0" /><Point X="246" Y="168" T="0" /><Point X="243" Y="165" T="0" /><Point X="242" Y="163" T="0" /><Point X="241" Y="162" T="0" /><Point X="239" Y="160" T="0" /><Point X="238" Y="159" T="0" /><Point X="235" Y="159" T="0" /><Point X="234" Y="158" T="0" /><Point X="232" Y="157" T="0" /><Point X="229" Y="155" T="0" /><Point X="226" Y="153" T="0" /><Point X="223" Y="152" T="0" /><Point X="220" Y="151" T="0" /><Point X="218" Y="151" T="0" /><Point X="216" Y="150" T="0" /><Point X="214" Y="149" T="0" /><Point X="212" Y="148" T="0" /><Point X="211" Y="148" T="0" /><Point X="210" Y="147" T="0" /><Point X="208" Y="146" T="0" /><Point X="206" Y="146" T="0" /><Point X="205" Y="145" T="0" /><Point X="203" Y="145" T="0" /><Point X="201" Y="144" T="0" /><Point X="198" Y="144" T="0" /><Point X="196" Y="144" T="0" /><Point X="194" Y="144" T="0" /><Point X="191" Y="143" T="0" /><Point X="189" Y="143" T="0" /><Point X="186" Y="143" T="0" /><Point X="183" Y="143" T="0" /><Point X="182" Y="143" T="0" /><Point X="179" Y="143" T="0" /><Point X="176" Y="143" T="0" /><Point X="175" Y="143" T="0" /><Point X="173" Y="143" T="0" /><Point X="170" Y="143" T="0" /><Point X="168" Y="143" T="0" /><Point X="166" Y="143" T="0" /><Point X="162" Y="143" T="0" /><Point X="159" Y="144" T="0" /><Point X="157" Y="145" T="0" /><Point X="156" Y="145" T="0" /><Point X="154" Y="147" T="0" /><Point X="153" Y="147" T="0" /><Point X="152" Y="147" T="0" /><Point X="151" Y="147" T="0" /><Point X="150" Y="147" T="0" /><Point X="149" Y="148" T="0" /><Point X="148" Y="148" T="0" /><Point X="147" Y="148" T="0" /><Point X="147" Y="149" T="0" /><Point X="146" Y="149" T="0" /><Point X="146" Y="150" T="0" /><Point X="146" Y="151" T="0" /><Point X="144" Y="151" T="0" /><Point X="143" Y="152" T="0" /><Point X="142" Y="153" T="0" /><Point X="142" Y="154" T="0" /><Point X="141" Y="154" T="0" /><Point X="141" Y="155" T="0" /><Point X="140" Y="155" T="0" /><Point X="139" Y="155" T="0" /><Point X="138" Y="155" T="0" /></Gesture>