<Gesture Name="rectangle" Subject="1" Number="1" NumPts="136" Millseconds="0" AppName="Gestures" AppVer="1.0" Date="Wednesday, March 01, 2023" TimeOfDay="19:13:06" ID="1"><Point X="146" Y="112" T="0" /><Point X="145" Y="126" T="0" /><Point X="141" Y="145" T="0" /><Point X="140" Y="157" T="0" /><Point X="138" Y="167" T="0" /><Point X="138" Y="171" T="0" /><Point X="138" Y="176" T="0" /><Point X="138" Y="180" T="0" /><Point X="138" Y="186" T="0" /><Point X="138" Y="190" T="0" /><Point X="138" Y="195" T="0" /><Point X="138" Y="199" T="0" /><Point X="138" Y="203" T="0" /><Point X="138" Y="205" T="0" /><Point X="138" Y="209" T="0" /><Point X="138" Y="211" T="0" /><Point X="138" Y="214" T="0" /><Point X="138" Y="215" T="0" /><Point X="138" Y="217" T="0" /><Point X="138" Y="219" T="0" /><Point X="138" Y="220" T="0" /><Point X="138" Y="222" T="0" /><Point X="138" Y="223" T="0" /><Point X="138" Y="224" T="0" /><Point X="140" Y="224" T="0" /><Point X="142" Y="225" T="0" /><Point X="143" Y="225" T="0" /><Point X="147" Y="225" T="0" /><Point X="151" Y="225" T="0" /><Point X="157" Y="225" T="0" /><Point X="164" Y="225" T="0" /><Point X="172" Y="225" T="0" /><Point X="185" Y="225" T="0" /><Point X="197" Y="225" T="0" /><Point X="205" Y="224" T="0" /><Point X="214" Y="224" T="0" /><Point X="224" Y="223" T="0" /><Point X="236" Y="223" T="0" /><Point X="248" Y="223" T="0" /><Point X="257" Y="223" T="0" /><Point X="266" Y="221" T="0" /><Point X="276" Y="220" T="0" /><Point X="286" Y="220" T="0" /><Point X="296" Y="218" T="0" /><Point X="306" Y="218" T="0" /><Point X="312" Y="217" T="0" /><Point X="319" Y="217" T="0" /><Point X="326" Y="217" T="0" /><Point X="330" Y="217" T="0" /><Point X="335" Y="217" T="0" /><Point X="338" Y="217" T="0" /><Point X="342" Y="217" T="0" /><Point X="345" Y="217" T="0" /><Point X="346" Y="217" T="0" /><Point X="350" Y="217" T="0" /><Point X="352" Y="217" T="0" /><Point X="353" Y="217" T="0" /><Point X="354" Y="217" T="0" /><Point X="355" Y="217" T="0" /><Point X="356" Y="217" T="0" /><Point X="357" Y="217" T="0" /><Point X="357" Y="212" T="0" /><Point X="357" Y="199" T="0" /><Point X="356" Y="192" T="0" /><Point X="354" Y="185" T="0" /><Point X="351" Y="175" T="0" /><Point X="347" Y="158" T="0" /><Point X="343" Y="139" T="0" /><Point X="340" Y="128" T="0" /><Point X="338" Y="122" T="0" /><Point X="338" Y="115" T="0" /><Point X="336" Y="109" T="0" /><Point X="335" Y="106" T="0" /><Point X="334" Y="104" T="0" /><Point X="334" Y="102" T="0" /><Point X="334" Y="101" T="0" /><Point X="334" Y="100" T="0" /><Point X="334" Y="99" T="0" /><Point X="333" Y="99" T="0" /><Point X="332" Y="99" T="0" /><Point X="331" Y="99" T="0" /><Point X="330" Y="99" T="0" /><Point X="329" Y="99" T="0" /><Point X="328" Y="99" T="0" /><Point X="322" Y="99" T="0" /><Point X="315" Y="100" T="0" /><Point X="306" Y="101" T="0" /><Point X="298" Y="102" T="0" /><Point X="289" Y="103" T="0" /><Point X="275" Y="105" T="0" /><Point X="261" Y="107" T="0" /><Point X="250" Y="107" T="0" /><Point X="240" Y="108" T="0" /><Point X="234" Y="109" T="0" /><Point X="224" Y="111" T="0" /><Point X="214" Y="111" T="0" /><Point X="205" Y="111" T="0" /><Point X="198" Y="112" T="0" /><Point X="194" Y="112" T="0" /><Point X="190" Y="113" T="0" /><Point X="188" Y="113" T="0" /><Point X="186" Y="113" T="0" /><Point X="183" Y="113" T="0" /><Point X="182" Y="113" T="0" /><Point X="180" Y="113" T="0" /><Point X="178" Y="115" T="0" /><Point X="175" Y="115" T="0" /><Point X="174" Y="115" T="0" /><Point X="172" Y="115" T="0" /><Point X="171" Y="115" T="0" /><Point X="170" Y="115" T="0" /><Point X="169" Y="115" T="0" /><Point X="168" Y="115" T="0" /><Point X="167" Y="115" T="0" /><Point X="166" Y="115" T="0" /><Point X="165" Y="115" T="0" /><Point X="162" Y="115" T="0" /><Point X="160" Y="115" T="0" /><Point X="159" Y="115" T="0" /><Point X="158" Y="115" T="0" /><Point X="156" Y="115" T="0" /><Point X="155" Y="115" T="0" /><Point X="154" Y="115" T="0" /><Point X="152" Y="115" T="0" /><Point X="150" Y="115" T="0" /><Point X="149" Y="115" T="0" /><Point X="148" Y="115" T="0" /><Point X="147" Y="115" T="0" /><Point X="146" Y="115" T="0" /><Point X="145" Y="115" T="0" /><Point X="144" Y="115" T="0" /><Point X="143" Y="115" T="0" /><Point X="142" Y="115" T="0" /><Point X="140" Y="115" T="0" /><Point X="139" Y="115" T="0" /><Point X="138" Y="115" T="0" /></Gesture>