<Gesture Name="right-square-bracket" Subject="1" Number="1" NumPts="66" Millseconds="0" AppName="Gestures" AppVer="1.0" Date="Wednesday, March 01, 2023" TimeOfDay="19:19:37" ID="8"><Point X="222" Y="114" T="0" /><Point X="236" Y="112" T="0" /><Point X="248" Y="112" T="0" /><Point X="258" Y="112" T="0" /><Point X="269" Y="113" T="0" /><Point X="281" Y="114" T="0" /><Point X="290" Y="115" T="0" /><Point X="298" Y="116" T="0" /><Point X="302" Y="117" T="0" /><Point X="306" Y="118" T="0" /><Point X="308" Y="119" T="0" /><Point X="310" Y="119" T="0" /><Point X="311" Y="119" T="0" /><Point X="313" Y="119" T="0" /><Point X="314" Y="119" T="0" /><Point X="315" Y="119" T="0" /><Point X="316" Y="119" T="0" /><Point X="317" Y="119" T="0" /><Point X="317" Y="120" T="0" /><Point X="317" Y="122" T="0" /><Point X="317" Y="124" T="0" /><Point X="318" Y="128" T="0" /><Point X="318" Y="134" T="0" /><Point X="318" Y="139" T="0" /><Point X="318" Y="147" T="0" /><Point X="318" Y="162" T="0" /><Point X="318" Y="176" T="0" /><Point X="317" Y="187" T="0" /><Point X="316" Y="196" T="0" /><Point X="315" Y="208" T="0" /><Point X="314" Y="225" T="0" /><Point X="313" Y="238" T="0" /><Point X="311" Y="247" T="0" /><Point X="311" Y="255" T="0" /><Point X="311" Y="261" T="0" /><Point X="311" Y="267" T="0" /><Point X="311" Y="273" T="0" /><Point X="311" Y="276" T="0" /><Point X="311" Y="279" T="0" /><Point X="311" Y="280" T="0" /><Point X="311" Y="282" T="0" /><Point X="311" Y="283" T="0" /><Point X="311" Y="284" T="0" /><Point X="311" Y="285" T="0" /><Point X="311" Y="286" T="0" /><Point X="311" Y="287" T="0" /><Point X="310" Y="287" T="0" /><Point X="309" Y="287" T="0" /><Point X="303" Y="287" T="0" /><Point X="295" Y="286" T="0" /><Point X="287" Y="285" T="0" /><Point X="278" Y="284" T="0" /><Point X="267" Y="283" T="0" /><Point X="254" Y="281" T="0" /><Point X="244" Y="279" T="0" /><Point X="238" Y="279" T="0" /><Point X="231" Y="278" T="0" /><Point X="229" Y="278" T="0" /><Point X="226" Y="278" T="0" /><Point X="224" Y="278" T="0" /><Point X="223" Y="278" T="0" /><Point X="222" Y="278" T="0" /><Point X="221" Y="278" T="0" /><Point X="220" Y="278" T="0" /><Point X="219" Y="278" T="0" /><Point X="218" Y="278" T="0" /></Gesture>