<Gesture Name="triangle" Subject="1" Number="1" NumPts="119" Millseconds="0" AppName="Gestures" AppVer="1.0" Date="Wednesday, March 01, 2023" TimeOfDay="19:15:12" ID="3"><Point X="182" Y="139" T="0" /><Point X="177" Y="144" T="0" /><Point X="170" Y="152" T="0" /><Point X="162" Y="162" T="0" /><Point X="155" Y="171" T="0" /><Point X="147" Y="179" T="0" /><Point X="142" Y="184" T="0" /><Point X="138" Y="191" T="0" /><Point X="134" Y="194" T="0" /><Point X="130" Y="199" T="0" /><Point X="127" Y="203" T="0" /><Point X="126" Y="204" T="0" /><Point X="123" Y="208" T="0" /><Point X="122" Y="209" T="0" /><Point X="122" Y="211" T="0" /><Point X="121" Y="211" T="0" /><Point X="120" Y="212" T="0" /><Point X="119" Y="214" T="0" /><Point X="121" Y="214" T="0" /><Point X="122" Y="213" T="0" /><Point X="129" Y="212" T="0" /><Point X="136" Y="211" T="0" /><Point X="142" Y="210" T="0" /><Point X="148" Y="209" T="0" /><Point X="155" Y="209" T="0" /><Point X="161" Y="209" T="0" /><Point X="169" Y="209" T="0" /><Point X="178" Y="209" T="0" /><Point X="187" Y="209" T="0" /><Point X="197" Y="211" T="0" /><Point X="206" Y="215" T="0" /><Point X="215" Y="217" T="0" /><Point X="227" Y="219" T="0" /><Point X="238" Y="221" T="0" /><Point X="247" Y="223" T="0" /><Point X="254" Y="227" T="0" /><Point X="262" Y="227" T="0" /><Point X="268" Y="228" T="0" /><Point X="273" Y="229" T="0" /><Point X="277" Y="230" T="0" /><Point X="279" Y="230" T="0" /><Point X="282" Y="231" T="0" /><Point X="284" Y="231" T="0" /><Point X="285" Y="231" T="0" /><Point X="286" Y="231" T="0" /><Point X="285" Y="231" T="0" /><Point X="284" Y="229" T="0" /><Point X="282" Y="227" T="0" /><Point X="279" Y="225" T="0" /><Point X="277" Y="223" T="0" /><Point X="273" Y="219" T="0" /><Point X="269" Y="214" T="0" /><Point X="265" Y="207" T="0" /><Point X="261" Y="201" T="0" /><Point X="258" Y="198" T="0" /><Point X="256" Y="195" T="0" /><Point X="254" Y="192" T="0" /><Point X="252" Y="191" T="0" /><Point X="250" Y="189" T="0" /><Point X="250" Y="188" T="0" /><Point X="247" Y="187" T="0" /><Point X="246" Y="186" T="0" /><Point X="245" Y="184" T="0" /><Point X="243" Y="183" T="0" /><Point X="242" Y="181" T="0" /><Point X="241" Y="178" T="0" /><Point X="238" Y="175" T="0" /><Point X="237" Y="173" T="0" /><Point X="235" Y="170" T="0" /><Point X="233" Y="167" T="0" /><Point X="231" Y="166" T="0" /><Point X="230" Y="164" T="0" /><Point X="228" Y="163" T="0" /><Point X="226" Y="161" T="0" /><Point X="225" Y="159" T="0" /><Point X="223" Y="158" T="0" /><Point X="222" Y="156" T="0" /><Point X="220" Y="155" T="0" /><Point X="218" Y="153" T="0" /><Point X="217" Y="151" T="0" /><Point X="215" Y="151" T="0" /><Point X="214" Y="149" T="0" /><Point X="214" Y="148" T="0" /><Point X="213" Y="147" T="0" /><Point X="211" Y="147" T="0" /><Point X="211" Y="146" T="0" /><Point X="210" Y="146" T="0" /><Point X="209" Y="146" T="0" /><Point X="208" Y="146" T="0" /><Point X="207" Y="146" T="0" /><Point X="206" Y="146" T="0" /><Point X="205" Y="145" T="0" /><Point X="205" Y="144" T="0" /><Point X="204" Y="144" T="0" /><Point X="202" Y="143" T="0" /><Point X="200" Y="143" T="0" /><Point X="198" Y="142" T="0" /><Point X="198" Y="141" T="0" /><Point X="197" Y="141" T="0" /><Point X="196" Y="141" T="0" /><Point X="195" Y="141" T="0" /><Point X="194" Y="141" T="0" /><Point X="193" Y="141" T="0" /><Point X="192" Y="140" T="0" /><Point X="191" Y="140" T="0" /><Point X="190" Y="140" T="0" /><Point X="190" Y="139" T="0" /><Point X="189" Y="139" T="0" /><Point X="188" Y="139" T="0" /><Point X="187" Y="138" T="0" /><Point X="186" Y="136" T="0" /><Point X="186" Y="135" T="0" /><Point X="185" Y="135" T="0" /><Point X="185" Y="134" T="0" /><Point X="184" Y="134" T="0" /><Point X="183" Y="133" T="0" /><Point X="183" Y="132" T="0" /><Point X="183" Y="131" T="0" /><Point X="183" Y="130" T="0" /></Gesture>