<Gesture Name="x" Subject="1" Number="1" NumPts="93" Millseconds="0" AppName="Gestures" AppVer="1.0" Date="Wednesday, March 01, 2023" TimeOfDay="19:16:04" ID="4"><Point X="144" Y="146" T="0" /><Point X="150" Y="154" T="0" /><Point X="158" Y="160" T="0" /><Point X="166" Y="170" T="0" /><Point X="174" Y="179" T="0" /><Point X="184" Y="187" T="0" /><Point X="192" Y="195" T="0" /><Point X="198" Y="203" T="0" /><Point X="204" Y="211" T="0" /><Point X="208" Y="217" T="0" /><Point X="212" Y="223" T="0" /><Point X="214" Y="227" T="0" /><Point X="216" Y="230" T="0" /><Point X="217" Y="231" T="0" /><Point X="218" Y="233" T="0" /><Point X="219" Y="234" T="0" /><Point X="219" Y="235" T="0" /><Point X="220" Y="236" T="0" /><Point X="220" Y="237" T="0" /><Point X="220" Y="238" T="0" /><Point X="220" Y="239" T="0" /><Point X="220" Y="240" T="0" /><Point X="221" Y="241" T="0" /><Point X="222" Y="242" T="0" /><Point X="222" Y="243" T="0" /><Point X="223" Y="243" T="0" /><Point X="224" Y="244" T="0" /><Point X="224" Y="245" T="0" /><Point X="226" Y="245" T="0" /><Point X="228" Y="247" T="0" /><Point X="229" Y="249" T="0" /><Point X="229" Y="251" T="0" /><Point X="230" Y="251" T="0" /><Point X="231" Y="252" T="0" /><Point X="232" Y="253" T="0" /><Point X="233" Y="254" T="0" /><Point X="233" Y="255" T="0" /><Point X="234" Y="255" T="0" /><Point X="235" Y="253" T="0" /><Point X="238" Y="248" T="0" /><Point X="238" Y="240" T="0" /><Point X="241" Y="228" T="0" /><Point X="242" Y="215" T="0" /><Point X="242" Y="203" T="0" /><Point X="242" Y="188" T="0" /><Point X="242" Y="174" T="0" /><Point X="242" Y="159" T="0" /><Point X="242" Y="148" T="0" /><Point X="242" Y="140" T="0" /><Point X="242" Y="132" T="0" /><Point X="242" Y="127" T="0" /><Point X="242" Y="123" T="0" /><Point X="242" Y="120" T="0" /><Point X="242" Y="119" T="0" /><Point X="242" Y="118" T="0" /><Point X="242" Y="117" T="0" /><Point X="240" Y="117" T="0" /><Point X="239" Y="117" T="0" /><Point X="238" Y="117" T="0" /><Point X="236" Y="119" T="0" /><Point X="233" Y="120" T="0" /><Point X="230" Y="123" T="0" /><Point X="224" Y="130" T="0" /><Point X="217" Y="140" T="0" /><Point X="206" Y="150" T="0" /><Point X="195" Y="159" T="0" /><Point X="185" Y="168" T="0" /><Point X="178" Y="175" T="0" /><Point X="171" Y="183" T="0" /><Point X="163" Y="190" T="0" /><Point X="156" Y="197" T="0" /><Point X="151" Y="202" T="0" /><Point X="146" Y="208" T="0" /><Point X="142" Y="211" T="0" /><Point X="140" Y="215" T="0" /><Point X="138" Y="218" T="0" /><Point X="136" Y="219" T="0" /><Point X="134" Y="220" T="0" /><Point X="133" Y="223" T="0" /><Point X="130" Y="224" T="0" /><Point X="130" Y="225" T="0" /><Point X="129" Y="226" T="0" /><Point X="128" Y="227" T="0" /><Point X="127" Y="228" T="0" /><Point X="126" Y="229" T="0" /><Point X="126" Y="230" T="0" /><Point X="124" Y="231" T="0" /><Point X="123" Y="231" T="0" /><Point X="123" Y="232" T="0" /><Point X="122" Y="232" T="0" /><Point X="122" Y="233" T="0" /><Point X="121" Y="234" T="0" /><Point X="121" Y="235" T="0" /></Gesture>