<Gesture Name="x" Subject="1" Number="1" NumPts="96" Millseconds="0" AppName="Gestures" AppVer="1.0" Date="Wednesday, March 01, 2023" TimeOfDay="19:18:34" ID="7"><Point X="136" Y="112" T="0" /><Point X="151" Y="132" T="0" /><Point X="163" Y="147" T="0" /><Point X="171" Y="157" T="0" /><Point X="180" Y="167" T="0" /><Point X="186" Y="175" T="0" /><Point X="196" Y="187" T="0" /><Point X="206" Y="201" T="0" /><Point X="213" Y="211" T="0" /><Point X="219" Y="219" T="0" /><Point X="226" Y="226" T="0" /><Point X="230" Y="231" T="0" /><Point X="233" Y="235" T="0" /><Point X="237" Y="239" T="0" /><Point X="239" Y="243" T="0" /><Point X="242" Y="247" T="0" /><Point X="246" Y="250" T="0" /><Point X="247" Y="253" T="0" /><Point X="249" Y="255" T="0" /><Point X="250" Y="257" T="0" /><Point X="253" Y="259" T="0" /><Point X="254" Y="260" T="0" /><Point X="255" Y="262" T="0" /><Point X="256" Y="263" T="0" /><Point X="257" Y="263" T="0" /><Point X="258" Y="264" T="0" /><Point X="258" Y="265" T="0" /><Point X="258" Y="267" T="0" /><Point X="259" Y="267" T="0" /><Point X="260" Y="267" T="0" /><Point X="262" Y="269" T="0" /><Point X="264" Y="270" T="0" /><Point X="267" Y="271" T="0" /><Point X="269" Y="274" T="0" /><Point X="270" Y="275" T="0" /><Point X="271" Y="277" T="0" /><Point X="272" Y="278" T="0" /><Point X="273" Y="278" T="0" /><Point X="274" Y="279" T="0" /><Point X="274" Y="280" T="0" /><Point X="274" Y="281" T="0" /><Point X="275" Y="281" T="0" /><Point X="275" Y="280" T="0" /><Point X="275" Y="278" T="0" /><Point X="275" Y="271" T="0" /><Point X="274" Y="263" T="0" /><Point X="274" Y="254" T="0" /><Point X="270" Y="244" T="0" /><Point X="268" Y="232" T="0" /><Point X="265" Y="217" T="0" /><Point X="262" Y="203" T="0" /><Point X="259" Y="194" T="0" /><Point X="258" Y="187" T="0" /><Point X="255" Y="179" T="0" /><Point X="253" Y="170" T="0" /><Point X="252" Y="164" T="0" /><Point X="251" Y="158" T="0" /><Point X="250" Y="152" T="0" /><Point X="250" Y="149" T="0" /><Point X="250" Y="147" T="0" /><Point X="250" Y="143" T="0" /><Point X="250" Y="142" T="0" /><Point X="250" Y="140" T="0" /><Point X="250" Y="138" T="0" /><Point X="250" Y="137" T="0" /><Point X="250" Y="136" T="0" /><Point X="249" Y="136" T="0" /><Point X="248" Y="136" T="0" /><Point X="247" Y="136" T="0" /><Point X="246" Y="136" T="0" /><Point X="242" Y="138" T="0" /><Point X="236" Y="143" T="0" /><Point X="227" Y="148" T="0" /><Point X="216" Y="156" T="0" /><Point X="206" Y="163" T="0" /><Point X="198" Y="168" T="0" /><Point X="186" Y="178" T="0" /><Point X="169" Y="192" T="0" /><Point X="156" Y="203" T="0" /><Point X="146" Y="213" T="0" /><Point X="140" Y="219" T="0" /><Point X="133" Y="226" T="0" /><Point X="126" Y="231" T="0" /><Point X="122" Y="237" T="0" /><Point X="117" Y="241" T="0" /><Point X="114" Y="244" T="0" /><Point X="113" Y="247" T="0" /><Point X="111" Y="248" T="0" /><Point X="110" Y="248" T="0" /><Point X="110" Y="249" T="0" /><Point X="109" Y="251" T="0" /><Point X="108" Y="251" T="0" /><Point X="107" Y="251" T="0" /><Point X="107" Y="252" T="0" /><Point X="106" Y="252" T="0" /><Point X="106" Y="253" T="0" /></Gesture>