<Gesture Name="arrow" Subject="1" Number="1" NumPts="110" Millseconds="0" AppName="Gestures" AppVer="1.0" Date="Wednesday, March 01, 2023" TimeOfDay="17:00:27" ID="2"><Point X="266" Y="499" T="0" /><Point X="274" Y="495" T="0" /><Point X="282" Y="489" T="0" /><Point X="292" Y="484" T="0" /><Point X="302" Y="477" T="0" /><Point X="314" Y="471" T="0" /><Point X="325" Y="463" T="0" /><Point X="338" Y="456" T="0" /><Point X="352" Y="447" T="0" /><Point X="366" Y="438" T="0" /><Point X="382" Y="428" T="0" /><Point X="398" Y="418" T="0" /><Point X="416" Y="409" T="0" /><Point X="433" Y="399" T="0" /><Point X="449" Y="390" T="0" /><Point X="465" Y="381" T="0" /><Point X="480" Y="373" T="0" /><Point X="495" Y="364" T="0" /><Point X="509" Y="356" T="0" /><Point X="522" Y="349" T="0" /><Point X="535" Y="342" T="0" /><Point X="546" Y="337" T="0" /><Point X="556" Y="331" T="0" /><Point X="566" Y="327" T="0" /><Point X="575" Y="322" T="0" /><Point X="583" Y="319" T="0" /><Point X="589" Y="315" T="0" /><Point X="595" Y="313" T="0" /><Point X="600" Y="311" T="0" /><Point X="603" Y="310" T="0" /><Point X="606" Y="309" T="0" /><Point X="607" Y="308" T="0" /><Point X="608" Y="308" T="0" /><Point X="609" Y="307" T="0" /><Point X="610" Y="307" T="0" /><Point X="608" Y="307" T="0" /><Point X="604" Y="307" T="0" /><Point X="598" Y="308" T="0" /><Point X="590" Y="309" T="0" /><Point X="581" Y="311" T="0" /><Point X="572" Y="312" T="0" /><Point X="563" Y="314" T="0" /><Point X="554" Y="316" T="0" /><Point X="543" Y="318" T="0" /><Point X="533" Y="320" T="0" /><Point X="521" Y="321" T="0" /><Point X="510" Y="323" T="0" /><Point X="499" Y="325" T="0" /><Point X="488" Y="326" T="0" /><Point X="477" Y="327" T="0" /><Point X="467" Y="327" T="0" /><Point X="458" Y="328" T="0" /><Point X="450" Y="328" T="0" /><Point X="442" Y="328" T="0" /><Point X="436" Y="328" T="0" /><Point X="433" Y="327" T="0" /><Point X="430" Y="326" T="0" /><Point X="427" Y="326" T="0" /><Point X="426" Y="325" T="0" /><Point X="424" Y="325" T="0" /><Point X="424" Y="324" T="0" /><Point X="424" Y="323" T="0" /><Point X="425" Y="323" T="0" /><Point X="427" Y="321" T="0" /><Point X="432" Y="319" T="0" /><Point X="438" Y="317" T="0" /><Point X="445" Y="315" T="0" /><Point X="454" Y="314" T="0" /><Point X="462" Y="313" T="0" /><Point X="472" Y="311" T="0" /><Point X="481" Y="311" T="0" /><Point X="491" Y="311" T="0" /><Point X="500" Y="310" T="0" /><Point X="510" Y="309" T="0" /><Point X="519" Y="309" T="0" /><Point X="528" Y="309" T="0" /><Point X="537" Y="309" T="0" /><Point X="546" Y="308" T="0" /><Point X="555" Y="308" T="0" /><Point X="564" Y="307" T="0" /><Point X="572" Y="307" T="0" /><Point X="579" Y="307" T="0" /><Point X="586" Y="308" T="0" /><Point X="593" Y="308" T="0" /><Point X="600" Y="308" T="0" /><Point X="606" Y="308" T="0" /><Point X="612" Y="309" T="0" /><Point X="616" Y="309" T="0" /><Point X="619" Y="311" T="0" /><Point X="621" Y="311" T="0" /><Point X="623" Y="313" T="0" /><Point X="624" Y="316" T="0" /><Point X="624" Y="319" T="0" /><Point X="622" Y="324" T="0" /><Point X="621" Y="329" T="0" /><Point X="618" Y="335" T="0" /><Point X="615" Y="341" T="0" /><Point X="612" Y="347" T="0" /><Point X="609" Y="355" T="0" /><Point X="606" Y="362" T="0" /><Point X="602" Y="369" T="0" /><Point X="598" Y="377" T="0" /><Point X="596" Y="386" T="0" /><Point X="592" Y="395" T="0" /><Point X="588" Y="405" T="0" /><Point X="584" Y="415" T="0" /><Point X="580" Y="425" T="0" /><Point X="576" Y="435" T="0" /><Point X="572" Y="445" T="0" /><Point X="565" Y="459" T="0" /></Gesture>