<Gesture Name="arrow" Subject="1" Number="1" NumPts="157" Millseconds="0" AppName="Gestures" AppVer="1.0" Date="Wednesday, March 01, 2023" TimeOfDay="17:02:35" ID="3"><Point X="160" Y="410" T="0" /><Point X="167" Y="409" T="0" /><Point X="175" Y="408" T="0" /><Point X="183" Y="406" T="0" /><Point X="191" Y="406" T="0" /><Point X="200" Y="404" T="0" /><Point X="208" Y="403" T="0" /><Point X="217" Y="401" T="0" /><Point X="225" Y="399" T="0" /><Point X="234" Y="397" T="0" /><Point X="243" Y="395" T="0" /><Point X="252" Y="393" T="0" /><Point X="261" Y="392" T="0" /><Point X="271" Y="389" T="0" /><Point X="281" Y="386" T="0" /><Point X="291" Y="384" T="0" /><Point X="301" Y="382" T="0" /><Point X="310" Y="380" T="0" /><Point X="320" Y="378" T="0" /><Point X="329" Y="377" T="0" /><Point X="339" Y="375" T="0" /><Point X="348" Y="373" T="0" /><Point X="358" Y="371" T="0" /><Point X="367" Y="369" T="0" /><Point X="377" Y="367" T="0" /><Point X="387" Y="366" T="0" /><Point X="396" Y="364" T="0" /><Point X="405" Y="363" T="0" /><Point X="415" Y="362" T="0" /><Point X="424" Y="360" T="0" /><Point X="433" Y="359" T="0" /><Point X="443" Y="358" T="0" /><Point X="452" Y="358" T="0" /><Point X="459" Y="357" T="0" /><Point X="467" Y="357" T="0" /><Point X="473" Y="356" T="0" /><Point X="481" Y="356" T="0" /><Point X="487" Y="356" T="0" /><Point X="494" Y="356" T="0" /><Point X="501" Y="356" T="0" /><Point X="507" Y="356" T="0" /><Point X="513" Y="355" T="0" /><Point X="519" Y="355" T="0" /><Point X="523" Y="355" T="0" /><Point X="527" Y="355" T="0" /><Point X="531" Y="355" T="0" /><Point X="533" Y="355" T="0" /><Point X="536" Y="355" T="0" /><Point X="539" Y="355" T="0" /><Point X="541" Y="355" T="0" /><Point X="542" Y="355" T="0" /><Point X="543" Y="355" T="0" /><Point X="542" Y="354" T="0" /><Point X="541" Y="352" T="0" /><Point X="539" Y="351" T="0" /><Point X="537" Y="350" T="0" /><Point X="534" Y="348" T="0" /><Point X="531" Y="346" T="0" /><Point X="527" Y="344" T="0" /><Point X="523" Y="342" T="0" /><Point X="519" Y="340" T="0" /><Point X="515" Y="338" T="0" /><Point X="511" Y="336" T="0" /><Point X="505" Y="334" T="0" /><Point X="501" Y="332" T="0" /><Point X="495" Y="330" T="0" /><Point X="491" Y="329" T="0" /><Point X="487" Y="328" T="0" /><Point X="482" Y="326" T="0" /><Point X="478" Y="325" T="0" /><Point X="474" Y="323" T="0" /><Point X="470" Y="322" T="0" /><Point X="467" Y="321" T="0" /><Point X="461" Y="319" T="0" /><Point X="456" Y="317" T="0" /><Point X="451" Y="316" T="0" /><Point X="446" Y="314" T="0" /><Point X="441" Y="313" T="0" /><Point X="435" Y="311" T="0" /><Point X="429" Y="310" T="0" /><Point X="425" Y="309" T="0" /><Point X="420" Y="308" T="0" /><Point X="417" Y="307" T="0" /><Point X="414" Y="306" T="0" /><Point X="412" Y="306" T="0" /><Point X="410" Y="305" T="0" /><Point X="408" Y="304" T="0" /><Point X="407" Y="304" T="0" /><Point X="406" Y="303" T="0" /><Point X="405" Y="303" T="0" /><Point X="407" Y="304" T="0" /><Point X="409" Y="305" T="0" /><Point X="414" Y="307" T="0" /><Point X="419" Y="309" T="0" /><Point X="426" Y="311" T="0" /><Point X="433" Y="314" T="0" /><Point X="440" Y="316" T="0" /><Point X="448" Y="319" T="0" /><Point X="455" Y="322" T="0" /><Point X="461" Y="324" T="0" /><Point X="467" Y="326" T="0" /><Point X="473" Y="328" T="0" /><Point X="480" Y="331" T="0" /><Point X="486" Y="334" T="0" /><Point X="491" Y="336" T="0" /><Point X="497" Y="338" T="0" /><Point X="503" Y="340" T="0" /><Point X="509" Y="342" T="0" /><Point X="515" Y="344" T="0" /><Point X="520" Y="346" T="0" /><Point X="525" Y="348" T="0" /><Point X="529" Y="349" T="0" /><Point X="533" Y="350" T="0" /><Point X="537" Y="351" T="0" /><Point X="539" Y="352" T="0" /><Point X="541" Y="354" T="0" /><Point X="543" Y="354" T="0" /><Point X="544" Y="355" T="0" /><Point X="545" Y="356" T="0" /><Point X="546" Y="356" T="0" /><Point X="547" Y="357" T="0" /><Point X="547" Y="358" T="0" /><Point X="546" Y="359" T="0" /><Point X="545" Y="360" T="0" /><Point X="543" Y="360" T="0" /><Point X="541" Y="362" T="0" /><Point X="539" Y="364" T="0" /><Point X="534" Y="366" T="0" /><Point X="528" Y="369" T="0" /><Point X="522" Y="372" T="0" /><Point X="517" Y="376" T="0" /><Point X="511" Y="378" T="0" /><Point X="506" Y="381" T="0" /><Point X="501" Y="385" T="0" /><Point X="495" Y="390" T="0" /><Point X="489" Y="395" T="0" /><Point X="483" Y="400" T="0" /><Point X="477" Y="406" T="0" /><Point X="471" Y="412" T="0" /><Point X="466" Y="418" T="0" /><Point X="461" Y="422" T="0" /><Point X="457" Y="427" T="0" /><Point X="453" Y="431" T="0" /><Point X="450" Y="434" T="0" /><Point X="447" Y="438" T="0" /><Point X="443" Y="441" T="0" /><Point X="440" Y="444" T="0" /><Point X="437" Y="447" T="0" /><Point X="434" Y="449" T="0" /><Point X="431" Y="452" T="0" /><Point X="427" Y="454" T="0" /><Point X="425" Y="456" T="0" /><Point X="423" Y="458" T="0" /><Point X="421" Y="459" T="0" /><Point X="419" Y="460" T="0" /><Point X="417" Y="461" T="0" /><Point X="417" Y="462" T="0" /></Gesture>