<Gesture Name="arrow" Subject="1" Number="1" NumPts="110" Millseconds="0" AppName="Gestures" AppVer="1.0" Date="Wednesday, March 01, 2023" TimeOfDay="17:06:07" ID="6"><Point X="121" Y="538" T="0" /><Point X="129" Y="533" T="0" /><Point X="137" Y="528" T="0" /><Point X="148" Y="520" T="0" /><Point X="159" Y="513" T="0" /><Point X="171" Y="505" T="0" /><Point X="185" Y="496" T="0" /><Point X="199" Y="487" T="0" /><Point X="213" Y="476" T="0" /><Point X="228" Y="466" T="0" /><Point X="244" Y="456" T="0" /><Point X="261" Y="445" T="0" /><Point X="279" Y="434" T="0" /><Point X="298" Y="423" T="0" /><Point X="316" Y="412" T="0" /><Point X="333" Y="401" T="0" /><Point X="351" Y="390" T="0" /><Point X="368" Y="380" T="0" /><Point X="384" Y="370" T="0" /><Point X="399" Y="360" T="0" /><Point X="415" Y="350" T="0" /><Point X="430" Y="342" T="0" /><Point X="443" Y="335" T="0" /><Point X="455" Y="329" T="0" /><Point X="467" Y="323" T="0" /><Point X="477" Y="318" T="0" /><Point X="487" Y="313" T="0" /><Point X="495" Y="309" T="0" /><Point X="503" Y="305" T="0" /><Point X="509" Y="302" T="0" /><Point X="515" Y="298" T="0" /><Point X="520" Y="296" T="0" /><Point X="523" Y="295" T="0" /><Point X="526" Y="293" T="0" /><Point X="529" Y="292" T="0" /><Point X="530" Y="292" T="0" /><Point X="531" Y="291" T="0" /><Point X="533" Y="290" T="0" /><Point X="534" Y="290" T="0" /><Point X="533" Y="290" T="0" /><Point X="531" Y="290" T="0" /><Point X="529" Y="290" T="0" /><Point X="525" Y="290" T="0" /><Point X="522" Y="290" T="0" /><Point X="517" Y="290" T="0" /><Point X="510" Y="290" T="0" /><Point X="504" Y="290" T="0" /><Point X="497" Y="291" T="0" /><Point X="489" Y="292" T="0" /><Point X="481" Y="293" T="0" /><Point X="471" Y="294" T="0" /><Point X="463" Y="295" T="0" /><Point X="454" Y="296" T="0" /><Point X="446" Y="296" T="0" /><Point X="438" Y="297" T="0" /><Point X="431" Y="298" T="0" /><Point X="422" Y="298" T="0" /><Point X="415" Y="299" T="0" /><Point X="407" Y="300" T="0" /><Point X="400" Y="300" T="0" /><Point X="395" Y="301" T="0" /><Point X="391" Y="302" T="0" /><Point X="387" Y="302" T="0" /><Point X="385" Y="302" T="0" /><Point X="383" Y="302" T="0" /><Point X="381" Y="302" T="0" /><Point X="380" Y="302" T="0" /><Point X="381" Y="302" T="0" /><Point X="382" Y="302" T="0" /><Point X="386" Y="302" T="0" /><Point X="393" Y="302" T="0" /><Point X="401" Y="302" T="0" /><Point X="410" Y="301" T="0" /><Point X="419" Y="300" T="0" /><Point X="430" Y="298" T="0" /><Point X="441" Y="297" T="0" /><Point X="451" Y="296" T="0" /><Point X="461" Y="295" T="0" /><Point X="472" Y="294" T="0" /><Point X="483" Y="293" T="0" /><Point X="493" Y="292" T="0" /><Point X="503" Y="292" T="0" /><Point X="511" Y="291" T="0" /><Point X="519" Y="290" T="0" /><Point X="525" Y="290" T="0" /><Point X="529" Y="290" T="0" /><Point X="533" Y="291" T="0" /><Point X="535" Y="292" T="0" /><Point X="537" Y="292" T="0" /><Point X="538" Y="293" T="0" /><Point X="539" Y="294" T="0" /><Point X="539" Y="295" T="0" /><Point X="539" Y="296" T="0" /><Point X="539" Y="298" T="0" /><Point X="539" Y="302" T="0" /><Point X="537" Y="306" T="0" /><Point X="535" Y="310" T="0" /><Point X="532" Y="315" T="0" /><Point X="529" Y="320" T="0" /><Point X="525" Y="326" T="0" /><Point X="521" Y="334" T="0" /><Point X="517" Y="342" T="0" /><Point X="513" Y="351" T="0" /><Point X="509" Y="361" T="0" /><Point X="505" Y="370" T="0" /><Point X="501" Y="382" T="0" /><Point X="496" Y="393" T="0" /><Point X="491" Y="405" T="0" /><Point X="487" Y="418" T="0" /><Point X="479" Y="440" T="0" /></Gesture>