<Gesture Name="arrow" Subject="1" Number="1" NumPts="120" Millseconds="0" AppName="Gestures" AppVer="1.0" Date="Wednesday, March 01, 2023" TimeOfDay="17:08:16" ID="8"><Point X="78" Y="564" T="0" /><Point X="91" Y="555" T="0" /><Point X="106" Y="546" T="0" /><Point X="123" Y="538" T="0" /><Point X="141" Y="527" T="0" /><Point X="160" Y="518" T="0" /><Point X="179" Y="508" T="0" /><Point X="199" Y="498" T="0" /><Point X="221" Y="487" T="0" /><Point X="242" Y="476" T="0" /><Point X="265" Y="466" T="0" /><Point X="291" Y="454" T="0" /><Point X="316" Y="443" T="0" /><Point X="343" Y="432" T="0" /><Point X="368" Y="421" T="0" /><Point X="391" Y="410" T="0" /><Point X="414" Y="400" T="0" /><Point X="435" Y="390" T="0" /><Point X="454" Y="380" T="0" /><Point X="473" Y="372" T="0" /><Point X="491" Y="364" T="0" /><Point X="509" Y="357" T="0" /><Point X="525" Y="350" T="0" /><Point X="540" Y="345" T="0" /><Point X="554" Y="340" T="0" /><Point X="566" Y="336" T="0" /><Point X="578" Y="332" T="0" /><Point X="589" Y="328" T="0" /><Point X="597" Y="325" T="0" /><Point X="606" Y="322" T="0" /><Point X="613" Y="320" T="0" /><Point X="619" Y="318" T="0" /><Point X="625" Y="316" T="0" /><Point X="629" Y="314" T="0" /><Point X="633" Y="312" T="0" /><Point X="637" Y="311" T="0" /><Point X="641" Y="310" T="0" /><Point X="644" Y="308" T="0" /><Point X="646" Y="308" T="0" /><Point X="648" Y="307" T="0" /><Point X="649" Y="306" T="0" /><Point X="651" Y="306" T="0" /><Point X="652" Y="306" T="0" /><Point X="653" Y="305" T="0" /><Point X="653" Y="304" T="0" /><Point X="654" Y="304" T="0" /><Point X="654" Y="303" T="0" /><Point X="654" Y="302" T="0" /><Point X="653" Y="301" T="0" /><Point X="652" Y="300" T="0" /><Point X="650" Y="299" T="0" /><Point X="646" Y="298" T="0" /><Point X="639" Y="297" T="0" /><Point X="629" Y="296" T="0" /><Point X="617" Y="296" T="0" /><Point X="607" Y="297" T="0" /><Point X="595" Y="298" T="0" /><Point X="584" Y="298" T="0" /><Point X="573" Y="299" T="0" /><Point X="561" Y="300" T="0" /><Point X="549" Y="302" T="0" /><Point X="539" Y="302" T="0" /><Point X="527" Y="303" T="0" /><Point X="517" Y="304" T="0" /><Point X="508" Y="304" T="0" /><Point X="498" Y="305" T="0" /><Point X="489" Y="306" T="0" /><Point X="481" Y="306" T="0" /><Point X="473" Y="306" T="0" /><Point X="466" Y="306" T="0" /><Point X="459" Y="307" T="0" /><Point X="455" Y="307" T="0" /><Point X="451" Y="307" T="0" /><Point X="449" Y="307" T="0" /><Point X="447" Y="307" T="0" /><Point X="446" Y="307" T="0" /><Point X="445" Y="307" T="0" /><Point X="446" Y="307" T="0" /><Point X="450" Y="306" T="0" /><Point X="457" Y="305" T="0" /><Point X="467" Y="304" T="0" /><Point X="479" Y="302" T="0" /><Point X="491" Y="302" T="0" /><Point X="505" Y="301" T="0" /><Point X="519" Y="300" T="0" /><Point X="533" Y="298" T="0" /><Point X="547" Y="298" T="0" /><Point X="561" Y="297" T="0" /><Point X="574" Y="296" T="0" /><Point X="587" Y="296" T="0" /><Point X="598" Y="296" T="0" /><Point X="609" Y="297" T="0" /><Point X="619" Y="298" T="0" /><Point X="629" Y="298" T="0" /><Point X="637" Y="299" T="0" /><Point X="643" Y="300" T="0" /><Point X="648" Y="300" T="0" /><Point X="652" Y="302" T="0" /><Point X="655" Y="303" T="0" /><Point X="658" Y="304" T="0" /><Point X="659" Y="306" T="0" /><Point X="661" Y="307" T="0" /><Point X="662" Y="309" T="0" /><Point X="662" Y="311" T="0" /><Point X="662" Y="314" T="0" /><Point X="661" Y="318" T="0" /><Point X="659" Y="322" T="0" /><Point X="653" Y="330" T="0" /><Point X="646" Y="338" T="0" /><Point X="635" Y="347" T="0" /><Point X="624" Y="357" T="0" /><Point X="611" Y="366" T="0" /><Point X="601" Y="374" T="0" /><Point X="590" Y="383" T="0" /><Point X="579" Y="392" T="0" /><Point X="569" Y="401" T="0" /><Point X="560" Y="410" T="0" /><Point X="551" Y="419" T="0" /><Point X="543" Y="429" T="0" /><Point X="539" Y="434" T="0" /></Gesture>