<Gesture Name="caret" Subject="1" Number="1" NumPts="70" Millseconds="0" AppName="Gestures" AppVer="1.0" Date="Wednesday, March 01, 2023" TimeOfDay="17:06:01" ID="6"><Point X="185" Y="546" T="0" /><Point X="191" Y="538" T="0" /><Point X="197" Y="529" T="0" /><Point X="203" Y="518" T="0" /><Point X="210" Y="508" T="0" /><Point X="217" Y="496" T="0" /><Point X="225" Y="483" T="0" /><Point X="233" Y="468" T="0" /><Point X="242" Y="453" T="0" /><Point X="251" Y="440" T="0" /><Point X="259" Y="426" T="0" /><Point X="269" Y="411" T="0" /><Point X="277" Y="396" T="0" /><Point X="285" Y="382" T="0" /><Point X="292" Y="368" T="0" /><Point X="299" Y="354" T="0" /><Point X="307" Y="341" T="0" /><Point X="314" Y="330" T="0" /><Point X="320" Y="320" T="0" /><Point X="326" Y="310" T="0" /><Point X="331" Y="301" T="0" /><Point X="335" Y="293" T="0" /><Point X="339" Y="286" T="0" /><Point X="343" Y="280" T="0" /><Point X="345" Y="276" T="0" /><Point X="348" Y="272" T="0" /><Point X="350" Y="268" T="0" /><Point X="351" Y="267" T="0" /><Point X="353" Y="266" T="0" /><Point X="354" Y="266" T="0" /><Point X="355" Y="265" T="0" /><Point X="356" Y="266" T="0" /><Point X="357" Y="266" T="0" /><Point X="358" Y="268" T="0" /><Point X="360" Y="272" T="0" /><Point X="361" Y="278" T="0" /><Point X="363" Y="284" T="0" /><Point X="363" Y="292" T="0" /><Point X="365" Y="301" T="0" /><Point X="366" Y="311" T="0" /><Point X="367" Y="322" T="0" /><Point X="369" Y="335" T="0" /><Point X="370" Y="348" T="0" /><Point X="372" Y="360" T="0" /><Point X="374" Y="374" T="0" /><Point X="376" Y="388" T="0" /><Point X="378" Y="402" T="0" /><Point X="380" Y="418" T="0" /><Point X="382" Y="432" T="0" /><Point X="385" Y="447" T="0" /><Point X="387" Y="461" T="0" /><Point X="389" Y="474" T="0" /><Point X="393" Y="488" T="0" /><Point X="395" Y="501" T="0" /><Point X="398" Y="512" T="0" /><Point X="401" Y="524" T="0" /><Point X="404" Y="536" T="0" /><Point X="407" Y="546" T="0" /><Point X="410" Y="557" T="0" /><Point X="413" Y="566" T="0" /><Point X="415" Y="573" T="0" /><Point X="417" Y="580" T="0" /><Point X="419" Y="586" T="0" /><Point X="421" Y="590" T="0" /><Point X="422" Y="594" T="0" /><Point X="423" Y="598" T="0" /><Point X="425" Y="600" T="0" /><Point X="426" Y="602" T="0" /><Point X="427" Y="604" T="0" /><Point X="427" Y="605" T="0" /></Gesture>