<Gesture Name="caret" Subject="1" Number="1" NumPts="72" Millseconds="0" AppName="Gestures" AppVer="1.0" Date="Wednesday, March 01, 2023" TimeOfDay="17:07:13" ID="7"><Point X="124" Y="553" T="0" /><Point X="127" Y="545" T="0" /><Point X="132" Y="536" T="0" /><Point X="137" Y="527" T="0" /><Point X="144" Y="516" T="0" /><Point X="151" Y="504" T="0" /><Point X="158" Y="492" T="0" /><Point X="166" Y="478" T="0" /><Point X="173" Y="465" T="0" /><Point X="181" Y="453" T="0" /><Point X="187" Y="442" T="0" /><Point X="195" Y="430" T="0" /><Point X="203" Y="416" T="0" /><Point X="210" Y="402" T="0" /><Point X="217" Y="387" T="0" /><Point X="225" Y="370" T="0" /><Point X="235" Y="354" T="0" /><Point X="245" Y="338" T="0" /><Point X="256" Y="322" T="0" /><Point X="264" Y="309" T="0" /><Point X="269" Y="299" T="0" /><Point X="275" Y="289" T="0" /><Point X="280" Y="278" T="0" /><Point X="287" Y="268" T="0" /><Point X="293" Y="259" T="0" /><Point X="299" Y="250" T="0" /><Point X="304" Y="243" T="0" /><Point X="309" Y="236" T="0" /><Point X="312" Y="230" T="0" /><Point X="316" Y="224" T="0" /><Point X="320" Y="218" T="0" /><Point X="323" Y="214" T="0" /><Point X="326" Y="210" T="0" /><Point X="328" Y="208" T="0" /><Point X="330" Y="206" T="0" /><Point X="332" Y="205" T="0" /><Point X="333" Y="204" T="0" /><Point X="335" Y="204" T="0" /><Point X="337" Y="203" T="0" /><Point X="339" Y="204" T="0" /><Point X="341" Y="204" T="0" /><Point X="343" Y="206" T="0" /><Point X="345" Y="208" T="0" /><Point X="348" Y="211" T="0" /><Point X="353" Y="217" T="0" /><Point X="357" Y="224" T="0" /><Point X="361" Y="232" T="0" /><Point X="364" Y="240" T="0" /><Point X="367" Y="250" T="0" /><Point X="370" Y="262" T="0" /><Point X="373" Y="276" T="0" /><Point X="375" Y="290" T="0" /><Point X="378" Y="304" T="0" /><Point X="380" Y="318" T="0" /><Point X="381" Y="333" T="0" /><Point X="383" Y="347" T="0" /><Point X="387" Y="362" T="0" /><Point X="391" Y="376" T="0" /><Point X="395" Y="390" T="0" /><Point X="398" Y="404" T="0" /><Point X="403" Y="418" T="0" /><Point X="407" Y="430" T="0" /><Point X="411" Y="443" T="0" /><Point X="415" Y="456" T="0" /><Point X="419" Y="466" T="0" /><Point X="425" Y="476" T="0" /><Point X="430" Y="487" T="0" /><Point X="435" Y="497" T="0" /><Point X="439" Y="506" T="0" /><Point X="445" Y="516" T="0" /><Point X="451" Y="526" T="0" /><Point X="454" Y="530" T="0" /></Gesture>