<Gesture Name="caret" Subject="1" Number="1" NumPts="50" Millseconds="0" AppName="Gestures" AppVer="1.0" Date="Wednesday, March 01, 2023" TimeOfDay="17:08:08" ID="8"><Point X="187" Y="506" T="0" /><Point X="194" Y="494" T="0" /><Point X="203" Y="482" T="0" /><Point X="212" Y="468" T="0" /><Point X="221" Y="454" T="0" /><Point X="233" Y="440" T="0" /><Point X="243" Y="425" T="0" /><Point X="254" Y="409" T="0" /><Point X="265" Y="391" T="0" /><Point X="276" Y="372" T="0" /><Point X="289" Y="354" T="0" /><Point X="302" Y="336" T="0" /><Point X="313" Y="320" T="0" /><Point X="324" Y="304" T="0" /><Point X="332" Y="289" T="0" /><Point X="339" Y="276" T="0" /><Point X="344" Y="264" T="0" /><Point X="349" Y="252" T="0" /><Point X="353" Y="242" T="0" /><Point X="357" Y="232" T="0" /><Point X="360" Y="224" T="0" /><Point X="363" Y="218" T="0" /><Point X="363" Y="214" T="0" /><Point X="365" Y="210" T="0" /><Point X="366" Y="208" T="0" /><Point X="367" Y="206" T="0" /><Point X="367" Y="205" T="0" /><Point X="369" Y="206" T="0" /><Point X="371" Y="209" T="0" /><Point X="375" Y="215" T="0" /><Point X="379" Y="224" T="0" /><Point X="382" Y="236" T="0" /><Point X="385" Y="250" T="0" /><Point X="388" Y="264" T="0" /><Point X="391" Y="280" T="0" /><Point X="393" Y="298" T="0" /><Point X="396" Y="317" T="0" /><Point X="398" Y="336" T="0" /><Point X="399" Y="354" T="0" /><Point X="403" Y="372" T="0" /><Point X="406" Y="388" T="0" /><Point X="409" Y="406" T="0" /><Point X="413" Y="422" T="0" /><Point X="417" Y="438" T="0" /><Point X="421" Y="453" T="0" /><Point X="426" Y="466" T="0" /><Point X="431" Y="478" T="0" /><Point X="435" Y="490" T="0" /><Point X="440" Y="500" T="0" /><Point X="442" Y="506" T="0" /></Gesture>