<Gesture Name="check" Subject="1" Number="1" NumPts="57" Millseconds="0" AppName="Gestures" AppVer="1.0" Date="Wednesday, March 01, 2023" TimeOfDay="17:07:09" ID="7"><Point X="66" Y="438" T="0" /><Point X="73" Y="444" T="0" /><Point X="81" Y="451" T="0" /><Point X="89" Y="458" T="0" /><Point X="98" Y="465" T="0" /><Point X="107" Y="472" T="0" /><Point X="116" Y="481" T="0" /><Point X="125" Y="490" T="0" /><Point X="134" Y="498" T="0" /><Point X="143" Y="507" T="0" /><Point X="151" Y="516" T="0" /><Point X="158" Y="526" T="0" /><Point X="165" Y="534" T="0" /><Point X="171" Y="543" T="0" /><Point X="177" Y="552" T="0" /><Point X="183" Y="560" T="0" /><Point X="187" Y="568" T="0" /><Point X="191" Y="574" T="0" /><Point X="195" Y="580" T="0" /><Point X="198" Y="584" T="0" /><Point X="201" Y="587" T="0" /><Point X="203" Y="590" T="0" /><Point X="206" Y="592" T="0" /><Point X="209" Y="593" T="0" /><Point X="211" Y="593" T="0" /><Point X="213" Y="593" T="0" /><Point X="215" Y="592" T="0" /><Point X="220" Y="588" T="0" /><Point X="227" Y="582" T="0" /><Point X="236" Y="572" T="0" /><Point X="245" Y="561" T="0" /><Point X="255" Y="548" T="0" /><Point X="265" Y="536" T="0" /><Point X="275" Y="522" T="0" /><Point X="285" Y="508" T="0" /><Point X="297" Y="492" T="0" /><Point X="311" Y="475" T="0" /><Point X="326" Y="458" T="0" /><Point X="342" Y="442" T="0" /><Point X="359" Y="424" T="0" /><Point X="377" Y="406" T="0" /><Point X="393" Y="387" T="0" /><Point X="411" Y="368" T="0" /><Point X="431" Y="350" T="0" /><Point X="451" Y="333" T="0" /><Point X="470" Y="318" T="0" /><Point X="489" Y="302" T="0" /><Point X="507" Y="288" T="0" /><Point X="523" Y="276" T="0" /><Point X="538" Y="266" T="0" /><Point X="552" Y="256" T="0" /><Point X="563" Y="250" T="0" /><Point X="574" Y="244" T="0" /><Point X="582" Y="240" T="0" /><Point X="590" Y="237" T="0" /><Point X="596" Y="236" T="0" /><Point X="599" Y="235" T="0" /></Gesture>