<Gesture Name="check" Subject="1" Number="1" NumPts="64" Millseconds="0" AppName="Gestures" AppVer="1.0" Date="Wednesday, March 01, 2023" TimeOfDay="17:03:43" ID="4"><Point X="152" Y="514" T="0" /><Point X="158" Y="516" T="0" /><Point X="165" Y="519" T="0" /><Point X="171" Y="522" T="0" /><Point X="177" Y="526" T="0" /><Point X="184" Y="530" T="0" /><Point X="189" Y="533" T="0" /><Point X="194" Y="537" T="0" /><Point X="199" Y="542" T="0" /><Point X="204" Y="546" T="0" /><Point X="209" Y="550" T="0" /><Point X="215" Y="555" T="0" /><Point X="219" Y="559" T="0" /><Point X="223" Y="564" T="0" /><Point X="227" Y="568" T="0" /><Point X="231" Y="572" T="0" /><Point X="235" Y="576" T="0" /><Point X="239" Y="580" T="0" /><Point X="241" Y="582" T="0" /><Point X="243" Y="585" T="0" /><Point X="246" Y="587" T="0" /><Point X="248" Y="589" T="0" /><Point X="249" Y="590" T="0" /><Point X="251" Y="592" T="0" /><Point X="252" Y="593" T="0" /><Point X="253" Y="594" T="0" /><Point X="254" Y="594" T="0" /><Point X="255" Y="594" T="0" /><Point X="256" Y="592" T="0" /><Point X="257" Y="590" T="0" /><Point X="257" Y="586" T="0" /><Point X="259" Y="578" T="0" /><Point X="262" Y="569" T="0" /><Point X="266" Y="556" T="0" /><Point X="273" Y="541" T="0" /><Point X="280" Y="526" T="0" /><Point X="288" Y="509" T="0" /><Point X="296" Y="491" T="0" /><Point X="307" Y="473" T="0" /><Point X="317" Y="456" T="0" /><Point X="328" Y="439" T="0" /><Point X="341" Y="422" T="0" /><Point X="355" Y="404" T="0" /><Point X="369" Y="386" T="0" /><Point X="385" Y="368" T="0" /><Point X="401" Y="351" T="0" /><Point X="419" Y="336" T="0" /><Point X="436" Y="322" T="0" /><Point X="452" Y="310" T="0" /><Point X="463" Y="301" T="0" /><Point X="472" Y="294" T="0" /><Point X="478" Y="288" T="0" /><Point X="483" Y="283" T="0" /><Point X="487" Y="280" T="0" /><Point X="491" Y="276" T="0" /><Point X="493" Y="274" T="0" /><Point X="496" Y="272" T="0" /><Point X="499" Y="270" T="0" /><Point X="500" Y="269" T="0" /><Point X="501" Y="268" T="0" /><Point X="503" Y="268" T="0" /><Point X="504" Y="267" T="0" /><Point X="505" Y="266" T="0" /><Point X="505" Y="265" T="0" /></Gesture>