<Gesture Name="check" Subject="1" Number="1" NumPts="66" Millseconds="0" AppName="Gestures" AppVer="1.0" Date="Wednesday, March 01, 2023" TimeOfDay="16:58:44" ID="1"><Point X="205" Y="370" T="0" /><Point X="210" Y="370" T="0" /><Point X="216" Y="369" T="0" /><Point X="221" Y="369" T="0" /><Point X="226" Y="370" T="0" /><Point X="232" Y="371" T="0" /><Point X="238" Y="372" T="0" /><Point X="245" Y="374" T="0" /><Point X="252" Y="377" T="0" /><Point X="259" Y="381" T="0" /><Point X="267" Y="385" T="0" /><Point X="274" Y="391" T="0" /><Point X="280" Y="397" T="0" /><Point X="287" Y="404" T="0" /><Point X="292" Y="411" T="0" /><Point X="297" Y="418" T="0" /><Point X="301" Y="424" T="0" /><Point X="306" Y="429" T="0" /><Point X="309" Y="434" T="0" /><Point X="312" Y="437" T="0" /><Point X="314" Y="441" T="0" /><Point X="316" Y="443" T="0" /><Point X="319" Y="445" T="0" /><Point X="320" Y="447" T="0" /><Point X="322" Y="448" T="0" /><Point X="323" Y="449" T="0" /><Point X="324" Y="449" T="0" /><Point X="325" Y="449" T="0" /><Point X="326" Y="449" T="0" /><Point X="326" Y="448" T="0" /><Point X="328" Y="446" T="0" /><Point X="329" Y="443" T="0" /><Point X="330" Y="437" T="0" /><Point X="332" Y="430" T="0" /><Point X="334" Y="422" T="0" /><Point X="336" Y="413" T="0" /><Point X="339" Y="404" T="0" /><Point X="342" Y="393" T="0" /><Point X="347" Y="382" T="0" /><Point X="352" Y="370" T="0" /><Point X="358" Y="357" T="0" /><Point X="366" Y="345" T="0" /><Point X="374" Y="332" T="0" /><Point X="384" Y="319" T="0" /><Point X="394" Y="305" T="0" /><Point X="405" Y="292" T="0" /><Point X="416" Y="280" T="0" /><Point X="427" Y="267" T="0" /><Point X="439" Y="255" T="0" /><Point X="451" Y="243" T="0" /><Point X="463" Y="232" T="0" /><Point X="475" Y="221" T="0" /><Point X="487" Y="209" T="0" /><Point X="500" Y="200" T="0" /><Point X="512" Y="191" T="0" /><Point X="524" Y="183" T="0" /><Point X="534" Y="177" T="0" /><Point X="543" Y="170" T="0" /><Point X="550" Y="166" T="0" /><Point X="557" Y="162" T="0" /><Point X="563" Y="159" T="0" /><Point X="568" Y="157" T="0" /><Point X="572" Y="155" T="0" /><Point X="574" Y="154" T="0" /><Point X="576" Y="153" T="0" /><Point X="577" Y="153" T="0" /></Gesture>