<Gesture Name="check" Subject="1" Number="1" NumPts="53" Millseconds="0" AppName="Gestures" AppVer="1.0" Date="Wednesday, March 01, 2023" TimeOfDay="17:09:11" ID="9"><Point X="197" Y="458" T="0" /><Point X="204" Y="460" T="0" /><Point X="211" Y="463" T="0" /><Point X="219" Y="466" T="0" /><Point X="226" Y="470" T="0" /><Point X="234" Y="473" T="0" /><Point X="241" Y="478" T="0" /><Point X="249" Y="482" T="0" /><Point X="257" Y="486" T="0" /><Point X="263" Y="492" T="0" /><Point X="269" Y="498" T="0" /><Point X="275" Y="503" T="0" /><Point X="280" Y="508" T="0" /><Point X="285" Y="513" T="0" /><Point X="289" Y="519" T="0" /><Point X="293" Y="524" T="0" /><Point X="295" Y="529" T="0" /><Point X="298" Y="533" T="0" /><Point X="301" Y="537" T="0" /><Point X="303" Y="540" T="0" /><Point X="305" Y="543" T="0" /><Point X="306" Y="546" T="0" /><Point X="307" Y="547" T="0" /><Point X="308" Y="548" T="0" /><Point X="309" Y="550" T="0" /><Point X="310" Y="550" T="0" /><Point X="310" Y="549" T="0" /><Point X="312" Y="546" T="0" /><Point X="315" Y="542" T="0" /><Point X="320" Y="535" T="0" /><Point X="326" Y="526" T="0" /><Point X="332" Y="515" T="0" /><Point X="341" Y="502" T="0" /><Point X="351" Y="488" T="0" /><Point X="363" Y="472" T="0" /><Point X="376" Y="457" T="0" /><Point X="391" Y="441" T="0" /><Point X="407" Y="424" T="0" /><Point X="423" Y="406" T="0" /><Point X="440" Y="388" T="0" /><Point X="457" Y="368" T="0" /><Point X="477" Y="348" T="0" /><Point X="498" Y="330" T="0" /><Point X="521" Y="312" T="0" /><Point X="542" Y="295" T="0" /><Point X="563" Y="278" T="0" /><Point X="583" Y="263" T="0" /><Point X="602" Y="249" T="0" /><Point X="621" Y="236" T="0" /><Point X="639" Y="226" T="0" /><Point X="656" Y="218" T="0" /><Point X="675" Y="211" T="0" /><Point X="699" Y="205" T="0" /></Gesture>