<Gesture Name="check" Subject="1" Number="1" NumPts="57" Millseconds="0" AppName="Gestures" AppVer="1.0" Date="Wednesday, March 01, 2023" TimeOfDay="17:02:22" ID="3"><Point X="182" Y="406" T="0" /><Point X="186" Y="408" T="0" /><Point X="189" Y="412" T="0" /><Point X="193" Y="417" T="0" /><Point X="198" Y="421" T="0" /><Point X="202" Y="426" T="0" /><Point X="205" Y="430" T="0" /><Point X="209" Y="435" T="0" /><Point X="213" Y="440" T="0" /><Point X="217" Y="444" T="0" /><Point X="221" Y="449" T="0" /><Point X="224" Y="454" T="0" /><Point X="227" Y="460" T="0" /><Point X="230" Y="464" T="0" /><Point X="233" Y="468" T="0" /><Point X="235" Y="472" T="0" /><Point X="238" Y="475" T="0" /><Point X="240" Y="478" T="0" /><Point X="241" Y="481" T="0" /><Point X="242" Y="484" T="0" /><Point X="243" Y="486" T="0" /><Point X="245" Y="487" T="0" /><Point X="245" Y="488" T="0" /><Point X="246" Y="489" T="0" /><Point X="246" Y="488" T="0" /><Point X="247" Y="485" T="0" /><Point X="247" Y="480" T="0" /><Point X="250" Y="472" T="0" /><Point X="256" Y="460" T="0" /><Point X="263" Y="447" T="0" /><Point X="274" Y="432" T="0" /><Point X="287" Y="414" T="0" /><Point X="302" Y="395" T="0" /><Point X="318" Y="375" T="0" /><Point X="337" Y="353" T="0" /><Point X="358" Y="333" T="0" /><Point X="381" Y="314" T="0" /><Point X="405" Y="296" T="0" /><Point X="425" Y="278" T="0" /><Point X="442" Y="264" T="0" /><Point X="456" Y="252" T="0" /><Point X="468" Y="241" T="0" /><Point X="478" Y="232" T="0" /><Point X="487" Y="224" T="0" /><Point X="494" Y="217" T="0" /><Point X="500" Y="212" T="0" /><Point X="505" Y="208" T="0" /><Point X="509" Y="205" T="0" /><Point X="512" Y="203" T="0" /><Point X="515" Y="201" T="0" /><Point X="517" Y="199" T="0" /><Point X="521" Y="198" T="0" /><Point X="523" Y="197" T="0" /><Point X="525" Y="196" T="0" /><Point X="528" Y="196" T="0" /><Point X="531" Y="195" T="0" /><Point X="533" Y="195" T="0" /></Gesture>