<Gesture Name="check" Subject="1" Number="1" NumPts="47" Millseconds="0" AppName="Gestures" AppVer="1.0" Date="Wednesday, March 01, 2023" TimeOfDay="17:00:19" ID="2"><Point X="182" Y="369" T="0" /><Point X="188" Y="372" T="0" /><Point X="196" Y="374" T="0" /><Point X="204" Y="378" T="0" /><Point X="212" Y="382" T="0" /><Point X="220" Y="387" T="0" /><Point X="228" Y="393" T="0" /><Point X="235" Y="399" T="0" /><Point X="243" Y="406" T="0" /><Point X="250" Y="413" T="0" /><Point X="257" Y="421" T="0" /><Point X="263" Y="428" T="0" /><Point X="269" Y="435" T="0" /><Point X="274" Y="439" T="0" /><Point X="278" Y="443" T="0" /><Point X="282" Y="446" T="0" /><Point X="286" Y="448" T="0" /><Point X="288" Y="449" T="0" /><Point X="291" Y="449" T="0" /><Point X="293" Y="449" T="0" /><Point X="296" Y="447" T="0" /><Point X="300" Y="442" T="0" /><Point X="304" Y="434" T="0" /><Point X="308" Y="424" T="0" /><Point X="313" Y="412" T="0" /><Point X="318" Y="399" T="0" /><Point X="324" Y="384" T="0" /><Point X="332" Y="367" T="0" /><Point X="343" Y="347" T="0" /><Point X="357" Y="326" T="0" /><Point X="373" Y="305" T="0" /><Point X="390" Y="285" T="0" /><Point X="408" Y="265" T="0" /><Point X="426" Y="247" T="0" /><Point X="442" Y="231" T="0" /><Point X="458" Y="215" T="0" /><Point X="474" Y="200" T="0" /><Point X="490" Y="187" T="0" /><Point X="506" Y="176" T="0" /><Point X="518" Y="167" T="0" /><Point X="528" Y="160" T="0" /><Point X="534" Y="155" T="0" /><Point X="539" Y="151" T="0" /><Point X="543" Y="149" T="0" /><Point X="546" Y="147" T="0" /><Point X="548" Y="146" T="0" /><Point X="550" Y="145" T="0" /></Gesture>