<Gesture Name="circle" Subject="1" Number="1" NumPts="102" Millseconds="0" AppName="Gestures" AppVer="1.0" Date="Wednesday, March 01, 2023" TimeOfDay="17:05:54" ID="6"><Point X="353" Y="231" T="0" /><Point X="349" Y="230" T="0" /><Point X="345" Y="230" T="0" /><Point X="337" Y="230" T="0" /><Point X="328" Y="232" T="0" /><Point X="319" Y="234" T="0" /><Point X="309" Y="237" T="0" /><Point X="299" Y="240" T="0" /><Point X="289" Y="243" T="0" /><Point X="278" Y="248" T="0" /><Point X="268" Y="252" T="0" /><Point X="258" Y="256" T="0" /><Point X="247" Y="262" T="0" /><Point X="237" Y="268" T="0" /><Point X="227" Y="275" T="0" /><Point X="216" Y="283" T="0" /><Point X="205" Y="292" T="0" /><Point X="195" Y="302" T="0" /><Point X="186" Y="313" T="0" /><Point X="175" Y="324" T="0" /><Point X="167" Y="336" T="0" /><Point X="159" Y="348" T="0" /><Point X="151" Y="361" T="0" /><Point X="144" Y="373" T="0" /><Point X="139" Y="385" T="0" /><Point X="134" Y="397" T="0" /><Point X="131" Y="410" T="0" /><Point X="129" Y="424" T="0" /><Point X="127" Y="437" T="0" /><Point X="125" Y="451" T="0" /><Point X="125" Y="464" T="0" /><Point X="125" Y="477" T="0" /><Point X="127" Y="489" T="0" /><Point X="129" Y="502" T="0" /><Point X="133" Y="513" T="0" /><Point X="137" Y="524" T="0" /><Point X="143" Y="534" T="0" /><Point X="150" Y="544" T="0" /><Point X="158" Y="554" T="0" /><Point X="168" Y="561" T="0" /><Point X="179" Y="569" T="0" /><Point X="191" Y="574" T="0" /><Point X="205" Y="578" T="0" /><Point X="220" Y="582" T="0" /><Point X="236" Y="583" T="0" /><Point X="253" Y="582" T="0" /><Point X="271" Y="581" T="0" /><Point X="290" Y="578" T="0" /><Point X="309" Y="575" T="0" /><Point X="326" Y="572" T="0" /><Point X="342" Y="567" T="0" /><Point X="358" Y="562" T="0" /><Point X="373" Y="556" T="0" /><Point X="387" Y="550" T="0" /><Point X="400" Y="544" T="0" /><Point X="412" Y="537" T="0" /><Point X="423" Y="530" T="0" /><Point X="433" Y="524" T="0" /><Point X="441" Y="517" T="0" /><Point X="449" Y="509" T="0" /><Point X="457" Y="502" T="0" /><Point X="463" Y="494" T="0" /><Point X="469" Y="486" T="0" /><Point X="473" Y="478" T="0" /><Point X="477" Y="470" T="0" /><Point X="481" Y="462" T="0" /><Point X="484" Y="454" T="0" /><Point X="487" Y="446" T="0" /><Point X="488" Y="438" T="0" /><Point X="489" Y="430" T="0" /><Point X="489" Y="421" T="0" /><Point X="489" Y="414" T="0" /><Point X="488" Y="405" T="0" /><Point X="486" Y="396" T="0" /><Point X="483" Y="387" T="0" /><Point X="481" Y="378" T="0" /><Point X="477" Y="369" T="0" /><Point X="474" Y="360" T="0" /><Point X="470" Y="351" T="0" /><Point X="467" Y="342" T="0" /><Point X="462" Y="334" T="0" /><Point X="457" Y="326" T="0" /><Point X="452" Y="319" T="0" /><Point X="447" Y="310" T="0" /><Point X="441" Y="303" T="0" /><Point X="435" Y="296" T="0" /><Point X="431" Y="289" T="0" /><Point X="425" Y="282" T="0" /><Point X="420" Y="274" T="0" /><Point X="415" Y="268" T="0" /><Point X="411" Y="263" T="0" /><Point X="405" Y="257" T="0" /><Point X="401" Y="252" T="0" /><Point X="396" Y="246" T="0" /><Point X="391" Y="241" T="0" /><Point X="387" Y="237" T="0" /><Point X="382" Y="234" T="0" /><Point X="379" Y="230" T="0" /><Point X="374" Y="228" T="0" /><Point X="368" Y="227" T="0" /><Point X="361" Y="226" T="0" /><Point X="357" Y="226" T="0" /></Gesture>