<Gesture Name="circle" Subject="1" Number="1" NumPts="125" Millseconds="0" AppName="Gestures" AppVer="1.0" Date="Wednesday, March 01, 2023" TimeOfDay="17:04:42" ID="5"><Point X="319" Y="231" T="0" /><Point X="311" Y="232" T="0" /><Point X="304" Y="233" T="0" /><Point X="295" Y="235" T="0" /><Point X="287" Y="238" T="0" /><Point X="277" Y="241" T="0" /><Point X="268" Y="245" T="0" /><Point X="258" Y="250" T="0" /><Point X="249" Y="255" T="0" /><Point X="239" Y="261" T="0" /><Point X="230" Y="267" T="0" /><Point X="221" Y="274" T="0" /><Point X="211" Y="281" T="0" /><Point X="203" Y="289" T="0" /><Point X="194" Y="297" T="0" /><Point X="186" Y="306" T="0" /><Point X="179" Y="316" T="0" /><Point X="171" Y="326" T="0" /><Point X="165" Y="336" T="0" /><Point X="158" Y="347" T="0" /><Point X="152" Y="358" T="0" /><Point X="147" Y="369" T="0" /><Point X="143" Y="380" T="0" /><Point X="139" Y="392" T="0" /><Point X="137" Y="403" T="0" /><Point X="135" Y="415" T="0" /><Point X="134" Y="426" T="0" /><Point X="134" Y="438" T="0" /><Point X="134" Y="450" T="0" /><Point X="135" Y="461" T="0" /><Point X="137" Y="472" T="0" /><Point X="140" Y="482" T="0" /><Point X="143" Y="492" T="0" /><Point X="148" Y="502" T="0" /><Point X="152" Y="510" T="0" /><Point X="158" Y="518" T="0" /><Point X="165" Y="526" T="0" /><Point X="171" Y="534" T="0" /><Point X="179" Y="542" T="0" /><Point X="187" Y="548" T="0" /><Point X="196" Y="555" T="0" /><Point X="205" Y="560" T="0" /><Point X="215" Y="565" T="0" /><Point X="225" Y="569" T="0" /><Point X="237" Y="572" T="0" /><Point X="247" Y="575" T="0" /><Point X="260" Y="577" T="0" /><Point X="274" Y="577" T="0" /><Point X="288" Y="577" T="0" /><Point X="302" Y="576" T="0" /><Point X="316" Y="574" T="0" /><Point X="330" Y="572" T="0" /><Point X="344" Y="568" T="0" /><Point X="357" Y="564" T="0" /><Point X="370" Y="560" T="0" /><Point X="382" Y="556" T="0" /><Point X="395" Y="551" T="0" /><Point X="406" Y="546" T="0" /><Point X="417" Y="540" T="0" /><Point X="428" Y="534" T="0" /><Point X="437" Y="530" T="0" /><Point X="446" Y="524" T="0" /><Point X="454" Y="518" T="0" /><Point X="462" Y="512" T="0" /><Point X="469" Y="506" T="0" /><Point X="475" Y="500" T="0" /><Point X="481" Y="493" T="0" /><Point X="487" Y="486" T="0" /><Point X="491" Y="479" T="0" /><Point X="495" Y="472" T="0" /><Point X="499" Y="464" T="0" /><Point X="503" Y="456" T="0" /><Point X="505" Y="448" T="0" /><Point X="508" Y="441" T="0" /><Point X="509" Y="434" T="0" /><Point X="511" Y="426" T="0" /><Point X="511" Y="419" T="0" /><Point X="511" Y="412" T="0" /><Point X="511" Y="404" T="0" /><Point X="509" Y="396" T="0" /><Point X="508" Y="389" T="0" /><Point X="507" Y="382" T="0" /><Point X="505" Y="374" T="0" /><Point X="504" Y="366" T="0" /><Point X="501" Y="358" T="0" /><Point X="499" Y="350" T="0" /><Point X="497" Y="342" T="0" /><Point X="494" Y="335" T="0" /><Point X="491" Y="328" T="0" /><Point X="488" Y="322" T="0" /><Point X="485" Y="314" T="0" /><Point X="481" Y="308" T="0" /><Point X="477" Y="302" T="0" /><Point X="473" Y="296" T="0" /><Point X="469" Y="290" T="0" /><Point X="465" Y="285" T="0" /><Point X="459" Y="280" T="0" /><Point X="454" Y="275" T="0" /><Point X="450" Y="270" T="0" /><Point X="445" Y="266" T="0" /><Point X="441" Y="262" T="0" /><Point X="435" Y="258" T="0" /><Point X="431" Y="255" T="0" /><Point X="425" Y="252" T="0" /><Point X="420" Y="248" T="0" /><Point X="415" Y="245" T="0" /><Point X="410" Y="242" T="0" /><Point X="405" Y="240" T="0" /><Point X="399" Y="238" T="0" /><Point X="394" Y="236" T="0" /><Point X="388" Y="234" T="0" /><Point X="383" Y="233" T="0" /><Point X="378" Y="232" T="0" /><Point X="371" Y="231" T="0" /><Point X="365" Y="230" T="0" /><Point X="361" Y="230" T="0" /><Point X="355" Y="230" T="0" /><Point X="350" Y="230" T="0" /><Point X="345" Y="230" T="0" /><Point X="339" Y="230" T="0" /><Point X="334" Y="231" T="0" /><Point X="329" Y="232" T="0" /><Point X="326" Y="232" T="0" /><Point X="323" Y="233" T="0" /><Point X="321" Y="233" T="0" /></Gesture>