<Gesture Name="circle" Subject="1" Number="1" NumPts="85" Millseconds="0" AppName="Gestures" AppVer="1.0" Date="Wednesday, March 01, 2023" TimeOfDay="17:10:31" ID="10"><Point X="347" Y="216" T="0" /><Point X="338" Y="222" T="0" /><Point X="327" Y="229" T="0" /><Point X="312" Y="239" T="0" /><Point X="298" Y="250" T="0" /><Point X="284" Y="263" T="0" /><Point X="269" Y="276" T="0" /><Point X="256" Y="290" T="0" /><Point X="243" Y="304" T="0" /><Point X="233" Y="318" T="0" /><Point X="223" Y="332" T="0" /><Point X="215" Y="346" T="0" /><Point X="207" Y="360" T="0" /><Point X="201" Y="374" T="0" /><Point X="197" Y="388" T="0" /><Point X="193" Y="401" T="0" /><Point X="189" Y="414" T="0" /><Point X="187" Y="428" T="0" /><Point X="187" Y="441" T="0" /><Point X="187" Y="455" T="0" /><Point X="189" Y="467" T="0" /><Point X="191" Y="480" T="0" /><Point X="195" Y="492" T="0" /><Point X="199" Y="502" T="0" /><Point X="205" Y="513" T="0" /><Point X="212" Y="522" T="0" /><Point X="220" Y="530" T="0" /><Point X="230" Y="538" T="0" /><Point X="241" Y="545" T="0" /><Point X="253" Y="551" T="0" /><Point X="266" Y="556" T="0" /><Point X="280" Y="559" T="0" /><Point X="295" Y="560" T="0" /><Point X="311" Y="561" T="0" /><Point X="328" Y="560" T="0" /><Point X="345" Y="557" T="0" /><Point X="362" Y="554" T="0" /><Point X="379" Y="548" T="0" /><Point X="395" Y="542" T="0" /><Point X="411" Y="535" T="0" /><Point X="425" Y="527" T="0" /><Point X="438" Y="518" T="0" /><Point X="451" Y="510" T="0" /><Point X="461" Y="500" T="0" /><Point X="469" Y="491" T="0" /><Point X="479" Y="481" T="0" /><Point X="487" Y="470" T="0" /><Point X="493" Y="460" T="0" /><Point X="499" Y="450" T="0" /><Point X="504" Y="438" T="0" /><Point X="507" Y="427" T="0" /><Point X="511" Y="416" T="0" /><Point X="513" Y="403" T="0" /><Point X="513" Y="392" T="0" /><Point X="513" Y="380" T="0" /><Point X="512" Y="370" T="0" /><Point X="510" Y="360" T="0" /><Point X="507" Y="350" T="0" /><Point X="504" Y="342" T="0" /><Point X="500" Y="332" T="0" /><Point X="495" Y="323" T="0" /><Point X="489" Y="314" T="0" /><Point X="483" Y="304" T="0" /><Point X="476" Y="295" T="0" /><Point X="469" Y="287" T="0" /><Point X="461" Y="278" T="0" /><Point X="453" Y="272" T="0" /><Point X="445" Y="264" T="0" /><Point X="437" Y="258" T="0" /><Point X="429" Y="252" T="0" /><Point X="420" Y="247" T="0" /><Point X="412" Y="242" T="0" /><Point X="403" Y="238" T="0" /><Point X="395" Y="234" T="0" /><Point X="387" Y="231" T="0" /><Point X="379" Y="228" T="0" /><Point X="372" Y="224" T="0" /><Point X="366" Y="223" T="0" /><Point X="362" Y="221" T="0" /><Point X="357" Y="220" T="0" /><Point X="354" Y="219" T="0" /><Point X="351" Y="218" T="0" /><Point X="349" Y="218" T="0" /><Point X="345" Y="220" T="0" /><Point X="343" Y="221" T="0" /></Gesture>