<Gesture Name="circle" Subject="1" Number="1" NumPts="98" Millseconds="0" AppName="Gestures" AppVer="1.0" Date="Wednesday, March 01, 2023" TimeOfDay="17:09:08" ID="9"><Point X="391" Y="228" T="0" /><Point X="383" Y="224" T="0" /><Point X="373" Y="222" T="0" /><Point X="361" Y="220" T="0" /><Point X="347" Y="219" T="0" /><Point X="333" Y="220" T="0" /><Point X="317" Y="223" T="0" /><Point X="300" Y="228" T="0" /><Point X="284" Y="233" T="0" /><Point X="267" Y="238" T="0" /><Point X="250" Y="247" T="0" /><Point X="233" Y="256" T="0" /><Point X="217" Y="266" T="0" /><Point X="200" Y="278" T="0" /><Point X="185" Y="291" T="0" /><Point X="170" Y="305" T="0" /><Point X="157" Y="320" T="0" /><Point X="145" Y="335" T="0" /><Point X="134" Y="352" T="0" /><Point X="123" Y="368" T="0" /><Point X="113" Y="384" T="0" /><Point X="105" Y="400" T="0" /><Point X="99" Y="417" T="0" /><Point X="93" Y="436" T="0" /><Point X="89" Y="454" T="0" /><Point X="85" Y="471" T="0" /><Point X="83" Y="488" T="0" /><Point X="83" Y="506" T="0" /><Point X="83" Y="522" T="0" /><Point X="86" Y="538" T="0" /><Point X="89" Y="553" T="0" /><Point X="94" Y="568" T="0" /><Point X="99" Y="582" T="0" /><Point X="107" Y="594" T="0" /><Point X="117" Y="605" T="0" /><Point X="130" Y="614" T="0" /><Point X="143" Y="623" T="0" /><Point X="159" Y="629" T="0" /><Point X="177" Y="634" T="0" /><Point X="195" Y="638" T="0" /><Point X="214" Y="639" T="0" /><Point X="233" Y="638" T="0" /><Point X="253" Y="636" T="0" /><Point X="273" Y="633" T="0" /><Point X="293" Y="628" T="0" /><Point X="312" Y="622" T="0" /><Point X="329" Y="614" T="0" /><Point X="347" Y="607" T="0" /><Point X="365" Y="598" T="0" /><Point X="381" Y="589" T="0" /><Point X="397" Y="580" T="0" /><Point X="411" Y="570" T="0" /><Point X="425" Y="560" T="0" /><Point X="436" Y="551" T="0" /><Point X="447" Y="540" T="0" /><Point X="456" Y="530" T="0" /><Point X="465" Y="520" T="0" /><Point X="471" Y="510" T="0" /><Point X="478" Y="498" T="0" /><Point X="483" Y="488" T="0" /><Point X="487" Y="477" T="0" /><Point X="491" Y="466" T="0" /><Point X="493" Y="456" T="0" /><Point X="495" Y="446" T="0" /><Point X="497" Y="436" T="0" /><Point X="497" Y="426" T="0" /><Point X="497" Y="415" T="0" /><Point X="497" Y="404" T="0" /><Point X="496" Y="394" T="0" /><Point X="495" Y="384" T="0" /><Point X="493" Y="374" T="0" /><Point X="491" Y="365" T="0" /><Point X="489" Y="356" T="0" /><Point X="487" Y="348" T="0" /><Point X="484" Y="340" T="0" /><Point X="481" Y="332" T="0" /><Point X="479" Y="325" T="0" /><Point X="475" Y="317" T="0" /><Point X="472" Y="309" T="0" /><Point X="469" Y="302" T="0" /><Point X="466" Y="296" T="0" /><Point X="463" Y="290" T="0" /><Point X="459" Y="284" T="0" /><Point X="456" Y="278" T="0" /><Point X="453" Y="274" T="0" /><Point X="449" Y="269" T="0" /><Point X="445" Y="264" T="0" /><Point X="441" Y="260" T="0" /><Point X="437" Y="256" T="0" /><Point X="434" Y="252" T="0" /><Point X="430" Y="249" T="0" /><Point X="426" Y="246" T="0" /><Point X="422" Y="242" T="0" /><Point X="419" Y="240" T="0" /><Point X="416" Y="238" T="0" /><Point X="413" Y="236" T="0" /><Point X="409" Y="236" T="0" /><Point X="407" Y="235" T="0" /></Gesture>