<Gesture Name="circle" Subject="1" Number="1" NumPts="101" Millseconds="0" AppName="Gestures" AppVer="1.0" Date="Wednesday, March 01, 2023" TimeOfDay="17:08:02" ID="8"><Point X="365" Y="202" T="0" /><Point X="359" Y="201" T="0" /><Point X="351" Y="202" T="0" /><Point X="343" Y="202" T="0" /><Point X="332" Y="204" T="0" /><Point X="320" Y="206" T="0" /><Point X="305" Y="210" T="0" /><Point X="289" Y="216" T="0" /><Point X="273" Y="223" T="0" /><Point X="255" Y="231" T="0" /><Point X="239" Y="238" T="0" /><Point X="223" Y="248" T="0" /><Point X="209" Y="256" T="0" /><Point X="198" Y="264" T="0" /><Point X="187" Y="273" T="0" /><Point X="177" Y="282" T="0" /><Point X="167" Y="292" T="0" /><Point X="158" Y="302" T="0" /><Point X="149" Y="314" T="0" /><Point X="141" Y="326" T="0" /><Point X="134" Y="338" T="0" /><Point X="127" Y="351" T="0" /><Point X="121" Y="364" T="0" /><Point X="116" Y="377" T="0" /><Point X="113" Y="390" T="0" /><Point X="111" Y="403" T="0" /><Point X="110" Y="416" T="0" /><Point X="111" Y="429" T="0" /><Point X="112" Y="442" T="0" /><Point X="115" Y="454" T="0" /><Point X="119" Y="466" T="0" /><Point X="124" Y="477" T="0" /><Point X="131" Y="488" T="0" /><Point X="139" Y="498" T="0" /><Point X="149" Y="506" T="0" /><Point X="161" Y="514" T="0" /><Point X="175" Y="521" T="0" /><Point X="189" Y="526" T="0" /><Point X="205" Y="529" T="0" /><Point X="221" Y="532" T="0" /><Point X="240" Y="533" T="0" /><Point X="258" Y="533" T="0" /><Point X="275" Y="532" T="0" /><Point X="293" Y="529" T="0" /><Point X="311" Y="526" T="0" /><Point X="328" Y="522" T="0" /><Point X="345" Y="518" T="0" /><Point X="362" Y="513" T="0" /><Point X="378" Y="506" T="0" /><Point X="393" Y="500" T="0" /><Point X="407" Y="494" T="0" /><Point X="419" Y="486" T="0" /><Point X="431" Y="480" T="0" /><Point X="441" Y="474" T="0" /><Point X="450" Y="467" T="0" /><Point X="457" Y="460" T="0" /><Point X="464" Y="454" T="0" /><Point X="469" Y="447" T="0" /><Point X="475" Y="440" T="0" /><Point X="479" Y="432" T="0" /><Point X="483" Y="424" T="0" /><Point X="486" Y="416" T="0" /><Point X="488" Y="407" T="0" /><Point X="489" Y="398" T="0" /><Point X="491" Y="389" T="0" /><Point X="492" Y="380" T="0" /><Point X="492" Y="371" T="0" /><Point X="492" Y="362" T="0" /><Point X="491" Y="353" T="0" /><Point X="489" Y="345" T="0" /><Point X="488" Y="337" T="0" /><Point X="486" Y="328" T="0" /><Point X="483" Y="320" T="0" /><Point X="481" Y="312" T="0" /><Point X="478" Y="304" T="0" /><Point X="474" Y="296" T="0" /><Point X="470" Y="288" T="0" /><Point X="467" Y="280" T="0" /><Point X="464" Y="273" T="0" /><Point X="460" Y="266" T="0" /><Point X="456" Y="260" T="0" /><Point X="452" Y="254" T="0" /><Point X="448" Y="248" T="0" /><Point X="444" Y="244" T="0" /><Point X="439" Y="239" T="0" /><Point X="435" Y="234" T="0" /><Point X="430" Y="230" T="0" /><Point X="425" Y="225" T="0" /><Point X="419" Y="222" T="0" /><Point X="415" Y="218" T="0" /><Point X="411" Y="215" T="0" /><Point X="407" Y="212" T="0" /><Point X="403" Y="210" T="0" /><Point X="398" Y="209" T="0" /><Point X="394" Y="207" T="0" /><Point X="389" Y="205" T="0" /><Point X="385" Y="204" T="0" /><Point X="381" Y="204" T="0" /><Point X="375" Y="204" T="0" /><Point X="365" Y="206" T="0" /><Point X="361" Y="207" T="0" /></Gesture>