<Gesture Name="circle" Subject="1" Number="1" NumPts="114" Millseconds="0" AppName="Gestures" AppVer="1.0" Date="Wednesday, March 01, 2023" TimeOfDay="17:02:17" ID="3"><Point X="287" Y="249" T="0" /><Point X="281" Y="250" T="0" /><Point X="275" Y="252" T="0" /><Point X="267" Y="254" T="0" /><Point X="259" Y="257" T="0" /><Point X="252" Y="260" T="0" /><Point X="243" Y="265" T="0" /><Point X="235" Y="269" T="0" /><Point X="227" Y="274" T="0" /><Point X="219" Y="280" T="0" /><Point X="211" Y="286" T="0" /><Point X="203" Y="292" T="0" /><Point X="195" Y="299" T="0" /><Point X="186" Y="306" T="0" /><Point X="179" Y="313" T="0" /><Point X="172" Y="320" T="0" /><Point X="166" Y="328" T="0" /><Point X="159" Y="336" T="0" /><Point X="153" Y="344" T="0" /><Point X="148" Y="352" T="0" /><Point X="143" Y="362" T="0" /><Point X="139" Y="370" T="0" /><Point X="135" Y="378" T="0" /><Point X="133" Y="388" T="0" /><Point X="131" Y="397" T="0" /><Point X="129" Y="406" T="0" /><Point X="129" Y="417" T="0" /><Point X="128" Y="426" T="0" /><Point X="129" Y="436" T="0" /><Point X="129" Y="446" T="0" /><Point X="131" Y="455" T="0" /><Point X="133" Y="462" T="0" /><Point X="136" Y="470" T="0" /><Point X="139" Y="476" T="0" /><Point X="144" Y="483" T="0" /><Point X="149" Y="488" T="0" /><Point X="155" Y="493" T="0" /><Point X="162" Y="497" T="0" /><Point X="169" Y="500" T="0" /><Point X="178" Y="503" T="0" /><Point X="186" Y="504" T="0" /><Point X="195" Y="505" T="0" /><Point X="204" Y="505" T="0" /><Point X="214" Y="504" T="0" /><Point X="223" Y="503" T="0" /><Point X="233" Y="501" T="0" /><Point X="241" Y="498" T="0" /><Point X="251" Y="495" T="0" /><Point X="259" Y="491" T="0" /><Point X="268" Y="488" T="0" /><Point X="277" Y="484" T="0" /><Point X="285" Y="480" T="0" /><Point X="292" Y="476" T="0" /><Point X="299" Y="473" T="0" /><Point X="306" Y="469" T="0" /><Point X="312" Y="464" T="0" /><Point X="319" Y="461" T="0" /><Point X="325" Y="456" T="0" /><Point X="331" Y="450" T="0" /><Point X="337" Y="446" T="0" /><Point X="343" Y="440" T="0" /><Point X="347" Y="434" T="0" /><Point X="353" Y="430" T="0" /><Point X="357" Y="425" T="0" /><Point X="359" Y="420" T="0" /><Point X="362" Y="416" T="0" /><Point X="363" Y="412" T="0" /><Point X="365" Y="407" T="0" /><Point X="366" Y="403" T="0" /><Point X="367" Y="398" T="0" /><Point X="369" Y="392" T="0" /><Point X="369" Y="388" T="0" /><Point X="370" Y="382" T="0" /><Point X="371" Y="376" T="0" /><Point X="371" Y="370" T="0" /><Point X="371" Y="364" T="0" /><Point X="371" Y="359" T="0" /><Point X="371" Y="353" T="0" /><Point X="371" Y="349" T="0" /><Point X="371" Y="344" T="0" /><Point X="370" Y="339" T="0" /><Point X="369" Y="335" T="0" /><Point X="367" Y="330" T="0" /><Point X="366" Y="326" T="0" /><Point X="365" Y="322" T="0" /><Point X="363" Y="318" T="0" /><Point X="363" Y="314" T="0" /><Point X="361" Y="310" T="0" /><Point X="359" Y="306" T="0" /><Point X="357" Y="301" T="0" /><Point X="355" Y="296" T="0" /><Point X="353" Y="293" T="0" /><Point X="351" Y="290" T="0" /><Point X="348" Y="286" T="0" /><Point X="345" Y="283" T="0" /><Point X="343" Y="280" T="0" /><Point X="341" Y="277" T="0" /><Point X="339" Y="274" T="0" /><Point X="337" Y="272" T="0" /><Point X="335" Y="270" T="0" /><Point X="333" Y="268" T="0" /><Point X="331" Y="266" T="0" /><Point X="329" Y="264" T="0" /><Point X="328" Y="262" T="0" /><Point X="326" Y="261" T="0" /><Point X="324" Y="260" T="0" /><Point X="322" Y="258" T="0" /><Point X="320" Y="258" T="0" /><Point X="318" Y="257" T="0" /><Point X="317" Y="256" T="0" /><Point X="315" Y="256" T="0" /><Point X="314" Y="256" T="0" /><Point X="313" Y="256" T="0" /><Point X="311" Y="256" T="0" /></Gesture>