<Gesture Name="circle" Subject="1" Number="1" NumPts="101" Millseconds="0" AppName="Gestures" AppVer="1.0" Date="Wednesday, March 01, 2023" TimeOfDay="17:07:06" ID="7"><Point X="364" Y="178" T="0" /><Point X="358" Y="177" T="0" /><Point X="351" Y="178" T="0" /><Point X="342" Y="179" T="0" /><Point X="329" Y="182" T="0" /><Point X="313" Y="190" T="0" /><Point X="295" Y="199" T="0" /><Point X="277" Y="210" T="0" /><Point X="260" Y="223" T="0" /><Point X="243" Y="236" T="0" /><Point X="225" Y="250" T="0" /><Point X="209" Y="266" T="0" /><Point X="192" Y="282" T="0" /><Point X="177" Y="300" T="0" /><Point X="165" Y="317" T="0" /><Point X="153" Y="334" T="0" /><Point X="142" Y="352" T="0" /><Point X="133" Y="368" T="0" /><Point X="124" Y="385" T="0" /><Point X="116" Y="402" T="0" /><Point X="110" Y="417" T="0" /><Point X="106" Y="434" T="0" /><Point X="103" Y="448" T="0" /><Point X="102" Y="462" T="0" /><Point X="102" Y="475" T="0" /><Point X="103" Y="488" T="0" /><Point X="106" Y="499" T="0" /><Point X="111" Y="511" T="0" /><Point X="117" Y="522" T="0" /><Point X="125" Y="532" T="0" /><Point X="134" Y="541" T="0" /><Point X="144" Y="550" T="0" /><Point X="155" Y="558" T="0" /><Point X="167" Y="565" T="0" /><Point X="181" Y="570" T="0" /><Point X="197" Y="575" T="0" /><Point X="213" Y="578" T="0" /><Point X="231" Y="579" T="0" /><Point X="251" Y="578" T="0" /><Point X="270" Y="576" T="0" /><Point X="290" Y="572" T="0" /><Point X="310" Y="568" T="0" /><Point X="327" Y="562" T="0" /><Point X="345" Y="555" T="0" /><Point X="363" Y="548" T="0" /><Point X="379" Y="540" T="0" /><Point X="395" Y="532" T="0" /><Point X="408" Y="523" T="0" /><Point X="421" Y="514" T="0" /><Point X="433" Y="504" T="0" /><Point X="443" Y="494" T="0" /><Point X="452" Y="484" T="0" /><Point X="461" Y="473" T="0" /><Point X="469" Y="461" T="0" /><Point X="476" Y="450" T="0" /><Point X="483" Y="438" T="0" /><Point X="487" Y="428" T="0" /><Point X="491" Y="417" T="0" /><Point X="493" Y="406" T="0" /><Point X="495" Y="395" T="0" /><Point X="495" Y="384" T="0" /><Point X="495" Y="374" T="0" /><Point X="494" Y="364" T="0" /><Point X="492" Y="354" T="0" /><Point X="489" Y="344" T="0" /><Point X="487" Y="335" T="0" /><Point X="484" Y="326" T="0" /><Point X="481" Y="316" T="0" /><Point X="477" Y="306" T="0" /><Point X="473" Y="297" T="0" /><Point X="469" Y="288" T="0" /><Point X="466" Y="279" T="0" /><Point X="462" Y="271" T="0" /><Point X="457" Y="264" T="0" /><Point X="453" Y="256" T="0" /><Point X="449" Y="249" T="0" /><Point X="443" Y="242" T="0" /><Point X="439" Y="236" T="0" /><Point X="435" Y="230" T="0" /><Point X="430" Y="224" T="0" /><Point X="425" Y="218" T="0" /><Point X="421" Y="214" T="0" /><Point X="417" Y="209" T="0" /><Point X="412" Y="205" T="0" /><Point X="407" Y="201" T="0" /><Point X="403" Y="197" T="0" /><Point X="399" Y="194" T="0" /><Point X="395" Y="190" T="0" /><Point X="391" Y="187" T="0" /><Point X="388" Y="184" T="0" /><Point X="385" Y="182" T="0" /><Point X="381" Y="181" T="0" /><Point X="379" Y="180" T="0" /><Point X="377" Y="178" T="0" /><Point X="374" Y="178" T="0" /><Point X="372" Y="177" T="0" /><Point X="370" Y="176" T="0" /><Point X="367" Y="176" T="0" /><Point X="365" Y="177" T="0" /><Point X="361" Y="180" T="0" /><Point X="358" Y="181" T="0" /></Gesture>