<Gesture Name="delete" Subject="1" Number="1" NumPts="102" Millseconds="0" AppName="Gestures" AppVer="1.0" Date="Wednesday, March 01, 2023" TimeOfDay="16:59:10" ID="1"><Point X="242" Y="234" T="0" /><Point X="246" Y="240" T="0" /><Point X="252" Y="246" T="0" /><Point X="257" Y="253" T="0" /><Point X="262" Y="261" T="0" /><Point X="268" Y="270" T="0" /><Point X="274" Y="280" T="0" /><Point X="281" Y="291" T="0" /><Point X="289" Y="303" T="0" /><Point X="297" Y="314" T="0" /><Point X="305" Y="327" T="0" /><Point X="314" Y="340" T="0" /><Point X="324" Y="355" T="0" /><Point X="334" Y="369" T="0" /><Point X="344" Y="383" T="0" /><Point X="355" Y="397" T="0" /><Point X="365" Y="411" T="0" /><Point X="376" Y="426" T="0" /><Point X="385" Y="439" T="0" /><Point X="395" Y="450" T="0" /><Point X="405" Y="461" T="0" /><Point X="413" Y="471" T="0" /><Point X="420" Y="480" T="0" /><Point X="428" Y="488" T="0" /><Point X="435" Y="495" T="0" /><Point X="441" Y="501" T="0" /><Point X="446" Y="507" T="0" /><Point X="451" Y="512" T="0" /><Point X="456" Y="516" T="0" /><Point X="458" Y="519" T="0" /><Point X="461" Y="521" T="0" /><Point X="462" Y="523" T="0" /><Point X="464" Y="525" T="0" /><Point X="465" Y="526" T="0" /><Point X="464" Y="526" T="0" /><Point X="458" Y="528" T="0" /><Point X="448" Y="530" T="0" /><Point X="436" Y="533" T="0" /><Point X="426" Y="535" T="0" /><Point X="414" Y="537" T="0" /><Point X="402" Y="538" T="0" /><Point X="390" Y="540" T="0" /><Point X="378" Y="541" T="0" /><Point X="366" Y="543" T="0" /><Point X="354" Y="544" T="0" /><Point X="342" Y="545" T="0" /><Point X="331" Y="546" T="0" /><Point X="320" Y="547" T="0" /><Point X="308" Y="547" T="0" /><Point X="296" Y="549" T="0" /><Point X="285" Y="550" T="0" /><Point X="274" Y="551" T="0" /><Point X="263" Y="553" T="0" /><Point X="254" Y="554" T="0" /><Point X="244" Y="555" T="0" /><Point X="236" Y="556" T="0" /><Point X="228" Y="557" T="0" /><Point X="221" Y="557" T="0" /><Point X="215" Y="557" T="0" /><Point X="211" Y="557" T="0" /><Point X="207" Y="557" T="0" /><Point X="204" Y="556" T="0" /><Point X="201" Y="555" T="0" /><Point X="199" Y="553" T="0" /><Point X="197" Y="551" T="0" /><Point X="196" Y="549" T="0" /><Point X="197" Y="545" T="0" /><Point X="200" Y="539" T="0" /><Point X="204" Y="531" T="0" /><Point X="208" Y="523" T="0" /><Point X="214" Y="515" T="0" /><Point X="222" Y="506" T="0" /><Point X="230" Y="496" T="0" /><Point X="240" Y="486" T="0" /><Point X="249" Y="476" T="0" /><Point X="260" Y="465" T="0" /><Point X="270" Y="453" T="0" /><Point X="281" Y="441" T="0" /><Point X="293" Y="428" T="0" /><Point X="304" Y="416" T="0" /><Point X="317" Y="402" T="0" /><Point X="328" Y="390" T="0" /><Point X="338" Y="377" T="0" /><Point X="349" Y="364" T="0" /><Point X="360" Y="352" T="0" /><Point X="370" Y="340" T="0" /><Point X="381" Y="328" T="0" /><Point X="391" Y="316" T="0" /><Point X="401" Y="305" T="0" /><Point X="410" Y="295" T="0" /><Point X="418" Y="285" T="0" /><Point X="426" Y="277" T="0" /><Point X="433" Y="269" T="0" /><Point X="438" Y="264" T="0" /><Point X="444" Y="259" T="0" /><Point X="448" Y="254" T="0" /><Point X="451" Y="251" T="0" /><Point X="454" Y="249" T="0" /><Point X="456" Y="247" T="0" /><Point X="457" Y="245" T="0" /><Point X="458" Y="244" T="0" /><Point X="459" Y="244" T="0" /></Gesture>