<Gesture Name="delete" Subject="1" Number="1" NumPts="98" Millseconds="0" AppName="Gestures" AppVer="1.0" Date="Wednesday, March 01, 2023" TimeOfDay="17:00:36" ID="2"><Point X="303" Y="249" T="0" /><Point X="310" Y="257" T="0" /><Point X="317" Y="267" T="0" /><Point X="325" Y="279" T="0" /><Point X="334" Y="291" T="0" /><Point X="342" Y="304" T="0" /><Point X="352" Y="318" T="0" /><Point X="360" Y="331" T="0" /><Point X="369" Y="345" T="0" /><Point X="378" Y="360" T="0" /><Point X="387" Y="375" T="0" /><Point X="397" Y="391" T="0" /><Point X="407" Y="407" T="0" /><Point X="417" Y="423" T="0" /><Point X="427" Y="438" T="0" /><Point X="437" Y="453" T="0" /><Point X="447" Y="468" T="0" /><Point X="456" Y="483" T="0" /><Point X="465" Y="497" T="0" /><Point X="473" Y="510" T="0" /><Point X="480" Y="522" T="0" /><Point X="488" Y="534" T="0" /><Point X="493" Y="545" T="0" /><Point X="497" Y="554" T="0" /><Point X="500" Y="563" T="0" /><Point X="501" Y="570" T="0" /><Point X="502" Y="576" T="0" /><Point X="503" Y="581" T="0" /><Point X="503" Y="585" T="0" /><Point X="502" Y="589" T="0" /><Point X="501" Y="591" T="0" /><Point X="500" Y="593" T="0" /><Point X="496" Y="596" T="0" /><Point X="491" Y="598" T="0" /><Point X="484" Y="599" T="0" /><Point X="474" Y="601" T="0" /><Point X="464" Y="601" T="0" /><Point X="453" Y="602" T="0" /><Point X="441" Y="603" T="0" /><Point X="427" Y="603" T="0" /><Point X="414" Y="603" T="0" /><Point X="401" Y="603" T="0" /><Point X="387" Y="603" T="0" /><Point X="373" Y="602" T="0" /><Point X="359" Y="601" T="0" /><Point X="345" Y="601" T="0" /><Point X="331" Y="602" T="0" /><Point X="317" Y="603" T="0" /><Point X="303" Y="605" T="0" /><Point X="290" Y="606" T="0" /><Point X="277" Y="608" T="0" /><Point X="264" Y="610" T="0" /><Point X="254" Y="612" T="0" /><Point X="243" Y="613" T="0" /><Point X="234" Y="614" T="0" /><Point X="225" Y="615" T="0" /><Point X="218" Y="615" T="0" /><Point X="212" Y="616" T="0" /><Point X="207" Y="616" T="0" /><Point X="204" Y="616" T="0" /><Point X="201" Y="616" T="0" /><Point X="199" Y="615" T="0" /><Point X="198" Y="615" T="0" /><Point X="197" Y="614" T="0" /><Point X="198" Y="611" T="0" /><Point X="200" Y="606" T="0" /><Point X="204" Y="599" T="0" /><Point X="212" Y="591" T="0" /><Point X="221" Y="581" T="0" /><Point X="231" Y="571" T="0" /><Point X="243" Y="560" T="0" /><Point X="255" Y="548" T="0" /><Point X="268" Y="535" T="0" /><Point X="281" Y="521" T="0" /><Point X="294" Y="507" T="0" /><Point X="308" Y="491" T="0" /><Point X="323" Y="475" T="0" /><Point X="338" Y="458" T="0" /><Point X="352" Y="440" T="0" /><Point X="368" Y="423" T="0" /><Point X="383" Y="406" T="0" /><Point X="397" Y="389" T="0" /><Point X="410" Y="373" T="0" /><Point X="423" Y="357" T="0" /><Point X="435" Y="342" T="0" /><Point X="446" Y="328" T="0" /><Point X="456" Y="316" T="0" /><Point X="464" Y="304" T="0" /><Point X="472" Y="294" T="0" /><Point X="479" Y="285" T="0" /><Point X="485" Y="277" T="0" /><Point X="490" Y="270" T="0" /><Point X="494" Y="265" T="0" /><Point X="497" Y="261" T="0" /><Point X="500" Y="258" T="0" /><Point X="501" Y="257" T="0" /><Point X="502" Y="255" T="0" /><Point X="502" Y="254" T="0" /></Gesture>