<Gesture Name="delete" Subject="1" Number="1" NumPts="154" Millseconds="0" AppName="Gestures" AppVer="1.0" Date="Wednesday, March 01, 2023" TimeOfDay="17:09:40" ID="9"><Point X="217" Y="243" T="0" /><Point X="223" Y="250" T="0" /><Point X="231" Y="256" T="0" /><Point X="240" Y="264" T="0" /><Point X="248" Y="273" T="0" /><Point X="257" Y="282" T="0" /><Point X="265" Y="291" T="0" /><Point X="275" Y="300" T="0" /><Point X="283" Y="310" T="0" /><Point X="293" Y="320" T="0" /><Point X="301" Y="332" T="0" /><Point X="310" Y="342" T="0" /><Point X="319" Y="354" T="0" /><Point X="328" Y="365" T="0" /><Point X="337" Y="376" T="0" /><Point X="345" Y="388" T="0" /><Point X="355" Y="398" T="0" /><Point X="364" Y="409" T="0" /><Point X="373" Y="419" T="0" /><Point X="381" Y="429" T="0" /><Point X="390" Y="439" T="0" /><Point X="398" Y="448" T="0" /><Point X="407" Y="458" T="0" /><Point X="415" Y="467" T="0" /><Point X="422" Y="475" T="0" /><Point X="430" Y="484" T="0" /><Point X="436" Y="492" T="0" /><Point X="443" Y="500" T="0" /><Point X="449" Y="508" T="0" /><Point X="453" Y="514" T="0" /><Point X="459" Y="522" T="0" /><Point X="463" Y="528" T="0" /><Point X="467" Y="534" T="0" /><Point X="470" Y="539" T="0" /><Point X="473" Y="543" T="0" /><Point X="475" Y="548" T="0" /><Point X="478" Y="552" T="0" /><Point X="481" Y="555" T="0" /><Point X="482" Y="558" T="0" /><Point X="483" Y="560" T="0" /><Point X="485" Y="562" T="0" /><Point X="486" Y="564" T="0" /><Point X="487" Y="566" T="0" /><Point X="487" Y="567" T="0" /><Point X="487" Y="568" T="0" /><Point X="487" Y="569" T="0" /><Point X="487" Y="570" T="0" /><Point X="487" Y="571" T="0" /><Point X="485" Y="572" T="0" /><Point X="480" Y="574" T="0" /><Point X="474" Y="576" T="0" /><Point X="467" Y="577" T="0" /><Point X="461" Y="578" T="0" /><Point X="453" Y="580" T="0" /><Point X="445" Y="580" T="0" /><Point X="436" Y="581" T="0" /><Point X="427" Y="582" T="0" /><Point X="417" Y="582" T="0" /><Point X="405" Y="582" T="0" /><Point X="394" Y="583" T="0" /><Point X="383" Y="583" T="0" /><Point X="371" Y="583" T="0" /><Point X="361" Y="583" T="0" /><Point X="349" Y="583" T="0" /><Point X="339" Y="583" T="0" /><Point X="327" Y="583" T="0" /><Point X="315" Y="583" T="0" /><Point X="304" Y="584" T="0" /><Point X="292" Y="584" T="0" /><Point X="279" Y="585" T="0" /><Point X="267" Y="586" T="0" /><Point X="255" Y="586" T="0" /><Point X="241" Y="588" T="0" /><Point X="229" Y="589" T="0" /><Point X="217" Y="590" T="0" /><Point X="204" Y="592" T="0" /><Point X="193" Y="593" T="0" /><Point X="181" Y="594" T="0" /><Point X="170" Y="596" T="0" /><Point X="160" Y="596" T="0" /><Point X="150" Y="597" T="0" /><Point X="141" Y="598" T="0" /><Point X="132" Y="599" T="0" /><Point X="122" Y="600" T="0" /><Point X="114" Y="601" T="0" /><Point X="105" Y="602" T="0" /><Point X="98" Y="602" T="0" /><Point X="89" Y="603" T="0" /><Point X="83" Y="604" T="0" /><Point X="77" Y="604" T="0" /><Point X="73" Y="604" T="0" /><Point X="68" Y="604" T="0" /><Point X="64" Y="604" T="0" /><Point X="61" Y="604" T="0" /><Point X="57" Y="603" T="0" /><Point X="55" Y="602" T="0" /><Point X="53" Y="602" T="0" /><Point X="51" Y="601" T="0" /><Point X="50" Y="600" T="0" /><Point X="49" Y="599" T="0" /><Point X="49" Y="598" T="0" /><Point X="48" Y="596" T="0" /><Point X="47" Y="596" T="0" /><Point X="47" Y="593" T="0" /><Point X="48" Y="590" T="0" /><Point X="51" Y="584" T="0" /><Point X="55" Y="578" T="0" /><Point X="60" Y="571" T="0" /><Point X="65" Y="564" T="0" /><Point X="73" Y="556" T="0" /><Point X="81" Y="548" T="0" /><Point X="89" Y="540" T="0" /><Point X="98" Y="531" T="0" /><Point X="107" Y="523" T="0" /><Point X="116" Y="514" T="0" /><Point X="127" Y="504" T="0" /><Point X="137" Y="494" T="0" /><Point X="148" Y="484" T="0" /><Point X="159" Y="472" T="0" /><Point X="171" Y="462" T="0" /><Point X="183" Y="451" T="0" /><Point X="196" Y="440" T="0" /><Point X="209" Y="429" T="0" /><Point X="223" Y="418" T="0" /><Point X="235" Y="406" T="0" /><Point X="247" Y="396" T="0" /><Point X="258" Y="386" T="0" /><Point X="270" Y="375" T="0" /><Point X="281" Y="366" T="0" /><Point X="292" Y="358" T="0" /><Point X="303" Y="349" T="0" /><Point X="312" Y="342" T="0" /><Point X="323" Y="334" T="0" /><Point X="333" Y="326" T="0" /><Point X="343" Y="319" T="0" /><Point X="352" Y="312" T="0" /><Point X="361" Y="305" T="0" /><Point X="369" Y="299" T="0" /><Point X="376" Y="293" T="0" /><Point X="383" Y="288" T="0" /><Point X="389" Y="282" T="0" /><Point X="395" Y="278" T="0" /><Point X="399" Y="274" T="0" /><Point X="403" Y="271" T="0" /><Point X="407" Y="268" T="0" /><Point X="411" Y="265" T="0" /><Point X="414" Y="264" T="0" /><Point X="417" Y="262" T="0" /><Point X="419" Y="260" T="0" /><Point X="420" Y="258" T="0" /><Point X="421" Y="258" T="0" /><Point X="423" Y="257" T="0" /><Point X="423" Y="256" T="0" /><Point X="424" Y="256" T="0" /></Gesture>