<Gesture Name="delete" Subject="1" Number="1" NumPts="103" Millseconds="0" AppName="Gestures" AppVer="1.0" Date="Wednesday, March 01, 2023" TimeOfDay="17:08:28" ID="8"><Point X="213" Y="272" T="0" /><Point X="219" Y="278" T="0" /><Point X="224" Y="287" T="0" /><Point X="231" Y="296" T="0" /><Point X="239" Y="306" T="0" /><Point X="247" Y="318" T="0" /><Point X="254" Y="330" T="0" /><Point X="262" Y="343" T="0" /><Point X="271" Y="356" T="0" /><Point X="279" Y="370" T="0" /><Point X="287" Y="383" T="0" /><Point X="295" Y="397" T="0" /><Point X="303" Y="411" T="0" /><Point X="310" Y="425" T="0" /><Point X="316" Y="439" T="0" /><Point X="323" Y="452" T="0" /><Point X="329" Y="465" T="0" /><Point X="337" Y="476" T="0" /><Point X="343" Y="487" T="0" /><Point X="349" Y="498" T="0" /><Point X="355" Y="506" T="0" /><Point X="362" Y="514" T="0" /><Point X="367" Y="522" T="0" /><Point X="373" Y="528" T="0" /><Point X="377" Y="534" T="0" /><Point X="381" Y="540" T="0" /><Point X="384" Y="543" T="0" /><Point X="387" Y="547" T="0" /><Point X="389" Y="551" T="0" /><Point X="391" Y="554" T="0" /><Point X="392" Y="556" T="0" /><Point X="393" Y="557" T="0" /><Point X="393" Y="558" T="0" /><Point X="393" Y="560" T="0" /><Point X="393" Y="561" T="0" /><Point X="393" Y="562" T="0" /><Point X="392" Y="563" T="0" /><Point X="390" Y="564" T="0" /><Point X="385" Y="566" T="0" /><Point X="377" Y="568" T="0" /><Point X="365" Y="571" T="0" /><Point X="352" Y="574" T="0" /><Point X="338" Y="578" T="0" /><Point X="323" Y="582" T="0" /><Point X="308" Y="584" T="0" /><Point X="291" Y="588" T="0" /><Point X="275" Y="592" T="0" /><Point X="259" Y="596" T="0" /><Point X="243" Y="599" T="0" /><Point X="228" Y="602" T="0" /><Point X="213" Y="605" T="0" /><Point X="200" Y="608" T="0" /><Point X="186" Y="610" T="0" /><Point X="174" Y="611" T="0" /><Point X="163" Y="612" T="0" /><Point X="153" Y="614" T="0" /><Point X="145" Y="614" T="0" /><Point X="136" Y="614" T="0" /><Point X="129" Y="614" T="0" /><Point X="123" Y="614" T="0" /><Point X="119" Y="613" T="0" /><Point X="115" Y="612" T="0" /><Point X="112" Y="610" T="0" /><Point X="110" Y="610" T="0" /><Point X="108" Y="608" T="0" /><Point X="107" Y="607" T="0" /><Point X="106" Y="606" T="0" /><Point X="105" Y="603" T="0" /><Point X="106" Y="599" T="0" /><Point X="109" Y="592" T="0" /><Point X="116" Y="583" T="0" /><Point X="125" Y="573" T="0" /><Point X="135" Y="562" T="0" /><Point X="148" Y="550" T="0" /><Point X="161" Y="538" T="0" /><Point X="175" Y="525" T="0" /><Point X="190" Y="512" T="0" /><Point X="206" Y="497" T="0" /><Point X="224" Y="480" T="0" /><Point X="243" Y="464" T="0" /><Point X="263" Y="448" T="0" /><Point X="285" Y="433" T="0" /><Point X="306" Y="416" T="0" /><Point X="327" Y="400" T="0" /><Point X="345" Y="383" T="0" /><Point X="363" Y="367" T="0" /><Point X="381" Y="353" T="0" /><Point X="399" Y="340" T="0" /><Point X="417" Y="329" T="0" /><Point X="432" Y="318" T="0" /><Point X="445" Y="308" T="0" /><Point X="457" Y="300" T="0" /><Point X="467" Y="292" T="0" /><Point X="475" Y="284" T="0" /><Point X="483" Y="278" T="0" /><Point X="487" Y="274" T="0" /><Point X="493" Y="270" T="0" /><Point X="497" Y="266" T="0" /><Point X="499" Y="264" T="0" /><Point X="501" Y="263" T="0" /><Point X="502" Y="262" T="0" /><Point X="503" Y="262" T="0" /><Point X="504" Y="261" T="0" /></Gesture>