<Gesture Name="left-square-bracket" Subject="1" Number="1" NumPts="72" Millseconds="0" AppName="Gestures" AppVer="1.0" Date="Wednesday, March 01, 2023" TimeOfDay="17:10:49" ID="10"><Point X="355" Y="221" T="0" /><Point X="351" Y="220" T="0" /><Point X="346" Y="220" T="0" /><Point X="341" Y="221" T="0" /><Point X="336" Y="222" T="0" /><Point X="331" Y="222" T="0" /><Point X="325" Y="223" T="0" /><Point X="321" Y="224" T="0" /><Point X="316" Y="226" T="0" /><Point X="311" Y="227" T="0" /><Point X="309" Y="228" T="0" /><Point X="305" Y="228" T="0" /><Point X="303" Y="229" T="0" /><Point X="301" Y="230" T="0" /><Point X="299" Y="230" T="0" /><Point X="299" Y="231" T="0" /><Point X="298" Y="232" T="0" /><Point X="297" Y="232" T="0" /><Point X="297" Y="233" T="0" /><Point X="296" Y="234" T="0" /><Point X="295" Y="235" T="0" /><Point X="295" Y="236" T="0" /><Point X="294" Y="239" T="0" /><Point X="294" Y="243" T="0" /><Point X="294" Y="248" T="0" /><Point X="294" Y="253" T="0" /><Point X="295" Y="259" T="0" /><Point X="295" Y="266" T="0" /><Point X="295" Y="274" T="0" /><Point X="295" Y="283" T="0" /><Point X="295" Y="292" T="0" /><Point X="295" Y="304" T="0" /><Point X="295" Y="315" T="0" /><Point X="294" Y="328" T="0" /><Point X="293" Y="340" T="0" /><Point X="292" Y="353" T="0" /><Point X="291" Y="366" T="0" /><Point X="289" Y="380" T="0" /><Point X="288" Y="394" T="0" /><Point X="287" Y="408" T="0" /><Point X="285" Y="422" T="0" /><Point X="283" Y="437" T="0" /><Point X="282" Y="451" T="0" /><Point X="281" Y="464" T="0" /><Point X="280" Y="476" T="0" /><Point X="279" Y="488" T="0" /><Point X="279" Y="499" T="0" /><Point X="279" Y="509" T="0" /><Point X="279" Y="518" T="0" /><Point X="280" Y="526" T="0" /><Point X="281" Y="532" T="0" /><Point X="281" Y="537" T="0" /><Point X="282" Y="542" T="0" /><Point X="283" Y="546" T="0" /><Point X="285" Y="550" T="0" /><Point X="286" Y="554" T="0" /><Point X="287" Y="556" T="0" /><Point X="288" Y="558" T="0" /><Point X="289" Y="560" T="0" /><Point X="289" Y="561" T="0" /><Point X="290" Y="562" T="0" /><Point X="291" Y="564" T="0" /><Point X="293" Y="564" T="0" /><Point X="294" Y="565" T="0" /><Point X="297" Y="566" T="0" /><Point X="303" Y="566" T="0" /><Point X="310" Y="566" T="0" /><Point X="321" Y="565" T="0" /><Point X="331" Y="564" T="0" /><Point X="343" Y="564" T="0" /><Point X="356" Y="563" T="0" /><Point X="379" Y="564" T="0" /></Gesture>