<Gesture Name="left-square-bracket" Subject="1" Number="1" NumPts="67" Millseconds="0" AppName="Gestures" AppVer="1.0" Date="Wednesday, March 01, 2023" TimeOfDay="17:02:39" ID="3"><Point X="307" Y="271" T="0" /><Point X="302" Y="272" T="0" /><Point X="297" Y="272" T="0" /><Point X="293" Y="273" T="0" /><Point X="289" Y="273" T="0" /><Point X="285" Y="274" T="0" /><Point X="282" Y="274" T="0" /><Point X="279" Y="274" T="0" /><Point X="277" Y="274" T="0" /><Point X="275" Y="274" T="0" /><Point X="273" Y="274" T="0" /><Point X="272" Y="275" T="0" /><Point X="271" Y="276" T="0" /><Point X="270" Y="276" T="0" /><Point X="269" Y="277" T="0" /><Point X="269" Y="278" T="0" /><Point X="268" Y="278" T="0" /><Point X="267" Y="279" T="0" /><Point X="267" Y="280" T="0" /><Point X="267" Y="282" T="0" /><Point X="266" Y="284" T="0" /><Point X="266" Y="287" T="0" /><Point X="266" Y="292" T="0" /><Point X="266" Y="298" T="0" /><Point X="266" Y="306" T="0" /><Point X="266" Y="313" T="0" /><Point X="266" Y="322" T="0" /><Point X="265" Y="331" T="0" /><Point X="263" Y="341" T="0" /><Point X="262" Y="351" T="0" /><Point X="260" Y="362" T="0" /><Point X="258" Y="373" T="0" /><Point X="256" Y="385" T="0" /><Point X="254" Y="396" T="0" /><Point X="252" Y="409" T="0" /><Point X="250" Y="421" T="0" /><Point X="248" Y="433" T="0" /><Point X="247" Y="445" T="0" /><Point X="246" Y="455" T="0" /><Point X="245" Y="464" T="0" /><Point X="245" Y="473" T="0" /><Point X="244" Y="480" T="0" /><Point X="243" Y="486" T="0" /><Point X="243" Y="491" T="0" /><Point X="243" Y="495" T="0" /><Point X="243" Y="499" T="0" /><Point X="243" Y="502" T="0" /><Point X="243" Y="504" T="0" /><Point X="243" Y="506" T="0" /><Point X="243" Y="509" T="0" /><Point X="243" Y="511" T="0" /><Point X="243" Y="512" T="0" /><Point X="243" Y="514" T="0" /><Point X="243" Y="515" T="0" /><Point X="243" Y="516" T="0" /><Point X="244" Y="516" T="0" /><Point X="246" Y="516" T="0" /><Point X="249" Y="516" T="0" /><Point X="253" Y="516" T="0" /><Point X="259" Y="516" T="0" /><Point X="265" Y="515" T="0" /><Point X="273" Y="514" T="0" /><Point X="279" Y="514" T="0" /><Point X="288" Y="513" T="0" /><Point X="297" Y="512" T="0" /><Point X="308" Y="512" T="0" /><Point X="328" Y="511" T="0" /></Gesture>