<Gesture Name="left-square-bracket" Subject="1" Number="1" NumPts="77" Millseconds="0" AppName="Gestures" AppVer="1.0" Date="Wednesday, March 01, 2023" TimeOfDay="17:05:06" ID="5"><Point X="331" Y="307" T="0" /><Point X="328" Y="306" T="0" /><Point X="324" Y="306" T="0" /><Point X="320" Y="307" T="0" /><Point X="316" Y="308" T="0" /><Point X="311" Y="308" T="0" /><Point X="307" Y="309" T="0" /><Point X="302" Y="310" T="0" /><Point X="298" Y="310" T="0" /><Point X="295" Y="311" T="0" /><Point X="293" Y="312" T="0" /><Point X="291" Y="312" T="0" /><Point X="289" Y="313" T="0" /><Point X="288" Y="314" T="0" /><Point X="287" Y="314" T="0" /><Point X="286" Y="315" T="0" /><Point X="285" Y="316" T="0" /><Point X="284" Y="317" T="0" /><Point X="283" Y="317" T="0" /><Point X="283" Y="318" T="0" /><Point X="283" Y="319" T="0" /><Point X="283" Y="320" T="0" /><Point X="283" Y="322" T="0" /><Point X="283" Y="325" T="0" /><Point X="283" Y="330" T="0" /><Point X="282" Y="334" T="0" /><Point X="282" Y="340" T="0" /><Point X="282" Y="347" T="0" /><Point X="281" Y="355" T="0" /><Point X="281" Y="363" T="0" /><Point X="281" Y="372" T="0" /><Point X="281" Y="382" T="0" /><Point X="280" Y="392" T="0" /><Point X="279" Y="403" T="0" /><Point X="277" Y="415" T="0" /><Point X="276" Y="427" T="0" /><Point X="275" Y="439" T="0" /><Point X="273" Y="451" T="0" /><Point X="271" Y="462" T="0" /><Point X="269" Y="474" T="0" /><Point X="267" Y="485" T="0" /><Point X="265" Y="496" T="0" /><Point X="263" Y="506" T="0" /><Point X="261" Y="516" T="0" /><Point X="259" Y="525" T="0" /><Point X="258" Y="535" T="0" /><Point X="257" Y="544" T="0" /><Point X="255" Y="551" T="0" /><Point X="255" Y="558" T="0" /><Point X="253" Y="566" T="0" /><Point X="253" Y="572" T="0" /><Point X="252" Y="577" T="0" /><Point X="251" Y="584" T="0" /><Point X="251" Y="586" T="0" /><Point X="251" Y="588" T="0" /><Point X="251" Y="590" T="0" /><Point X="251" Y="592" T="0" /><Point X="251" Y="593" T="0" /><Point X="251" Y="594" T="0" /><Point X="251" Y="595" T="0" /><Point X="252" Y="596" T="0" /><Point X="253" Y="596" T="0" /><Point X="253" Y="597" T="0" /><Point X="254" Y="598" T="0" /><Point X="255" Y="598" T="0" /><Point X="256" Y="598" T="0" /><Point X="258" Y="598" T="0" /><Point X="263" Y="598" T="0" /><Point X="269" Y="598" T="0" /><Point X="275" Y="598" T="0" /><Point X="283" Y="598" T="0" /><Point X="293" Y="597" T="0" /><Point X="301" Y="596" T="0" /><Point X="312" Y="594" T="0" /><Point X="325" Y="592" T="0" /><Point X="338" Y="590" T="0" /><Point X="362" Y="586" T="0" /></Gesture>