<Gesture Name="left-curly-brace" Subject="1" Number="1" NumPts="109" Millseconds="0" AppName="Gestures" AppVer="1.0" Date="Wednesday, March 01, 2023" TimeOfDay="17:11:03" ID="10"><Point X="377" Y="259" T="0" /><Point X="376" Y="256" T="0" /><Point X="375" Y="252" T="0" /><Point X="373" Y="250" T="0" /><Point X="371" Y="248" T="0" /><Point X="370" Y="246" T="0" /><Point X="368" Y="245" T="0" /><Point X="365" Y="244" T="0" /><Point X="363" Y="243" T="0" /><Point X="361" Y="242" T="0" /><Point X="358" Y="242" T="0" /><Point X="355" Y="242" T="0" /><Point X="351" Y="242" T="0" /><Point X="347" Y="243" T="0" /><Point X="343" Y="245" T="0" /><Point X="339" Y="247" T="0" /><Point X="334" Y="249" T="0" /><Point X="331" Y="251" T="0" /><Point X="327" Y="254" T="0" /><Point X="324" Y="257" T="0" /><Point X="321" Y="260" T="0" /><Point X="318" Y="264" T="0" /><Point X="316" Y="266" T="0" /><Point X="314" Y="270" T="0" /><Point X="312" Y="274" T="0" /><Point X="310" Y="278" T="0" /><Point X="310" Y="282" T="0" /><Point X="309" Y="286" T="0" /><Point X="309" Y="290" T="0" /><Point X="308" Y="294" T="0" /><Point X="309" Y="300" T="0" /><Point X="309" Y="305" T="0" /><Point X="310" Y="310" T="0" /><Point X="310" Y="315" T="0" /><Point X="311" Y="320" T="0" /><Point X="313" Y="325" T="0" /><Point X="314" Y="331" T="0" /><Point X="315" Y="337" T="0" /><Point X="316" Y="342" T="0" /><Point X="317" Y="347" T="0" /><Point X="317" Y="353" T="0" /><Point X="317" Y="360" T="0" /><Point X="317" Y="366" T="0" /><Point X="316" Y="372" T="0" /><Point X="315" Y="377" T="0" /><Point X="313" Y="383" T="0" /><Point X="311" Y="389" T="0" /><Point X="308" Y="396" T="0" /><Point X="304" Y="401" T="0" /><Point X="300" Y="406" T="0" /><Point X="295" Y="410" T="0" /><Point X="292" Y="414" T="0" /><Point X="289" Y="418" T="0" /><Point X="285" Y="420" T="0" /><Point X="281" Y="423" T="0" /><Point X="277" Y="426" T="0" /><Point X="274" Y="427" T="0" /><Point X="271" Y="428" T="0" /><Point X="268" Y="429" T="0" /><Point X="266" Y="430" T="0" /><Point X="264" Y="430" T="0" /><Point X="262" Y="430" T="0" /><Point X="260" Y="430" T="0" /><Point X="259" Y="430" T="0" /><Point X="258" Y="429" T="0" /><Point X="257" Y="428" T="0" /><Point X="257" Y="426" T="0" /><Point X="257" Y="425" T="0" /><Point X="257" Y="424" T="0" /><Point X="258" Y="424" T="0" /><Point X="258" Y="423" T="0" /><Point X="259" Y="424" T="0" /><Point X="261" Y="426" T="0" /><Point X="263" Y="429" T="0" /><Point X="265" Y="433" T="0" /><Point X="267" Y="438" T="0" /><Point X="269" Y="443" T="0" /><Point X="271" Y="448" T="0" /><Point X="272" Y="456" T="0" /><Point X="273" Y="462" T="0" /><Point X="275" Y="468" T="0" /><Point X="275" Y="474" T="0" /><Point X="277" Y="481" T="0" /><Point X="279" Y="488" T="0" /><Point X="280" Y="495" T="0" /><Point X="282" Y="500" T="0" /><Point X="284" Y="506" T="0" /><Point X="286" Y="512" T="0" /><Point X="289" Y="518" T="0" /><Point X="292" Y="523" T="0" /><Point X="295" Y="528" T="0" /><Point X="298" Y="532" T="0" /><Point X="302" Y="536" T="0" /><Point X="307" Y="540" T="0" /><Point X="311" Y="544" T="0" /><Point X="315" Y="548" T="0" /><Point X="320" Y="552" T="0" /><Point X="325" Y="554" T="0" /><Point X="329" Y="557" T="0" /><Point X="334" Y="560" T="0" /><Point X="339" Y="562" T="0" /><Point X="343" Y="564" T="0" /><Point X="348" Y="566" T="0" /><Point X="354" Y="568" T="0" /><Point X="359" Y="568" T="0" /><Point X="365" Y="570" T="0" /><Point X="371" Y="570" T="0" /><Point X="381" Y="571" T="0" /><Point X="401" Y="573" T="0" /></Gesture>