<Gesture Name="left-curly-brace" Subject="1" Number="1" NumPts="95" Millseconds="0" AppName="Gestures" AppVer="1.0" Date="Wednesday, March 01, 2023" TimeOfDay="17:00:39" ID="2"><Point X="363" Y="199" T="0" /><Point X="355" Y="202" T="0" /><Point X="346" Y="205" T="0" /><Point X="337" Y="210" T="0" /><Point X="328" Y="215" T="0" /><Point X="320" Y="221" T="0" /><Point X="313" Y="226" T="0" /><Point X="307" Y="231" T="0" /><Point X="302" Y="237" T="0" /><Point X="299" Y="242" T="0" /><Point X="297" Y="247" T="0" /><Point X="295" Y="253" T="0" /><Point X="294" Y="258" T="0" /><Point X="295" Y="265" T="0" /><Point X="297" Y="271" T="0" /><Point X="300" Y="279" T="0" /><Point X="306" Y="286" T="0" /><Point X="311" Y="293" T="0" /><Point X="318" Y="301" T="0" /><Point X="324" Y="308" T="0" /><Point X="330" Y="314" T="0" /><Point X="336" Y="321" T="0" /><Point X="341" Y="328" T="0" /><Point X="346" Y="335" T="0" /><Point X="350" Y="343" T="0" /><Point X="353" Y="350" T="0" /><Point X="356" Y="358" T="0" /><Point X="358" Y="365" T="0" /><Point X="359" Y="373" T="0" /><Point X="359" Y="380" T="0" /><Point X="358" Y="386" T="0" /><Point X="357" Y="392" T="0" /><Point X="354" Y="397" T="0" /><Point X="352" Y="402" T="0" /><Point X="348" Y="407" T="0" /><Point X="344" Y="411" T="0" /><Point X="339" Y="415" T="0" /><Point X="333" Y="419" T="0" /><Point X="326" Y="423" T="0" /><Point X="319" Y="426" T="0" /><Point X="312" Y="428" T="0" /><Point X="306" Y="430" T="0" /><Point X="300" Y="432" T="0" /><Point X="294" Y="433" T="0" /><Point X="288" Y="434" T="0" /><Point X="284" Y="434" T="0" /><Point X="279" Y="435" T="0" /><Point X="275" Y="435" T="0" /><Point X="272" Y="435" T="0" /><Point X="269" Y="435" T="0" /><Point X="268" Y="435" T="0" /><Point X="266" Y="435" T="0" /><Point X="265" Y="435" T="0" /><Point X="266" Y="436" T="0" /><Point X="268" Y="436" T="0" /><Point X="272" Y="437" T="0" /><Point X="279" Y="439" T="0" /><Point X="287" Y="441" T="0" /><Point X="294" Y="444" T="0" /><Point X="301" Y="447" T="0" /><Point X="308" Y="451" T="0" /><Point X="315" Y="456" T="0" /><Point X="321" Y="462" T="0" /><Point X="326" Y="469" T="0" /><Point X="330" Y="477" T="0" /><Point X="332" Y="488" T="0" /><Point X="334" Y="499" T="0" /><Point X="335" Y="509" T="0" /><Point X="336" Y="521" T="0" /><Point X="336" Y="533" T="0" /><Point X="335" Y="545" T="0" /><Point X="334" Y="559" T="0" /><Point X="333" Y="573" T="0" /><Point X="332" Y="586" T="0" /><Point X="332" Y="598" T="0" /><Point X="332" Y="609" T="0" /><Point X="332" Y="619" T="0" /><Point X="334" Y="629" T="0" /><Point X="336" Y="637" T="0" /><Point X="338" Y="646" T="0" /><Point X="342" Y="653" T="0" /><Point X="346" Y="659" T="0" /><Point X="351" Y="663" T="0" /><Point X="357" Y="667" T="0" /><Point X="364" Y="670" T="0" /><Point X="372" Y="672" T="0" /><Point X="380" Y="673" T="0" /><Point X="389" Y="673" T="0" /><Point X="399" Y="672" T="0" /><Point X="409" Y="670" T="0" /><Point X="419" Y="667" T="0" /><Point X="428" Y="665" T="0" /><Point X="437" Y="661" T="0" /><Point X="446" Y="659" T="0" /><Point X="459" Y="654" T="0" /></Gesture>