<Gesture Name="left-square-bracket" Subject="1" Number="1" NumPts="73" Millseconds="0" AppName="Gestures" AppVer="1.0" Date="Wednesday, March 01, 2023" TimeOfDay="17:07:21" ID="7"><Point X="381" Y="234" T="0" /><Point X="376" Y="234" T="0" /><Point X="371" Y="234" T="0" /><Point X="365" Y="235" T="0" /><Point X="361" Y="236" T="0" /><Point X="356" Y="236" T="0" /><Point X="352" Y="236" T="0" /><Point X="348" Y="237" T="0" /><Point X="344" Y="238" T="0" /><Point X="339" Y="238" T="0" /><Point X="335" Y="239" T="0" /><Point X="330" Y="240" T="0" /><Point X="327" Y="241" T="0" /><Point X="323" Y="242" T="0" /><Point X="320" Y="243" T="0" /><Point X="317" Y="244" T="0" /><Point X="315" Y="245" T="0" /><Point X="313" Y="246" T="0" /><Point X="311" Y="246" T="0" /><Point X="310" Y="247" T="0" /><Point X="309" Y="248" T="0" /><Point X="308" Y="249" T="0" /><Point X="307" Y="250" T="0" /><Point X="306" Y="252" T="0" /><Point X="305" Y="254" T="0" /><Point X="305" Y="256" T="0" /><Point X="304" Y="259" T="0" /><Point X="304" Y="263" T="0" /><Point X="303" Y="267" T="0" /><Point X="303" Y="274" T="0" /><Point X="303" Y="280" T="0" /><Point X="303" Y="288" T="0" /><Point X="304" Y="296" T="0" /><Point X="304" Y="306" T="0" /><Point X="305" Y="318" T="0" /><Point X="305" Y="329" T="0" /><Point X="305" Y="341" T="0" /><Point X="305" Y="353" T="0" /><Point X="305" Y="365" T="0" /><Point X="305" Y="377" T="0" /><Point X="305" Y="390" T="0" /><Point X="305" Y="404" T="0" /><Point X="304" Y="416" T="0" /><Point X="303" Y="430" T="0" /><Point X="303" Y="442" T="0" /><Point X="302" Y="455" T="0" /><Point X="301" Y="467" T="0" /><Point X="301" Y="478" T="0" /><Point X="300" Y="489" T="0" /><Point X="299" Y="499" T="0" /><Point X="299" Y="508" T="0" /><Point X="299" Y="517" T="0" /><Point X="299" Y="526" T="0" /><Point X="299" Y="532" T="0" /><Point X="299" Y="539" T="0" /><Point X="299" Y="544" T="0" /><Point X="300" Y="549" T="0" /><Point X="301" Y="553" T="0" /><Point X="301" Y="556" T="0" /><Point X="303" Y="559" T="0" /><Point X="305" Y="562" T="0" /><Point X="307" Y="564" T="0" /><Point X="310" Y="566" T="0" /><Point X="314" Y="568" T="0" /><Point X="321" Y="570" T="0" /><Point X="331" Y="571" T="0" /><Point X="345" Y="570" T="0" /><Point X="363" Y="568" T="0" /><Point X="383" Y="566" T="0" /><Point X="406" Y="560" T="0" /><Point X="427" Y="556" T="0" /><Point X="445" Y="554" T="0" /><Point X="469" Y="550" T="0" /></Gesture>