<Gesture Name="left-curly-brace" Subject="1" Number="1" NumPts="89" Millseconds="0" AppName="Gestures" AppVer="1.0" Date="Wednesday, March 01, 2023" TimeOfDay="17:05:19" ID="5"><Point X="345" Y="271" T="0" /><Point X="339" Y="273" T="0" /><Point X="334" Y="276" T="0" /><Point X="329" Y="280" T="0" /><Point X="325" Y="284" T="0" /><Point X="321" Y="288" T="0" /><Point X="317" Y="293" T="0" /><Point X="314" Y="297" T="0" /><Point X="312" Y="302" T="0" /><Point X="310" Y="308" T="0" /><Point X="310" Y="312" T="0" /><Point X="309" Y="318" T="0" /><Point X="309" Y="324" T="0" /><Point X="309" Y="332" T="0" /><Point X="310" Y="338" T="0" /><Point X="312" Y="344" T="0" /><Point X="315" Y="351" T="0" /><Point X="318" Y="358" T="0" /><Point X="321" Y="364" T="0" /><Point X="325" Y="370" T="0" /><Point X="328" Y="376" T="0" /><Point X="333" Y="381" T="0" /><Point X="337" Y="387" T="0" /><Point X="341" Y="392" T="0" /><Point X="345" Y="399" T="0" /><Point X="347" Y="405" T="0" /><Point X="349" Y="412" T="0" /><Point X="351" Y="418" T="0" /><Point X="353" Y="424" T="0" /><Point X="354" Y="431" T="0" /><Point X="354" Y="438" T="0" /><Point X="354" Y="445" T="0" /><Point X="353" Y="452" T="0" /><Point X="350" Y="460" T="0" /><Point X="347" Y="466" T="0" /><Point X="343" Y="475" T="0" /><Point X="337" Y="482" T="0" /><Point X="331" Y="489" T="0" /><Point X="323" Y="496" T="0" /><Point X="315" Y="502" T="0" /><Point X="307" Y="507" T="0" /><Point X="298" Y="512" T="0" /><Point X="290" Y="516" T="0" /><Point X="281" Y="518" T="0" /><Point X="274" Y="520" T="0" /><Point X="267" Y="521" T="0" /><Point X="260" Y="521" T="0" /><Point X="255" Y="521" T="0" /><Point X="251" Y="521" T="0" /><Point X="247" Y="520" T="0" /><Point X="244" Y="520" T="0" /><Point X="242" Y="519" T="0" /><Point X="241" Y="518" T="0" /><Point X="239" Y="518" T="0" /><Point X="239" Y="517" T="0" /><Point X="238" Y="517" T="0" /><Point X="237" Y="516" T="0" /><Point X="238" Y="516" T="0" /><Point X="239" Y="516" T="0" /><Point X="241" Y="517" T="0" /><Point X="243" Y="518" T="0" /><Point X="247" Y="521" T="0" /><Point X="250" Y="524" T="0" /><Point X="253" Y="529" T="0" /><Point X="257" Y="534" T="0" /><Point X="259" Y="542" T="0" /><Point X="261" Y="548" T="0" /><Point X="264" Y="556" T="0" /><Point X="267" Y="563" T="0" /><Point X="269" Y="571" T="0" /><Point X="273" Y="578" T="0" /><Point X="275" Y="586" T="0" /><Point X="279" Y="593" T="0" /><Point X="282" Y="600" T="0" /><Point X="286" Y="607" T="0" /><Point X="291" Y="614" T="0" /><Point X="295" Y="620" T="0" /><Point X="301" Y="626" T="0" /><Point X="307" Y="634" T="0" /><Point X="313" Y="640" T="0" /><Point X="321" Y="646" T="0" /><Point X="329" Y="651" T="0" /><Point X="337" Y="656" T="0" /><Point X="347" Y="661" T="0" /><Point X="357" Y="665" T="0" /><Point X="367" Y="668" T="0" /><Point X="377" Y="670" T="0" /><Point X="386" Y="671" T="0" /><Point X="391" Y="672" T="0" /></Gesture>