<Gesture Name="left-curly-brace" Subject="1" Number="1" NumPts="91" Millseconds="0" AppName="Gestures" AppVer="1.0" Date="Wednesday, March 01, 2023" TimeOfDay="17:06:19" ID="6"><Point X="361" Y="224" T="0" /><Point X="353" Y="224" T="0" /><Point X="346" Y="224" T="0" /><Point X="339" Y="225" T="0" /><Point X="331" Y="226" T="0" /><Point X="323" Y="228" T="0" /><Point X="315" Y="232" T="0" /><Point X="308" Y="235" T="0" /><Point X="300" Y="239" T="0" /><Point X="293" Y="243" T="0" /><Point X="287" Y="248" T="0" /><Point X="283" Y="253" T="0" /><Point X="279" Y="257" T="0" /><Point X="275" Y="262" T="0" /><Point X="273" Y="267" T="0" /><Point X="272" Y="272" T="0" /><Point X="272" Y="277" T="0" /><Point X="273" Y="282" T="0" /><Point X="275" Y="288" T="0" /><Point X="277" Y="295" T="0" /><Point X="282" Y="302" T="0" /><Point X="287" Y="308" T="0" /><Point X="292" Y="314" T="0" /><Point X="297" Y="320" T="0" /><Point X="302" Y="326" T="0" /><Point X="307" Y="332" T="0" /><Point X="311" Y="338" T="0" /><Point X="315" Y="343" T="0" /><Point X="319" Y="348" T="0" /><Point X="322" Y="353" T="0" /><Point X="325" Y="358" T="0" /><Point X="326" Y="364" T="0" /><Point X="326" Y="368" T="0" /><Point X="326" Y="374" T="0" /><Point X="325" Y="378" T="0" /><Point X="322" Y="384" T="0" /><Point X="318" Y="390" T="0" /><Point X="313" Y="396" T="0" /><Point X="307" Y="401" T="0" /><Point X="299" Y="405" T="0" /><Point X="292" Y="408" T="0" /><Point X="284" Y="412" T="0" /><Point X="276" Y="415" T="0" /><Point X="268" Y="416" T="0" /><Point X="261" Y="418" T="0" /><Point X="255" Y="419" T="0" /><Point X="249" Y="419" T="0" /><Point X="244" Y="419" T="0" /><Point X="241" Y="419" T="0" /><Point X="238" Y="419" T="0" /><Point X="236" Y="418" T="0" /><Point X="234" Y="418" T="0" /><Point X="233" Y="417" T="0" /><Point X="233" Y="416" T="0" /><Point X="232" Y="416" T="0" /><Point X="233" Y="416" T="0" /><Point X="235" Y="416" T="0" /><Point X="237" Y="417" T="0" /><Point X="240" Y="418" T="0" /><Point X="243" Y="420" T="0" /><Point X="246" Y="424" T="0" /><Point X="250" Y="430" T="0" /><Point X="254" Y="435" T="0" /><Point X="257" Y="442" T="0" /><Point X="259" Y="450" T="0" /><Point X="261" Y="459" T="0" /><Point X="263" Y="467" T="0" /><Point X="264" Y="476" T="0" /><Point X="265" Y="485" T="0" /><Point X="267" Y="494" T="0" /><Point X="267" Y="503" T="0" /><Point X="269" Y="512" T="0" /><Point X="271" Y="520" T="0" /><Point X="274" Y="529" T="0" /><Point X="277" Y="538" T="0" /><Point X="281" Y="546" T="0" /><Point X="286" Y="556" T="0" /><Point X="291" Y="564" T="0" /><Point X="295" Y="572" T="0" /><Point X="301" Y="580" T="0" /><Point X="309" Y="586" T="0" /><Point X="315" Y="593" T="0" /><Point X="322" Y="599" T="0" /><Point X="330" Y="604" T="0" /><Point X="339" Y="608" T="0" /><Point X="347" Y="611" T="0" /><Point X="356" Y="614" T="0" /><Point X="365" Y="614" T="0" /><Point X="374" Y="614" T="0" /><Point X="383" Y="612" T="0" /><Point X="389" Y="610" T="0" /></Gesture>