<Gesture Name="left-curly-brace" Subject="1" Number="1" NumPts="107" Millseconds="0" AppName="Gestures" AppVer="1.0" Date="Wednesday, March 01, 2023" TimeOfDay="17:09:45" ID="9"><Point X="436" Y="212" T="0" /><Point X="427" Y="214" T="0" /><Point X="417" Y="216" T="0" /><Point X="405" Y="220" T="0" /><Point X="395" Y="224" T="0" /><Point X="387" Y="229" T="0" /><Point X="379" Y="234" T="0" /><Point X="371" Y="239" T="0" /><Point X="364" Y="245" T="0" /><Point X="359" Y="250" T="0" /><Point X="355" Y="255" T="0" /><Point X="352" Y="260" T="0" /><Point X="349" Y="266" T="0" /><Point X="347" Y="273" T="0" /><Point X="345" Y="279" T="0" /><Point X="343" Y="286" T="0" /><Point X="343" Y="292" T="0" /><Point X="342" Y="298" T="0" /><Point X="343" Y="306" T="0" /><Point X="343" Y="312" T="0" /><Point X="344" Y="319" T="0" /><Point X="345" Y="325" T="0" /><Point X="347" Y="332" T="0" /><Point X="349" Y="338" T="0" /><Point X="353" Y="345" T="0" /><Point X="356" Y="351" T="0" /><Point X="359" Y="357" T="0" /><Point X="363" Y="364" T="0" /><Point X="366" Y="370" T="0" /><Point X="369" Y="376" T="0" /><Point X="371" Y="382" T="0" /><Point X="374" Y="388" T="0" /><Point X="375" Y="394" T="0" /><Point X="377" Y="400" T="0" /><Point X="377" Y="406" T="0" /><Point X="377" Y="412" T="0" /><Point X="377" Y="418" T="0" /><Point X="375" Y="425" T="0" /><Point X="374" Y="431" T="0" /><Point X="373" Y="437" T="0" /><Point X="370" Y="443" T="0" /><Point X="366" Y="448" T="0" /><Point X="363" Y="454" T="0" /><Point X="358" Y="460" T="0" /><Point X="353" Y="465" T="0" /><Point X="347" Y="469" T="0" /><Point X="342" Y="472" T="0" /><Point X="336" Y="475" T="0" /><Point X="330" Y="478" T="0" /><Point X="325" Y="480" T="0" /><Point X="320" Y="481" T="0" /><Point X="313" Y="482" T="0" /><Point X="308" Y="482" T="0" /><Point X="303" Y="482" T="0" /><Point X="299" Y="482" T="0" /><Point X="296" Y="482" T="0" /><Point X="293" Y="481" T="0" /><Point X="292" Y="480" T="0" /><Point X="290" Y="480" T="0" /><Point X="289" Y="478" T="0" /><Point X="288" Y="478" T="0" /><Point X="287" Y="477" T="0" /><Point X="287" Y="476" T="0" /><Point X="286" Y="476" T="0" /><Point X="286" Y="475" T="0" /><Point X="287" Y="476" T="0" /><Point X="288" Y="478" T="0" /><Point X="290" Y="481" T="0" /><Point X="293" Y="485" T="0" /><Point X="295" Y="490" T="0" /><Point X="297" Y="496" T="0" /><Point X="300" Y="501" T="0" /><Point X="303" Y="507" T="0" /><Point X="305" Y="513" T="0" /><Point X="308" Y="520" T="0" /><Point X="310" Y="526" T="0" /><Point X="311" Y="532" T="0" /><Point X="313" Y="540" T="0" /><Point X="315" Y="546" T="0" /><Point X="317" Y="554" T="0" /><Point X="319" Y="560" T="0" /><Point X="321" Y="567" T="0" /><Point X="323" Y="574" T="0" /><Point X="325" Y="581" T="0" /><Point X="327" Y="586" T="0" /><Point X="329" Y="592" T="0" /><Point X="333" Y="598" T="0" /><Point X="335" Y="603" T="0" /><Point X="339" Y="608" T="0" /><Point X="342" Y="613" T="0" /><Point X="345" Y="618" T="0" /><Point X="350" Y="624" T="0" /><Point X="356" Y="628" T="0" /><Point X="361" Y="633" T="0" /><Point X="366" Y="636" T="0" /><Point X="372" Y="640" T="0" /><Point X="378" Y="644" T="0" /><Point X="385" Y="647" T="0" /><Point X="392" Y="650" T="0" /><Point X="398" Y="652" T="0" /><Point X="406" Y="653" T="0" /><Point X="415" Y="654" T="0" /><Point X="423" Y="654" T="0" /><Point X="431" Y="654" T="0" /><Point X="440" Y="653" T="0" /><Point X="450" Y="650" T="0" /><Point X="454" Y="650" T="0" /></Gesture>