<Gesture Name="pigtail" Subject="1" Number="1" NumPts="69" Millseconds="0" AppName="Gestures" AppVer="1.0" Date="Wednesday, March 01, 2023" TimeOfDay="17:06:28" ID="6"><Point X="179" Y="551" T="0" /><Point X="189" Y="546" T="0" /><Point X="201" Y="539" T="0" /><Point X="215" Y="530" T="0" /><Point X="230" Y="521" T="0" /><Point X="246" Y="511" T="0" /><Point X="263" Y="500" T="0" /><Point X="279" Y="489" T="0" /><Point X="297" Y="476" T="0" /><Point X="315" Y="462" T="0" /><Point X="332" Y="449" T="0" /><Point X="349" Y="436" T="0" /><Point X="366" Y="423" T="0" /><Point X="381" Y="410" T="0" /><Point X="396" Y="396" T="0" /><Point X="409" Y="382" T="0" /><Point X="421" Y="368" T="0" /><Point X="433" Y="355" T="0" /><Point X="442" Y="343" T="0" /><Point X="451" Y="332" T="0" /><Point X="459" Y="321" T="0" /><Point X="466" Y="310" T="0" /><Point X="471" Y="300" T="0" /><Point X="474" Y="290" T="0" /><Point X="476" Y="282" T="0" /><Point X="477" Y="274" T="0" /><Point X="477" Y="268" T="0" /><Point X="476" Y="262" T="0" /><Point X="473" Y="258" T="0" /><Point X="471" Y="254" T="0" /><Point X="467" Y="250" T="0" /><Point X="461" Y="247" T="0" /><Point X="453" Y="245" T="0" /><Point X="443" Y="244" T="0" /><Point X="433" Y="246" T="0" /><Point X="421" Y="248" T="0" /><Point X="411" Y="253" T="0" /><Point X="399" Y="259" T="0" /><Point X="387" Y="267" T="0" /><Point X="376" Y="276" T="0" /><Point X="365" Y="285" T="0" /><Point X="356" Y="296" T="0" /><Point X="347" Y="308" T="0" /><Point X="341" Y="319" T="0" /><Point X="335" Y="332" T="0" /><Point X="331" Y="344" T="0" /><Point X="328" Y="357" T="0" /><Point X="326" Y="370" T="0" /><Point X="325" Y="386" T="0" /><Point X="325" Y="402" T="0" /><Point X="326" Y="418" T="0" /><Point X="328" Y="433" T="0" /><Point X="331" Y="448" T="0" /><Point X="337" Y="464" T="0" /><Point X="343" Y="478" T="0" /><Point X="351" Y="491" T="0" /><Point X="361" Y="503" T="0" /><Point X="371" Y="515" T="0" /><Point X="381" Y="524" T="0" /><Point X="395" Y="534" T="0" /><Point X="409" Y="542" T="0" /><Point X="424" Y="550" T="0" /><Point X="441" Y="556" T="0" /><Point X="459" Y="560" T="0" /><Point X="480" Y="564" T="0" /><Point X="503" Y="565" T="0" /><Point X="526" Y="566" T="0" /><Point X="548" Y="567" T="0" /><Point X="574" Y="569" T="0" /></Gesture>