<Gesture Name="pigtail" Subject="1" Number="1" NumPts="79" Millseconds="0" AppName="Gestures" AppVer="1.0" Date="Wednesday, March 01, 2023" TimeOfDay="17:04:20" ID="4"><Point X="263" Y="557" T="0" /><Point X="273" Y="550" T="0" /><Point X="283" Y="542" T="0" /><Point X="295" Y="533" T="0" /><Point X="309" Y="524" T="0" /><Point X="321" Y="514" T="0" /><Point X="333" Y="502" T="0" /><Point X="346" Y="489" T="0" /><Point X="359" Y="476" T="0" /><Point X="372" Y="464" T="0" /><Point X="384" Y="452" T="0" /><Point X="397" Y="440" T="0" /><Point X="408" Y="428" T="0" /><Point X="418" Y="417" T="0" /><Point X="428" Y="405" T="0" /><Point X="437" Y="393" T="0" /><Point X="445" Y="381" T="0" /><Point X="451" Y="370" T="0" /><Point X="455" Y="360" T="0" /><Point X="459" Y="350" T="0" /><Point X="462" Y="342" T="0" /><Point X="463" Y="333" T="0" /><Point X="465" Y="324" T="0" /><Point X="465" Y="317" T="0" /><Point X="463" Y="310" T="0" /><Point X="461" Y="303" T="0" /><Point X="458" Y="296" T="0" /><Point X="454" Y="291" T="0" /><Point X="449" Y="285" T="0" /><Point X="441" Y="280" T="0" /><Point X="434" Y="276" T="0" /><Point X="425" Y="273" T="0" /><Point X="417" Y="271" T="0" /><Point X="407" Y="270" T="0" /><Point X="398" Y="271" T="0" /><Point X="389" Y="273" T="0" /><Point X="380" Y="276" T="0" /><Point X="371" Y="280" T="0" /><Point X="362" Y="285" T="0" /><Point X="353" Y="292" T="0" /><Point X="345" Y="300" T="0" /><Point X="339" Y="309" T="0" /><Point X="333" Y="318" T="0" /><Point X="327" Y="328" T="0" /><Point X="322" Y="340" T="0" /><Point X="318" Y="350" T="0" /><Point X="315" Y="362" T="0" /><Point X="314" Y="374" T="0" /><Point X="314" Y="386" T="0" /><Point X="315" Y="400" T="0" /><Point X="317" Y="413" T="0" /><Point X="321" Y="427" T="0" /><Point X="324" Y="440" T="0" /><Point X="327" Y="453" T="0" /><Point X="331" Y="465" T="0" /><Point X="335" Y="477" T="0" /><Point X="341" Y="489" T="0" /><Point X="347" Y="500" T="0" /><Point X="353" Y="510" T="0" /><Point X="359" Y="518" T="0" /><Point X="367" Y="528" T="0" /><Point X="375" Y="535" T="0" /><Point X="383" Y="543" T="0" /><Point X="393" Y="549" T="0" /><Point X="401" Y="555" T="0" /><Point X="411" Y="558" T="0" /><Point X="420" Y="562" T="0" /><Point X="431" Y="565" T="0" /><Point X="439" Y="567" T="0" /><Point X="449" Y="568" T="0" /><Point X="459" Y="570" T="0" /><Point X="469" Y="570" T="0" /><Point X="479" Y="570" T="0" /><Point X="491" Y="568" T="0" /><Point X="502" Y="567" T="0" /><Point X="513" Y="565" T="0" /><Point X="523" Y="564" T="0" /><Point X="532" Y="564" T="0" /><Point X="537" Y="564" T="0" /></Gesture>