<Gesture Name="pigtail" Subject="1" Number="1" NumPts="77" Millseconds="0" AppName="Gestures" AppVer="1.0" Date="Wednesday, March 01, 2023" TimeOfDay="16:59:26" ID="1"><Point X="358" Y="495" T="0" /><Point X="368" Y="491" T="0" /><Point X="379" Y="487" T="0" /><Point X="391" Y="481" T="0" /><Point X="405" Y="475" T="0" /><Point X="417" Y="467" T="0" /><Point X="430" Y="459" T="0" /><Point X="443" Y="451" T="0" /><Point X="455" Y="442" T="0" /><Point X="467" Y="432" T="0" /><Point X="480" Y="421" T="0" /><Point X="492" Y="411" T="0" /><Point X="503" Y="399" T="0" /><Point X="514" Y="388" T="0" /><Point X="523" Y="376" T="0" /><Point X="531" Y="364" T="0" /><Point X="538" Y="352" T="0" /><Point X="545" Y="339" T="0" /><Point X="550" Y="327" T="0" /><Point X="554" Y="313" T="0" /><Point X="558" Y="300" T="0" /><Point X="560" Y="286" T="0" /><Point X="560" Y="275" T="0" /><Point X="560" Y="263" T="0" /><Point X="558" Y="253" T="0" /><Point X="555" Y="243" T="0" /><Point X="551" Y="233" T="0" /><Point X="546" Y="225" T="0" /><Point X="540" Y="219" T="0" /><Point X="533" Y="213" T="0" /><Point X="525" Y="208" T="0" /><Point X="516" Y="205" T="0" /><Point X="505" Y="204" T="0" /><Point X="494" Y="204" T="0" /><Point X="482" Y="205" T="0" /><Point X="470" Y="208" T="0" /><Point X="458" Y="213" T="0" /><Point X="446" Y="218" T="0" /><Point X="436" Y="224" T="0" /><Point X="426" Y="231" T="0" /><Point X="419" Y="239" T="0" /><Point X="412" Y="248" T="0" /><Point X="406" Y="258" T="0" /><Point X="401" Y="269" T="0" /><Point X="396" Y="280" T="0" /><Point X="393" Y="292" T="0" /><Point X="391" Y="304" T="0" /><Point X="390" Y="317" T="0" /><Point X="389" Y="331" T="0" /><Point X="389" Y="344" T="0" /><Point X="389" Y="357" T="0" /><Point X="391" Y="371" T="0" /><Point X="394" Y="383" T="0" /><Point X="398" Y="395" T="0" /><Point X="404" Y="407" T="0" /><Point X="409" Y="417" T="0" /><Point X="416" Y="428" T="0" /><Point X="424" Y="439" T="0" /><Point X="433" Y="449" T="0" /><Point X="444" Y="459" T="0" /><Point X="454" Y="468" T="0" /><Point X="464" Y="477" T="0" /><Point X="476" Y="485" T="0" /><Point X="487" Y="493" T="0" /><Point X="500" Y="500" T="0" /><Point X="514" Y="506" T="0" /><Point X="526" Y="512" T="0" /><Point X="540" Y="516" T="0" /><Point X="554" Y="521" T="0" /><Point X="569" Y="525" T="0" /><Point X="583" Y="528" T="0" /><Point X="596" Y="532" T="0" /><Point X="608" Y="535" T="0" /><Point X="619" Y="538" T="0" /><Point X="628" Y="541" T="0" /><Point X="636" Y="543" T="0" /><Point X="639" Y="544" T="0" /></Gesture>