<Gesture Name="pigtail" Subject="1" Number="1" NumPts="82" Millseconds="0" AppName="Gestures" AppVer="1.0" Date="Wednesday, March 01, 2023" TimeOfDay="17:09:54" ID="9"><Point X="240" Y="574" T="0" /><Point X="247" Y="571" T="0" /><Point X="257" Y="568" T="0" /><Point X="267" Y="565" T="0" /><Point X="277" Y="561" T="0" /><Point X="290" Y="556" T="0" /><Point X="303" Y="550" T="0" /><Point X="317" Y="544" T="0" /><Point X="330" Y="536" T="0" /><Point X="345" Y="528" T="0" /><Point X="359" Y="520" T="0" /><Point X="371" Y="512" T="0" /><Point X="385" Y="502" T="0" /><Point X="398" Y="493" T="0" /><Point X="412" Y="483" T="0" /><Point X="425" Y="472" T="0" /><Point X="437" Y="462" T="0" /><Point X="449" Y="452" T="0" /><Point X="459" Y="444" T="0" /><Point X="467" Y="434" T="0" /><Point X="476" Y="425" T="0" /><Point X="484" Y="415" T="0" /><Point X="491" Y="405" T="0" /><Point X="497" Y="395" T="0" /><Point X="503" Y="386" T="0" /><Point X="508" Y="376" T="0" /><Point X="513" Y="366" T="0" /><Point X="517" Y="358" T="0" /><Point X="519" Y="350" T="0" /><Point X="522" Y="343" T="0" /><Point X="523" Y="336" T="0" /><Point X="524" Y="330" T="0" /><Point X="524" Y="324" T="0" /><Point X="523" Y="319" T="0" /><Point X="522" Y="314" T="0" /><Point X="521" Y="310" T="0" /><Point X="519" Y="306" T="0" /><Point X="516" Y="304" T="0" /><Point X="512" Y="302" T="0" /><Point X="507" Y="300" T="0" /><Point X="501" Y="300" T="0" /><Point X="492" Y="300" T="0" /><Point X="482" Y="303" T="0" /><Point X="471" Y="306" T="0" /><Point X="461" Y="312" T="0" /><Point X="451" Y="318" T="0" /><Point X="443" Y="324" T="0" /><Point X="434" Y="332" T="0" /><Point X="425" Y="340" T="0" /><Point X="417" Y="348" T="0" /><Point X="411" Y="357" T="0" /><Point X="403" Y="368" T="0" /><Point X="397" Y="378" T="0" /><Point X="393" Y="388" T="0" /><Point X="389" Y="399" T="0" /><Point X="385" Y="409" T="0" /><Point X="383" Y="420" T="0" /><Point X="383" Y="431" T="0" /><Point X="383" Y="442" T="0" /><Point X="385" Y="453" T="0" /><Point X="387" Y="464" T="0" /><Point X="390" Y="474" T="0" /><Point X="395" Y="485" T="0" /><Point X="399" Y="496" T="0" /><Point X="405" Y="506" T="0" /><Point X="411" Y="516" T="0" /><Point X="417" Y="526" T="0" /><Point X="424" Y="536" T="0" /><Point X="432" Y="544" T="0" /><Point X="439" Y="554" T="0" /><Point X="448" Y="561" T="0" /><Point X="457" Y="568" T="0" /><Point X="467" Y="574" T="0" /><Point X="478" Y="580" T="0" /><Point X="490" Y="584" T="0" /><Point X="505" Y="588" T="0" /><Point X="519" Y="592" T="0" /><Point X="533" Y="594" T="0" /><Point X="547" Y="596" T="0" /><Point X="563" Y="598" T="0" /><Point X="579" Y="600" T="0" /><Point X="604" Y="600" T="0" /></Gesture>