<Gesture Name="rectangle" Subject="1" Number="1" NumPts="173" Millseconds="0" AppName="Gestures" AppVer="1.0" Date="Wednesday, March 01, 2023" TimeOfDay="17:02:10" ID="3"><Point X="175" Y="271" T="0" /><Point X="175" Y="278" T="0" /><Point X="176" Y="285" T="0" /><Point X="177" Y="294" T="0" /><Point X="178" Y="304" T="0" /><Point X="179" Y="314" T="0" /><Point X="181" Y="324" T="0" /><Point X="181" Y="336" T="0" /><Point X="181" Y="349" T="0" /><Point X="181" Y="362" T="0" /><Point X="181" Y="374" T="0" /><Point X="181" Y="386" T="0" /><Point X="179" Y="397" T="0" /><Point X="178" Y="408" T="0" /><Point X="177" Y="418" T="0" /><Point X="177" Y="425" T="0" /><Point X="176" Y="432" T="0" /><Point X="175" Y="438" T="0" /><Point X="175" Y="443" T="0" /><Point X="174" Y="448" T="0" /><Point X="174" Y="452" T="0" /><Point X="174" Y="455" T="0" /><Point X="174" Y="458" T="0" /><Point X="174" Y="460" T="0" /><Point X="174" Y="461" T="0" /><Point X="174" Y="462" T="0" /><Point X="174" Y="464" T="0" /><Point X="174" Y="465" T="0" /><Point X="174" Y="466" T="0" /><Point X="175" Y="467" T="0" /><Point X="175" Y="468" T="0" /><Point X="176" Y="468" T="0" /><Point X="178" Y="468" T="0" /><Point X="181" Y="468" T="0" /><Point X="185" Y="468" T="0" /><Point X="190" Y="468" T="0" /><Point X="196" Y="467" T="0" /><Point X="203" Y="466" T="0" /><Point X="211" Y="465" T="0" /><Point X="219" Y="464" T="0" /><Point X="228" Y="462" T="0" /><Point X="237" Y="461" T="0" /><Point X="247" Y="460" T="0" /><Point X="257" Y="458" T="0" /><Point X="267" Y="456" T="0" /><Point X="278" Y="454" T="0" /><Point X="290" Y="452" T="0" /><Point X="302" Y="450" T="0" /><Point X="315" Y="448" T="0" /><Point X="327" Y="447" T="0" /><Point X="339" Y="445" T="0" /><Point X="350" Y="444" T="0" /><Point X="363" Y="442" T="0" /><Point X="374" Y="440" T="0" /><Point X="385" Y="438" T="0" /><Point X="397" Y="437" T="0" /><Point X="409" Y="435" T="0" /><Point X="420" Y="433" T="0" /><Point X="431" Y="432" T="0" /><Point X="441" Y="430" T="0" /><Point X="451" Y="429" T="0" /><Point X="460" Y="427" T="0" /><Point X="469" Y="426" T="0" /><Point X="477" Y="424" T="0" /><Point X="483" Y="423" T="0" /><Point X="489" Y="422" T="0" /><Point X="495" Y="421" T="0" /><Point X="499" Y="420" T="0" /><Point X="503" Y="419" T="0" /><Point X="505" Y="419" T="0" /><Point X="507" Y="418" T="0" /><Point X="510" Y="418" T="0" /><Point X="512" Y="417" T="0" /><Point X="513" Y="416" T="0" /><Point X="515" Y="416" T="0" /><Point X="517" Y="415" T="0" /><Point X="517" Y="414" T="0" /><Point X="518" Y="414" T="0" /><Point X="519" Y="412" T="0" /><Point X="519" Y="411" T="0" /><Point X="520" Y="408" T="0" /><Point X="521" Y="406" T="0" /><Point X="522" Y="401" T="0" /><Point X="523" Y="395" T="0" /><Point X="525" Y="389" T="0" /><Point X="527" Y="381" T="0" /><Point X="529" Y="373" T="0" /><Point X="531" Y="364" T="0" /><Point X="532" Y="356" T="0" /><Point X="534" Y="348" T="0" /><Point X="535" Y="340" T="0" /><Point X="537" Y="332" T="0" /><Point X="538" Y="325" T="0" /><Point X="539" Y="318" T="0" /><Point X="539" Y="310" T="0" /><Point X="540" Y="303" T="0" /><Point X="541" Y="296" T="0" /><Point X="541" Y="291" T="0" /><Point X="542" Y="286" T="0" /><Point X="543" Y="282" T="0" /><Point X="543" Y="277" T="0" /><Point X="544" Y="274" T="0" /><Point X="545" Y="270" T="0" /><Point X="545" Y="268" T="0" /><Point X="545" Y="266" T="0" /><Point X="545" Y="264" T="0" /><Point X="545" Y="263" T="0" /><Point X="545" Y="262" T="0" /><Point X="544" Y="263" T="0" /><Point X="543" Y="264" T="0" /><Point X="539" Y="264" T="0" /><Point X="536" Y="265" T="0" /><Point X="531" Y="266" T="0" /><Point X="525" Y="266" T="0" /><Point X="519" Y="268" T="0" /><Point X="512" Y="268" T="0" /><Point X="505" Y="268" T="0" /><Point X="497" Y="269" T="0" /><Point X="489" Y="269" T="0" /><Point X="482" Y="269" T="0" /><Point X="474" Y="269" T="0" /><Point X="466" Y="269" T="0" /><Point X="457" Y="268" T="0" /><Point X="448" Y="268" T="0" /><Point X="438" Y="268" T="0" /><Point X="427" Y="267" T="0" /><Point X="416" Y="266" T="0" /><Point X="404" Y="266" T="0" /><Point X="393" Y="265" T="0" /><Point X="383" Y="264" T="0" /><Point X="374" Y="264" T="0" /><Point X="365" Y="263" T="0" /><Point X="357" Y="262" T="0" /><Point X="349" Y="262" T="0" /><Point X="343" Y="261" T="0" /><Point X="335" Y="260" T="0" /><Point X="328" Y="259" T="0" /><Point X="321" Y="258" T="0" /><Point X="315" Y="257" T="0" /><Point X="309" Y="256" T="0" /><Point X="303" Y="256" T="0" /><Point X="296" Y="255" T="0" /><Point X="291" Y="254" T="0" /><Point X="285" Y="254" T="0" /><Point X="279" Y="254" T="0" /><Point X="275" Y="253" T="0" /><Point X="269" Y="252" T="0" /><Point X="264" Y="252" T="0" /><Point X="259" Y="252" T="0" /><Point X="255" Y="252" T="0" /><Point X="249" Y="253" T="0" /><Point X="244" Y="254" T="0" /><Point X="239" Y="254" T="0" /><Point X="235" Y="254" T="0" /><Point X="230" Y="254" T="0" /><Point X="225" Y="254" T="0" /><Point X="221" Y="254" T="0" /><Point X="217" Y="254" T="0" /><Point X="213" Y="254" T="0" /><Point X="210" Y="254" T="0" /><Point X="207" Y="254" T="0" /><Point X="203" Y="254" T="0" /><Point X="201" Y="254" T="0" /><Point X="199" Y="254" T="0" /><Point X="197" Y="254" T="0" /><Point X="195" Y="254" T="0" /><Point X="193" Y="254" T="0" /><Point X="192" Y="254" T="0" /><Point X="191" Y="254" T="0" /><Point X="191" Y="255" T="0" /><Point X="189" Y="256" T="0" /><Point X="188" Y="256" T="0" /><Point X="187" Y="257" T="0" /></Gesture>