<Gesture Name="rectangle" Subject="1" Number="1" NumPts="183" Millseconds="0" AppName="Gestures" AppVer="1.0" Date="Wednesday, March 01, 2023" TimeOfDay="17:10:29" ID="10"><Point X="145" Y="250" T="0" /><Point X="145" Y="258" T="0" /><Point X="143" Y="268" T="0" /><Point X="142" Y="279" T="0" /><Point X="141" Y="291" T="0" /><Point X="140" Y="304" T="0" /><Point X="139" Y="316" T="0" /><Point X="137" Y="330" T="0" /><Point X="136" Y="343" T="0" /><Point X="135" Y="356" T="0" /><Point X="134" Y="369" T="0" /><Point X="133" Y="381" T="0" /><Point X="131" Y="393" T="0" /><Point X="130" Y="404" T="0" /><Point X="129" Y="415" T="0" /><Point X="127" Y="425" T="0" /><Point X="125" Y="434" T="0" /><Point X="124" Y="442" T="0" /><Point X="123" Y="448" T="0" /><Point X="122" Y="455" T="0" /><Point X="121" Y="460" T="0" /><Point X="121" Y="464" T="0" /><Point X="121" Y="468" T="0" /><Point X="121" Y="470" T="0" /><Point X="121" Y="472" T="0" /><Point X="121" Y="474" T="0" /><Point X="122" Y="476" T="0" /><Point X="123" Y="478" T="0" /><Point X="123" Y="479" T="0" /><Point X="124" Y="480" T="0" /><Point X="125" Y="482" T="0" /><Point X="127" Y="484" T="0" /><Point X="131" Y="485" T="0" /><Point X="134" Y="487" T="0" /><Point X="141" Y="489" T="0" /><Point X="149" Y="491" T="0" /><Point X="157" Y="492" T="0" /><Point X="168" Y="494" T="0" /><Point X="179" Y="495" T="0" /><Point X="192" Y="496" T="0" /><Point X="205" Y="496" T="0" /><Point X="218" Y="497" T="0" /><Point X="232" Y="498" T="0" /><Point X="246" Y="498" T="0" /><Point X="261" Y="499" T="0" /><Point X="275" Y="499" T="0" /><Point X="291" Y="500" T="0" /><Point X="307" Y="500" T="0" /><Point X="323" Y="500" T="0" /><Point X="340" Y="500" T="0" /><Point X="356" Y="500" T="0" /><Point X="373" Y="501" T="0" /><Point X="389" Y="501" T="0" /><Point X="405" Y="501" T="0" /><Point X="419" Y="501" T="0" /><Point X="435" Y="502" T="0" /><Point X="449" Y="502" T="0" /><Point X="461" Y="502" T="0" /><Point X="473" Y="503" T="0" /><Point X="486" Y="503" T="0" /><Point X="497" Y="504" T="0" /><Point X="508" Y="504" T="0" /><Point X="518" Y="504" T="0" /><Point X="525" Y="505" T="0" /><Point X="533" Y="505" T="0" /><Point X="540" Y="506" T="0" /><Point X="547" Y="506" T="0" /><Point X="552" Y="506" T="0" /><Point X="556" Y="506" T="0" /><Point X="559" Y="506" T="0" /><Point X="563" Y="506" T="0" /><Point X="566" Y="506" T="0" /><Point X="569" Y="506" T="0" /><Point X="571" Y="505" T="0" /><Point X="573" Y="504" T="0" /><Point X="574" Y="504" T="0" /><Point X="575" Y="504" T="0" /><Point X="576" Y="503" T="0" /><Point X="577" Y="502" T="0" /><Point X="577" Y="501" T="0" /><Point X="578" Y="500" T="0" /><Point X="579" Y="498" T="0" /><Point X="579" Y="495" T="0" /><Point X="580" Y="491" T="0" /><Point X="581" Y="487" T="0" /><Point X="581" Y="482" T="0" /><Point X="581" Y="476" T="0" /><Point X="581" Y="470" T="0" /><Point X="581" Y="463" T="0" /><Point X="580" Y="457" T="0" /><Point X="579" Y="450" T="0" /><Point X="579" Y="442" T="0" /><Point X="579" Y="434" T="0" /><Point X="579" Y="425" T="0" /><Point X="580" Y="416" T="0" /><Point X="581" Y="406" T="0" /><Point X="581" Y="397" T="0" /><Point X="582" Y="387" T="0" /><Point X="583" Y="376" T="0" /><Point X="583" Y="367" T="0" /><Point X="584" Y="358" T="0" /><Point X="585" Y="348" T="0" /><Point X="585" Y="340" T="0" /><Point X="586" Y="331" T="0" /><Point X="587" Y="322" T="0" /><Point X="587" Y="314" T="0" /><Point X="588" Y="306" T="0" /><Point X="589" Y="298" T="0" /><Point X="590" Y="291" T="0" /><Point X="591" Y="284" T="0" /><Point X="591" Y="278" T="0" /><Point X="592" Y="273" T="0" /><Point X="593" Y="268" T="0" /><Point X="593" Y="264" T="0" /><Point X="593" Y="261" T="0" /><Point X="593" Y="258" T="0" /><Point X="593" Y="255" T="0" /><Point X="593" Y="253" T="0" /><Point X="592" Y="251" T="0" /><Point X="591" Y="250" T="0" /><Point X="591" Y="249" T="0" /><Point X="591" Y="248" T="0" /><Point X="590" Y="247" T="0" /><Point X="589" Y="247" T="0" /><Point X="588" Y="246" T="0" /><Point X="587" Y="246" T="0" /><Point X="585" Y="246" T="0" /><Point X="582" Y="245" T="0" /><Point X="577" Y="245" T="0" /><Point X="572" Y="244" T="0" /><Point X="565" Y="244" T="0" /><Point X="557" Y="244" T="0" /><Point X="549" Y="244" T="0" /><Point X="541" Y="244" T="0" /><Point X="535" Y="243" T="0" /><Point X="526" Y="242" T="0" /><Point X="518" Y="242" T="0" /><Point X="510" Y="241" T="0" /><Point X="502" Y="240" T="0" /><Point X="493" Y="239" T="0" /><Point X="484" Y="238" T="0" /><Point X="473" Y="238" T="0" /><Point X="461" Y="237" T="0" /><Point X="449" Y="236" T="0" /><Point X="437" Y="236" T="0" /><Point X="424" Y="236" T="0" /><Point X="412" Y="236" T="0" /><Point X="399" Y="236" T="0" /><Point X="387" Y="236" T="0" /><Point X="376" Y="235" T="0" /><Point X="364" Y="234" T="0" /><Point X="354" Y="234" T="0" /><Point X="344" Y="233" T="0" /><Point X="333" Y="232" T="0" /><Point X="323" Y="232" T="0" /><Point X="312" Y="231" T="0" /><Point X="302" Y="230" T="0" /><Point X="292" Y="230" T="0" /><Point X="281" Y="229" T="0" /><Point X="271" Y="228" T="0" /><Point X="260" Y="228" T="0" /><Point X="251" Y="227" T="0" /><Point X="241" Y="226" T="0" /><Point X="233" Y="225" T="0" /><Point X="226" Y="224" T="0" /><Point X="219" Y="223" T="0" /><Point X="211" Y="222" T="0" /><Point X="205" Y="220" T="0" /><Point X="200" Y="219" T="0" /><Point X="195" Y="218" T="0" /><Point X="189" Y="216" T="0" /><Point X="185" Y="215" T="0" /><Point X="180" Y="214" T="0" /><Point X="177" Y="213" T="0" /><Point X="173" Y="212" T="0" /><Point X="171" Y="212" T="0" /><Point X="169" Y="211" T="0" /><Point X="167" Y="210" T="0" /><Point X="165" Y="210" T="0" /><Point X="163" Y="210" T="0" /><Point X="161" Y="210" T="0" /><Point X="157" Y="211" T="0" /><Point X="154" Y="212" T="0" /></Gesture>