<Gesture Name="rectangle" Subject="1" Number="1" NumPts="190" Millseconds="0" AppName="Gestures" AppVer="1.0" Date="Wednesday, March 01, 2023" TimeOfDay="17:07:01" ID="7"><Point X="249" Y="298" T="0" /><Point X="249" Y="308" T="0" /><Point X="248" Y="320" T="0" /><Point X="247" Y="332" T="0" /><Point X="247" Y="345" T="0" /><Point X="246" Y="358" T="0" /><Point X="245" Y="372" T="0" /><Point X="244" Y="384" T="0" /><Point X="243" Y="398" T="0" /><Point X="242" Y="410" T="0" /><Point X="241" Y="423" T="0" /><Point X="241" Y="435" T="0" /><Point X="239" Y="448" T="0" /><Point X="238" Y="459" T="0" /><Point X="237" Y="468" T="0" /><Point X="235" Y="478" T="0" /><Point X="233" Y="486" T="0" /><Point X="232" Y="493" T="0" /><Point X="231" Y="499" T="0" /><Point X="230" Y="503" T="0" /><Point X="229" Y="507" T="0" /><Point X="229" Y="510" T="0" /><Point X="228" Y="512" T="0" /><Point X="227" Y="514" T="0" /><Point X="227" Y="515" T="0" /><Point X="227" Y="516" T="0" /><Point X="227" Y="518" T="0" /><Point X="227" Y="519" T="0" /><Point X="227" Y="520" T="0" /><Point X="228" Y="520" T="0" /><Point X="229" Y="521" T="0" /><Point X="230" Y="522" T="0" /><Point X="234" Y="522" T="0" /><Point X="241" Y="524" T="0" /><Point X="249" Y="525" T="0" /><Point X="261" Y="526" T="0" /><Point X="273" Y="526" T="0" /><Point X="288" Y="526" T="0" /><Point X="303" Y="526" T="0" /><Point X="318" Y="526" T="0" /><Point X="333" Y="526" T="0" /><Point X="349" Y="526" T="0" /><Point X="366" Y="526" T="0" /><Point X="383" Y="526" T="0" /><Point X="400" Y="526" T="0" /><Point X="417" Y="527" T="0" /><Point X="435" Y="527" T="0" /><Point X="451" Y="527" T="0" /><Point X="469" Y="527" T="0" /><Point X="486" Y="527" T="0" /><Point X="503" Y="528" T="0" /><Point X="519" Y="528" T="0" /><Point X="535" Y="528" T="0" /><Point X="551" Y="528" T="0" /><Point X="565" Y="528" T="0" /><Point X="577" Y="528" T="0" /><Point X="589" Y="528" T="0" /><Point X="600" Y="528" T="0" /><Point X="609" Y="528" T="0" /><Point X="615" Y="528" T="0" /><Point X="621" Y="528" T="0" /><Point X="627" Y="528" T="0" /><Point X="630" Y="528" T="0" /><Point X="633" Y="528" T="0" /><Point X="636" Y="528" T="0" /><Point X="638" Y="528" T="0" /><Point X="639" Y="528" T="0" /><Point X="641" Y="528" T="0" /><Point X="642" Y="527" T="0" /><Point X="642" Y="526" T="0" /><Point X="642" Y="525" T="0" /><Point X="642" Y="524" T="0" /><Point X="642" Y="522" T="0" /><Point X="642" Y="520" T="0" /><Point X="641" Y="518" T="0" /><Point X="641" Y="516" T="0" /><Point X="640" Y="513" T="0" /><Point X="639" Y="511" T="0" /><Point X="639" Y="508" T="0" /><Point X="638" Y="503" T="0" /><Point X="637" Y="497" T="0" /><Point X="637" Y="490" T="0" /><Point X="637" Y="484" T="0" /><Point X="637" Y="476" T="0" /><Point X="637" Y="469" T="0" /><Point X="638" Y="460" T="0" /><Point X="639" Y="453" T="0" /><Point X="639" Y="445" T="0" /><Point X="640" Y="437" T="0" /><Point X="641" Y="429" T="0" /><Point X="641" Y="420" T="0" /><Point X="641" Y="411" T="0" /><Point X="641" Y="402" T="0" /><Point X="641" Y="393" T="0" /><Point X="642" Y="384" T="0" /><Point X="643" Y="375" T="0" /><Point X="643" Y="367" T="0" /><Point X="643" Y="359" T="0" /><Point X="644" Y="351" T="0" /><Point X="644" Y="344" T="0" /><Point X="644" Y="336" T="0" /><Point X="644" Y="330" T="0" /><Point X="644" Y="324" T="0" /><Point X="644" Y="318" T="0" /><Point X="644" Y="312" T="0" /><Point X="643" Y="306" T="0" /><Point X="643" Y="302" T="0" /><Point X="642" Y="297" T="0" /><Point X="641" Y="293" T="0" /><Point X="641" Y="290" T="0" /><Point X="640" Y="286" T="0" /><Point X="639" Y="283" T="0" /><Point X="639" Y="280" T="0" /><Point X="638" Y="278" T="0" /><Point X="637" Y="276" T="0" /><Point X="637" Y="274" T="0" /><Point X="637" Y="272" T="0" /><Point X="636" Y="271" T="0" /><Point X="635" Y="270" T="0" /><Point X="635" Y="269" T="0" /><Point X="634" Y="269" T="0" /><Point X="633" Y="269" T="0" /><Point X="631" Y="269" T="0" /><Point X="630" Y="269" T="0" /><Point X="628" Y="269" T="0" /><Point X="625" Y="269" T="0" /><Point X="622" Y="269" T="0" /><Point X="616" Y="269" T="0" /><Point X="608" Y="270" T="0" /><Point X="595" Y="270" T="0" /><Point X="581" Y="272" T="0" /><Point X="570" Y="274" T="0" /><Point X="561" Y="275" T="0" /><Point X="554" Y="276" T="0" /><Point X="548" Y="276" T="0" /><Point X="543" Y="277" T="0" /><Point X="537" Y="277" T="0" /><Point X="529" Y="277" T="0" /><Point X="521" Y="277" T="0" /><Point X="513" Y="277" T="0" /><Point X="505" Y="277" T="0" /><Point X="497" Y="277" T="0" /><Point X="488" Y="277" T="0" /><Point X="481" Y="277" T="0" /><Point X="470" Y="277" T="0" /><Point X="459" Y="277" T="0" /><Point X="448" Y="278" T="0" /><Point X="437" Y="278" T="0" /><Point X="429" Y="278" T="0" /><Point X="422" Y="278" T="0" /><Point X="417" Y="277" T="0" /><Point X="411" Y="276" T="0" /><Point X="403" Y="276" T="0" /><Point X="396" Y="275" T="0" /><Point X="387" Y="274" T="0" /><Point X="379" Y="274" T="0" /><Point X="369" Y="274" T="0" /><Point X="362" Y="274" T="0" /><Point X="356" Y="273" T="0" /><Point X="350" Y="272" T="0" /><Point X="344" Y="272" T="0" /><Point X="337" Y="272" T="0" /><Point X="331" Y="272" T="0" /><Point X="325" Y="272" T="0" /><Point X="320" Y="272" T="0" /><Point X="315" Y="272" T="0" /><Point X="310" Y="271" T="0" /><Point X="306" Y="271" T="0" /><Point X="301" Y="271" T="0" /><Point X="297" Y="270" T="0" /><Point X="294" Y="270" T="0" /><Point X="291" Y="270" T="0" /><Point X="288" Y="270" T="0" /><Point X="285" Y="270" T="0" /><Point X="283" Y="270" T="0" /><Point X="280" Y="270" T="0" /><Point X="277" Y="270" T="0" /><Point X="275" Y="270" T="0" /><Point X="271" Y="270" T="0" /><Point X="268" Y="270" T="0" /><Point X="265" Y="271" T="0" /><Point X="263" Y="271" T="0" /><Point X="261" Y="271" T="0" /><Point X="259" Y="271" T="0" /><Point X="258" Y="272" T="0" /><Point X="257" Y="272" T="0" /><Point X="256" Y="272" T="0" /><Point X="255" Y="272" T="0" /><Point X="253" Y="273" T="0" /><Point X="251" Y="273" T="0" /></Gesture>