<Gesture Name="rectangle" Subject="1" Number="1" NumPts="188" Millseconds="0" AppName="Gestures" AppVer="1.0" Date="Wednesday, March 01, 2023" TimeOfDay="17:03:37" ID="4"><Point X="220" Y="291" T="0" /><Point X="219" Y="298" T="0" /><Point X="219" Y="306" T="0" /><Point X="217" Y="312" T="0" /><Point X="217" Y="320" T="0" /><Point X="215" Y="329" T="0" /><Point X="214" Y="338" T="0" /><Point X="213" Y="348" T="0" /><Point X="211" Y="358" T="0" /><Point X="211" Y="366" T="0" /><Point X="209" Y="376" T="0" /><Point X="209" Y="385" T="0" /><Point X="208" Y="394" T="0" /><Point X="207" Y="402" T="0" /><Point X="207" Y="410" T="0" /><Point X="206" Y="419" T="0" /><Point X="205" Y="426" T="0" /><Point X="205" Y="431" T="0" /><Point X="205" Y="434" T="0" /><Point X="205" Y="438" T="0" /><Point X="205" Y="440" T="0" /><Point X="205" Y="443" T="0" /><Point X="205" Y="444" T="0" /><Point X="205" Y="446" T="0" /><Point X="205" Y="447" T="0" /><Point X="205" Y="448" T="0" /><Point X="205" Y="449" T="0" /><Point X="205" Y="450" T="0" /><Point X="206" Y="450" T="0" /><Point X="209" Y="451" T="0" /><Point X="213" Y="452" T="0" /><Point X="219" Y="454" T="0" /><Point X="225" Y="455" T="0" /><Point X="233" Y="456" T="0" /><Point X="242" Y="458" T="0" /><Point X="253" Y="458" T="0" /><Point X="263" Y="458" T="0" /><Point X="275" Y="458" T="0" /><Point X="288" Y="458" T="0" /><Point X="301" Y="458" T="0" /><Point X="315" Y="458" T="0" /><Point X="329" Y="458" T="0" /><Point X="344" Y="459" T="0" /><Point X="359" Y="459" T="0" /><Point X="375" Y="460" T="0" /><Point X="391" Y="460" T="0" /><Point X="407" Y="460" T="0" /><Point X="423" Y="460" T="0" /><Point X="440" Y="460" T="0" /><Point X="455" Y="460" T="0" /><Point X="469" Y="460" T="0" /><Point X="484" Y="460" T="0" /><Point X="498" Y="460" T="0" /><Point X="511" Y="460" T="0" /><Point X="523" Y="460" T="0" /><Point X="535" Y="460" T="0" /><Point X="546" Y="460" T="0" /><Point X="556" Y="460" T="0" /><Point X="565" Y="460" T="0" /><Point X="573" Y="460" T="0" /><Point X="580" Y="460" T="0" /><Point X="585" Y="460" T="0" /><Point X="591" Y="460" T="0" /><Point X="594" Y="460" T="0" /><Point X="597" Y="460" T="0" /><Point X="600" Y="460" T="0" /><Point X="603" Y="460" T="0" /><Point X="604" Y="460" T="0" /><Point X="605" Y="460" T="0" /><Point X="606" Y="460" T="0" /><Point X="607" Y="459" T="0" /><Point X="607" Y="458" T="0" /><Point X="607" Y="456" T="0" /><Point X="607" Y="454" T="0" /><Point X="607" Y="451" T="0" /><Point X="607" Y="447" T="0" /><Point X="607" Y="442" T="0" /><Point X="607" Y="436" T="0" /><Point X="607" Y="430" T="0" /><Point X="606" Y="423" T="0" /><Point X="606" Y="416" T="0" /><Point X="605" Y="410" T="0" /><Point X="605" Y="404" T="0" /><Point X="605" Y="398" T="0" /><Point X="604" Y="392" T="0" /><Point X="603" Y="387" T="0" /><Point X="603" Y="382" T="0" /><Point X="602" Y="376" T="0" /><Point X="601" Y="370" T="0" /><Point X="601" Y="363" T="0" /><Point X="601" Y="356" T="0" /><Point X="601" Y="348" T="0" /><Point X="601" Y="340" T="0" /><Point X="601" Y="334" T="0" /><Point X="601" Y="326" T="0" /><Point X="601" Y="320" T="0" /><Point X="601" Y="314" T="0" /><Point X="600" Y="308" T="0" /><Point X="599" Y="304" T="0" /><Point X="599" Y="299" T="0" /><Point X="598" Y="296" T="0" /><Point X="597" Y="293" T="0" /><Point X="597" Y="290" T="0" /><Point X="596" Y="288" T="0" /><Point X="595" Y="286" T="0" /><Point X="595" Y="284" T="0" /><Point X="594" Y="282" T="0" /><Point X="594" Y="280" T="0" /><Point X="593" Y="278" T="0" /><Point X="593" Y="277" T="0" /><Point X="593" Y="276" T="0" /><Point X="593" Y="275" T="0" /><Point X="593" Y="274" T="0" /><Point X="592" Y="275" T="0" /><Point X="591" Y="276" T="0" /><Point X="589" Y="276" T="0" /><Point X="588" Y="277" T="0" /><Point X="587" Y="278" T="0" /><Point X="585" Y="278" T="0" /><Point X="581" Y="279" T="0" /><Point X="575" Y="280" T="0" /><Point X="569" Y="280" T="0" /><Point X="561" Y="281" T="0" /><Point X="555" Y="282" T="0" /><Point X="547" Y="282" T="0" /><Point X="540" Y="282" T="0" /><Point X="533" Y="282" T="0" /><Point X="525" Y="282" T="0" /><Point X="517" Y="282" T="0" /><Point X="509" Y="281" T="0" /><Point X="501" Y="281" T="0" /><Point X="491" Y="280" T="0" /><Point X="483" Y="280" T="0" /><Point X="474" Y="280" T="0" /><Point X="465" Y="278" T="0" /><Point X="456" Y="277" T="0" /><Point X="447" Y="276" T="0" /><Point X="438" Y="275" T="0" /><Point X="429" Y="274" T="0" /><Point X="420" Y="274" T="0" /><Point X="411" Y="273" T="0" /><Point X="402" Y="272" T="0" /><Point X="393" Y="272" T="0" /><Point X="385" Y="271" T="0" /><Point X="377" Y="271" T="0" /><Point X="368" Y="271" T="0" /><Point X="361" Y="270" T="0" /><Point X="354" Y="270" T="0" /><Point X="347" Y="270" T="0" /><Point X="341" Y="270" T="0" /><Point X="335" Y="269" T="0" /><Point X="329" Y="268" T="0" /><Point X="324" Y="268" T="0" /><Point X="318" Y="268" T="0" /><Point X="313" Y="268" T="0" /><Point X="307" Y="268" T="0" /><Point X="302" Y="268" T="0" /><Point X="297" Y="268" T="0" /><Point X="293" Y="268" T="0" /><Point X="289" Y="268" T="0" /><Point X="284" Y="268" T="0" /><Point X="279" Y="268" T="0" /><Point X="275" Y="268" T="0" /><Point X="271" Y="268" T="0" /><Point X="267" Y="268" T="0" /><Point X="264" Y="268" T="0" /><Point X="261" Y="267" T="0" /><Point X="258" Y="267" T="0" /><Point X="255" Y="266" T="0" /><Point X="252" Y="266" T="0" /><Point X="249" Y="266" T="0" /><Point X="245" Y="266" T="0" /><Point X="242" Y="266" T="0" /><Point X="239" Y="266" T="0" /><Point X="236" Y="266" T="0" /><Point X="233" Y="266" T="0" /><Point X="230" Y="266" T="0" /><Point X="228" Y="266" T="0" /><Point X="226" Y="267" T="0" /><Point X="223" Y="267" T="0" /><Point X="221" Y="267" T="0" /><Point X="220" Y="267" T="0" /><Point X="218" Y="267" T="0" /><Point X="216" Y="267" T="0" /><Point X="214" Y="267" T="0" /><Point X="213" Y="267" T="0" /><Point X="212" Y="267" T="0" /><Point X="211" Y="267" T="0" /></Gesture>