<Gesture Name="rectangle" Subject="1" Number="1" NumPts="210" Millseconds="0" AppName="Gestures" AppVer="1.0" Date="Wednesday, March 01, 2023" TimeOfDay="17:04:38" ID="5"><Point X="128" Y="262" T="0" /><Point X="127" Y="270" T="0" /><Point X="127" Y="279" T="0" /><Point X="126" Y="288" T="0" /><Point X="126" Y="299" T="0" /><Point X="125" Y="310" T="0" /><Point X="125" Y="321" T="0" /><Point X="125" Y="332" T="0" /><Point X="125" Y="344" T="0" /><Point X="124" Y="355" T="0" /><Point X="124" Y="366" T="0" /><Point X="124" Y="378" T="0" /><Point X="124" Y="389" T="0" /><Point X="124" Y="399" T="0" /><Point X="124" Y="409" T="0" /><Point X="124" Y="420" T="0" /><Point X="125" Y="430" T="0" /><Point X="125" Y="440" T="0" /><Point X="125" Y="450" T="0" /><Point X="126" Y="459" T="0" /><Point X="127" Y="467" T="0" /><Point X="127" Y="475" T="0" /><Point X="128" Y="483" T="0" /><Point X="129" Y="490" T="0" /><Point X="129" Y="496" T="0" /><Point X="130" Y="500" T="0" /><Point X="131" Y="504" T="0" /><Point X="131" Y="508" T="0" /><Point X="132" Y="511" T="0" /><Point X="133" Y="514" T="0" /><Point X="133" Y="516" T="0" /><Point X="133" Y="518" T="0" /><Point X="133" Y="520" T="0" /><Point X="133" Y="521" T="0" /><Point X="133" Y="522" T="0" /><Point X="133" Y="523" T="0" /><Point X="133" Y="524" T="0" /><Point X="134" Y="524" T="0" /><Point X="135" Y="524" T="0" /><Point X="136" Y="523" T="0" /><Point X="138" Y="522" T="0" /><Point X="141" Y="520" T="0" /><Point X="147" Y="519" T="0" /><Point X="153" Y="517" T="0" /><Point X="161" Y="516" T="0" /><Point X="169" Y="515" T="0" /><Point X="179" Y="513" T="0" /><Point X="189" Y="512" T="0" /><Point X="199" Y="511" T="0" /><Point X="210" Y="510" T="0" /><Point X="221" Y="509" T="0" /><Point X="233" Y="508" T="0" /><Point X="245" Y="506" T="0" /><Point X="257" Y="505" T="0" /><Point X="271" Y="504" T="0" /><Point X="284" Y="503" T="0" /><Point X="298" Y="503" T="0" /><Point X="311" Y="502" T="0" /><Point X="325" Y="501" T="0" /><Point X="339" Y="500" T="0" /><Point X="353" Y="498" T="0" /><Point X="367" Y="498" T="0" /><Point X="381" Y="496" T="0" /><Point X="395" Y="496" T="0" /><Point X="408" Y="494" T="0" /><Point X="421" Y="494" T="0" /><Point X="433" Y="493" T="0" /><Point X="445" Y="492" T="0" /><Point X="456" Y="491" T="0" /><Point X="467" Y="490" T="0" /><Point X="475" Y="490" T="0" /><Point X="485" Y="489" T="0" /><Point X="493" Y="489" T="0" /><Point X="499" Y="488" T="0" /><Point X="505" Y="488" T="0" /><Point X="511" Y="488" T="0" /><Point X="517" Y="488" T="0" /><Point X="522" Y="488" T="0" /><Point X="525" Y="488" T="0" /><Point X="528" Y="488" T="0" /><Point X="531" Y="488" T="0" /><Point X="533" Y="488" T="0" /><Point X="534" Y="488" T="0" /><Point X="535" Y="488" T="0" /><Point X="536" Y="488" T="0" /><Point X="537" Y="488" T="0" /><Point X="537" Y="486" T="0" /><Point X="537" Y="485" T="0" /><Point X="537" Y="482" T="0" /><Point X="537" Y="479" T="0" /><Point X="537" Y="475" T="0" /><Point X="535" Y="470" T="0" /><Point X="534" Y="464" T="0" /><Point X="533" Y="458" T="0" /><Point X="531" Y="451" T="0" /><Point X="531" Y="445" T="0" /><Point X="529" Y="437" T="0" /><Point X="528" Y="430" T="0" /><Point X="527" Y="422" T="0" /><Point X="527" Y="414" T="0" /><Point X="526" Y="405" T="0" /><Point X="525" Y="395" T="0" /><Point X="525" Y="387" T="0" /><Point X="524" Y="378" T="0" /><Point X="523" Y="369" T="0" /><Point X="523" Y="360" T="0" /><Point X="523" Y="352" T="0" /><Point X="523" Y="344" T="0" /><Point X="523" Y="336" T="0" /><Point X="523" Y="329" T="0" /><Point X="522" Y="322" T="0" /><Point X="522" Y="316" T="0" /><Point X="521" Y="308" T="0" /><Point X="521" Y="301" T="0" /><Point X="521" Y="296" T="0" /><Point X="520" Y="290" T="0" /><Point X="519" Y="284" T="0" /><Point X="519" Y="279" T="0" /><Point X="518" Y="274" T="0" /><Point X="517" Y="269" T="0" /><Point X="517" Y="266" T="0" /><Point X="516" Y="264" T="0" /><Point X="515" Y="262" T="0" /><Point X="515" Y="260" T="0" /><Point X="514" Y="258" T="0" /><Point X="514" Y="256" T="0" /><Point X="513" Y="256" T="0" /><Point X="513" Y="255" T="0" /><Point X="513" Y="254" T="0" /><Point X="512" Y="254" T="0" /><Point X="511" Y="254" T="0" /><Point X="511" Y="253" T="0" /><Point X="511" Y="252" T="0" /><Point X="510" Y="252" T="0" /><Point X="509" Y="252" T="0" /><Point X="508" Y="252" T="0" /><Point X="507" Y="252" T="0" /><Point X="505" Y="252" T="0" /><Point X="504" Y="252" T="0" /><Point X="501" Y="252" T="0" /><Point X="499" Y="252" T="0" /><Point X="495" Y="252" T="0" /><Point X="491" Y="252" T="0" /><Point X="487" Y="253" T="0" /><Point X="483" Y="254" T="0" /><Point X="477" Y="254" T="0" /><Point X="470" Y="254" T="0" /><Point X="464" Y="256" T="0" /><Point X="456" Y="257" T="0" /><Point X="449" Y="258" T="0" /><Point X="441" Y="260" T="0" /><Point X="433" Y="261" T="0" /><Point X="425" Y="262" T="0" /><Point X="417" Y="262" T="0" /><Point X="409" Y="263" T="0" /><Point X="401" Y="263" T="0" /><Point X="393" Y="263" T="0" /><Point X="385" Y="263" T="0" /><Point X="378" Y="263" T="0" /><Point X="370" Y="263" T="0" /><Point X="363" Y="263" T="0" /><Point X="355" Y="262" T="0" /><Point X="348" Y="262" T="0" /><Point X="341" Y="262" T="0" /><Point X="335" Y="261" T="0" /><Point X="328" Y="261" T="0" /><Point X="321" Y="260" T="0" /><Point X="314" Y="260" T="0" /><Point X="309" Y="259" T="0" /><Point X="302" Y="258" T="0" /><Point X="296" Y="258" T="0" /><Point X="291" Y="257" T="0" /><Point X="284" Y="256" T="0" /><Point X="277" Y="256" T="0" /><Point X="271" Y="256" T="0" /><Point X="265" Y="255" T="0" /><Point X="259" Y="254" T="0" /><Point X="255" Y="254" T="0" /><Point X="249" Y="254" T="0" /><Point X="243" Y="253" T="0" /><Point X="238" Y="252" T="0" /><Point X="233" Y="252" T="0" /><Point X="228" Y="251" T="0" /><Point X="223" Y="250" T="0" /><Point X="219" Y="250" T="0" /><Point X="215" Y="249" T="0" /><Point X="210" Y="248" T="0" /><Point X="205" Y="248" T="0" /><Point X="201" Y="247" T="0" /><Point X="197" Y="246" T="0" /><Point X="193" Y="246" T="0" /><Point X="188" Y="245" T="0" /><Point X="184" Y="244" T="0" /><Point X="180" Y="244" T="0" /><Point X="176" Y="244" T="0" /><Point X="172" Y="244" T="0" /><Point X="169" Y="244" T="0" /><Point X="166" Y="244" T="0" /><Point X="162" Y="244" T="0" /><Point X="158" Y="244" T="0" /><Point X="155" Y="244" T="0" /><Point X="151" Y="244" T="0" /><Point X="149" Y="244" T="0" /><Point X="145" Y="244" T="0" /><Point X="143" Y="244" T="0" /><Point X="140" Y="244" T="0" /><Point X="137" Y="244" T="0" /><Point X="135" Y="244" T="0" /><Point X="133" Y="245" T="0" /><Point X="131" Y="245" T="0" /></Gesture>