<Gesture Name="right-square-bracket" Subject="1" Number="1" NumPts="80" Millseconds="0" AppName="Gestures" AppVer="1.0" Date="Wednesday, March 01, 2023" TimeOfDay="17:02:42" ID="3"><Point X="299" Y="260" T="0" /><Point X="304" Y="260" T="0" /><Point X="309" Y="259" T="0" /><Point X="314" Y="258" T="0" /><Point X="319" Y="258" T="0" /><Point X="323" Y="257" T="0" /><Point X="327" Y="256" T="0" /><Point X="330" Y="256" T="0" /><Point X="333" Y="256" T="0" /><Point X="335" Y="256" T="0" /><Point X="337" Y="256" T="0" /><Point X="339" Y="256" T="0" /><Point X="340" Y="256" T="0" /><Point X="341" Y="256" T="0" /><Point X="342" Y="256" T="0" /><Point X="343" Y="256" T="0" /><Point X="343" Y="257" T="0" /><Point X="343" Y="258" T="0" /><Point X="343" Y="260" T="0" /><Point X="343" Y="262" T="0" /><Point X="343" Y="266" T="0" /><Point X="341" Y="270" T="0" /><Point X="340" Y="276" T="0" /><Point X="339" Y="284" T="0" /><Point X="337" Y="293" T="0" /><Point X="335" Y="304" T="0" /><Point X="334" Y="314" T="0" /><Point X="333" Y="326" T="0" /><Point X="331" Y="339" T="0" /><Point X="329" Y="352" T="0" /><Point X="328" Y="364" T="0" /><Point X="328" Y="376" T="0" /><Point X="327" Y="388" T="0" /><Point X="327" Y="400" T="0" /><Point X="327" Y="412" T="0" /><Point X="327" Y="422" T="0" /><Point X="327" Y="433" T="0" /><Point X="327" Y="444" T="0" /><Point X="327" Y="453" T="0" /><Point X="327" Y="461" T="0" /><Point X="327" Y="470" T="0" /><Point X="327" Y="477" T="0" /><Point X="327" Y="484" T="0" /><Point X="327" Y="489" T="0" /><Point X="327" Y="492" T="0" /><Point X="327" Y="496" T="0" /><Point X="327" Y="499" T="0" /><Point X="327" Y="502" T="0" /><Point X="327" Y="503" T="0" /><Point X="327" Y="504" T="0" /><Point X="327" Y="506" T="0" /><Point X="327" Y="507" T="0" /><Point X="327" Y="508" T="0" /><Point X="327" Y="509" T="0" /><Point X="327" Y="510" T="0" /><Point X="327" Y="511" T="0" /><Point X="326" Y="512" T="0" /><Point X="325" Y="512" T="0" /><Point X="324" Y="513" T="0" /><Point X="322" Y="514" T="0" /><Point X="319" Y="516" T="0" /><Point X="313" Y="517" T="0" /><Point X="306" Y="520" T="0" /><Point X="298" Y="522" T="0" /><Point X="291" Y="525" T="0" /><Point X="284" Y="527" T="0" /><Point X="277" Y="529" T="0" /><Point X="270" Y="530" T="0" /><Point X="263" Y="531" T="0" /><Point X="257" Y="532" T="0" /><Point X="251" Y="532" T="0" /><Point X="246" Y="532" T="0" /><Point X="241" Y="532" T="0" /><Point X="237" Y="532" T="0" /><Point X="234" Y="532" T="0" /><Point X="232" Y="532" T="0" /><Point X="230" Y="532" T="0" /><Point X="229" Y="532" T="0" /><Point X="228" Y="532" T="0" /><Point X="227" Y="532" T="0" /></Gesture>