<Gesture Name="right-square-bracket" Subject="1" Number="1" NumPts="76" Millseconds="0" AppName="Gestures" AppVer="1.0" Date="Wednesday, March 01, 2023" TimeOfDay="17:08:21" ID="8"><Point X="315" Y="195" T="0" /><Point X="327" Y="194" T="0" /><Point X="339" Y="194" T="0" /><Point X="351" Y="193" T="0" /><Point X="362" Y="193" T="0" /><Point X="372" Y="194" T="0" /><Point X="381" Y="194" T="0" /><Point X="389" Y="195" T="0" /><Point X="395" Y="196" T="0" /><Point X="399" Y="198" T="0" /><Point X="403" Y="200" T="0" /><Point X="405" Y="202" T="0" /><Point X="408" Y="206" T="0" /><Point X="411" Y="209" T="0" /><Point X="412" Y="213" T="0" /><Point X="413" Y="218" T="0" /><Point X="413" Y="223" T="0" /><Point X="413" Y="230" T="0" /><Point X="412" Y="236" T="0" /><Point X="411" Y="245" T="0" /><Point X="409" Y="254" T="0" /><Point X="407" Y="264" T="0" /><Point X="405" Y="276" T="0" /><Point X="403" Y="288" T="0" /><Point X="401" Y="300" T="0" /><Point X="399" Y="314" T="0" /><Point X="398" Y="328" T="0" /><Point X="398" Y="342" T="0" /><Point X="398" Y="356" T="0" /><Point X="398" Y="370" T="0" /><Point X="399" Y="384" T="0" /><Point X="400" Y="397" T="0" /><Point X="401" Y="410" T="0" /><Point X="403" Y="424" T="0" /><Point X="405" Y="436" T="0" /><Point X="407" Y="449" T="0" /><Point X="409" Y="460" T="0" /><Point X="411" Y="471" T="0" /><Point X="413" Y="483" T="0" /><Point X="414" Y="493" T="0" /><Point X="415" Y="502" T="0" /><Point X="417" Y="512" T="0" /><Point X="417" Y="520" T="0" /><Point X="418" Y="527" T="0" /><Point X="419" Y="533" T="0" /><Point X="419" Y="539" T="0" /><Point X="420" Y="544" T="0" /><Point X="420" Y="549" T="0" /><Point X="420" Y="553" T="0" /><Point X="420" Y="555" T="0" /><Point X="420" Y="558" T="0" /><Point X="420" Y="560" T="0" /><Point X="420" Y="561" T="0" /><Point X="420" Y="562" T="0" /><Point X="420" Y="564" T="0" /><Point X="420" Y="565" T="0" /><Point X="420" Y="566" T="0" /><Point X="419" Y="566" T="0" /><Point X="419" Y="567" T="0" /><Point X="418" Y="567" T="0" /><Point X="417" Y="567" T="0" /><Point X="416" Y="567" T="0" /><Point X="414" Y="567" T="0" /><Point X="411" Y="567" T="0" /><Point X="407" Y="566" T="0" /><Point X="400" Y="566" T="0" /><Point X="392" Y="565" T="0" /><Point X="382" Y="566" T="0" /><Point X="371" Y="566" T="0" /><Point X="361" Y="567" T="0" /><Point X="349" Y="568" T="0" /><Point X="337" Y="570" T="0" /><Point X="326" Y="572" T="0" /><Point X="313" Y="575" T="0" /><Point X="299" Y="579" T="0" /><Point X="277" Y="586" T="0" /></Gesture>