<Gesture Name="right-square-bracket" Subject="1" Number="1" NumPts="72" Millseconds="0" AppName="Gestures" AppVer="1.0" Date="Wednesday, March 01, 2023" TimeOfDay="17:10:51" ID="10"><Point X="334" Y="208" T="0" /><Point X="343" Y="208" T="0" /><Point X="352" Y="208" T="0" /><Point X="361" Y="209" T="0" /><Point X="370" Y="209" T="0" /><Point X="379" Y="210" T="0" /><Point X="385" Y="210" T="0" /><Point X="391" Y="212" T="0" /><Point X="396" Y="214" T="0" /><Point X="399" Y="216" T="0" /><Point X="403" Y="219" T="0" /><Point X="405" Y="222" T="0" /><Point X="408" Y="225" T="0" /><Point X="409" Y="229" T="0" /><Point X="411" Y="234" T="0" /><Point X="411" Y="239" T="0" /><Point X="411" Y="246" T="0" /><Point X="410" Y="253" T="0" /><Point X="409" Y="261" T="0" /><Point X="407" Y="270" T="0" /><Point X="405" Y="279" T="0" /><Point X="403" Y="289" T="0" /><Point X="401" Y="300" T="0" /><Point X="399" Y="312" T="0" /><Point X="397" Y="324" T="0" /><Point X="396" Y="338" T="0" /><Point X="395" Y="350" T="0" /><Point X="393" Y="364" T="0" /><Point X="392" Y="377" T="0" /><Point X="391" Y="391" T="0" /><Point X="391" Y="404" T="0" /><Point X="390" Y="418" T="0" /><Point X="389" Y="433" T="0" /><Point X="389" Y="446" T="0" /><Point X="389" Y="460" T="0" /><Point X="389" Y="474" T="0" /><Point X="389" Y="487" T="0" /><Point X="389" Y="499" T="0" /><Point X="389" Y="512" T="0" /><Point X="389" Y="523" T="0" /><Point X="389" Y="534" T="0" /><Point X="389" Y="545" T="0" /><Point X="389" Y="555" T="0" /><Point X="389" Y="564" T="0" /><Point X="389" Y="572" T="0" /><Point X="389" Y="580" T="0" /><Point X="389" Y="586" T="0" /><Point X="389" Y="592" T="0" /><Point X="389" Y="596" T="0" /><Point X="389" Y="598" T="0" /><Point X="389" Y="600" T="0" /><Point X="389" Y="603" T="0" /><Point X="389" Y="604" T="0" /><Point X="389" Y="606" T="0" /><Point X="389" Y="607" T="0" /><Point X="388" Y="608" T="0" /><Point X="387" Y="608" T="0" /><Point X="385" Y="608" T="0" /><Point X="384" Y="608" T="0" /><Point X="381" Y="607" T="0" /><Point X="379" Y="606" T="0" /><Point X="375" Y="604" T="0" /><Point X="369" Y="602" T="0" /><Point X="362" Y="600" T="0" /><Point X="353" Y="600" T="0" /><Point X="343" Y="599" T="0" /><Point X="331" Y="600" T="0" /><Point X="317" Y="600" T="0" /><Point X="304" Y="602" T="0" /><Point X="291" Y="604" T="0" /><Point X="278" Y="607" T="0" /><Point X="256" Y="611" T="0" /></Gesture>