<Gesture Name="right-curly-brace" Subject="1" Number="1" NumPts="93" Millseconds="0" AppName="Gestures" AppVer="1.0" Date="Wednesday, March 01, 2023" TimeOfDay="17:04:14" ID="4"><Point X="311" Y="189" T="0" /><Point X="317" Y="186" T="0" /><Point X="323" Y="184" T="0" /><Point X="328" Y="182" T="0" /><Point X="333" Y="182" T="0" /><Point X="338" Y="182" T="0" /><Point X="343" Y="184" T="0" /><Point X="348" Y="186" T="0" /><Point X="352" Y="191" T="0" /><Point X="356" Y="196" T="0" /><Point X="359" Y="202" T="0" /><Point X="361" Y="209" T="0" /><Point X="362" Y="217" T="0" /><Point X="362" Y="226" T="0" /><Point X="361" Y="236" T="0" /><Point X="358" Y="246" T="0" /><Point X="354" Y="257" T="0" /><Point X="349" Y="268" T="0" /><Point X="343" Y="280" T="0" /><Point X="339" Y="291" T="0" /><Point X="334" Y="302" T="0" /><Point X="329" Y="312" T="0" /><Point X="326" Y="322" T="0" /><Point X="322" Y="332" T="0" /><Point X="319" Y="341" T="0" /><Point X="316" Y="350" T="0" /><Point X="314" Y="357" T="0" /><Point X="313" Y="364" T="0" /><Point X="313" Y="372" T="0" /><Point X="313" Y="378" T="0" /><Point X="315" Y="386" T="0" /><Point X="319" Y="392" T="0" /><Point X="322" Y="398" T="0" /><Point X="326" Y="404" T="0" /><Point X="331" Y="408" T="0" /><Point X="337" Y="414" T="0" /><Point X="343" Y="418" T="0" /><Point X="349" Y="421" T="0" /><Point X="356" Y="424" T="0" /><Point X="363" Y="427" T="0" /><Point X="369" Y="430" T="0" /><Point X="374" Y="431" T="0" /><Point X="378" Y="432" T="0" /><Point X="381" Y="433" T="0" /><Point X="384" Y="434" T="0" /><Point X="387" Y="434" T="0" /><Point X="388" Y="435" T="0" /><Point X="389" Y="436" T="0" /><Point X="390" Y="436" T="0" /><Point X="391" Y="437" T="0" /><Point X="391" Y="438" T="0" /><Point X="391" Y="439" T="0" /><Point X="391" Y="440" T="0" /><Point X="389" Y="442" T="0" /><Point X="387" Y="445" T="0" /><Point X="384" Y="448" T="0" /><Point X="380" Y="453" T="0" /><Point X="377" Y="458" T="0" /><Point X="373" Y="463" T="0" /><Point X="370" Y="469" T="0" /><Point X="367" Y="475" T="0" /><Point X="365" Y="482" T="0" /><Point X="363" Y="488" T="0" /><Point X="361" Y="494" T="0" /><Point X="361" Y="502" T="0" /><Point X="360" Y="509" T="0" /><Point X="359" Y="517" T="0" /><Point X="359" Y="524" T="0" /><Point X="359" Y="530" T="0" /><Point X="358" Y="538" T="0" /><Point X="357" Y="546" T="0" /><Point X="357" Y="553" T="0" /><Point X="355" Y="560" T="0" /><Point X="354" Y="566" T="0" /><Point X="353" Y="572" T="0" /><Point X="350" Y="578" T="0" /><Point X="347" Y="584" T="0" /><Point X="345" Y="589" T="0" /><Point X="341" Y="594" T="0" /><Point X="336" Y="600" T="0" /><Point X="330" Y="604" T="0" /><Point X="324" Y="608" T="0" /><Point X="316" Y="612" T="0" /><Point X="309" Y="614" T="0" /><Point X="299" Y="616" T="0" /><Point X="291" Y="618" T="0" /><Point X="283" Y="618" T="0" /><Point X="275" Y="618" T="0" /><Point X="269" Y="616" T="0" /><Point X="263" Y="615" T="0" /><Point X="259" Y="614" T="0" /><Point X="257" Y="613" T="0" /><Point X="255" Y="612" T="0" /></Gesture>