<Gesture Name="right-square-bracket" Subject="1" Number="1" NumPts="71" Millseconds="0" AppName="Gestures" AppVer="1.0" Date="Wednesday, March 01, 2023" TimeOfDay="17:00:31" ID="2"><Point X="352" Y="188" T="0" /><Point X="360" Y="189" T="0" /><Point X="367" Y="189" T="0" /><Point X="374" Y="189" T="0" /><Point X="382" Y="189" T="0" /><Point X="390" Y="189" T="0" /><Point X="398" Y="189" T="0" /><Point X="404" Y="191" T="0" /><Point X="410" Y="192" T="0" /><Point X="415" Y="194" T="0" /><Point X="420" Y="195" T="0" /><Point X="424" Y="198" T="0" /><Point X="428" Y="201" T="0" /><Point X="431" Y="205" T="0" /><Point X="434" Y="210" T="0" /><Point X="436" Y="216" T="0" /><Point X="437" Y="224" T="0" /><Point X="437" Y="234" T="0" /><Point X="437" Y="246" T="0" /><Point X="436" Y="259" T="0" /><Point X="434" Y="274" T="0" /><Point X="433" Y="289" T="0" /><Point X="432" Y="306" T="0" /><Point X="432" Y="323" T="0" /><Point X="432" Y="341" T="0" /><Point X="432" Y="360" T="0" /><Point X="432" Y="380" T="0" /><Point X="433" Y="399" T="0" /><Point X="433" Y="418" T="0" /><Point X="433" Y="435" T="0" /><Point X="434" Y="450" T="0" /><Point X="434" Y="464" T="0" /><Point X="434" Y="477" T="0" /><Point X="435" Y="489" T="0" /><Point X="435" Y="500" T="0" /><Point X="436" Y="510" T="0" /><Point X="436" Y="518" T="0" /><Point X="437" Y="526" T="0" /><Point X="437" Y="533" T="0" /><Point X="438" Y="539" T="0" /><Point X="439" Y="544" T="0" /><Point X="439" Y="549" T="0" /><Point X="440" Y="552" T="0" /><Point X="440" Y="554" T="0" /><Point X="440" Y="556" T="0" /><Point X="440" Y="557" T="0" /><Point X="440" Y="559" T="0" /><Point X="440" Y="560" T="0" /><Point X="440" Y="561" T="0" /><Point X="439" Y="561" T="0" /><Point X="437" Y="561" T="0" /><Point X="435" Y="562" T="0" /><Point X="432" Y="563" T="0" /><Point X="428" Y="563" T="0" /><Point X="424" Y="564" T="0" /><Point X="420" Y="565" T="0" /><Point X="416" Y="565" T="0" /><Point X="411" Y="565" T="0" /><Point X="405" Y="565" T="0" /><Point X="400" Y="565" T="0" /><Point X="393" Y="566" T="0" /><Point X="386" Y="566" T="0" /><Point X="380" Y="567" T="0" /><Point X="374" Y="567" T="0" /><Point X="368" Y="568" T="0" /><Point X="363" Y="569" T="0" /><Point X="358" Y="569" T="0" /><Point X="353" Y="569" T="0" /><Point X="349" Y="569" T="0" /><Point X="344" Y="570" T="0" /><Point X="341" Y="570" T="0" /></Gesture>