<Gesture Name="right-curly-brace" Subject="1" Number="1" NumPts="97" Millseconds="0" AppName="Gestures" AppVer="1.0" Date="Wednesday, March 01, 2023" TimeOfDay="17:07:38" ID="7"><Point X="259" Y="176" T="0" /><Point X="265" Y="174" T="0" /><Point X="271" Y="174" T="0" /><Point X="277" Y="174" T="0" /><Point X="285" Y="175" T="0" /><Point X="291" Y="176" T="0" /><Point X="297" Y="178" T="0" /><Point X="303" Y="181" T="0" /><Point X="308" Y="185" T="0" /><Point X="311" Y="190" T="0" /><Point X="315" Y="196" T="0" /><Point X="318" Y="204" T="0" /><Point X="320" Y="212" T="0" /><Point X="321" Y="222" T="0" /><Point X="320" Y="231" T="0" /><Point X="319" Y="242" T="0" /><Point X="317" Y="252" T="0" /><Point X="314" Y="262" T="0" /><Point X="311" Y="272" T="0" /><Point X="309" Y="282" T="0" /><Point X="305" Y="292" T="0" /><Point X="302" Y="304" T="0" /><Point X="299" Y="314" T="0" /><Point X="296" Y="324" T="0" /><Point X="294" Y="334" T="0" /><Point X="293" Y="343" T="0" /><Point X="292" Y="352" T="0" /><Point X="291" Y="360" T="0" /><Point X="291" Y="369" T="0" /><Point X="292" Y="376" T="0" /><Point X="293" Y="384" T="0" /><Point X="295" Y="391" T="0" /><Point X="298" Y="399" T="0" /><Point X="301" Y="404" T="0" /><Point X="306" Y="410" T="0" /><Point X="310" Y="415" T="0" /><Point X="316" Y="418" T="0" /><Point X="323" Y="422" T="0" /><Point X="330" Y="425" T="0" /><Point X="337" Y="426" T="0" /><Point X="344" Y="428" T="0" /><Point X="351" Y="428" T="0" /><Point X="359" Y="428" T="0" /><Point X="364" Y="427" T="0" /><Point X="369" Y="426" T="0" /><Point X="373" Y="425" T="0" /><Point X="377" Y="424" T="0" /><Point X="380" Y="424" T="0" /><Point X="382" Y="423" T="0" /><Point X="383" Y="422" T="0" /><Point X="385" Y="422" T="0" /><Point X="384" Y="424" T="0" /><Point X="382" Y="427" T="0" /><Point X="379" Y="431" T="0" /><Point X="375" Y="436" T="0" /><Point X="372" Y="441" T="0" /><Point X="369" Y="446" T="0" /><Point X="365" Y="452" T="0" /><Point X="363" Y="457" T="0" /><Point X="361" Y="463" T="0" /><Point X="359" Y="468" T="0" /><Point X="357" Y="474" T="0" /><Point X="355" Y="480" T="0" /><Point X="354" Y="486" T="0" /><Point X="353" Y="493" T="0" /><Point X="351" Y="499" T="0" /><Point X="351" Y="505" T="0" /><Point X="349" Y="512" T="0" /><Point X="348" Y="519" T="0" /><Point X="347" Y="526" T="0" /><Point X="345" Y="532" T="0" /><Point X="343" Y="540" T="0" /><Point X="341" Y="547" T="0" /><Point X="338" Y="554" T="0" /><Point X="335" Y="562" T="0" /><Point X="331" Y="568" T="0" /><Point X="326" Y="577" T="0" /><Point X="321" Y="584" T="0" /><Point X="314" Y="592" T="0" /><Point X="307" Y="598" T="0" /><Point X="298" Y="606" T="0" /><Point X="290" Y="612" T="0" /><Point X="281" Y="618" T="0" /><Point X="273" Y="624" T="0" /><Point X="264" Y="627" T="0" /><Point X="255" Y="631" T="0" /><Point X="246" Y="635" T="0" /><Point X="237" Y="638" T="0" /><Point X="228" Y="640" T="0" /><Point X="219" Y="641" T="0" /><Point X="211" Y="642" T="0" /><Point X="204" Y="642" T="0" /><Point X="198" Y="640" T="0" /><Point X="192" Y="639" T="0" /><Point X="186" Y="638" T="0" /><Point X="180" Y="634" T="0" /><Point X="177" Y="631" T="0" /></Gesture>