<Gesture Name="right-curly-brace" Subject="1" Number="1" NumPts="102" Millseconds="0" AppName="Gestures" AppVer="1.0" Date="Wednesday, March 01, 2023" TimeOfDay="16:59:17" ID="1"><Point X="272" Y="154" T="0" /><Point X="278" Y="155" T="0" /><Point X="285" Y="157" T="0" /><Point X="291" Y="158" T="0" /><Point X="296" Y="159" T="0" /><Point X="301" Y="162" T="0" /><Point X="306" Y="165" T="0" /><Point X="310" Y="169" T="0" /><Point X="313" Y="175" T="0" /><Point X="315" Y="182" T="0" /><Point X="316" Y="192" T="0" /><Point X="316" Y="202" T="0" /><Point X="315" Y="213" T="0" /><Point X="313" Y="224" T="0" /><Point X="311" Y="236" T="0" /><Point X="310" Y="247" T="0" /><Point X="307" Y="259" T="0" /><Point X="305" Y="271" T="0" /><Point X="302" Y="281" T="0" /><Point X="300" Y="291" T="0" /><Point X="299" Y="300" T="0" /><Point X="299" Y="307" T="0" /><Point X="299" Y="314" T="0" /><Point X="299" Y="321" T="0" /><Point X="299" Y="327" T="0" /><Point X="300" Y="332" T="0" /><Point X="302" Y="337" T="0" /><Point X="304" Y="342" T="0" /><Point X="307" Y="347" T="0" /><Point X="310" Y="351" T="0" /><Point X="313" Y="356" T="0" /><Point X="318" Y="361" T="0" /><Point X="322" Y="364" T="0" /><Point X="326" Y="367" T="0" /><Point X="331" Y="371" T="0" /><Point X="337" Y="373" T="0" /><Point X="342" Y="376" T="0" /><Point X="348" Y="379" T="0" /><Point X="354" Y="381" T="0" /><Point X="360" Y="382" T="0" /><Point X="365" Y="383" T="0" /><Point X="370" Y="385" T="0" /><Point X="374" Y="386" T="0" /><Point X="378" Y="387" T="0" /><Point X="381" Y="388" T="0" /><Point X="384" Y="389" T="0" /><Point X="385" Y="390" T="0" /><Point X="386" Y="391" T="0" /><Point X="387" Y="393" T="0" /><Point X="387" Y="394" T="0" /><Point X="387" Y="395" T="0" /><Point X="386" Y="397" T="0" /><Point X="384" Y="400" T="0" /><Point X="379" Y="404" T="0" /><Point X="374" Y="407" T="0" /><Point X="370" Y="411" T="0" /><Point X="364" Y="415" T="0" /><Point X="358" Y="419" T="0" /><Point X="352" Y="423" T="0" /><Point X="348" Y="427" T="0" /><Point X="343" Y="431" T="0" /><Point X="340" Y="435" T="0" /><Point X="337" Y="438" T="0" /><Point X="334" Y="442" T="0" /><Point X="332" Y="446" T="0" /><Point X="330" Y="451" T="0" /><Point X="328" Y="457" T="0" /><Point X="326" Y="463" T="0" /><Point X="324" Y="470" T="0" /><Point X="323" Y="476" T="0" /><Point X="322" Y="483" T="0" /><Point X="321" Y="490" T="0" /><Point X="320" Y="497" T="0" /><Point X="320" Y="505" T="0" /><Point X="319" Y="512" T="0" /><Point X="318" Y="519" T="0" /><Point X="317" Y="526" T="0" /><Point X="316" Y="532" T="0" /><Point X="315" Y="539" T="0" /><Point X="313" Y="545" T="0" /><Point X="311" Y="551" T="0" /><Point X="308" Y="557" T="0" /><Point X="305" Y="562" T="0" /><Point X="302" Y="566" T="0" /><Point X="299" Y="570" T="0" /><Point X="294" Y="574" T="0" /><Point X="288" Y="578" T="0" /><Point X="282" Y="581" T="0" /><Point X="276" Y="585" T="0" /><Point X="268" Y="587" T="0" /><Point X="261" Y="588" T="0" /><Point X="254" Y="589" T="0" /><Point X="246" Y="589" T="0" /><Point X="238" Y="587" T="0" /><Point X="231" Y="585" T="0" /><Point X="224" Y="582" T="0" /><Point X="216" Y="578" T="0" /><Point X="209" Y="574" T="0" /><Point X="203" Y="569" T="0" /><Point X="196" Y="564" T="0" /><Point X="192" Y="559" T="0" /><Point X="189" Y="557" T="0" /></Gesture>