<Gesture Name="right-square-bracket" Subject="1" Number="1" NumPts="81" Millseconds="0" AppName="Gestures" AppVer="1.0" Date="Wednesday, March 01, 2023" TimeOfDay="17:06:11" ID="6"><Point X="314" Y="244" T="0" /><Point X="323" Y="244" T="0" /><Point X="333" Y="244" T="0" /><Point X="342" Y="244" T="0" /><Point X="351" Y="245" T="0" /><Point X="360" Y="245" T="0" /><Point X="368" Y="246" T="0" /><Point X="375" Y="246" T="0" /><Point X="381" Y="247" T="0" /><Point X="385" Y="248" T="0" /><Point X="389" Y="248" T="0" /><Point X="392" Y="250" T="0" /><Point X="394" Y="250" T="0" /><Point X="395" Y="252" T="0" /><Point X="397" Y="253" T="0" /><Point X="398" Y="254" T="0" /><Point X="398" Y="256" T="0" /><Point X="399" Y="258" T="0" /><Point X="399" Y="260" T="0" /><Point X="399" Y="263" T="0" /><Point X="399" Y="266" T="0" /><Point X="399" Y="270" T="0" /><Point X="399" Y="276" T="0" /><Point X="399" Y="282" T="0" /><Point X="398" Y="290" T="0" /><Point X="398" Y="298" T="0" /><Point X="397" Y="308" T="0" /><Point X="396" Y="318" T="0" /><Point X="395" Y="329" T="0" /><Point X="395" Y="340" T="0" /><Point X="395" Y="352" T="0" /><Point X="395" Y="364" T="0" /><Point X="395" Y="376" T="0" /><Point X="395" Y="388" T="0" /><Point X="395" Y="400" T="0" /><Point X="396" Y="412" T="0" /><Point X="397" Y="425" T="0" /><Point X="397" Y="437" T="0" /><Point X="398" Y="449" T="0" /><Point X="398" Y="461" T="0" /><Point X="399" Y="472" T="0" /><Point X="399" Y="481" T="0" /><Point X="401" Y="490" T="0" /><Point X="401" Y="498" T="0" /><Point X="402" Y="506" T="0" /><Point X="403" Y="513" T="0" /><Point X="404" Y="519" T="0" /><Point X="405" Y="524" T="0" /><Point X="405" Y="529" T="0" /><Point X="406" Y="532" T="0" /><Point X="407" Y="536" T="0" /><Point X="407" Y="539" T="0" /><Point X="407" Y="542" T="0" /><Point X="407" Y="544" T="0" /><Point X="407" Y="545" T="0" /><Point X="407" Y="546" T="0" /><Point X="407" Y="548" T="0" /><Point X="407" Y="549" T="0" /><Point X="407" Y="550" T="0" /><Point X="406" Y="551" T="0" /><Point X="405" Y="552" T="0" /><Point X="403" Y="552" T="0" /><Point X="399" Y="553" T="0" /><Point X="392" Y="554" T="0" /><Point X="381" Y="555" T="0" /><Point X="369" Y="556" T="0" /><Point X="359" Y="557" T="0" /><Point X="347" Y="558" T="0" /><Point X="335" Y="559" T="0" /><Point X="322" Y="561" T="0" /><Point X="309" Y="562" T="0" /><Point X="295" Y="564" T="0" /><Point X="283" Y="566" T="0" /><Point X="271" Y="568" T="0" /><Point X="260" Y="569" T="0" /><Point X="250" Y="570" T="0" /><Point X="241" Y="572" T="0" /><Point X="233" Y="572" T="0" /><Point X="226" Y="572" T="0" /><Point X="219" Y="574" T="0" /><Point X="214" Y="574" T="0" /></Gesture>