<Gesture Name="right-square-bracket" Subject="1" Number="1" NumPts="72" Millseconds="0" AppName="Gestures" AppVer="1.0" Date="Wednesday, March 01, 2023" TimeOfDay="17:07:22" ID="7"><Point X="329" Y="216" T="0" /><Point X="339" Y="214" T="0" /><Point X="349" Y="212" T="0" /><Point X="360" Y="210" T="0" /><Point X="370" Y="208" T="0" /><Point X="380" Y="207" T="0" /><Point X="390" Y="206" T="0" /><Point X="399" Y="206" T="0" /><Point X="407" Y="206" T="0" /><Point X="413" Y="207" T="0" /><Point X="418" Y="208" T="0" /><Point X="422" Y="208" T="0" /><Point X="426" Y="209" T="0" /><Point X="429" Y="211" T="0" /><Point X="431" Y="213" T="0" /><Point X="433" Y="215" T="0" /><Point X="435" Y="218" T="0" /><Point X="435" Y="222" T="0" /><Point X="437" Y="226" T="0" /><Point X="437" Y="232" T="0" /><Point X="437" Y="238" T="0" /><Point X="435" Y="245" T="0" /><Point X="435" Y="253" T="0" /><Point X="432" Y="262" T="0" /><Point X="429" Y="272" T="0" /><Point X="427" Y="282" T="0" /><Point X="423" Y="292" T="0" /><Point X="420" Y="304" T="0" /><Point X="417" Y="317" T="0" /><Point X="415" Y="330" T="0" /><Point X="413" Y="343" T="0" /><Point X="411" Y="356" T="0" /><Point X="409" Y="370" T="0" /><Point X="407" Y="383" T="0" /><Point X="405" Y="397" T="0" /><Point X="404" Y="410" T="0" /><Point X="403" Y="424" T="0" /><Point X="403" Y="437" T="0" /><Point X="403" Y="450" T="0" /><Point X="403" Y="462" T="0" /><Point X="404" Y="474" T="0" /><Point X="405" Y="486" T="0" /><Point X="406" Y="498" T="0" /><Point X="407" Y="508" T="0" /><Point X="408" Y="518" T="0" /><Point X="409" Y="527" T="0" /><Point X="410" Y="534" T="0" /><Point X="411" Y="542" T="0" /><Point X="411" Y="549" T="0" /><Point X="412" Y="554" T="0" /><Point X="412" Y="558" T="0" /><Point X="412" Y="560" T="0" /><Point X="412" Y="563" T="0" /><Point X="412" Y="566" T="0" /><Point X="412" Y="567" T="0" /><Point X="412" Y="568" T="0" /><Point X="412" Y="569" T="0" /><Point X="411" Y="570" T="0" /><Point X="411" Y="571" T="0" /><Point X="410" Y="572" T="0" /><Point X="409" Y="572" T="0" /><Point X="407" Y="573" T="0" /><Point X="406" Y="574" T="0" /><Point X="403" Y="574" T="0" /><Point X="396" Y="576" T="0" /><Point X="385" Y="576" T="0" /><Point X="371" Y="578" T="0" /><Point X="354" Y="579" T="0" /><Point X="336" Y="581" T="0" /><Point X="317" Y="584" T="0" /><Point X="298" Y="587" T="0" /><Point X="275" Y="593" T="0" /></Gesture>