<Gesture Name="right-curly-brace" Subject="1" Number="1" NumPts="94" Millseconds="0" AppName="Gestures" AppVer="1.0" Date="Wednesday, March 01, 2023" TimeOfDay="17:09:47" ID="9"><Point X="267" Y="234" T="0" /><Point X="269" Y="232" T="0" /><Point X="273" Y="229" T="0" /><Point X="275" Y="226" T="0" /><Point X="279" Y="224" T="0" /><Point X="284" Y="223" T="0" /><Point X="289" Y="222" T="0" /><Point X="293" Y="222" T="0" /><Point X="297" Y="222" T="0" /><Point X="301" Y="223" T="0" /><Point X="305" Y="224" T="0" /><Point X="309" Y="226" T="0" /><Point X="311" Y="229" T="0" /><Point X="314" Y="233" T="0" /><Point X="317" Y="237" T="0" /><Point X="319" Y="244" T="0" /><Point X="321" Y="250" T="0" /><Point X="322" Y="258" T="0" /><Point X="322" Y="267" T="0" /><Point X="321" Y="277" T="0" /><Point X="320" Y="286" T="0" /><Point X="319" Y="296" T="0" /><Point X="317" Y="306" T="0" /><Point X="315" Y="317" T="0" /><Point X="313" Y="327" T="0" /><Point X="311" Y="337" T="0" /><Point X="310" Y="346" T="0" /><Point X="309" Y="355" T="0" /><Point X="309" Y="364" T="0" /><Point X="308" Y="372" T="0" /><Point X="307" Y="378" T="0" /><Point X="308" Y="384" T="0" /><Point X="309" Y="390" T="0" /><Point X="310" Y="396" T="0" /><Point X="312" Y="402" T="0" /><Point X="314" Y="405" T="0" /><Point X="317" Y="409" T="0" /><Point X="322" Y="412" T="0" /><Point X="327" Y="414" T="0" /><Point X="333" Y="416" T="0" /><Point X="339" Y="416" T="0" /><Point X="345" Y="416" T="0" /><Point X="350" Y="415" T="0" /><Point X="355" Y="414" T="0" /><Point X="359" Y="412" T="0" /><Point X="362" Y="412" T="0" /><Point X="364" Y="411" T="0" /><Point X="365" Y="410" T="0" /><Point X="367" Y="410" T="0" /><Point X="367" Y="409" T="0" /><Point X="367" Y="410" T="0" /><Point X="366" Y="412" T="0" /><Point X="363" Y="416" T="0" /><Point X="359" Y="423" T="0" /><Point X="355" Y="431" T="0" /><Point X="352" Y="439" T="0" /><Point X="349" Y="447" T="0" /><Point X="347" Y="455" T="0" /><Point X="345" Y="462" T="0" /><Point X="345" Y="470" T="0" /><Point X="345" Y="478" T="0" /><Point X="344" Y="485" T="0" /><Point X="343" Y="493" T="0" /><Point X="343" Y="500" T="0" /><Point X="342" Y="508" T="0" /><Point X="341" Y="515" T="0" /><Point X="339" Y="522" T="0" /><Point X="338" Y="528" T="0" /><Point X="337" Y="535" T="0" /><Point X="335" Y="541" T="0" /><Point X="334" Y="547" T="0" /><Point X="333" Y="552" T="0" /><Point X="331" Y="557" T="0" /><Point X="328" Y="562" T="0" /><Point X="326" Y="568" T="0" /><Point X="322" Y="572" T="0" /><Point X="318" Y="578" T="0" /><Point X="313" Y="582" T="0" /><Point X="307" Y="588" T="0" /><Point X="300" Y="592" T="0" /><Point X="293" Y="596" T="0" /><Point X="285" Y="598" T="0" /><Point X="277" Y="600" T="0" /><Point X="270" Y="602" T="0" /><Point X="263" Y="603" T="0" /><Point X="255" Y="603" T="0" /><Point X="245" Y="603" T="0" /><Point X="237" Y="603" T="0" /><Point X="229" Y="602" T="0" /><Point X="221" Y="600" T="0" /><Point X="213" Y="599" T="0" /><Point X="207" Y="597" T="0" /><Point X="201" Y="595" T="0" /><Point X="198" Y="594" T="0" /></Gesture>