<Gesture Name="right-square-bracket" Subject="1" Number="1" NumPts="91" Millseconds="0" AppName="Gestures" AppVer="1.0" Date="Wednesday, March 01, 2023" TimeOfDay="17:05:09" ID="5"><Point X="331" Y="232" T="0" /><Point X="340" Y="232" T="0" /><Point X="349" Y="232" T="0" /><Point X="358" Y="232" T="0" /><Point X="366" Y="232" T="0" /><Point X="374" Y="232" T="0" /><Point X="381" Y="233" T="0" /><Point X="387" Y="234" T="0" /><Point X="392" Y="234" T="0" /><Point X="396" Y="236" T="0" /><Point X="398" Y="237" T="0" /><Point X="401" Y="238" T="0" /><Point X="403" Y="240" T="0" /><Point X="404" Y="242" T="0" /><Point X="405" Y="244" T="0" /><Point X="407" Y="247" T="0" /><Point X="408" Y="250" T="0" /><Point X="409" Y="254" T="0" /><Point X="409" Y="258" T="0" /><Point X="409" Y="262" T="0" /><Point X="409" Y="268" T="0" /><Point X="409" Y="274" T="0" /><Point X="408" Y="281" T="0" /><Point X="407" Y="288" T="0" /><Point X="407" Y="296" T="0" /><Point X="406" Y="306" T="0" /><Point X="405" Y="314" T="0" /><Point X="405" Y="323" T="0" /><Point X="405" Y="333" T="0" /><Point X="405" Y="342" T="0" /><Point X="405" Y="352" T="0" /><Point X="405" Y="363" T="0" /><Point X="406" Y="373" T="0" /><Point X="407" Y="384" T="0" /><Point X="407" Y="394" T="0" /><Point X="408" Y="404" T="0" /><Point X="409" Y="414" T="0" /><Point X="411" Y="425" T="0" /><Point X="412" Y="435" T="0" /><Point X="413" Y="446" T="0" /><Point X="415" Y="456" T="0" /><Point X="415" Y="465" T="0" /><Point X="417" Y="475" T="0" /><Point X="417" Y="485" T="0" /><Point X="419" Y="494" T="0" /><Point X="420" Y="503" T="0" /><Point X="421" Y="511" T="0" /><Point X="423" Y="518" T="0" /><Point X="424" Y="524" T="0" /><Point X="425" Y="530" T="0" /><Point X="425" Y="537" T="0" /><Point X="426" Y="542" T="0" /><Point X="426" Y="545" T="0" /><Point X="426" Y="548" T="0" /><Point X="427" Y="550" T="0" /><Point X="427" Y="553" T="0" /><Point X="427" Y="554" T="0" /><Point X="427" Y="556" T="0" /><Point X="427" Y="557" T="0" /><Point X="427" Y="558" T="0" /><Point X="427" Y="559" T="0" /><Point X="427" Y="560" T="0" /><Point X="426" Y="560" T="0" /><Point X="425" Y="561" T="0" /><Point X="425" Y="562" T="0" /><Point X="424" Y="562" T="0" /><Point X="423" Y="562" T="0" /><Point X="422" Y="562" T="0" /><Point X="421" Y="563" T="0" /><Point X="417" Y="564" T="0" /><Point X="412" Y="564" T="0" /><Point X="403" Y="566" T="0" /><Point X="395" Y="568" T="0" /><Point X="387" Y="570" T="0" /><Point X="380" Y="571" T="0" /><Point X="371" Y="572" T="0" /><Point X="363" Y="574" T="0" /><Point X="353" Y="577" T="0" /><Point X="343" Y="579" T="0" /><Point X="333" Y="581" T="0" /><Point X="324" Y="584" T="0" /><Point X="315" Y="586" T="0" /><Point X="306" Y="587" T="0" /><Point X="297" Y="588" T="0" /><Point X="291" Y="590" T="0" /><Point X="283" Y="591" T="0" /><Point X="276" Y="592" T="0" /><Point X="271" Y="594" T="0" /><Point X="266" Y="595" T="0" /><Point X="262" Y="596" T="0" /><Point X="260" Y="596" T="0" /></Gesture>