<Gesture Name="right-curly-brace" Subject="1" Number="1" NumPts="87" Millseconds="0" AppName="Gestures" AppVer="1.0" Date="Wednesday, March 01, 2023" TimeOfDay="17:00:41" ID="2"><Point X="298" Y="179" T="0" /><Point X="304" Y="179" T="0" /><Point X="310" Y="181" T="0" /><Point X="315" Y="185" T="0" /><Point X="320" Y="189" T="0" /><Point X="323" Y="197" T="0" /><Point X="325" Y="205" T="0" /><Point X="326" Y="215" T="0" /><Point X="326" Y="225" T="0" /><Point X="324" Y="237" T="0" /><Point X="321" Y="249" T="0" /><Point X="317" Y="262" T="0" /><Point X="313" Y="275" T="0" /><Point X="309" Y="288" T="0" /><Point X="305" Y="302" T="0" /><Point X="302" Y="314" T="0" /><Point X="299" Y="326" T="0" /><Point X="298" Y="337" T="0" /><Point X="297" Y="347" T="0" /><Point X="297" Y="356" T="0" /><Point X="298" Y="364" T="0" /><Point X="300" Y="372" T="0" /><Point X="302" Y="379" T="0" /><Point X="306" Y="385" T="0" /><Point X="310" Y="391" T="0" /><Point X="316" Y="396" T="0" /><Point X="322" Y="401" T="0" /><Point X="328" Y="405" T="0" /><Point X="334" Y="409" T="0" /><Point X="342" Y="413" T="0" /><Point X="350" Y="417" T="0" /><Point X="357" Y="419" T="0" /><Point X="363" Y="421" T="0" /><Point X="369" Y="423" T="0" /><Point X="374" Y="425" T="0" /><Point X="377" Y="427" T="0" /><Point X="379" Y="427" T="0" /><Point X="381" Y="428" T="0" /><Point X="382" Y="428" T="0" /><Point X="382" Y="429" T="0" /><Point X="379" Y="430" T="0" /><Point X="375" Y="432" T="0" /><Point X="370" Y="434" T="0" /><Point X="365" Y="437" T="0" /><Point X="360" Y="441" T="0" /><Point X="354" Y="445" T="0" /><Point X="350" Y="449" T="0" /><Point X="345" Y="455" T="0" /><Point X="341" Y="460" T="0" /><Point X="338" Y="466" T="0" /><Point X="336" Y="472" T="0" /><Point X="334" Y="479" T="0" /><Point X="333" Y="487" T="0" /><Point X="332" Y="493" T="0" /><Point X="332" Y="501" T="0" /><Point X="332" Y="508" T="0" /><Point X="332" Y="515" T="0" /><Point X="332" Y="523" T="0" /><Point X="332" Y="530" T="0" /><Point X="332" Y="538" T="0" /><Point X="332" Y="545" T="0" /><Point X="331" Y="553" T="0" /><Point X="330" Y="560" T="0" /><Point X="328" Y="567" T="0" /><Point X="326" Y="573" T="0" /><Point X="323" Y="579" T="0" /><Point X="320" Y="585" T="0" /><Point X="317" Y="590" T="0" /><Point X="313" Y="595" T="0" /><Point X="308" Y="599" T="0" /><Point X="303" Y="604" T="0" /><Point X="298" Y="608" T="0" /><Point X="291" Y="611" T="0" /><Point X="284" Y="614" T="0" /><Point X="277" Y="616" T="0" /><Point X="269" Y="617" T="0" /><Point X="261" Y="617" T="0" /><Point X="253" Y="617" T="0" /><Point X="246" Y="616" T="0" /><Point X="237" Y="614" T="0" /><Point X="229" Y="613" T="0" /><Point X="221" Y="610" T="0" /><Point X="213" Y="606" T="0" /><Point X="206" Y="602" T="0" /><Point X="200" Y="597" T="0" /><Point X="194" Y="591" T="0" /><Point X="186" Y="579" T="0" /></Gesture>