<Gesture Name="star" Subject="1" Number="1" NumPts="182" Millseconds="0" AppName="Gestures" AppVer="1.0" Date="Wednesday, March 01, 2023" TimeOfDay="17:08:38" ID="8"><Point X="137" Y="598" T="0" /><Point X="143" Y="588" T="0" /><Point X="151" Y="576" T="0" /><Point X="159" Y="565" T="0" /><Point X="167" Y="552" T="0" /><Point X="177" Y="538" T="0" /><Point X="186" Y="522" T="0" /><Point X="196" Y="506" T="0" /><Point X="206" Y="487" T="0" /><Point X="217" Y="470" T="0" /><Point X="227" Y="452" T="0" /><Point X="239" Y="434" T="0" /><Point X="250" Y="414" T="0" /><Point X="261" Y="393" T="0" /><Point X="271" Y="373" T="0" /><Point X="282" Y="354" T="0" /><Point X="293" Y="336" T="0" /><Point X="305" Y="320" T="0" /><Point X="315" Y="301" T="0" /><Point X="325" Y="284" T="0" /><Point X="333" Y="269" T="0" /><Point X="341" Y="255" T="0" /><Point X="347" Y="242" T="0" /><Point X="352" Y="232" T="0" /><Point X="356" Y="223" T="0" /><Point X="359" Y="215" T="0" /><Point X="362" Y="209" T="0" /><Point X="363" Y="204" T="0" /><Point X="365" Y="200" T="0" /><Point X="366" Y="198" T="0" /><Point X="367" Y="198" T="0" /><Point X="367" Y="197" T="0" /><Point X="367" Y="198" T="0" /><Point X="369" Y="200" T="0" /><Point X="371" Y="206" T="0" /><Point X="374" Y="215" T="0" /><Point X="376" Y="226" T="0" /><Point X="377" Y="239" T="0" /><Point X="378" Y="254" T="0" /><Point X="378" Y="271" T="0" /><Point X="378" Y="288" T="0" /><Point X="378" Y="307" T="0" /><Point X="378" Y="328" T="0" /><Point X="378" Y="347" T="0" /><Point X="379" Y="366" T="0" /><Point X="379" Y="386" T="0" /><Point X="380" Y="405" T="0" /><Point X="380" Y="426" T="0" /><Point X="381" Y="446" T="0" /><Point X="382" Y="463" T="0" /><Point X="384" Y="480" T="0" /><Point X="386" Y="496" T="0" /><Point X="388" Y="510" T="0" /><Point X="390" Y="522" T="0" /><Point X="392" Y="533" T="0" /><Point X="395" Y="543" T="0" /><Point X="397" Y="552" T="0" /><Point X="399" Y="559" T="0" /><Point X="400" Y="565" T="0" /><Point X="401" Y="568" T="0" /><Point X="403" Y="572" T="0" /><Point X="403" Y="574" T="0" /><Point X="404" Y="576" T="0" /><Point X="404" Y="577" T="0" /><Point X="403" Y="576" T="0" /><Point X="401" Y="572" T="0" /><Point X="397" Y="566" T="0" /><Point X="391" Y="558" T="0" /><Point X="385" Y="549" T="0" /><Point X="377" Y="539" T="0" /><Point X="369" Y="529" T="0" /><Point X="361" Y="519" T="0" /><Point X="350" Y="509" T="0" /><Point X="340" Y="498" T="0" /><Point X="328" Y="488" T="0" /><Point X="315" Y="478" T="0" /><Point X="301" Y="468" T="0" /><Point X="287" Y="459" T="0" /><Point X="272" Y="451" T="0" /><Point X="257" Y="443" T="0" /><Point X="241" Y="436" T="0" /><Point X="224" Y="430" T="0" /><Point X="207" Y="425" T="0" /><Point X="191" Y="420" T="0" /><Point X="174" Y="416" T="0" /><Point X="157" Y="412" T="0" /><Point X="142" Y="408" T="0" /><Point X="127" Y="406" T="0" /><Point X="114" Y="404" T="0" /><Point X="101" Y="402" T="0" /><Point X="91" Y="400" T="0" /><Point X="82" Y="399" T="0" /><Point X="76" Y="398" T="0" /><Point X="71" Y="396" T="0" /><Point X="67" Y="396" T="0" /><Point X="65" Y="395" T="0" /><Point X="63" Y="394" T="0" /><Point X="62" Y="393" T="0" /><Point X="63" Y="393" T="0" /><Point X="65" Y="391" T="0" /><Point X="77" Y="387" T="0" /><Point X="94" Y="381" T="0" /><Point X="113" Y="375" T="0" /><Point X="136" Y="370" T="0" /><Point X="161" Y="364" T="0" /><Point X="187" Y="359" T="0" /><Point X="215" Y="353" T="0" /><Point X="244" Y="347" T="0" /><Point X="274" Y="342" T="0" /><Point X="303" Y="338" T="0" /><Point X="333" Y="333" T="0" /><Point X="363" Y="330" T="0" /><Point X="393" Y="326" T="0" /><Point X="420" Y="323" T="0" /><Point X="447" Y="320" T="0" /><Point X="471" Y="318" T="0" /><Point X="494" Y="314" T="0" /><Point X="515" Y="312" T="0" /><Point X="533" Y="310" T="0" /><Point X="549" Y="310" T="0" /><Point X="561" Y="309" T="0" /><Point X="573" Y="308" T="0" /><Point X="581" Y="308" T="0" /><Point X="587" Y="308" T="0" /><Point X="592" Y="309" T="0" /><Point X="594" Y="310" T="0" /><Point X="596" Y="310" T="0" /><Point X="597" Y="311" T="0" /><Point X="599" Y="312" T="0" /><Point X="599" Y="314" T="0" /><Point X="598" Y="316" T="0" /><Point X="594" Y="320" T="0" /><Point X="585" Y="326" T="0" /><Point X="573" Y="334" T="0" /><Point X="557" Y="343" T="0" /><Point X="539" Y="352" T="0" /><Point X="520" Y="360" T="0" /><Point X="501" Y="370" T="0" /><Point X="481" Y="378" T="0" /><Point X="460" Y="388" T="0" /><Point X="438" Y="398" T="0" /><Point X="417" Y="409" T="0" /><Point X="398" Y="419" T="0" /><Point X="380" Y="429" T="0" /><Point X="363" Y="440" T="0" /><Point X="346" Y="450" T="0" /><Point X="329" Y="460" T="0" /><Point X="313" Y="470" T="0" /><Point X="299" Y="478" T="0" /><Point X="283" Y="488" T="0" /><Point X="269" Y="497" T="0" /><Point X="256" Y="504" T="0" /><Point X="243" Y="512" T="0" /><Point X="232" Y="520" T="0" /><Point X="221" Y="527" T="0" /><Point X="212" Y="534" T="0" /><Point X="203" Y="540" T="0" /><Point X="197" Y="546" T="0" /><Point X="189" Y="553" T="0" /><Point X="184" Y="558" T="0" /><Point X="178" Y="563" T="0" /><Point X="173" Y="567" T="0" /><Point X="169" Y="571" T="0" /><Point X="165" Y="576" T="0" /><Point X="161" Y="580" T="0" /><Point X="157" Y="584" T="0" /><Point X="153" Y="588" T="0" /><Point X="151" Y="591" T="0" /><Point X="147" Y="594" T="0" /><Point X="145" Y="596" T="0" /><Point X="143" Y="598" T="0" /><Point X="141" Y="600" T="0" /><Point X="139" Y="601" T="0" /><Point X="138" Y="602" T="0" /><Point X="137" Y="604" T="0" /><Point X="137" Y="605" T="0" /><Point X="136" Y="606" T="0" /><Point X="135" Y="606" T="0" /><Point X="135" Y="607" T="0" /><Point X="134" Y="608" T="0" /><Point X="134" Y="609" T="0" /><Point X="134" Y="610" T="0" /></Gesture>