<Gesture Name="star" Subject="1" Number="1" NumPts="158" Millseconds="0" AppName="Gestures" AppVer="1.0" Date="Wednesday, March 01, 2023" TimeOfDay="17:06:24" ID="6"><Point X="207" Y="583" T="0" /><Point X="211" Y="572" T="0" /><Point X="216" Y="559" T="0" /><Point X="221" Y="545" T="0" /><Point X="228" Y="530" T="0" /><Point X="235" Y="516" T="0" /><Point X="243" Y="499" T="0" /><Point X="251" Y="480" T="0" /><Point X="259" Y="462" T="0" /><Point X="269" Y="444" T="0" /><Point X="279" Y="426" T="0" /><Point X="288" Y="406" T="0" /><Point X="296" Y="387" T="0" /><Point X="304" Y="368" T="0" /><Point X="312" Y="350" T="0" /><Point X="319" Y="335" T="0" /><Point X="327" Y="320" T="0" /><Point X="333" Y="306" T="0" /><Point X="339" Y="293" T="0" /><Point X="345" Y="282" T="0" /><Point X="349" Y="271" T="0" /><Point X="353" Y="262" T="0" /><Point X="355" Y="255" T="0" /><Point X="358" Y="250" T="0" /><Point X="360" Y="246" T="0" /><Point X="361" Y="242" T="0" /><Point X="363" Y="240" T="0" /><Point X="364" Y="239" T="0" /><Point X="365" Y="240" T="0" /><Point X="367" Y="242" T="0" /><Point X="371" Y="246" T="0" /><Point X="374" Y="254" T="0" /><Point X="377" Y="264" T="0" /><Point X="379" Y="277" T="0" /><Point X="380" Y="292" T="0" /><Point X="381" Y="308" T="0" /><Point X="382" Y="324" T="0" /><Point X="383" Y="341" T="0" /><Point X="383" Y="358" T="0" /><Point X="385" Y="375" T="0" /><Point X="386" Y="392" T="0" /><Point X="388" Y="410" T="0" /><Point X="390" Y="428" T="0" /><Point X="393" Y="445" T="0" /><Point X="397" Y="461" T="0" /><Point X="399" Y="476" T="0" /><Point X="403" Y="489" T="0" /><Point X="407" Y="502" T="0" /><Point X="411" Y="513" T="0" /><Point X="414" Y="522" T="0" /><Point X="417" Y="530" T="0" /><Point X="419" Y="538" T="0" /><Point X="420" Y="544" T="0" /><Point X="421" Y="548" T="0" /><Point X="422" Y="552" T="0" /><Point X="422" Y="554" T="0" /><Point X="422" Y="556" T="0" /><Point X="422" Y="557" T="0" /><Point X="421" Y="557" T="0" /><Point X="418" Y="556" T="0" /><Point X="412" Y="553" T="0" /><Point X="403" Y="547" T="0" /><Point X="393" Y="540" T="0" /><Point X="381" Y="530" T="0" /><Point X="371" Y="521" T="0" /><Point X="359" Y="511" T="0" /><Point X="345" Y="500" T="0" /><Point X="330" Y="489" T="0" /><Point X="315" Y="479" T="0" /><Point X="298" Y="469" T="0" /><Point X="280" Y="459" T="0" /><Point X="263" Y="449" T="0" /><Point X="245" Y="440" T="0" /><Point X="228" Y="432" T="0" /><Point X="211" Y="425" T="0" /><Point X="195" Y="419" T="0" /><Point X="179" Y="414" T="0" /><Point X="165" Y="409" T="0" /><Point X="151" Y="405" T="0" /><Point X="138" Y="400" T="0" /><Point X="128" Y="397" T="0" /><Point X="119" Y="395" T="0" /><Point X="111" Y="393" T="0" /><Point X="106" Y="392" T="0" /><Point X="102" Y="392" T="0" /><Point X="99" Y="391" T="0" /><Point X="98" Y="390" T="0" /><Point X="97" Y="390" T="0" /><Point X="96" Y="390" T="0" /><Point X="97" Y="390" T="0" /><Point X="104" Y="388" T="0" /><Point X="120" Y="386" T="0" /><Point X="143" Y="382" T="0" /><Point X="168" Y="378" T="0" /><Point X="194" Y="373" T="0" /><Point X="221" Y="366" T="0" /><Point X="249" Y="360" T="0" /><Point X="278" Y="353" T="0" /><Point X="309" Y="346" T="0" /><Point X="337" Y="338" T="0" /><Point X="366" Y="332" T="0" /><Point X="393" Y="327" T="0" /><Point X="418" Y="322" T="0" /><Point X="441" Y="318" T="0" /><Point X="461" Y="315" T="0" /><Point X="479" Y="312" T="0" /><Point X="495" Y="310" T="0" /><Point X="509" Y="309" T="0" /><Point X="520" Y="308" T="0" /><Point X="529" Y="308" T="0" /><Point X="535" Y="308" T="0" /><Point X="539" Y="308" T="0" /><Point X="542" Y="309" T="0" /><Point X="545" Y="310" T="0" /><Point X="546" Y="310" T="0" /><Point X="547" Y="312" T="0" /><Point X="547" Y="315" T="0" /><Point X="546" Y="320" T="0" /><Point X="541" Y="327" T="0" /><Point X="531" Y="336" T="0" /><Point X="519" Y="347" T="0" /><Point X="505" Y="356" T="0" /><Point X="489" Y="366" T="0" /><Point X="473" Y="376" T="0" /><Point X="456" Y="386" T="0" /><Point X="439" Y="396" T="0" /><Point X="422" Y="406" T="0" /><Point X="406" Y="416" T="0" /><Point X="391" Y="426" T="0" /><Point X="377" Y="435" T="0" /><Point X="364" Y="444" T="0" /><Point X="352" Y="452" T="0" /><Point X="340" Y="461" T="0" /><Point X="328" Y="470" T="0" /><Point X="315" Y="478" T="0" /><Point X="305" Y="487" T="0" /><Point X="294" Y="495" T="0" /><Point X="285" Y="503" T="0" /><Point X="277" Y="510" T="0" /><Point X="270" Y="516" T="0" /><Point X="263" Y="522" T="0" /><Point X="257" Y="528" T="0" /><Point X="253" Y="532" T="0" /><Point X="247" Y="538" T="0" /><Point X="243" Y="543" T="0" /><Point X="238" Y="547" T="0" /><Point X="233" Y="552" T="0" /><Point X="229" Y="556" T="0" /><Point X="225" Y="560" T="0" /><Point X="223" Y="563" T="0" /><Point X="220" Y="566" T="0" /><Point X="218" Y="568" T="0" /><Point X="216" Y="570" T="0" /><Point X="215" Y="572" T="0" /><Point X="213" Y="572" T="0" /><Point X="213" Y="574" T="0" /><Point X="212" Y="575" T="0" /><Point X="211" Y="576" T="0" /></Gesture>