<Gesture Name="star" Subject="1" Number="1" NumPts="209" Millseconds="0" AppName="Gestures" AppVer="1.0" Date="Wednesday, March 01, 2023" TimeOfDay="17:07:42" ID="7"><Point X="193" Y="513" T="0" /><Point X="199" Y="504" T="0" /><Point X="205" Y="496" T="0" /><Point X="212" Y="486" T="0" /><Point X="219" Y="476" T="0" /><Point X="227" Y="465" T="0" /><Point X="237" Y="455" T="0" /><Point X="244" Y="445" T="0" /><Point X="252" Y="436" T="0" /><Point X="259" Y="427" T="0" /><Point X="267" Y="416" T="0" /><Point X="274" Y="407" T="0" /><Point X="281" Y="398" T="0" /><Point X="288" Y="387" T="0" /><Point X="295" Y="375" T="0" /><Point X="304" Y="364" T="0" /><Point X="312" Y="352" T="0" /><Point X="321" Y="341" T="0" /><Point X="330" Y="330" T="0" /><Point X="339" Y="320" T="0" /><Point X="346" Y="310" T="0" /><Point X="353" Y="300" T="0" /><Point X="359" Y="292" T="0" /><Point X="364" Y="284" T="0" /><Point X="369" Y="277" T="0" /><Point X="373" Y="271" T="0" /><Point X="377" Y="265" T="0" /><Point X="380" Y="261" T="0" /><Point X="382" Y="256" T="0" /><Point X="385" Y="252" T="0" /><Point X="388" Y="250" T="0" /><Point X="389" Y="248" T="0" /><Point X="391" Y="247" T="0" /><Point X="392" Y="246" T="0" /><Point X="393" Y="246" T="0" /><Point X="394" Y="246" T="0" /><Point X="396" Y="248" T="0" /><Point X="398" Y="251" T="0" /><Point X="400" Y="256" T="0" /><Point X="402" Y="264" T="0" /><Point X="405" Y="272" T="0" /><Point X="406" Y="282" T="0" /><Point X="407" Y="292" T="0" /><Point X="409" Y="306" T="0" /><Point X="409" Y="320" T="0" /><Point X="410" Y="334" T="0" /><Point X="411" Y="348" T="0" /><Point X="411" Y="362" T="0" /><Point X="412" Y="378" T="0" /><Point X="413" Y="393" T="0" /><Point X="413" Y="408" T="0" /><Point X="415" Y="424" T="0" /><Point X="416" Y="440" T="0" /><Point X="417" Y="454" T="0" /><Point X="418" Y="468" T="0" /><Point X="420" Y="481" T="0" /><Point X="422" Y="494" T="0" /><Point X="424" Y="505" T="0" /><Point X="426" Y="515" T="0" /><Point X="428" Y="525" T="0" /><Point X="429" Y="533" T="0" /><Point X="431" Y="541" T="0" /><Point X="431" Y="550" T="0" /><Point X="431" Y="555" T="0" /><Point X="431" Y="560" T="0" /><Point X="431" Y="564" T="0" /><Point X="431" Y="566" T="0" /><Point X="431" Y="568" T="0" /><Point X="431" Y="569" T="0" /><Point X="430" Y="570" T="0" /><Point X="429" Y="571" T="0" /><Point X="428" Y="571" T="0" /><Point X="425" Y="570" T="0" /><Point X="421" Y="568" T="0" /><Point X="415" Y="565" T="0" /><Point X="408" Y="559" T="0" /><Point X="400" Y="553" T="0" /><Point X="391" Y="545" T="0" /><Point X="382" Y="538" T="0" /><Point X="373" Y="530" T="0" /><Point X="363" Y="522" T="0" /><Point X="355" Y="514" T="0" /><Point X="345" Y="506" T="0" /><Point X="334" Y="498" T="0" /><Point X="325" Y="490" T="0" /><Point X="314" Y="482" T="0" /><Point X="303" Y="472" T="0" /><Point X="293" Y="464" T="0" /><Point X="281" Y="456" T="0" /><Point X="269" Y="449" T="0" /><Point X="257" Y="442" T="0" /><Point X="244" Y="435" T="0" /><Point X="231" Y="429" T="0" /><Point X="217" Y="424" T="0" /><Point X="204" Y="419" T="0" /><Point X="193" Y="414" T="0" /><Point X="185" Y="409" T="0" /><Point X="176" Y="404" T="0" /><Point X="169" Y="400" T="0" /><Point X="163" Y="396" T="0" /><Point X="157" Y="392" T="0" /><Point X="151" Y="388" T="0" /><Point X="148" Y="384" T="0" /><Point X="145" Y="381" T="0" /><Point X="143" Y="378" T="0" /><Point X="141" Y="376" T="0" /><Point X="141" Y="374" T="0" /><Point X="140" Y="372" T="0" /><Point X="141" Y="370" T="0" /><Point X="147" Y="366" T="0" /><Point X="157" Y="360" T="0" /><Point X="170" Y="354" T="0" /><Point X="185" Y="350" T="0" /><Point X="201" Y="346" T="0" /><Point X="219" Y="342" T="0" /><Point X="237" Y="339" T="0" /><Point X="257" Y="336" T="0" /><Point X="276" Y="334" T="0" /><Point X="296" Y="332" T="0" /><Point X="317" Y="331" T="0" /><Point X="338" Y="329" T="0" /><Point X="359" Y="328" T="0" /><Point X="381" Y="326" T="0" /><Point X="404" Y="325" T="0" /><Point X="425" Y="324" T="0" /><Point X="446" Y="322" T="0" /><Point X="467" Y="322" T="0" /><Point X="486" Y="321" T="0" /><Point X="505" Y="320" T="0" /><Point X="521" Y="320" T="0" /><Point X="536" Y="320" T="0" /><Point X="549" Y="320" T="0" /><Point X="560" Y="320" T="0" /><Point X="571" Y="320" T="0" /><Point X="578" Y="321" T="0" /><Point X="584" Y="322" T="0" /><Point X="589" Y="322" T="0" /><Point X="591" Y="323" T="0" /><Point X="593" Y="324" T="0" /><Point X="594" Y="324" T="0" /><Point X="595" Y="325" T="0" /><Point X="595" Y="326" T="0" /><Point X="595" Y="328" T="0" /><Point X="593" Y="330" T="0" /><Point X="586" Y="336" T="0" /><Point X="573" Y="344" T="0" /><Point X="555" Y="353" T="0" /><Point X="537" Y="361" T="0" /><Point X="519" Y="369" T="0" /><Point X="501" Y="376" T="0" /><Point X="482" Y="384" T="0" /><Point X="463" Y="392" T="0" /><Point X="441" Y="402" T="0" /><Point X="422" Y="410" T="0" /><Point X="405" Y="418" T="0" /><Point X="389" Y="427" T="0" /><Point X="374" Y="434" T="0" /><Point X="361" Y="442" T="0" /><Point X="347" Y="450" T="0" /><Point X="333" Y="457" T="0" /><Point X="320" Y="465" T="0" /><Point X="307" Y="472" T="0" /><Point X="293" Y="479" T="0" /><Point X="281" Y="486" T="0" /><Point X="271" Y="493" T="0" /><Point X="261" Y="499" T="0" /><Point X="252" Y="504" T="0" /><Point X="243" Y="508" T="0" /><Point X="237" Y="512" T="0" /><Point X="232" Y="514" T="0" /><Point X="227" Y="517" T="0" /><Point X="224" Y="520" T="0" /><Point X="221" Y="522" T="0" /><Point X="219" Y="524" T="0" /><Point X="217" Y="526" T="0" /><Point X="215" Y="527" T="0" /><Point X="213" Y="527" T="0" /><Point X="213" Y="528" T="0" /><Point X="212" Y="528" T="0" /><Point X="211" Y="529" T="0" /><Point X="211" Y="530" T="0" /><Point X="210" Y="530" T="0" /><Point X="209" Y="530" T="0" /><Point X="209" Y="531" T="0" /><Point X="209" Y="532" T="0" /><Point X="208" Y="532" T="0" /><Point X="208" Y="533" T="0" /><Point X="207" Y="533" T="0" /><Point X="207" Y="534" T="0" /><Point X="206" Y="535" T="0" /><Point X="205" Y="535" T="0" /><Point X="205" Y="536" T="0" /><Point X="204" Y="537" T="0" /><Point X="203" Y="538" T="0" /><Point X="203" Y="539" T="0" /><Point X="202" Y="539" T="0" /><Point X="201" Y="540" T="0" /><Point X="200" Y="540" T="0" /><Point X="199" Y="540" T="0" /><Point X="198" Y="540" T="0" /><Point X="197" Y="540" T="0" /><Point X="196" Y="540" T="0" /><Point X="195" Y="541" T="0" /><Point X="194" Y="542" T="0" /><Point X="193" Y="542" T="0" /><Point X="192" Y="543" T="0" /><Point X="191" Y="543" T="0" /><Point X="191" Y="544" T="0" /><Point X="191" Y="545" T="0" /></Gesture>