<Gesture Name="star" Subject="1" Number="1" NumPts="159" Millseconds="0" AppName="Gestures" AppVer="1.0" Date="Wednesday, March 01, 2023" TimeOfDay="17:04:17" ID="4"><Point X="236" Y="488" T="0" /><Point X="241" Y="476" T="0" /><Point X="246" Y="464" T="0" /><Point X="253" Y="450" T="0" /><Point X="260" Y="436" T="0" /><Point X="268" Y="420" T="0" /><Point X="275" Y="405" T="0" /><Point X="281" Y="388" T="0" /><Point X="288" Y="372" T="0" /><Point X="293" Y="356" T="0" /><Point X="299" Y="340" T="0" /><Point X="305" Y="326" T="0" /><Point X="310" Y="312" T="0" /><Point X="316" Y="298" T="0" /><Point X="321" Y="285" T="0" /><Point X="325" Y="275" T="0" /><Point X="328" Y="266" T="0" /><Point X="331" Y="258" T="0" /><Point X="333" Y="252" T="0" /><Point X="335" Y="248" T="0" /><Point X="336" Y="244" T="0" /><Point X="337" Y="242" T="0" /><Point X="339" Y="240" T="0" /><Point X="339" Y="238" T="0" /><Point X="340" Y="238" T="0" /><Point X="341" Y="237" T="0" /><Point X="341" Y="238" T="0" /><Point X="343" Y="238" T="0" /><Point X="345" Y="240" T="0" /><Point X="347" Y="246" T="0" /><Point X="350" Y="253" T="0" /><Point X="352" Y="261" T="0" /><Point X="354" Y="271" T="0" /><Point X="355" Y="282" T="0" /><Point X="357" Y="295" T="0" /><Point X="358" Y="308" T="0" /><Point X="360" Y="321" T="0" /><Point X="362" Y="336" T="0" /><Point X="363" Y="350" T="0" /><Point X="367" Y="364" T="0" /><Point X="370" Y="378" T="0" /><Point X="374" Y="392" T="0" /><Point X="378" Y="404" T="0" /><Point X="381" Y="416" T="0" /><Point X="385" Y="427" T="0" /><Point X="389" Y="436" T="0" /><Point X="392" Y="446" T="0" /><Point X="395" Y="454" T="0" /><Point X="398" Y="460" T="0" /><Point X="400" Y="466" T="0" /><Point X="403" Y="471" T="0" /><Point X="405" Y="475" T="0" /><Point X="407" Y="478" T="0" /><Point X="409" Y="481" T="0" /><Point X="410" Y="483" T="0" /><Point X="411" Y="484" T="0" /><Point X="411" Y="486" T="0" /><Point X="411" Y="485" T="0" /><Point X="409" Y="483" T="0" /><Point X="406" Y="480" T="0" /><Point X="401" Y="475" T="0" /><Point X="395" Y="468" T="0" /><Point X="387" Y="462" T="0" /><Point X="380" Y="455" T="0" /><Point X="372" Y="448" T="0" /><Point X="363" Y="443" T="0" /><Point X="355" Y="436" T="0" /><Point X="345" Y="431" T="0" /><Point X="333" Y="425" T="0" /><Point X="321" Y="420" T="0" /><Point X="309" Y="416" T="0" /><Point X="295" Y="411" T="0" /><Point X="282" Y="408" T="0" /><Point X="269" Y="405" T="0" /><Point X="258" Y="402" T="0" /><Point X="247" Y="398" T="0" /><Point X="237" Y="395" T="0" /><Point X="227" Y="393" T="0" /><Point X="220" Y="392" T="0" /><Point X="213" Y="390" T="0" /><Point X="208" Y="388" T="0" /><Point X="203" Y="386" T="0" /><Point X="200" Y="385" T="0" /><Point X="197" Y="384" T="0" /><Point X="195" Y="384" T="0" /><Point X="195" Y="383" T="0" /><Point X="194" Y="383" T="0" /><Point X="195" Y="383" T="0" /><Point X="197" Y="383" T="0" /><Point X="203" Y="383" T="0" /><Point X="212" Y="383" T="0" /><Point X="223" Y="382" T="0" /><Point X="238" Y="381" T="0" /><Point X="253" Y="380" T="0" /><Point X="269" Y="378" T="0" /><Point X="287" Y="376" T="0" /><Point X="305" Y="374" T="0" /><Point X="324" Y="371" T="0" /><Point X="343" Y="369" T="0" /><Point X="360" Y="367" T="0" /><Point X="377" Y="366" T="0" /><Point X="394" Y="364" T="0" /><Point X="409" Y="363" T="0" /><Point X="424" Y="362" T="0" /><Point X="437" Y="360" T="0" /><Point X="449" Y="360" T="0" /><Point X="459" Y="358" T="0" /><Point X="469" Y="358" T="0" /><Point X="476" Y="357" T="0" /><Point X="482" Y="357" T="0" /><Point X="487" Y="358" T="0" /><Point X="489" Y="358" T="0" /><Point X="492" Y="359" T="0" /><Point X="493" Y="360" T="0" /><Point X="495" Y="360" T="0" /><Point X="495" Y="361" T="0" /><Point X="495" Y="362" T="0" /><Point X="495" Y="364" T="0" /><Point X="493" Y="367" T="0" /><Point X="488" Y="372" T="0" /><Point X="482" Y="376" T="0" /><Point X="474" Y="381" T="0" /><Point X="466" Y="387" T="0" /><Point X="456" Y="392" T="0" /><Point X="447" Y="398" T="0" /><Point X="436" Y="404" T="0" /><Point X="426" Y="409" T="0" /><Point X="416" Y="414" T="0" /><Point X="405" Y="420" T="0" /><Point X="395" Y="426" T="0" /><Point X="385" Y="431" T="0" /><Point X="375" Y="436" T="0" /><Point X="364" Y="441" T="0" /><Point X="354" Y="447" T="0" /><Point X="344" Y="452" T="0" /><Point X="333" Y="458" T="0" /><Point X="323" Y="463" T="0" /><Point X="313" Y="468" T="0" /><Point X="305" Y="473" T="0" /><Point X="296" Y="476" T="0" /><Point X="289" Y="480" T="0" /><Point X="281" Y="484" T="0" /><Point X="275" Y="487" T="0" /><Point X="269" Y="490" T="0" /><Point X="263" Y="493" T="0" /><Point X="258" Y="496" T="0" /><Point X="253" Y="500" T="0" /><Point X="249" Y="502" T="0" /><Point X="246" Y="504" T="0" /><Point X="243" Y="506" T="0" /><Point X="241" Y="508" T="0" /><Point X="239" Y="510" T="0" /><Point X="237" Y="511" T="0" /><Point X="235" Y="512" T="0" /><Point X="234" Y="514" T="0" /><Point X="233" Y="515" T="0" /><Point X="233" Y="516" T="0" /><Point X="232" Y="517" T="0" /><Point X="231" Y="517" T="0" /></Gesture>