<Gesture Name="star" Subject="1" Number="1" NumPts="154" Millseconds="0" AppName="Gestures" AppVer="1.0" Date="Wednesday, March 01, 2023" TimeOfDay="17:00:45" ID="2"><Point X="298" Y="518" T="0" /><Point X="303" Y="501" T="0" /><Point X="309" Y="484" T="0" /><Point X="314" Y="465" T="0" /><Point X="319" Y="445" T="0" /><Point X="324" Y="425" T="0" /><Point X="330" Y="403" T="0" /><Point X="335" Y="381" T="0" /><Point X="341" Y="357" T="0" /><Point X="347" Y="334" T="0" /><Point X="353" Y="311" T="0" /><Point X="359" Y="288" T="0" /><Point X="365" Y="266" T="0" /><Point X="370" Y="245" T="0" /><Point X="374" Y="225" T="0" /><Point X="379" Y="210" T="0" /><Point X="383" Y="197" T="0" /><Point X="386" Y="187" T="0" /><Point X="389" Y="180" T="0" /><Point X="392" Y="175" T="0" /><Point X="394" Y="173" T="0" /><Point X="396" Y="172" T="0" /><Point X="399" Y="173" T="0" /><Point X="403" Y="178" T="0" /><Point X="408" Y="189" T="0" /><Point X="412" Y="204" T="0" /><Point X="415" Y="222" T="0" /><Point X="418" Y="241" T="0" /><Point X="421" Y="263" T="0" /><Point X="425" Y="285" T="0" /><Point X="430" Y="307" T="0" /><Point X="435" Y="331" T="0" /><Point X="440" Y="355" T="0" /><Point X="446" Y="378" T="0" /><Point X="452" Y="402" T="0" /><Point X="457" Y="426" T="0" /><Point X="463" Y="449" T="0" /><Point X="469" Y="473" T="0" /><Point X="475" Y="497" T="0" /><Point X="480" Y="518" T="0" /><Point X="484" Y="538" T="0" /><Point X="488" Y="555" T="0" /><Point X="492" Y="569" T="0" /><Point X="495" Y="579" T="0" /><Point X="498" Y="587" T="0" /><Point X="500" Y="592" T="0" /><Point X="502" Y="596" T="0" /><Point X="503" Y="597" T="0" /><Point X="504" Y="599" T="0" /><Point X="504" Y="597" T="0" /><Point X="502" Y="593" T="0" /><Point X="498" Y="584" T="0" /><Point X="492" Y="573" T="0" /><Point X="485" Y="561" T="0" /><Point X="477" Y="549" T="0" /><Point X="468" Y="536" T="0" /><Point X="459" Y="523" T="0" /><Point X="449" Y="509" T="0" /><Point X="438" Y="495" T="0" /><Point X="427" Y="481" T="0" /><Point X="416" Y="468" T="0" /><Point X="404" Y="454" T="0" /><Point X="393" Y="441" T="0" /><Point X="381" Y="427" T="0" /><Point X="369" Y="415" T="0" /><Point X="357" Y="404" T="0" /><Point X="345" Y="393" T="0" /><Point X="334" Y="383" T="0" /><Point X="324" Y="373" T="0" /><Point X="312" Y="365" T="0" /><Point X="302" Y="357" T="0" /><Point X="292" Y="350" T="0" /><Point X="282" Y="344" T="0" /><Point X="272" Y="339" T="0" /><Point X="264" Y="334" T="0" /><Point X="256" Y="331" T="0" /><Point X="249" Y="328" T="0" /><Point X="244" Y="325" T="0" /><Point X="239" Y="323" T="0" /><Point X="235" Y="321" T="0" /><Point X="232" Y="319" T="0" /><Point X="229" Y="318" T="0" /><Point X="227" Y="317" T="0" /><Point X="226" Y="317" T="0" /><Point X="226" Y="316" T="0" /><Point X="225" Y="316" T="0" /><Point X="226" Y="316" T="0" /><Point X="229" Y="316" T="0" /><Point X="236" Y="315" T="0" /><Point X="246" Y="315" T="0" /><Point X="257" Y="314" T="0" /><Point X="270" Y="313" T="0" /><Point X="286" Y="313" T="0" /><Point X="301" Y="312" T="0" /><Point X="318" Y="311" T="0" /><Point X="336" Y="311" T="0" /><Point X="353" Y="310" T="0" /><Point X="371" Y="310" T="0" /><Point X="390" Y="309" T="0" /><Point X="408" Y="308" T="0" /><Point X="426" Y="307" T="0" /><Point X="445" Y="306" T="0" /><Point X="462" Y="305" T="0" /><Point X="480" Y="305" T="0" /><Point X="498" Y="305" T="0" /><Point X="516" Y="304" T="0" /><Point X="532" Y="304" T="0" /><Point X="546" Y="303" T="0" /><Point X="557" Y="304" T="0" /><Point X="567" Y="304" T="0" /><Point X="574" Y="305" T="0" /><Point X="579" Y="306" T="0" /><Point X="582" Y="307" T="0" /><Point X="584" Y="309" T="0" /><Point X="585" Y="310" T="0" /><Point X="586" Y="311" T="0" /><Point X="584" Y="315" T="0" /><Point X="580" Y="319" T="0" /><Point X="572" Y="325" T="0" /><Point X="561" Y="332" T="0" /><Point X="547" Y="339" T="0" /><Point X="532" Y="347" T="0" /><Point X="516" Y="355" T="0" /><Point X="501" Y="363" T="0" /><Point X="486" Y="371" T="0" /><Point X="472" Y="379" T="0" /><Point X="459" Y="387" T="0" /><Point X="446" Y="396" T="0" /><Point X="432" Y="404" T="0" /><Point X="418" Y="413" T="0" /><Point X="405" Y="421" T="0" /><Point X="392" Y="430" T="0" /><Point X="378" Y="439" T="0" /><Point X="366" Y="446" T="0" /><Point X="357" Y="454" T="0" /><Point X="349" Y="460" T="0" /><Point X="342" Y="467" T="0" /><Point X="335" Y="473" T="0" /><Point X="329" Y="479" T="0" /><Point X="323" Y="485" T="0" /><Point X="318" Y="491" T="0" /><Point X="314" Y="496" T="0" /><Point X="310" Y="501" T="0" /><Point X="306" Y="505" T="0" /><Point X="303" Y="509" T="0" /><Point X="301" Y="513" T="0" /><Point X="299" Y="516" T="0" /><Point X="298" Y="519" T="0" /><Point X="297" Y="521" T="0" /><Point X="296" Y="524" T="0" /><Point X="294" Y="526" T="0" /><Point X="294" Y="527" T="0" /><Point X="294" Y="529" T="0" /><Point X="293" Y="529" T="0" /></Gesture>