<Gesture Name="star" Subject="1" Number="1" NumPts="230" Millseconds="0" AppName="Gestures" AppVer="1.0" Date="Wednesday, March 01, 2023" TimeOfDay="17:11:11" ID="10"><Point X="183" Y="586" T="0" /><Point X="186" Y="580" T="0" /><Point X="191" Y="573" T="0" /><Point X="196" Y="566" T="0" /><Point X="202" Y="558" T="0" /><Point X="207" Y="550" T="0" /><Point X="213" Y="542" T="0" /><Point X="217" Y="535" T="0" /><Point X="221" Y="527" T="0" /><Point X="227" Y="519" T="0" /><Point X="233" Y="510" T="0" /><Point X="239" Y="499" T="0" /><Point X="245" Y="488" T="0" /><Point X="251" Y="478" T="0" /><Point X="258" Y="467" T="0" /><Point X="265" Y="456" T="0" /><Point X="272" Y="444" T="0" /><Point X="279" Y="433" T="0" /><Point X="287" Y="421" T="0" /><Point X="294" Y="409" T="0" /><Point X="301" Y="398" T="0" /><Point X="308" Y="386" T="0" /><Point X="315" Y="374" T="0" /><Point X="322" Y="362" T="0" /><Point X="328" Y="352" T="0" /><Point X="335" Y="341" T="0" /><Point X="341" Y="331" T="0" /><Point X="347" Y="320" T="0" /><Point X="354" Y="308" T="0" /><Point X="359" Y="298" T="0" /><Point X="364" Y="289" T="0" /><Point X="369" Y="280" T="0" /><Point X="373" Y="272" T="0" /><Point X="377" Y="265" T="0" /><Point X="380" Y="258" T="0" /><Point X="383" Y="252" T="0" /><Point X="385" Y="248" T="0" /><Point X="388" Y="245" T="0" /><Point X="389" Y="242" T="0" /><Point X="391" Y="240" T="0" /><Point X="392" Y="238" T="0" /><Point X="393" Y="237" T="0" /><Point X="393" Y="236" T="0" /><Point X="394" Y="236" T="0" /><Point X="395" Y="238" T="0" /><Point X="396" Y="240" T="0" /><Point X="397" Y="243" T="0" /><Point X="398" Y="248" T="0" /><Point X="399" Y="253" T="0" /><Point X="401" Y="260" T="0" /><Point X="402" Y="267" T="0" /><Point X="403" Y="276" T="0" /><Point X="403" Y="285" T="0" /><Point X="404" Y="294" T="0" /><Point X="405" Y="306" T="0" /><Point X="406" Y="317" T="0" /><Point X="407" Y="328" T="0" /><Point X="407" Y="340" T="0" /><Point X="408" Y="352" T="0" /><Point X="408" Y="365" T="0" /><Point X="408" Y="378" T="0" /><Point X="409" Y="392" T="0" /><Point X="409" Y="406" T="0" /><Point X="409" Y="421" T="0" /><Point X="409" Y="436" T="0" /><Point X="410" Y="450" T="0" /><Point X="410" Y="464" T="0" /><Point X="410" Y="478" T="0" /><Point X="410" Y="492" T="0" /><Point X="411" Y="504" T="0" /><Point X="411" Y="517" T="0" /><Point X="411" Y="529" T="0" /><Point X="411" Y="541" T="0" /><Point X="412" Y="553" T="0" /><Point X="413" Y="564" T="0" /><Point X="413" Y="574" T="0" /><Point X="413" Y="582" T="0" /><Point X="414" Y="589" T="0" /><Point X="415" Y="596" T="0" /><Point X="415" Y="600" T="0" /><Point X="415" Y="606" T="0" /><Point X="415" Y="610" T="0" /><Point X="415" Y="612" T="0" /><Point X="415" Y="614" T="0" /><Point X="415" Y="616" T="0" /><Point X="415" Y="617" T="0" /><Point X="415" Y="618" T="0" /><Point X="413" Y="617" T="0" /><Point X="411" Y="614" T="0" /><Point X="407" Y="610" T="0" /><Point X="403" Y="606" T="0" /><Point X="398" Y="599" T="0" /><Point X="393" Y="593" T="0" /><Point X="387" Y="586" T="0" /><Point X="380" Y="578" T="0" /><Point X="374" Y="570" T="0" /><Point X="367" Y="563" T="0" /><Point X="360" Y="554" T="0" /><Point X="352" Y="546" T="0" /><Point X="345" Y="539" T="0" /><Point X="336" Y="530" T="0" /><Point X="327" Y="522" T="0" /><Point X="318" Y="514" T="0" /><Point X="309" Y="507" T="0" /><Point X="299" Y="499" T="0" /><Point X="290" Y="491" T="0" /><Point X="280" Y="484" T="0" /><Point X="271" Y="476" T="0" /><Point X="261" Y="470" T="0" /><Point X="252" Y="462" T="0" /><Point X="242" Y="457" T="0" /><Point X="234" Y="451" T="0" /><Point X="225" Y="446" T="0" /><Point X="217" Y="442" T="0" /><Point X="209" Y="437" T="0" /><Point X="202" Y="433" T="0" /><Point X="195" Y="429" T="0" /><Point X="189" Y="426" T="0" /><Point X="184" Y="424" T="0" /><Point X="179" Y="422" T="0" /><Point X="176" Y="420" T="0" /><Point X="173" Y="418" T="0" /><Point X="171" Y="416" T="0" /><Point X="169" Y="415" T="0" /><Point X="168" Y="414" T="0" /><Point X="167" Y="414" T="0" /><Point X="167" Y="413" T="0" /><Point X="166" Y="412" T="0" /><Point X="167" Y="412" T="0" /><Point X="168" Y="412" T="0" /><Point X="171" Y="410" T="0" /><Point X="179" Y="408" T="0" /><Point X="189" Y="406" T="0" /><Point X="201" Y="404" T="0" /><Point X="214" Y="402" T="0" /><Point X="229" Y="400" T="0" /><Point X="245" Y="398" T="0" /><Point X="261" Y="397" T="0" /><Point X="277" Y="395" T="0" /><Point X="295" Y="393" T="0" /><Point X="313" Y="391" T="0" /><Point X="330" Y="389" T="0" /><Point X="347" Y="388" T="0" /><Point X="365" Y="386" T="0" /><Point X="383" Y="384" T="0" /><Point X="400" Y="382" T="0" /><Point X="417" Y="380" T="0" /><Point X="434" Y="378" T="0" /><Point X="449" Y="377" T="0" /><Point X="464" Y="376" T="0" /><Point X="477" Y="374" T="0" /><Point X="490" Y="374" T="0" /><Point X="503" Y="372" T="0" /><Point X="515" Y="372" T="0" /><Point X="523" Y="371" T="0" /><Point X="532" Y="370" T="0" /><Point X="539" Y="370" T="0" /><Point X="545" Y="370" T="0" /><Point X="549" Y="370" T="0" /><Point X="553" Y="371" T="0" /><Point X="556" Y="372" T="0" /><Point X="557" Y="372" T="0" /><Point X="559" Y="373" T="0" /><Point X="560" Y="374" T="0" /><Point X="561" Y="374" T="0" /><Point X="561" Y="375" T="0" /><Point X="561" Y="376" T="0" /><Point X="561" Y="377" T="0" /><Point X="560" Y="379" T="0" /><Point X="557" Y="382" T="0" /><Point X="549" Y="386" T="0" /><Point X="539" Y="390" T="0" /><Point X="527" Y="396" T="0" /><Point X="517" Y="401" T="0" /><Point X="507" Y="406" T="0" /><Point X="496" Y="410" T="0" /><Point X="485" Y="416" T="0" /><Point X="472" Y="421" T="0" /><Point X="459" Y="428" T="0" /><Point X="447" Y="434" T="0" /><Point X="435" Y="440" T="0" /><Point X="425" Y="445" T="0" /><Point X="414" Y="451" T="0" /><Point X="402" Y="457" T="0" /><Point X="391" Y="463" T="0" /><Point X="381" Y="468" T="0" /><Point X="370" Y="474" T="0" /><Point X="360" Y="479" T="0" /><Point X="350" Y="485" T="0" /><Point X="340" Y="490" T="0" /><Point X="330" Y="496" T="0" /><Point X="321" Y="500" T="0" /><Point X="311" Y="506" T="0" /><Point X="302" Y="511" T="0" /><Point X="293" Y="515" T="0" /><Point X="286" Y="520" T="0" /><Point X="278" Y="526" T="0" /><Point X="271" Y="529" T="0" /><Point X="265" Y="533" T="0" /><Point X="259" Y="537" T="0" /><Point X="255" Y="540" T="0" /><Point X="248" Y="545" T="0" /><Point X="242" Y="549" T="0" /><Point X="238" Y="553" T="0" /><Point X="233" Y="556" T="0" /><Point X="229" Y="560" T="0" /><Point X="226" Y="564" T="0" /><Point X="223" Y="567" T="0" /><Point X="219" Y="570" T="0" /><Point X="215" Y="572" T="0" /><Point X="212" Y="575" T="0" /><Point X="209" Y="578" T="0" /><Point X="205" Y="580" T="0" /><Point X="203" Y="582" T="0" /><Point X="201" Y="585" T="0" /><Point X="199" Y="588" T="0" /><Point X="197" Y="590" T="0" /><Point X="195" Y="592" T="0" /><Point X="193" Y="594" T="0" /><Point X="191" Y="596" T="0" /><Point X="189" Y="596" T="0" /><Point X="187" Y="598" T="0" /><Point X="185" Y="600" T="0" /><Point X="183" Y="601" T="0" /><Point X="181" Y="602" T="0" /><Point X="180" Y="604" T="0" /><Point X="179" Y="605" T="0" /><Point X="177" Y="606" T="0" /><Point X="175" Y="607" T="0" /><Point X="174" Y="608" T="0" /></Gesture>