<Gesture Name="triangle" Subject="1" Number="1" NumPts="136" Millseconds="0" AppName="Gestures" AppVer="1.0" Date="Wednesday, March 01, 2023" TimeOfDay="16:58:13" ID="1"><Point X="341" Y="204" T="0" /><Point X="339" Y="208" T="0" /><Point X="336" Y="213" T="0" /><Point X="333" Y="218" T="0" /><Point X="330" Y="224" T="0" /><Point X="325" Y="231" T="0" /><Point X="320" Y="238" T="0" /><Point X="315" Y="246" T="0" /><Point X="310" Y="254" T="0" /><Point X="303" Y="263" T="0" /><Point X="297" Y="272" T="0" /><Point X="289" Y="281" T="0" /><Point X="282" Y="291" T="0" /><Point X="275" Y="300" T="0" /><Point X="268" Y="308" T="0" /><Point X="262" Y="315" T="0" /><Point X="257" Y="323" T="0" /><Point X="251" Y="329" T="0" /><Point X="247" Y="335" T="0" /><Point X="243" Y="341" T="0" /><Point X="238" Y="347" T="0" /><Point X="234" Y="352" T="0" /><Point X="229" Y="359" T="0" /><Point X="224" Y="365" T="0" /><Point X="219" Y="371" T="0" /><Point X="214" Y="377" T="0" /><Point X="208" Y="383" T="0" /><Point X="203" Y="390" T="0" /><Point X="197" Y="397" T="0" /><Point X="193" Y="401" T="0" /><Point X="189" Y="406" T="0" /><Point X="186" Y="410" T="0" /><Point X="183" Y="413" T="0" /><Point X="181" Y="416" T="0" /><Point X="179" Y="418" T="0" /><Point X="177" Y="420" T="0" /><Point X="176" Y="422" T="0" /><Point X="175" Y="423" T="0" /><Point X="175" Y="424" T="0" /><Point X="174" Y="425" T="0" /><Point X="173" Y="425" T="0" /><Point X="174" Y="425" T="0" /><Point X="177" Y="425" T="0" /><Point X="183" Y="425" T="0" /><Point X="191" Y="424" T="0" /><Point X="200" Y="423" T="0" /><Point X="210" Y="421" T="0" /><Point X="220" Y="420" T="0" /><Point X="229" Y="419" T="0" /><Point X="239" Y="418" T="0" /><Point X="250" Y="417" T="0" /><Point X="260" Y="416" T="0" /><Point X="271" Y="415" T="0" /><Point X="282" Y="413" T="0" /><Point X="294" Y="412" T="0" /><Point X="305" Y="411" T="0" /><Point X="317" Y="410" T="0" /><Point X="328" Y="409" T="0" /><Point X="339" Y="408" T="0" /><Point X="351" Y="407" T="0" /><Point X="362" Y="406" T="0" /><Point X="373" Y="405" T="0" /><Point X="384" Y="403" T="0" /><Point X="395" Y="402" T="0" /><Point X="406" Y="401" T="0" /><Point X="416" Y="400" T="0" /><Point X="426" Y="399" T="0" /><Point X="435" Y="399" T="0" /><Point X="444" Y="398" T="0" /><Point X="453" Y="397" T="0" /><Point X="461" Y="396" T="0" /><Point X="469" Y="395" T="0" /><Point X="476" Y="395" T="0" /><Point X="482" Y="394" T="0" /><Point X="488" Y="394" T="0" /><Point X="494" Y="393" T="0" /><Point X="498" Y="393" T="0" /><Point X="502" Y="393" T="0" /><Point X="506" Y="393" T="0" /><Point X="508" Y="393" T="0" /><Point X="510" Y="393" T="0" /><Point X="511" Y="393" T="0" /><Point X="512" Y="393" T="0" /><Point X="513" Y="392" T="0" /><Point X="513" Y="391" T="0" /><Point X="512" Y="389" T="0" /><Point X="511" Y="387" T="0" /><Point X="509" Y="384" T="0" /><Point X="506" Y="381" T="0" /><Point X="504" Y="379" T="0" /><Point X="500" Y="375" T="0" /><Point X="497" Y="372" T="0" /><Point X="492" Y="367" T="0" /><Point X="488" Y="364" T="0" /><Point X="484" Y="359" T="0" /><Point X="480" Y="354" T="0" /><Point X="475" Y="349" T="0" /><Point X="470" Y="343" T="0" /><Point X="466" Y="337" T="0" /><Point X="460" Y="331" T="0" /><Point X="455" Y="325" T="0" /><Point X="450" Y="319" T="0" /><Point X="445" Y="313" T="0" /><Point X="439" Y="306" T="0" /><Point X="434" Y="300" T="0" /><Point X="430" Y="293" T="0" /><Point X="425" Y="287" T="0" /><Point X="420" Y="281" T="0" /><Point X="415" Y="275" T="0" /><Point X="410" Y="269" T="0" /><Point X="404" Y="263" T="0" /><Point X="398" Y="257" T="0" /><Point X="394" Y="252" T="0" /><Point X="390" Y="247" T="0" /><Point X="384" Y="242" T="0" /><Point X="380" Y="237" T="0" /><Point X="376" Y="233" T="0" /><Point X="372" Y="229" T="0" /><Point X="368" Y="225" T="0" /><Point X="364" Y="222" T="0" /><Point X="361" Y="218" T="0" /><Point X="358" Y="215" T="0" /><Point X="355" Y="213" T="0" /><Point X="352" Y="210" T="0" /><Point X="350" Y="208" T="0" /><Point X="348" Y="206" T="0" /><Point X="346" Y="204" T="0" /><Point X="345" Y="203" T="0" /><Point X="344" Y="201" T="0" /><Point X="342" Y="200" T="0" /><Point X="342" Y="199" T="0" /><Point X="341" Y="198" T="0" /><Point X="341" Y="197" T="0" /><Point X="340" Y="197" T="0" /><Point X="340" Y="196" T="0" /><Point X="339" Y="195" T="0" /></Gesture>