<Gesture Name="triangle" Subject="1" Number="1" NumPts="149" Millseconds="0" AppName="Gestures" AppVer="1.0" Date="Wednesday, March 01, 2023" TimeOfDay="17:03:23" ID="4"><Point X="351" Y="246" T="0" /><Point X="347" Y="250" T="0" /><Point X="343" Y="254" T="0" /><Point X="338" Y="258" T="0" /><Point X="333" Y="264" T="0" /><Point X="327" Y="270" T="0" /><Point X="319" Y="278" T="0" /><Point X="313" Y="285" T="0" /><Point X="305" Y="294" T="0" /><Point X="296" Y="304" T="0" /><Point X="288" Y="312" T="0" /><Point X="279" Y="322" T="0" /><Point X="270" Y="332" T="0" /><Point X="260" Y="342" T="0" /><Point X="251" Y="351" T="0" /><Point X="241" Y="360" T="0" /><Point X="233" Y="369" T="0" /><Point X="225" Y="378" T="0" /><Point X="217" Y="386" T="0" /><Point X="208" Y="394" T="0" /><Point X="201" Y="402" T="0" /><Point X="193" Y="409" T="0" /><Point X="187" Y="417" T="0" /><Point X="181" Y="424" T="0" /><Point X="175" Y="432" T="0" /><Point X="169" Y="440" T="0" /><Point X="163" Y="447" T="0" /><Point X="157" Y="454" T="0" /><Point X="153" Y="461" T="0" /><Point X="149" Y="466" T="0" /><Point X="146" Y="470" T="0" /><Point X="143" Y="474" T="0" /><Point X="141" Y="478" T="0" /><Point X="139" Y="480" T="0" /><Point X="137" Y="483" T="0" /><Point X="136" Y="484" T="0" /><Point X="135" Y="486" T="0" /><Point X="135" Y="487" T="0" /><Point X="134" Y="488" T="0" /><Point X="133" Y="489" T="0" /><Point X="134" Y="490" T="0" /><Point X="135" Y="491" T="0" /><Point X="137" Y="492" T="0" /><Point X="140" Y="492" T="0" /><Point X="145" Y="493" T="0" /><Point X="152" Y="493" T="0" /><Point X="160" Y="493" T="0" /><Point X="169" Y="493" T="0" /><Point X="179" Y="493" T="0" /><Point X="188" Y="493" T="0" /><Point X="199" Y="493" T="0" /><Point X="210" Y="493" T="0" /><Point X="221" Y="492" T="0" /><Point X="234" Y="492" T="0" /><Point X="246" Y="492" T="0" /><Point X="259" Y="490" T="0" /><Point X="273" Y="489" T="0" /><Point X="287" Y="488" T="0" /><Point X="302" Y="486" T="0" /><Point X="316" Y="483" T="0" /><Point X="331" Y="481" T="0" /><Point X="345" Y="479" T="0" /><Point X="358" Y="477" T="0" /><Point X="370" Y="476" T="0" /><Point X="381" Y="475" T="0" /><Point X="393" Y="474" T="0" /><Point X="403" Y="473" T="0" /><Point X="413" Y="472" T="0" /><Point X="423" Y="470" T="0" /><Point X="432" Y="469" T="0" /><Point X="441" Y="467" T="0" /><Point X="451" Y="465" T="0" /><Point X="458" Y="463" T="0" /><Point X="465" Y="462" T="0" /><Point X="470" Y="461" T="0" /><Point X="475" Y="460" T="0" /><Point X="479" Y="459" T="0" /><Point X="482" Y="458" T="0" /><Point X="485" Y="458" T="0" /><Point X="487" Y="457" T="0" /><Point X="488" Y="456" T="0" /><Point X="489" Y="456" T="0" /><Point X="491" Y="455" T="0" /><Point X="491" Y="454" T="0" /><Point X="492" Y="454" T="0" /><Point X="493" Y="453" T="0" /><Point X="493" Y="452" T="0" /><Point X="493" Y="450" T="0" /><Point X="493" Y="449" T="0" /><Point X="493" Y="448" T="0" /><Point X="492" Y="447" T="0" /><Point X="491" Y="445" T="0" /><Point X="490" Y="442" T="0" /><Point X="489" Y="440" T="0" /><Point X="487" Y="436" T="0" /><Point X="485" Y="432" T="0" /><Point X="483" Y="428" T="0" /><Point X="480" Y="424" T="0" /><Point X="477" Y="419" T="0" /><Point X="475" Y="415" T="0" /><Point X="472" Y="410" T="0" /><Point X="469" Y="406" T="0" /><Point X="467" Y="402" T="0" /><Point X="463" Y="397" T="0" /><Point X="461" Y="393" T="0" /><Point X="457" Y="390" T="0" /><Point X="454" Y="386" T="0" /><Point X="451" Y="381" T="0" /><Point X="448" Y="376" T="0" /><Point X="445" Y="371" T="0" /><Point X="441" Y="365" T="0" /><Point X="438" Y="360" T="0" /><Point X="435" Y="354" T="0" /><Point X="432" Y="350" T="0" /><Point X="429" Y="345" T="0" /><Point X="425" Y="340" T="0" /><Point X="423" Y="336" T="0" /><Point X="419" Y="333" T="0" /><Point X="417" Y="328" T="0" /><Point X="413" Y="325" T="0" /><Point X="411" Y="322" T="0" /><Point X="407" Y="319" T="0" /><Point X="405" Y="315" T="0" /><Point X="401" Y="311" T="0" /><Point X="399" Y="308" T="0" /><Point X="397" Y="303" T="0" /><Point X="394" Y="299" T="0" /><Point X="392" Y="296" T="0" /><Point X="389" Y="292" T="0" /><Point X="387" Y="289" T="0" /><Point X="385" Y="286" T="0" /><Point X="383" Y="282" T="0" /><Point X="380" Y="280" T="0" /><Point X="379" Y="276" T="0" /><Point X="377" Y="274" T="0" /><Point X="375" Y="271" T="0" /><Point X="373" Y="268" T="0" /><Point X="371" Y="267" T="0" /><Point X="369" Y="264" T="0" /><Point X="368" Y="262" T="0" /><Point X="367" Y="260" T="0" /><Point X="366" Y="258" T="0" /><Point X="365" Y="255" T="0" /><Point X="364" Y="254" T="0" /><Point X="363" Y="252" T="0" /><Point X="363" Y="250" T="0" /><Point X="362" Y="248" T="0" /><Point X="361" Y="246" T="0" /><Point X="361" Y="245" T="0" /></Gesture>