<Gesture Name="triangle" Subject="1" Number="1" NumPts="126" Millseconds="0" AppName="Gestures" AppVer="1.0" Date="Wednesday, March 01, 2023" TimeOfDay="17:08:49" ID="9"><Point X="381" Y="209" T="0" /><Point X="372" Y="220" T="0" /><Point X="362" Y="230" T="0" /><Point X="351" Y="242" T="0" /><Point X="339" Y="255" T="0" /><Point X="327" Y="268" T="0" /><Point X="314" Y="282" T="0" /><Point X="302" Y="296" T="0" /><Point X="291" Y="311" T="0" /><Point X="279" Y="327" T="0" /><Point X="266" Y="344" T="0" /><Point X="251" Y="360" T="0" /><Point X="237" Y="376" T="0" /><Point X="221" Y="392" T="0" /><Point X="205" Y="408" T="0" /><Point X="192" Y="424" T="0" /><Point X="179" Y="440" T="0" /><Point X="165" Y="455" T="0" /><Point X="151" Y="469" T="0" /><Point X="137" Y="482" T="0" /><Point X="125" Y="494" T="0" /><Point X="114" Y="503" T="0" /><Point X="105" Y="511" T="0" /><Point X="97" Y="517" T="0" /><Point X="91" Y="523" T="0" /><Point X="87" Y="527" T="0" /><Point X="84" Y="530" T="0" /><Point X="82" Y="533" T="0" /><Point X="81" Y="534" T="0" /><Point X="81" Y="536" T="0" /><Point X="80" Y="537" T="0" /><Point X="79" Y="538" T="0" /><Point X="80" Y="539" T="0" /><Point X="81" Y="540" T="0" /><Point X="85" Y="540" T="0" /><Point X="93" Y="540" T="0" /><Point X="103" Y="538" T="0" /><Point X="116" Y="536" T="0" /><Point X="129" Y="532" T="0" /><Point X="145" Y="528" T="0" /><Point X="161" Y="525" T="0" /><Point X="179" Y="522" T="0" /><Point X="197" Y="518" T="0" /><Point X="217" Y="514" T="0" /><Point X="237" Y="512" T="0" /><Point X="257" Y="508" T="0" /><Point X="278" Y="506" T="0" /><Point X="299" Y="503" T="0" /><Point X="321" Y="500" T="0" /><Point X="342" Y="497" T="0" /><Point X="363" Y="494" T="0" /><Point X="386" Y="491" T="0" /><Point X="409" Y="488" T="0" /><Point X="433" Y="486" T="0" /><Point X="455" Y="484" T="0" /><Point X="478" Y="482" T="0" /><Point X="501" Y="480" T="0" /><Point X="522" Y="478" T="0" /><Point X="542" Y="477" T="0" /><Point X="561" Y="476" T="0" /><Point X="578" Y="476" T="0" /><Point X="594" Y="475" T="0" /><Point X="609" Y="474" T="0" /><Point X="623" Y="474" T="0" /><Point X="635" Y="474" T="0" /><Point X="646" Y="474" T="0" /><Point X="656" Y="473" T="0" /><Point X="664" Y="472" T="0" /><Point X="671" Y="472" T="0" /><Point X="676" Y="472" T="0" /><Point X="680" Y="472" T="0" /><Point X="682" Y="472" T="0" /><Point X="684" Y="472" T="0" /><Point X="685" Y="472" T="0" /><Point X="687" Y="472" T="0" /><Point X="687" Y="471" T="0" /><Point X="687" Y="470" T="0" /><Point X="685" Y="467" T="0" /><Point X="683" Y="464" T="0" /><Point X="679" Y="460" T="0" /><Point X="673" Y="456" T="0" /><Point X="667" Y="452" T="0" /><Point X="659" Y="447" T="0" /><Point X="651" Y="443" T="0" /><Point X="643" Y="438" T="0" /><Point X="635" Y="432" T="0" /><Point X="627" Y="427" T="0" /><Point X="618" Y="422" T="0" /><Point X="610" Y="416" T="0" /><Point X="601" Y="409" T="0" /><Point X="593" Y="402" T="0" /><Point X="585" Y="395" T="0" /><Point X="576" Y="388" T="0" /><Point X="568" Y="380" T="0" /><Point X="560" Y="372" T="0" /><Point X="552" Y="364" T="0" /><Point X="544" Y="356" T="0" /><Point X="537" Y="348" T="0" /><Point X="528" Y="341" T="0" /><Point X="520" Y="334" T="0" /><Point X="511" Y="326" T="0" /><Point X="503" Y="319" T="0" /><Point X="495" Y="310" T="0" /><Point X="487" Y="302" T="0" /><Point X="481" Y="294" T="0" /><Point X="473" Y="286" T="0" /><Point X="468" Y="278" T="0" /><Point X="461" Y="270" T="0" /><Point X="455" Y="262" T="0" /><Point X="450" Y="254" T="0" /><Point X="444" Y="247" T="0" /><Point X="438" Y="240" T="0" /><Point X="433" Y="233" T="0" /><Point X="428" Y="226" T="0" /><Point X="423" Y="220" T="0" /><Point X="419" Y="214" T="0" /><Point X="415" Y="208" T="0" /><Point X="410" Y="204" T="0" /><Point X="405" Y="199" T="0" /><Point X="402" Y="195" T="0" /><Point X="399" Y="192" T="0" /><Point X="397" Y="188" T="0" /><Point X="395" Y="186" T="0" /><Point X="394" Y="184" T="0" /><Point X="393" Y="182" T="0" /><Point X="392" Y="181" T="0" /></Gesture>