<Gesture Name="triangle" Subject="1" Number="1" NumPts="123" Millseconds="0" AppName="Gestures" AppVer="1.0" Date="Wednesday, March 01, 2023" TimeOfDay="17:10:20" ID="10"><Point X="363" Y="203" T="0" /><Point X="358" Y="210" T="0" /><Point X="353" Y="218" T="0" /><Point X="347" Y="226" T="0" /><Point X="342" Y="234" T="0" /><Point X="335" Y="243" T="0" /><Point X="329" Y="252" T="0" /><Point X="323" Y="261" T="0" /><Point X="315" Y="270" T="0" /><Point X="306" Y="280" T="0" /><Point X="297" Y="290" T="0" /><Point X="287" Y="301" T="0" /><Point X="276" Y="311" T="0" /><Point X="266" Y="322" T="0" /><Point X="256" Y="332" T="0" /><Point X="245" Y="343" T="0" /><Point X="237" Y="352" T="0" /><Point X="227" Y="360" T="0" /><Point X="219" Y="370" T="0" /><Point X="209" Y="378" T="0" /><Point X="201" Y="386" T="0" /><Point X="194" Y="394" T="0" /><Point X="187" Y="402" T="0" /><Point X="181" Y="408" T="0" /><Point X="175" Y="413" T="0" /><Point X="170" Y="418" T="0" /><Point X="166" Y="423" T="0" /><Point X="163" Y="428" T="0" /><Point X="159" Y="431" T="0" /><Point X="157" Y="435" T="0" /><Point X="155" Y="438" T="0" /><Point X="153" Y="440" T="0" /><Point X="153" Y="443" T="0" /><Point X="152" Y="444" T="0" /><Point X="151" Y="445" T="0" /><Point X="151" Y="446" T="0" /><Point X="151" Y="448" T="0" /><Point X="152" Y="448" T="0" /><Point X="153" Y="450" T="0" /><Point X="156" Y="450" T="0" /><Point X="160" Y="451" T="0" /><Point X="167" Y="451" T="0" /><Point X="175" Y="450" T="0" /><Point X="184" Y="449" T="0" /><Point X="194" Y="447" T="0" /><Point X="206" Y="444" T="0" /><Point X="220" Y="442" T="0" /><Point X="234" Y="439" T="0" /><Point X="249" Y="436" T="0" /><Point X="264" Y="432" T="0" /><Point X="279" Y="429" T="0" /><Point X="295" Y="427" T="0" /><Point X="311" Y="424" T="0" /><Point X="327" Y="421" T="0" /><Point X="344" Y="418" T="0" /><Point X="361" Y="416" T="0" /><Point X="378" Y="413" T="0" /><Point X="395" Y="410" T="0" /><Point X="412" Y="407" T="0" /><Point X="429" Y="404" T="0" /><Point X="445" Y="402" T="0" /><Point X="461" Y="399" T="0" /><Point X="475" Y="396" T="0" /><Point X="489" Y="394" T="0" /><Point X="503" Y="392" T="0" /><Point X="515" Y="390" T="0" /><Point X="525" Y="388" T="0" /><Point X="535" Y="386" T="0" /><Point X="543" Y="384" T="0" /><Point X="551" Y="382" T="0" /><Point X="556" Y="380" T="0" /><Point X="561" Y="378" T="0" /><Point X="565" Y="376" T="0" /><Point X="569" Y="374" T="0" /><Point X="571" Y="372" T="0" /><Point X="573" Y="370" T="0" /><Point X="574" Y="368" T="0" /><Point X="575" Y="366" T="0" /><Point X="575" Y="364" T="0" /><Point X="575" Y="362" T="0" /><Point X="574" Y="360" T="0" /><Point X="573" Y="356" T="0" /><Point X="570" Y="352" T="0" /><Point X="567" Y="348" T="0" /><Point X="562" Y="345" T="0" /><Point X="557" Y="340" T="0" /><Point X="552" Y="336" T="0" /><Point X="545" Y="331" T="0" /><Point X="539" Y="326" T="0" /><Point X="531" Y="321" T="0" /><Point X="524" Y="316" T="0" /><Point X="517" Y="310" T="0" /><Point X="509" Y="305" T="0" /><Point X="502" Y="299" T="0" /><Point X="495" Y="292" T="0" /><Point X="487" Y="287" T="0" /><Point X="481" Y="280" T="0" /><Point X="474" Y="275" T="0" /><Point X="468" Y="268" T="0" /><Point X="461" Y="262" T="0" /><Point X="455" Y="256" T="0" /><Point X="449" Y="250" T="0" /><Point X="443" Y="244" T="0" /><Point X="437" Y="237" T="0" /><Point X="431" Y="230" T="0" /><Point X="425" Y="224" T="0" /><Point X="420" Y="218" T="0" /><Point X="416" Y="212" T="0" /><Point X="411" Y="206" T="0" /><Point X="407" Y="200" T="0" /><Point X="403" Y="195" T="0" /><Point X="399" Y="189" T="0" /><Point X="397" Y="184" T="0" /><Point X="393" Y="180" T="0" /><Point X="391" Y="176" T="0" /><Point X="389" Y="172" T="0" /><Point X="387" Y="168" T="0" /><Point X="386" Y="166" T="0" /><Point X="385" Y="164" T="0" /><Point X="385" Y="162" T="0" /><Point X="384" Y="162" T="0" /><Point X="384" Y="161" T="0" /><Point X="384" Y="160" T="0" /></Gesture>