<Gesture Name="triangle" Subject="1" Number="1" NumPts="127" Millseconds="0" AppName="Gestures" AppVer="1.0" Date="Wednesday, March 01, 2023" TimeOfDay="17:07:51" ID="8"><Point X="354" Y="280" T="0" /><Point X="349" Y="283" T="0" /><Point X="343" Y="286" T="0" /><Point X="335" Y="290" T="0" /><Point X="328" Y="294" T="0" /><Point X="321" Y="300" T="0" /><Point X="312" Y="306" T="0" /><Point X="303" Y="313" T="0" /><Point X="293" Y="320" T="0" /><Point X="283" Y="330" T="0" /><Point X="272" Y="340" T="0" /><Point X="260" Y="350" T="0" /><Point X="248" Y="360" T="0" /><Point X="236" Y="371" T="0" /><Point X="223" Y="382" T="0" /><Point X="210" Y="393" T="0" /><Point X="198" Y="404" T="0" /><Point X="185" Y="416" T="0" /><Point X="172" Y="428" T="0" /><Point X="159" Y="441" T="0" /><Point X="147" Y="453" T="0" /><Point X="135" Y="464" T="0" /><Point X="124" Y="474" T="0" /><Point X="114" Y="484" T="0" /><Point X="105" Y="492" T="0" /><Point X="98" Y="498" T="0" /><Point X="92" Y="503" T="0" /><Point X="87" Y="507" T="0" /><Point X="83" Y="511" T="0" /><Point X="81" Y="513" T="0" /><Point X="79" Y="514" T="0" /><Point X="77" Y="516" T="0" /><Point X="75" Y="518" T="0" /><Point X="75" Y="519" T="0" /><Point X="74" Y="520" T="0" /><Point X="73" Y="521" T="0" /><Point X="73" Y="522" T="0" /><Point X="73" Y="523" T="0" /><Point X="75" Y="524" T="0" /><Point X="78" Y="524" T="0" /><Point X="83" Y="525" T="0" /><Point X="90" Y="526" T="0" /><Point X="99" Y="526" T="0" /><Point X="111" Y="526" T="0" /><Point X="122" Y="524" T="0" /><Point X="134" Y="523" T="0" /><Point X="147" Y="522" T="0" /><Point X="161" Y="520" T="0" /><Point X="175" Y="519" T="0" /><Point X="189" Y="518" T="0" /><Point X="204" Y="516" T="0" /><Point X="220" Y="513" T="0" /><Point X="236" Y="512" T="0" /><Point X="252" Y="509" T="0" /><Point X="267" Y="507" T="0" /><Point X="283" Y="505" T="0" /><Point X="298" Y="503" T="0" /><Point X="313" Y="501" T="0" /><Point X="327" Y="499" T="0" /><Point X="342" Y="496" T="0" /><Point X="357" Y="494" T="0" /><Point X="371" Y="491" T="0" /><Point X="385" Y="489" T="0" /><Point X="398" Y="487" T="0" /><Point X="411" Y="485" T="0" /><Point X="422" Y="484" T="0" /><Point X="433" Y="483" T="0" /><Point X="442" Y="482" T="0" /><Point X="451" Y="480" T="0" /><Point X="458" Y="479" T="0" /><Point X="465" Y="478" T="0" /><Point X="470" Y="476" T="0" /><Point X="475" Y="475" T="0" /><Point X="480" Y="473" T="0" /><Point X="483" Y="472" T="0" /><Point X="486" Y="472" T="0" /><Point X="487" Y="471" T="0" /><Point X="488" Y="471" T="0" /><Point X="489" Y="470" T="0" /><Point X="489" Y="469" T="0" /><Point X="489" Y="468" T="0" /><Point X="489" Y="466" T="0" /><Point X="489" Y="465" T="0" /><Point X="487" Y="462" T="0" /><Point X="487" Y="460" T="0" /><Point X="485" Y="457" T="0" /><Point X="483" Y="454" T="0" /><Point X="480" Y="450" T="0" /><Point X="476" Y="445" T="0" /><Point X="473" Y="441" T="0" /><Point X="469" Y="437" T="0" /><Point X="465" Y="432" T="0" /><Point X="461" Y="428" T="0" /><Point X="458" Y="424" T="0" /><Point X="454" Y="420" T="0" /><Point X="451" Y="416" T="0" /><Point X="447" Y="410" T="0" /><Point X="442" Y="404" T="0" /><Point X="437" Y="398" T="0" /><Point X="433" Y="392" T="0" /><Point X="427" Y="384" T="0" /><Point X="421" Y="375" T="0" /><Point X="416" Y="368" T="0" /><Point X="411" Y="360" T="0" /><Point X="407" Y="354" T="0" /><Point X="402" Y="348" T="0" /><Point X="398" Y="343" T="0" /><Point X="394" Y="338" T="0" /><Point X="390" Y="334" T="0" /><Point X="386" Y="330" T="0" /><Point X="383" Y="325" T="0" /><Point X="380" Y="320" T="0" /><Point X="377" Y="316" T="0" /><Point X="374" Y="312" T="0" /><Point X="371" Y="307" T="0" /><Point X="369" Y="304" T="0" /><Point X="367" Y="301" T="0" /><Point X="365" Y="298" T="0" /><Point X="363" Y="295" T="0" /><Point X="362" Y="293" T="0" /><Point X="361" Y="292" T="0" /><Point X="360" Y="290" T="0" /><Point X="359" Y="288" T="0" /><Point X="359" Y="287" T="0" /><Point X="358" Y="286" T="0" /><Point X="357" Y="286" T="0" /><Point X="357" Y="285" T="0" /></Gesture>