<Gesture Name="triangle" Subject="1" Number="1" NumPts="150" Millseconds="0" AppName="Gestures" AppVer="1.0" Date="Wednesday, March 01, 2023" TimeOfDay="17:04:26" ID="5"><Point X="319" Y="294" T="0" /><Point X="313" Y="302" T="0" /><Point X="308" Y="310" T="0" /><Point X="301" Y="321" T="0" /><Point X="293" Y="332" T="0" /><Point X="286" Y="344" T="0" /><Point X="277" Y="355" T="0" /><Point X="269" Y="367" T="0" /><Point X="259" Y="379" T="0" /><Point X="249" Y="392" T="0" /><Point X="241" Y="404" T="0" /><Point X="231" Y="416" T="0" /><Point X="223" Y="429" T="0" /><Point X="213" Y="441" T="0" /><Point X="204" Y="452" T="0" /><Point X="195" Y="463" T="0" /><Point X="187" Y="474" T="0" /><Point X="179" Y="483" T="0" /><Point X="171" Y="492" T="0" /><Point X="165" Y="500" T="0" /><Point X="158" Y="508" T="0" /><Point X="152" Y="516" T="0" /><Point X="147" Y="522" T="0" /><Point X="143" Y="528" T="0" /><Point X="140" Y="531" T="0" /><Point X="137" Y="535" T="0" /><Point X="135" Y="538" T="0" /><Point X="133" Y="541" T="0" /><Point X="133" Y="542" T="0" /><Point X="132" Y="544" T="0" /><Point X="131" Y="544" T="0" /><Point X="131" Y="545" T="0" /><Point X="131" Y="546" T="0" /><Point X="132" Y="546" T="0" /><Point X="133" Y="547" T="0" /><Point X="134" Y="548" T="0" /><Point X="137" Y="548" T="0" /><Point X="142" Y="548" T="0" /><Point X="148" Y="548" T="0" /><Point X="155" Y="546" T="0" /><Point X="163" Y="545" T="0" /><Point X="171" Y="544" T="0" /><Point X="181" Y="542" T="0" /><Point X="191" Y="540" T="0" /><Point X="201" Y="538" T="0" /><Point X="212" Y="536" T="0" /><Point X="223" Y="534" T="0" /><Point X="233" Y="533" T="0" /><Point X="245" Y="531" T="0" /><Point X="257" Y="530" T="0" /><Point X="268" Y="529" T="0" /><Point X="279" Y="528" T="0" /><Point X="291" Y="528" T="0" /><Point X="301" Y="527" T="0" /><Point X="313" Y="526" T="0" /><Point X="323" Y="526" T="0" /><Point X="334" Y="526" T="0" /><Point X="345" Y="526" T="0" /><Point X="355" Y="526" T="0" /><Point X="366" Y="525" T="0" /><Point X="377" Y="525" T="0" /><Point X="386" Y="524" T="0" /><Point X="397" Y="524" T="0" /><Point X="405" Y="524" T="0" /><Point X="415" Y="524" T="0" /><Point X="423" Y="524" T="0" /><Point X="431" Y="523" T="0" /><Point X="438" Y="523" T="0" /><Point X="445" Y="522" T="0" /><Point X="452" Y="522" T="0" /><Point X="458" Y="521" T="0" /><Point X="464" Y="520" T="0" /><Point X="469" Y="520" T="0" /><Point X="474" Y="520" T="0" /><Point X="479" Y="519" T="0" /><Point X="483" Y="519" T="0" /><Point X="487" Y="519" T="0" /><Point X="490" Y="519" T="0" /><Point X="493" Y="519" T="0" /><Point X="495" Y="519" T="0" /><Point X="497" Y="519" T="0" /><Point X="499" Y="519" T="0" /><Point X="500" Y="519" T="0" /><Point X="501" Y="519" T="0" /><Point X="502" Y="519" T="0" /><Point X="503" Y="519" T="0" /><Point X="504" Y="519" T="0" /><Point X="504" Y="518" T="0" /><Point X="504" Y="517" T="0" /><Point X="501" Y="513" T="0" /><Point X="500" Y="510" T="0" /><Point X="498" Y="508" T="0" /><Point X="495" Y="505" T="0" /><Point X="493" Y="502" T="0" /><Point X="490" Y="499" T="0" /><Point X="487" Y="495" T="0" /><Point X="485" Y="491" T="0" /><Point X="483" Y="488" T="0" /><Point X="480" Y="484" T="0" /><Point X="477" Y="479" T="0" /><Point X="474" Y="475" T="0" /><Point X="471" Y="471" T="0" /><Point X="467" Y="466" T="0" /><Point X="463" Y="461" T="0" /><Point X="459" Y="457" T="0" /><Point X="455" Y="452" T="0" /><Point X="452" Y="447" T="0" /><Point X="447" Y="442" T="0" /><Point X="443" Y="436" T="0" /><Point X="438" Y="431" T="0" /><Point X="434" Y="426" T="0" /><Point X="430" Y="420" T="0" /><Point X="425" Y="415" T="0" /><Point X="421" Y="410" T="0" /><Point X="417" Y="404" T="0" /><Point X="414" Y="398" T="0" /><Point X="410" Y="392" T="0" /><Point X="407" Y="387" T="0" /><Point X="403" Y="382" T="0" /><Point X="400" Y="377" T="0" /><Point X="397" Y="372" T="0" /><Point X="394" Y="366" T="0" /><Point X="391" Y="362" T="0" /><Point X="387" Y="356" T="0" /><Point X="384" Y="352" T="0" /><Point X="381" Y="347" T="0" /><Point X="379" Y="342" T="0" /><Point X="377" Y="338" T="0" /><Point X="374" Y="334" T="0" /><Point X="372" Y="329" T="0" /><Point X="370" Y="325" T="0" /><Point X="368" Y="322" T="0" /><Point X="366" Y="318" T="0" /><Point X="364" Y="314" T="0" /><Point X="363" Y="310" T="0" /><Point X="361" Y="308" T="0" /><Point X="360" Y="304" T="0" /><Point X="359" Y="301" T="0" /><Point X="357" Y="298" T="0" /><Point X="357" Y="296" T="0" /><Point X="356" Y="294" T="0" /><Point X="355" Y="292" T="0" /><Point X="355" Y="290" T="0" /><Point X="354" Y="288" T="0" /><Point X="353" Y="286" T="0" /><Point X="353" Y="284" T="0" /><Point X="352" Y="283" T="0" /><Point X="351" Y="282" T="0" /><Point X="350" Y="282" T="0" /><Point X="349" Y="281" T="0" /></Gesture>