<Gesture Name="triangle" Subject="1" Number="1" NumPts="146" Millseconds="0" AppName="Gestures" AppVer="1.0" Date="Wednesday, March 01, 2023" TimeOfDay="17:05:39" ID="6"><Point X="292" Y="296" T="0" /><Point X="284" Y="303" T="0" /><Point X="276" Y="310" T="0" /><Point X="269" Y="316" T="0" /><Point X="263" Y="322" T="0" /><Point X="256" Y="329" T="0" /><Point X="249" Y="336" T="0" /><Point X="242" Y="343" T="0" /><Point X="235" Y="350" T="0" /><Point X="227" Y="359" T="0" /><Point X="219" Y="367" T="0" /><Point X="211" Y="377" T="0" /><Point X="203" Y="386" T="0" /><Point X="193" Y="396" T="0" /><Point X="185" Y="406" T="0" /><Point X="175" Y="416" T="0" /><Point X="167" Y="426" T="0" /><Point X="158" Y="436" T="0" /><Point X="150" Y="446" T="0" /><Point X="141" Y="455" T="0" /><Point X="134" Y="463" T="0" /><Point X="127" Y="471" T="0" /><Point X="119" Y="478" T="0" /><Point X="113" Y="485" T="0" /><Point X="107" Y="491" T="0" /><Point X="103" Y="496" T="0" /><Point X="99" Y="501" T="0" /><Point X="96" Y="504" T="0" /><Point X="93" Y="507" T="0" /><Point X="91" Y="510" T="0" /><Point X="90" Y="512" T="0" /><Point X="89" Y="513" T="0" /><Point X="89" Y="514" T="0" /><Point X="88" Y="516" T="0" /><Point X="87" Y="517" T="0" /><Point X="87" Y="518" T="0" /><Point X="88" Y="519" T="0" /><Point X="89" Y="520" T="0" /><Point X="90" Y="520" T="0" /><Point X="92" Y="520" T="0" /><Point X="96" Y="520" T="0" /><Point X="100" Y="519" T="0" /><Point X="106" Y="518" T="0" /><Point X="113" Y="517" T="0" /><Point X="120" Y="515" T="0" /><Point X="127" Y="514" T="0" /><Point X="135" Y="512" T="0" /><Point X="143" Y="511" T="0" /><Point X="153" Y="510" T="0" /><Point X="163" Y="508" T="0" /><Point X="173" Y="506" T="0" /><Point X="185" Y="504" T="0" /><Point X="197" Y="502" T="0" /><Point X="208" Y="500" T="0" /><Point X="221" Y="498" T="0" /><Point X="233" Y="495" T="0" /><Point X="245" Y="493" T="0" /><Point X="258" Y="490" T="0" /><Point X="271" Y="488" T="0" /><Point X="283" Y="486" T="0" /><Point X="296" Y="484" T="0" /><Point X="309" Y="482" T="0" /><Point X="321" Y="479" T="0" /><Point X="333" Y="477" T="0" /><Point X="345" Y="475" T="0" /><Point X="358" Y="474" T="0" /><Point X="369" Y="472" T="0" /><Point X="381" Y="470" T="0" /><Point X="392" Y="468" T="0" /><Point X="402" Y="466" T="0" /><Point X="412" Y="464" T="0" /><Point X="421" Y="463" T="0" /><Point X="431" Y="462" T="0" /><Point X="440" Y="461" T="0" /><Point X="449" Y="460" T="0" /><Point X="456" Y="458" T="0" /><Point X="463" Y="457" T="0" /><Point X="469" Y="456" T="0" /><Point X="474" Y="456" T="0" /><Point X="479" Y="455" T="0" /><Point X="484" Y="454" T="0" /><Point X="487" Y="453" T="0" /><Point X="490" Y="452" T="0" /><Point X="493" Y="452" T="0" /><Point X="495" Y="451" T="0" /><Point X="496" Y="451" T="0" /><Point X="497" Y="451" T="0" /><Point X="498" Y="451" T="0" /><Point X="499" Y="451" T="0" /><Point X="499" Y="450" T="0" /><Point X="499" Y="449" T="0" /><Point X="499" Y="448" T="0" /><Point X="498" Y="447" T="0" /><Point X="497" Y="444" T="0" /><Point X="495" Y="442" T="0" /><Point X="493" Y="439" T="0" /><Point X="491" Y="436" T="0" /><Point X="489" Y="434" T="0" /><Point X="487" Y="431" T="0" /><Point X="484" Y="428" T="0" /><Point X="480" Y="424" T="0" /><Point X="476" Y="420" T="0" /><Point X="472" Y="416" T="0" /><Point X="469" Y="412" T="0" /><Point X="463" Y="408" T="0" /><Point X="459" Y="405" T="0" /><Point X="453" Y="401" T="0" /><Point X="448" Y="396" T="0" /><Point X="443" Y="392" T="0" /><Point X="438" Y="388" T="0" /><Point X="433" Y="383" T="0" /><Point X="428" Y="378" T="0" /><Point X="423" Y="374" T="0" /><Point X="417" Y="370" T="0" /><Point X="413" Y="365" T="0" /><Point X="408" Y="361" T="0" /><Point X="403" Y="357" T="0" /><Point X="398" Y="353" T="0" /><Point X="393" Y="349" T="0" /><Point X="388" Y="345" T="0" /><Point X="383" Y="341" T="0" /><Point X="379" Y="336" T="0" /><Point X="375" Y="333" T="0" /><Point X="370" Y="329" T="0" /><Point X="366" Y="325" T="0" /><Point X="363" Y="322" T="0" /><Point X="359" Y="318" T="0" /><Point X="355" Y="314" T="0" /><Point X="352" Y="310" T="0" /><Point X="349" Y="306" T="0" /><Point X="345" Y="303" T="0" /><Point X="343" Y="300" T="0" /><Point X="339" Y="296" T="0" /><Point X="336" Y="294" T="0" /><Point X="333" Y="291" T="0" /><Point X="330" Y="288" T="0" /><Point X="327" Y="286" T="0" /><Point X="324" Y="284" T="0" /><Point X="321" Y="282" T="0" /><Point X="319" Y="280" T="0" /><Point X="317" Y="278" T="0" /><Point X="315" Y="277" T="0" /><Point X="314" Y="276" T="0" /><Point X="313" Y="276" T="0" /><Point X="313" Y="275" T="0" /><Point X="312" Y="275" T="0" /></Gesture>