<Gesture Name="v" Subject="1" Number="1" NumPts="62" Millseconds="0" AppName="Gestures" AppVer="1.0" Date="Wednesday, March 01, 2023" TimeOfDay="16:59:06" ID="1"><Point X="214" Y="292" T="0" /><Point X="218" Y="299" T="0" /><Point X="224" Y="306" T="0" /><Point X="230" Y="314" T="0" /><Point X="236" Y="323" T="0" /><Point X="242" Y="333" T="0" /><Point X="249" Y="343" T="0" /><Point X="256" Y="353" T="0" /><Point X="263" Y="365" T="0" /><Point X="271" Y="377" T="0" /><Point X="279" Y="390" T="0" /><Point X="288" Y="404" T="0" /><Point X="295" Y="418" T="0" /><Point X="304" Y="432" T="0" /><Point X="311" Y="445" T="0" /><Point X="319" Y="459" T="0" /><Point X="326" Y="472" T="0" /><Point X="332" Y="484" T="0" /><Point X="338" Y="496" T="0" /><Point X="344" Y="506" T="0" /><Point X="349" Y="514" T="0" /><Point X="352" Y="521" T="0" /><Point X="356" Y="526" T="0" /><Point X="359" Y="530" T="0" /><Point X="362" Y="533" T="0" /><Point X="363" Y="535" T="0" /><Point X="364" Y="537" T="0" /><Point X="365" Y="537" T="0" /><Point X="366" Y="538" T="0" /><Point X="368" Y="535" T="0" /><Point X="370" Y="527" T="0" /><Point X="372" Y="517" T="0" /><Point X="374" Y="507" T="0" /><Point X="375" Y="496" T="0" /><Point X="377" Y="484" T="0" /><Point X="378" Y="471" T="0" /><Point X="380" Y="458" T="0" /><Point X="382" Y="444" T="0" /><Point X="384" Y="430" T="0" /><Point X="388" Y="415" T="0" /><Point X="391" Y="401" T="0" /><Point X="395" Y="387" T="0" /><Point X="400" Y="373" T="0" /><Point X="404" Y="359" T="0" /><Point X="408" Y="346" T="0" /><Point X="412" Y="333" T="0" /><Point X="417" Y="319" T="0" /><Point X="421" Y="308" T="0" /><Point X="425" Y="297" T="0" /><Point X="428" Y="287" T="0" /><Point X="432" Y="277" T="0" /><Point X="435" Y="269" T="0" /><Point X="437" Y="262" T="0" /><Point X="440" Y="256" T="0" /><Point X="442" Y="250" T="0" /><Point X="443" Y="247" T="0" /><Point X="444" Y="243" T="0" /><Point X="446" Y="241" T="0" /><Point X="446" Y="239" T="0" /><Point X="447" Y="238" T="0" /><Point X="448" Y="237" T="0" /><Point X="448" Y="236" T="0" /></Gesture>