<Gesture Name="v" Subject="1" Number="1" NumPts="60" Millseconds="0" AppName="Gestures" AppVer="1.0" Date="Wednesday, March 01, 2023" TimeOfDay="17:10:54" ID="10"><Point X="193" Y="322" T="0" /><Point X="198" Y="333" T="0" /><Point X="203" Y="346" T="0" /><Point X="207" Y="359" T="0" /><Point X="211" Y="372" T="0" /><Point X="216" Y="386" T="0" /><Point X="221" Y="402" T="0" /><Point X="225" Y="416" T="0" /><Point X="229" Y="431" T="0" /><Point X="234" Y="447" T="0" /><Point X="239" Y="462" T="0" /><Point X="243" Y="476" T="0" /><Point X="248" Y="490" T="0" /><Point X="253" Y="503" T="0" /><Point X="258" Y="516" T="0" /><Point X="262" Y="528" T="0" /><Point X="267" Y="539" T="0" /><Point X="271" Y="550" T="0" /><Point X="275" Y="559" T="0" /><Point X="277" Y="568" T="0" /><Point X="281" Y="576" T="0" /><Point X="284" Y="582" T="0" /><Point X="287" Y="586" T="0" /><Point X="289" Y="590" T="0" /><Point X="291" Y="593" T="0" /><Point X="292" Y="596" T="0" /><Point X="293" Y="596" T="0" /><Point X="294" Y="598" T="0" /><Point X="295" Y="598" T="0" /><Point X="296" Y="598" T="0" /><Point X="297" Y="596" T="0" /><Point X="299" Y="593" T="0" /><Point X="302" Y="586" T="0" /><Point X="307" Y="576" T="0" /><Point X="311" Y="564" T="0" /><Point X="316" Y="550" T="0" /><Point X="322" Y="534" T="0" /><Point X="328" Y="518" T="0" /><Point X="335" Y="500" T="0" /><Point X="343" Y="480" T="0" /><Point X="351" Y="460" T="0" /><Point X="359" Y="442" T="0" /><Point X="368" Y="422" T="0" /><Point X="377" Y="402" T="0" /><Point X="385" Y="381" T="0" /><Point X="394" Y="360" T="0" /><Point X="402" Y="344" T="0" /><Point X="411" Y="326" T="0" /><Point X="419" Y="308" T="0" /><Point X="426" Y="292" T="0" /><Point X="433" Y="278" T="0" /><Point X="438" Y="264" T="0" /><Point X="443" Y="253" T="0" /><Point X="447" Y="244" T="0" /><Point X="451" Y="236" T="0" /><Point X="453" Y="230" T="0" /><Point X="455" Y="225" T="0" /><Point X="457" Y="222" T="0" /><Point X="458" Y="220" T="0" /><Point X="459" Y="220" T="0" /></Gesture>