<Gesture Name="v" Subject="1" Number="1" NumPts="46" Millseconds="0" AppName="Gestures" AppVer="1.0" Date="Wednesday, March 01, 2023" TimeOfDay="17:00:33" ID="2"><Point X="268" Y="261" T="0" /><Point X="274" Y="271" T="0" /><Point X="281" Y="283" T="0" /><Point X="289" Y="295" T="0" /><Point X="297" Y="308" T="0" /><Point X="305" Y="322" T="0" /><Point X="313" Y="337" T="0" /><Point X="322" Y="352" T="0" /><Point X="330" Y="368" T="0" /><Point X="339" Y="383" T="0" /><Point X="347" Y="397" T="0" /><Point X="354" Y="412" T="0" /><Point X="362" Y="425" T="0" /><Point X="370" Y="437" T="0" /><Point X="376" Y="448" T="0" /><Point X="383" Y="456" T="0" /><Point X="388" Y="463" T="0" /><Point X="393" Y="468" T="0" /><Point X="397" Y="472" T="0" /><Point X="400" Y="474" T="0" /><Point X="403" Y="475" T="0" /><Point X="405" Y="475" T="0" /><Point X="408" Y="473" T="0" /><Point X="413" Y="467" T="0" /><Point X="418" Y="456" T="0" /><Point X="423" Y="442" T="0" /><Point X="427" Y="427" T="0" /><Point X="432" Y="409" T="0" /><Point X="436" Y="391" T="0" /><Point X="440" Y="373" T="0" /><Point X="446" Y="354" T="0" /><Point X="451" Y="336" T="0" /><Point X="458" Y="318" T="0" /><Point X="463" Y="301" T="0" /><Point X="468" Y="285" T="0" /><Point X="472" Y="270" T="0" /><Point X="477" Y="257" T="0" /><Point X="480" Y="245" T="0" /><Point X="481" Y="235" T="0" /><Point X="482" Y="227" T="0" /><Point X="483" Y="221" T="0" /><Point X="483" Y="215" T="0" /><Point X="483" Y="212" T="0" /><Point X="482" Y="209" T="0" /><Point X="482" Y="207" T="0" /><Point X="482" Y="206" T="0" /></Gesture>