<Gesture Name="v" Subject="1" Number="1" NumPts="64" Millseconds="0" AppName="Gestures" AppVer="1.0" Date="Wednesday, March 01, 2023" TimeOfDay="17:04:03" ID="4"><Point X="227" Y="340" T="0" /><Point X="231" Y="347" T="0" /><Point X="236" Y="355" T="0" /><Point X="241" Y="364" T="0" /><Point X="247" Y="372" T="0" /><Point X="253" Y="382" T="0" /><Point X="258" Y="392" T="0" /><Point X="263" Y="403" T="0" /><Point X="267" Y="414" T="0" /><Point X="271" Y="425" T="0" /><Point X="275" Y="435" T="0" /><Point X="280" Y="446" T="0" /><Point X="285" Y="456" T="0" /><Point X="289" Y="466" T="0" /><Point X="293" Y="476" T="0" /><Point X="297" Y="485" T="0" /><Point X="301" Y="493" T="0" /><Point X="305" Y="502" T="0" /><Point X="310" Y="509" T="0" /><Point X="314" Y="517" T="0" /><Point X="318" Y="524" T="0" /><Point X="321" Y="531" T="0" /><Point X="325" Y="538" T="0" /><Point X="327" Y="544" T="0" /><Point X="330" Y="548" T="0" /><Point X="333" Y="552" T="0" /><Point X="335" Y="556" T="0" /><Point X="338" Y="558" T="0" /><Point X="340" Y="560" T="0" /><Point X="341" Y="562" T="0" /><Point X="343" Y="563" T="0" /><Point X="343" Y="564" T="0" /><Point X="345" Y="564" T="0" /><Point X="345" Y="563" T="0" /><Point X="347" Y="561" T="0" /><Point X="349" Y="558" T="0" /><Point X="353" Y="552" T="0" /><Point X="356" Y="544" T="0" /><Point X="360" Y="535" T="0" /><Point X="363" Y="524" T="0" /><Point X="367" Y="514" T="0" /><Point X="371" Y="502" T="0" /><Point X="377" Y="488" T="0" /><Point X="382" Y="474" T="0" /><Point X="387" Y="460" T="0" /><Point X="393" Y="447" T="0" /><Point X="398" Y="434" T="0" /><Point X="405" Y="420" T="0" /><Point X="411" Y="406" T="0" /><Point X="417" Y="392" T="0" /><Point X="422" Y="378" T="0" /><Point X="427" Y="364" T="0" /><Point X="433" Y="352" T="0" /><Point X="438" Y="341" T="0" /><Point X="443" Y="332" T="0" /><Point X="448" Y="323" T="0" /><Point X="452" Y="316" T="0" /><Point X="454" Y="310" T="0" /><Point X="457" Y="306" T="0" /><Point X="459" Y="301" T="0" /><Point X="461" Y="298" T="0" /><Point X="462" Y="296" T="0" /><Point X="463" Y="294" T="0" /><Point X="463" Y="293" T="0" /></Gesture>