<Gesture Name="v" Subject="1" Number="1" NumPts="69" Millseconds="0" AppName="Gestures" AppVer="1.0" Date="Wednesday, March 01, 2023" TimeOfDay="17:05:12" ID="5"><Point X="231" Y="330" T="0" /><Point X="234" Y="336" T="0" /><Point X="238" Y="343" T="0" /><Point X="242" Y="350" T="0" /><Point X="247" Y="359" T="0" /><Point X="253" Y="368" T="0" /><Point X="258" Y="378" T="0" /><Point X="263" Y="388" T="0" /><Point X="267" Y="398" T="0" /><Point X="271" Y="409" T="0" /><Point X="275" Y="420" T="0" /><Point X="279" Y="432" T="0" /><Point X="282" Y="443" T="0" /><Point X="286" Y="454" T="0" /><Point X="289" Y="464" T="0" /><Point X="293" Y="474" T="0" /><Point X="295" Y="484" T="0" /><Point X="298" Y="493" T="0" /><Point X="301" Y="502" T="0" /><Point X="304" Y="512" T="0" /><Point X="307" Y="520" T="0" /><Point X="309" Y="528" T="0" /><Point X="311" Y="535" T="0" /><Point X="312" Y="542" T="0" /><Point X="313" Y="546" T="0" /><Point X="315" Y="551" T="0" /><Point X="316" Y="555" T="0" /><Point X="317" Y="558" T="0" /><Point X="318" Y="559" T="0" /><Point X="319" Y="560" T="0" /><Point X="319" Y="562" T="0" /><Point X="320" Y="563" T="0" /><Point X="321" Y="564" T="0" /><Point X="322" Y="564" T="0" /><Point X="323" Y="563" T="0" /><Point X="327" Y="560" T="0" /><Point X="331" Y="556" T="0" /><Point X="337" Y="548" T="0" /><Point X="343" Y="541" T="0" /><Point X="347" Y="532" T="0" /><Point X="353" Y="522" T="0" /><Point X="357" Y="514" T="0" /><Point X="362" Y="503" T="0" /><Point X="367" Y="491" T="0" /><Point X="372" Y="479" T="0" /><Point X="377" Y="466" T="0" /><Point X="382" Y="454" T="0" /><Point X="387" Y="441" T="0" /><Point X="393" Y="428" T="0" /><Point X="398" Y="414" T="0" /><Point X="404" Y="400" T="0" /><Point X="410" Y="386" T="0" /><Point X="415" Y="372" T="0" /><Point X="419" Y="359" T="0" /><Point X="425" Y="346" T="0" /><Point X="429" Y="336" T="0" /><Point X="434" Y="324" T="0" /><Point X="438" Y="313" T="0" /><Point X="442" Y="303" T="0" /><Point X="446" Y="293" T="0" /><Point X="449" Y="284" T="0" /><Point X="451" Y="276" T="0" /><Point X="453" Y="268" T="0" /><Point X="455" Y="261" T="0" /><Point X="457" Y="255" T="0" /><Point X="458" Y="251" T="0" /><Point X="459" Y="247" T="0" /><Point X="459" Y="244" T="0" /><Point X="459" Y="242" T="0" /></Gesture>