<Gesture Name="v" Subject="1" Number="1" NumPts="74" Millseconds="0" AppName="Gestures" AppVer="1.0" Date="Wednesday, March 01, 2023" TimeOfDay="17:07:27" ID="7"><Point X="254" Y="324" T="0" /><Point X="257" Y="332" T="0" /><Point X="259" Y="343" T="0" /><Point X="263" Y="354" T="0" /><Point X="267" Y="364" T="0" /><Point X="271" Y="376" T="0" /><Point X="275" Y="388" T="0" /><Point X="278" Y="400" T="0" /><Point X="282" Y="412" T="0" /><Point X="285" Y="426" T="0" /><Point X="289" Y="439" T="0" /><Point X="293" Y="452" T="0" /><Point X="295" Y="464" T="0" /><Point X="298" Y="476" T="0" /><Point X="301" Y="488" T="0" /><Point X="305" Y="499" T="0" /><Point X="308" Y="510" T="0" /><Point X="310" Y="520" T="0" /><Point X="313" Y="528" T="0" /><Point X="315" Y="537" T="0" /><Point X="319" Y="544" T="0" /><Point X="322" Y="552" T="0" /><Point X="325" Y="558" T="0" /><Point X="328" Y="563" T="0" /><Point X="330" Y="567" T="0" /><Point X="333" Y="570" T="0" /><Point X="335" Y="574" T="0" /><Point X="338" Y="576" T="0" /><Point X="339" Y="578" T="0" /><Point X="341" Y="580" T="0" /><Point X="342" Y="581" T="0" /><Point X="343" Y="582" T="0" /><Point X="345" Y="582" T="0" /><Point X="347" Y="580" T="0" /><Point X="349" Y="579" T="0" /><Point X="351" Y="576" T="0" /><Point X="356" Y="568" T="0" /><Point X="363" Y="558" T="0" /><Point X="371" Y="547" T="0" /><Point X="379" Y="536" T="0" /><Point X="383" Y="526" T="0" /><Point X="387" Y="517" T="0" /><Point X="391" Y="506" T="0" /><Point X="395" Y="496" T="0" /><Point X="398" Y="485" T="0" /><Point X="401" Y="474" T="0" /><Point X="404" Y="463" T="0" /><Point X="407" Y="453" T="0" /><Point X="411" Y="442" T="0" /><Point X="414" Y="430" T="0" /><Point X="418" Y="418" T="0" /><Point X="423" Y="404" T="0" /><Point X="429" Y="389" T="0" /><Point X="435" Y="376" T="0" /><Point X="439" Y="363" T="0" /><Point X="445" Y="351" T="0" /><Point X="451" Y="340" T="0" /><Point X="456" Y="329" T="0" /><Point X="461" Y="319" T="0" /><Point X="466" Y="309" T="0" /><Point X="470" Y="299" T="0" /><Point X="474" Y="290" T="0" /><Point X="478" Y="281" T="0" /><Point X="482" Y="273" T="0" /><Point X="486" Y="264" T="0" /><Point X="489" Y="258" T="0" /><Point X="491" Y="252" T="0" /><Point X="494" Y="247" T="0" /><Point X="496" Y="242" T="0" /><Point X="497" Y="239" T="0" /><Point X="499" Y="236" T="0" /><Point X="499" Y="234" T="0" /><Point X="499" Y="232" T="0" /><Point X="499" Y="231" T="0" /></Gesture>