<Gesture Name="v" Subject="1" Number="1" NumPts="60" Millseconds="0" AppName="Gestures" AppVer="1.0" Date="Wednesday, March 01, 2023" TimeOfDay="17:08:25" ID="8"><Point X="209" Y="292" T="0" /><Point X="215" Y="298" T="0" /><Point X="221" Y="304" T="0" /><Point X="226" Y="312" T="0" /><Point X="233" Y="320" T="0" /><Point X="239" Y="330" T="0" /><Point X="245" Y="339" T="0" /><Point X="251" Y="350" T="0" /><Point X="258" Y="361" T="0" /><Point X="264" Y="373" T="0" /><Point X="271" Y="385" T="0" /><Point X="276" Y="398" T="0" /><Point X="282" Y="411" T="0" /><Point X="287" Y="424" T="0" /><Point X="292" Y="438" T="0" /><Point X="296" Y="452" T="0" /><Point X="300" Y="464" T="0" /><Point X="304" Y="476" T="0" /><Point X="308" Y="488" T="0" /><Point X="311" Y="499" T="0" /><Point X="315" Y="509" T="0" /><Point X="318" Y="518" T="0" /><Point X="321" Y="527" T="0" /><Point X="325" Y="534" T="0" /><Point X="328" Y="540" T="0" /><Point X="330" Y="545" T="0" /><Point X="333" Y="550" T="0" /><Point X="335" Y="554" T="0" /><Point X="336" Y="556" T="0" /><Point X="337" Y="557" T="0" /><Point X="339" Y="558" T="0" /><Point X="340" Y="558" T="0" /><Point X="342" Y="558" T="0" /><Point X="345" Y="556" T="0" /><Point X="349" Y="552" T="0" /><Point X="355" Y="544" T="0" /><Point X="361" Y="534" T="0" /><Point X="368" Y="523" T="0" /><Point X="375" Y="510" T="0" /><Point X="382" Y="496" T="0" /><Point X="389" Y="482" T="0" /><Point X="397" Y="466" T="0" /><Point X="404" Y="451" T="0" /><Point X="413" Y="435" T="0" /><Point X="422" Y="418" T="0" /><Point X="431" Y="400" T="0" /><Point X="440" Y="381" T="0" /><Point X="450" Y="362" T="0" /><Point X="460" Y="346" T="0" /><Point X="471" Y="330" T="0" /><Point X="483" Y="312" T="0" /><Point X="493" Y="297" T="0" /><Point X="503" Y="282" T="0" /><Point X="512" Y="268" T="0" /><Point X="520" Y="258" T="0" /><Point X="526" Y="249" T="0" /><Point X="532" Y="240" T="0" /><Point X="537" Y="234" T="0" /><Point X="541" Y="228" T="0" /><Point X="544" Y="226" T="0" /></Gesture>