<Gesture Name="v" Subject="1" Number="1" NumPts="67" Millseconds="0" AppName="Gestures" AppVer="1.0" Date="Wednesday, March 01, 2023" TimeOfDay="17:09:32" ID="9"><Point X="184" Y="342" T="0" /><Point X="188" Y="348" T="0" /><Point X="193" Y="354" T="0" /><Point X="199" Y="360" T="0" /><Point X="204" Y="369" T="0" /><Point X="210" Y="376" T="0" /><Point X="216" Y="384" T="0" /><Point X="221" Y="393" T="0" /><Point X="228" Y="402" T="0" /><Point X="234" Y="412" T="0" /><Point X="239" Y="421" T="0" /><Point X="244" Y="431" T="0" /><Point X="249" Y="442" T="0" /><Point X="255" Y="452" T="0" /><Point X="259" Y="462" T="0" /><Point X="265" Y="472" T="0" /><Point X="270" Y="482" T="0" /><Point X="275" Y="492" T="0" /><Point X="280" Y="501" T="0" /><Point X="284" Y="510" T="0" /><Point X="288" Y="518" T="0" /><Point X="292" Y="527" T="0" /><Point X="295" Y="534" T="0" /><Point X="299" Y="542" T="0" /><Point X="301" Y="549" T="0" /><Point X="304" Y="554" T="0" /><Point X="307" Y="560" T="0" /><Point X="309" Y="564" T="0" /><Point X="311" Y="568" T="0" /><Point X="313" Y="570" T="0" /><Point X="315" Y="573" T="0" /><Point X="316" Y="575" T="0" /><Point X="317" Y="576" T="0" /><Point X="319" Y="577" T="0" /><Point X="320" Y="578" T="0" /><Point X="321" Y="578" T="0" /><Point X="323" Y="578" T="0" /><Point X="326" Y="576" T="0" /><Point X="329" Y="572" T="0" /><Point X="333" Y="568" T="0" /><Point X="339" Y="560" T="0" /><Point X="345" Y="552" T="0" /><Point X="351" Y="540" T="0" /><Point X="359" Y="528" T="0" /><Point X="366" Y="515" T="0" /><Point X="374" Y="502" T="0" /><Point X="381" Y="489" T="0" /><Point X="389" Y="475" T="0" /><Point X="397" Y="462" T="0" /><Point X="404" Y="450" T="0" /><Point X="412" Y="436" T="0" /><Point X="418" Y="422" T="0" /><Point X="425" Y="408" T="0" /><Point X="431" Y="394" T="0" /><Point X="437" Y="380" T="0" /><Point X="444" Y="365" T="0" /><Point X="451" Y="352" T="0" /><Point X="457" Y="340" T="0" /><Point X="463" Y="329" T="0" /><Point X="469" Y="318" T="0" /><Point X="473" Y="308" T="0" /><Point X="477" Y="300" T="0" /><Point X="481" Y="292" T="0" /><Point X="483" Y="286" T="0" /><Point X="486" Y="280" T="0" /><Point X="489" Y="276" T="0" /><Point X="490" Y="273" T="0" /></Gesture>