<Gesture Name="x" Subject="1" Number="1" NumPts="118" Millseconds="0" AppName="Gestures" AppVer="1.0" Date="Wednesday, March 01, 2023" TimeOfDay="16:58:25" ID="1"><Point X="224" Y="235" T="0" /><Point X="228" Y="239" T="0" /><Point X="233" Y="244" T="0" /><Point X="238" Y="250" T="0" /><Point X="244" Y="256" T="0" /><Point X="249" Y="262" T="0" /><Point X="256" Y="269" T="0" /><Point X="262" Y="277" T="0" /><Point X="269" Y="285" T="0" /><Point X="277" Y="293" T="0" /><Point X="285" Y="303" T="0" /><Point X="293" Y="311" T="0" /><Point X="301" Y="320" T="0" /><Point X="310" Y="329" T="0" /><Point X="319" Y="338" T="0" /><Point X="329" Y="347" T="0" /><Point X="339" Y="358" T="0" /><Point X="351" Y="369" T="0" /><Point X="362" Y="378" T="0" /><Point X="374" Y="388" T="0" /><Point X="385" Y="398" T="0" /><Point X="396" Y="407" T="0" /><Point X="406" Y="416" T="0" /><Point X="416" Y="425" T="0" /><Point X="426" Y="434" T="0" /><Point X="436" Y="442" T="0" /><Point X="447" Y="450" T="0" /><Point X="456" Y="457" T="0" /><Point X="464" Y="463" T="0" /><Point X="472" Y="469" T="0" /><Point X="478" Y="473" T="0" /><Point X="484" Y="477" T="0" /><Point X="489" Y="481" T="0" /><Point X="492" Y="483" T="0" /><Point X="496" Y="485" T="0" /><Point X="498" Y="486" T="0" /><Point X="500" Y="487" T="0" /><Point X="502" Y="487" T="0" /><Point X="503" Y="486" T="0" /><Point X="505" Y="485" T="0" /><Point X="508" Y="481" T="0" /><Point X="510" Y="475" T="0" /><Point X="511" Y="469" T="0" /><Point X="511" Y="462" T="0" /><Point X="511" Y="454" T="0" /><Point X="510" Y="445" T="0" /><Point X="508" Y="435" T="0" /><Point X="506" Y="425" T="0" /><Point X="504" Y="414" T="0" /><Point X="502" Y="403" T="0" /><Point X="501" Y="391" T="0" /><Point X="499" Y="380" T="0" /><Point X="497" Y="367" T="0" /><Point X="495" Y="355" T="0" /><Point X="493" Y="343" T="0" /><Point X="490" Y="331" T="0" /><Point X="488" Y="319" T="0" /><Point X="486" Y="309" T="0" /><Point X="484" Y="297" T="0" /><Point X="482" Y="285" T="0" /><Point X="481" Y="275" T="0" /><Point X="480" Y="263" T="0" /><Point X="478" Y="253" T="0" /><Point X="476" Y="242" T="0" /><Point X="475" Y="233" T="0" /><Point X="473" Y="224" T="0" /><Point X="472" Y="216" T="0" /><Point X="470" Y="209" T="0" /><Point X="469" Y="204" T="0" /><Point X="468" Y="199" T="0" /><Point X="467" Y="195" T="0" /><Point X="466" Y="191" T="0" /><Point X="466" Y="189" T="0" /><Point X="465" Y="188" T="0" /><Point X="464" Y="187" T="0" /><Point X="464" Y="186" T="0" /><Point X="463" Y="186" T="0" /><Point X="461" Y="187" T="0" /><Point X="458" Y="189" T="0" /><Point X="455" Y="192" T="0" /><Point X="451" Y="196" T="0" /><Point X="448" Y="201" T="0" /><Point X="444" Y="206" T="0" /><Point X="439" Y="213" T="0" /><Point X="434" Y="221" T="0" /><Point X="428" Y="229" T="0" /><Point X="422" Y="238" T="0" /><Point X="416" Y="248" T="0" /><Point X="409" Y="259" T="0" /><Point X="401" Y="272" T="0" /><Point X="392" Y="284" T="0" /><Point X="384" Y="297" T="0" /><Point X="375" Y="309" T="0" /><Point X="366" Y="321" T="0" /><Point X="358" Y="334" T="0" /><Point X="350" Y="346" T="0" /><Point X="342" Y="359" T="0" /><Point X="334" Y="372" T="0" /><Point X="325" Y="384" T="0" /><Point X="316" Y="397" T="0" /><Point X="308" Y="409" T="0" /><Point X="300" Y="420" T="0" /><Point X="292" Y="431" T="0" /><Point X="283" Y="441" T="0" /><Point X="276" Y="451" T="0" /><Point X="269" Y="459" T="0" /><Point X="263" Y="467" T="0" /><Point X="258" Y="475" T="0" /><Point X="253" Y="481" T="0" /><Point X="248" Y="487" T="0" /><Point X="246" Y="491" T="0" /><Point X="243" Y="495" T="0" /><Point X="240" Y="499" T="0" /><Point X="238" Y="501" T="0" /><Point X="236" Y="504" T="0" /><Point X="235" Y="506" T="0" /><Point X="234" Y="507" T="0" /><Point X="233" Y="508" T="0" /></Gesture>