<Gesture Name="x" Subject="1" Number="1" NumPts="108" Millseconds="0" AppName="Gestures" AppVer="1.0" Date="Wednesday, March 01, 2023" TimeOfDay="17:10:25" ID="10"><Point X="228" Y="255" T="0" /><Point X="234" Y="261" T="0" /><Point X="241" Y="267" T="0" /><Point X="247" Y="275" T="0" /><Point X="254" Y="283" T="0" /><Point X="262" Y="292" T="0" /><Point X="271" Y="301" T="0" /><Point X="279" Y="310" T="0" /><Point X="287" Y="320" T="0" /><Point X="296" Y="330" T="0" /><Point X="305" Y="339" T="0" /><Point X="313" Y="348" T="0" /><Point X="322" Y="358" T="0" /><Point X="331" Y="368" T="0" /><Point X="339" Y="377" T="0" /><Point X="346" Y="386" T="0" /><Point X="354" Y="395" T="0" /><Point X="361" Y="404" T="0" /><Point X="367" Y="412" T="0" /><Point X="373" Y="419" T="0" /><Point X="378" Y="427" T="0" /><Point X="383" Y="434" T="0" /><Point X="388" Y="440" T="0" /><Point X="392" Y="445" T="0" /><Point X="396" Y="450" T="0" /><Point X="399" Y="455" T="0" /><Point X="402" Y="458" T="0" /><Point X="405" Y="461" T="0" /><Point X="407" Y="464" T="0" /><Point X="409" Y="465" T="0" /><Point X="410" Y="466" T="0" /><Point X="411" Y="468" T="0" /><Point X="413" Y="468" T="0" /><Point X="414" Y="468" T="0" /><Point X="415" Y="468" T="0" /><Point X="417" Y="466" T="0" /><Point X="418" Y="463" T="0" /><Point X="420" Y="458" T="0" /><Point X="422" Y="453" T="0" /><Point X="424" Y="446" T="0" /><Point X="426" Y="437" T="0" /><Point X="428" Y="428" T="0" /><Point X="431" Y="416" T="0" /><Point X="433" Y="405" T="0" /><Point X="435" Y="393" T="0" /><Point X="438" Y="380" T="0" /><Point X="441" Y="368" T="0" /><Point X="443" Y="356" T="0" /><Point X="445" Y="344" T="0" /><Point X="447" Y="332" T="0" /><Point X="449" Y="320" T="0" /><Point X="451" Y="306" T="0" /><Point X="452" Y="294" T="0" /><Point X="453" Y="282" T="0" /><Point X="455" Y="270" T="0" /><Point X="456" Y="259" T="0" /><Point X="457" Y="249" T="0" /><Point X="459" Y="238" T="0" /><Point X="459" Y="228" T="0" /><Point X="460" Y="220" T="0" /><Point X="460" Y="213" T="0" /><Point X="460" Y="206" T="0" /><Point X="459" Y="200" T="0" /><Point X="459" Y="195" T="0" /><Point X="458" Y="192" T="0" /><Point X="457" Y="188" T="0" /><Point X="457" Y="186" T="0" /><Point X="455" Y="184" T="0" /><Point X="455" Y="183" T="0" /><Point X="454" Y="182" T="0" /><Point X="453" Y="182" T="0" /><Point X="453" Y="181" T="0" /><Point X="452" Y="181" T="0" /><Point X="452" Y="182" T="0" /><Point X="451" Y="182" T="0" /><Point X="450" Y="184" T="0" /><Point X="447" Y="187" T="0" /><Point X="443" Y="193" T="0" /><Point X="438" Y="200" T="0" /><Point X="433" Y="209" T="0" /><Point X="425" Y="219" T="0" /><Point X="417" Y="229" T="0" /><Point X="410" Y="240" T="0" /><Point X="400" Y="252" T="0" /><Point X="389" Y="266" T="0" /><Point X="378" Y="280" T="0" /><Point X="366" Y="294" T="0" /><Point X="354" Y="308" T="0" /><Point X="342" Y="323" T="0" /><Point X="329" Y="338" T="0" /><Point X="317" Y="351" T="0" /><Point X="305" Y="364" T="0" /><Point X="292" Y="377" T="0" /><Point X="279" Y="389" T="0" /><Point X="267" Y="402" T="0" /><Point X="256" Y="412" T="0" /><Point X="245" Y="423" T="0" /><Point X="236" Y="432" T="0" /><Point X="228" Y="442" T="0" /><Point X="221" Y="450" T="0" /><Point X="213" Y="458" T="0" /><Point X="207" Y="464" T="0" /><Point X="202" Y="470" T="0" /><Point X="199" Y="475" T="0" /><Point X="195" Y="480" T="0" /><Point X="192" Y="485" T="0" /><Point X="189" Y="490" T="0" /><Point X="187" Y="493" T="0" /></Gesture>