<Gesture Name="x" Subject="1" Number="1" NumPts="85" Millseconds="0" AppName="Gestures" AppVer="1.0" Date="Wednesday, March 01, 2023" TimeOfDay="17:00:10" ID="2"><Point X="242" Y="195" T="0" /><Point X="247" Y="202" T="0" /><Point X="253" Y="211" T="0" /><Point X="258" Y="220" T="0" /><Point X="264" Y="230" T="0" /><Point X="271" Y="241" T="0" /><Point X="278" Y="253" T="0" /><Point X="286" Y="265" T="0" /><Point X="294" Y="279" T="0" /><Point X="302" Y="293" T="0" /><Point X="311" Y="305" T="0" /><Point X="320" Y="319" T="0" /><Point X="329" Y="333" T="0" /><Point X="338" Y="346" T="0" /><Point X="347" Y="359" T="0" /><Point X="357" Y="373" T="0" /><Point X="366" Y="385" T="0" /><Point X="374" Y="396" T="0" /><Point X="382" Y="407" T="0" /><Point X="389" Y="417" T="0" /><Point X="396" Y="425" T="0" /><Point X="402" Y="431" T="0" /><Point X="406" Y="437" T="0" /><Point X="410" Y="441" T="0" /><Point X="413" Y="444" T="0" /><Point X="415" Y="446" T="0" /><Point X="416" Y="447" T="0" /><Point X="418" Y="447" T="0" /><Point X="419" Y="447" T="0" /><Point X="421" Y="443" T="0" /><Point X="423" Y="437" T="0" /><Point X="424" Y="428" T="0" /><Point X="425" Y="417" T="0" /><Point X="426" Y="404" T="0" /><Point X="426" Y="390" T="0" /><Point X="426" Y="375" T="0" /><Point X="424" Y="359" T="0" /><Point X="424" Y="344" T="0" /><Point X="422" Y="328" T="0" /><Point X="420" Y="312" T="0" /><Point X="418" Y="297" T="0" /><Point X="416" Y="281" T="0" /><Point X="415" Y="267" T="0" /><Point X="413" Y="253" T="0" /><Point X="412" Y="240" T="0" /><Point X="410" Y="227" T="0" /><Point X="410" Y="216" T="0" /><Point X="409" Y="205" T="0" /><Point X="408" Y="196" T="0" /><Point X="407" Y="189" T="0" /><Point X="406" Y="182" T="0" /><Point X="404" Y="177" T="0" /><Point X="402" Y="173" T="0" /><Point X="400" Y="171" T="0" /><Point X="398" Y="169" T="0" /><Point X="396" Y="168" T="0" /><Point X="395" Y="167" T="0" /><Point X="394" Y="168" T="0" /><Point X="392" Y="169" T="0" /><Point X="388" Y="173" T="0" /><Point X="382" Y="180" T="0" /><Point X="376" Y="189" T="0" /><Point X="370" Y="199" T="0" /><Point X="363" Y="211" T="0" /><Point X="354" Y="224" T="0" /><Point X="346" Y="238" T="0" /><Point X="338" Y="252" T="0" /><Point X="331" Y="267" T="0" /><Point X="324" Y="282" T="0" /><Point X="318" Y="296" T="0" /><Point X="312" Y="310" T="0" /><Point X="306" Y="324" T="0" /><Point X="301" Y="337" T="0" /><Point X="296" Y="351" T="0" /><Point X="290" Y="364" T="0" /><Point X="285" Y="376" T="0" /><Point X="280" Y="388" T="0" /><Point X="275" Y="399" T="0" /><Point X="270" Y="409" T="0" /><Point X="266" Y="418" T="0" /><Point X="263" Y="425" T="0" /><Point X="260" Y="431" T="0" /><Point X="258" Y="435" T="0" /><Point X="256" Y="439" T="0" /><Point X="255" Y="441" T="0" /></Gesture>