<Gesture Name="x" Subject="1" Number="1" NumPts="105" Millseconds="0" AppName="Gestures" AppVer="1.0" Date="Wednesday, March 01, 2023" TimeOfDay="17:03:32" ID="4"><Point X="249" Y="310" T="0" /><Point X="253" Y="316" T="0" /><Point X="257" Y="322" T="0" /><Point X="263" Y="331" T="0" /><Point X="269" Y="339" T="0" /><Point X="275" Y="348" T="0" /><Point X="283" Y="358" T="0" /><Point X="291" Y="366" T="0" /><Point X="299" Y="376" T="0" /><Point X="307" Y="386" T="0" /><Point X="315" Y="396" T="0" /><Point X="323" Y="406" T="0" /><Point X="330" Y="415" T="0" /><Point X="338" Y="424" T="0" /><Point X="345" Y="432" T="0" /><Point X="353" Y="440" T="0" /><Point X="360" Y="449" T="0" /><Point X="366" Y="457" T="0" /><Point X="373" Y="464" T="0" /><Point X="379" Y="471" T="0" /><Point X="385" Y="477" T="0" /><Point X="391" Y="483" T="0" /><Point X="397" Y="488" T="0" /><Point X="400" Y="492" T="0" /><Point X="403" Y="495" T="0" /><Point X="406" Y="498" T="0" /><Point X="409" Y="500" T="0" /><Point X="411" Y="502" T="0" /><Point X="412" Y="503" T="0" /><Point X="413" Y="504" T="0" /><Point X="415" Y="505" T="0" /><Point X="415" Y="506" T="0" /><Point X="416" Y="506" T="0" /><Point X="417" Y="506" T="0" /><Point X="417" Y="505" T="0" /><Point X="417" Y="503" T="0" /><Point X="417" Y="498" T="0" /><Point X="417" Y="492" T="0" /><Point X="417" Y="484" T="0" /><Point X="417" Y="475" T="0" /><Point X="417" Y="465" T="0" /><Point X="417" Y="454" T="0" /><Point X="417" Y="444" T="0" /><Point X="417" Y="435" T="0" /><Point X="416" Y="425" T="0" /><Point X="415" Y="416" T="0" /><Point X="414" Y="406" T="0" /><Point X="413" Y="395" T="0" /><Point X="413" Y="384" T="0" /><Point X="412" Y="372" T="0" /><Point X="412" Y="359" T="0" /><Point X="413" Y="345" T="0" /><Point X="414" Y="332" T="0" /><Point X="416" Y="318" T="0" /><Point X="417" Y="304" T="0" /><Point X="419" Y="293" T="0" /><Point X="419" Y="282" T="0" /><Point X="419" Y="273" T="0" /><Point X="419" Y="267" T="0" /><Point X="419" Y="262" T="0" /><Point X="419" Y="258" T="0" /><Point X="419" Y="254" T="0" /><Point X="418" Y="253" T="0" /><Point X="417" Y="252" T="0" /><Point X="416" Y="252" T="0" /><Point X="415" Y="253" T="0" /><Point X="413" Y="254" T="0" /><Point X="412" Y="255" T="0" /><Point X="409" Y="258" T="0" /><Point X="406" Y="262" T="0" /><Point X="401" Y="268" T="0" /><Point X="396" Y="276" T="0" /><Point X="389" Y="284" T="0" /><Point X="383" Y="293" T="0" /><Point X="378" Y="302" T="0" /><Point X="371" Y="312" T="0" /><Point X="365" Y="322" T="0" /><Point X="357" Y="334" T="0" /><Point X="350" Y="346" T="0" /><Point X="342" Y="357" T="0" /><Point X="332" Y="369" T="0" /><Point X="323" Y="380" T="0" /><Point X="313" Y="392" T="0" /><Point X="304" Y="402" T="0" /><Point X="295" Y="412" T="0" /><Point X="287" Y="421" T="0" /><Point X="277" Y="432" T="0" /><Point X="267" Y="442" T="0" /><Point X="259" Y="452" T="0" /><Point X="251" Y="461" T="0" /><Point X="243" Y="468" T="0" /><Point X="236" Y="475" T="0" /><Point X="230" Y="481" T="0" /><Point X="225" Y="487" T="0" /><Point X="221" Y="492" T="0" /><Point X="217" Y="498" T="0" /><Point X="213" Y="502" T="0" /><Point X="210" Y="506" T="0" /><Point X="207" Y="510" T="0" /><Point X="204" Y="514" T="0" /><Point X="203" Y="516" T="0" /><Point X="201" Y="518" T="0" /><Point X="199" Y="520" T="0" /><Point X="198" Y="522" T="0" /><Point X="197" Y="522" T="0" /></Gesture>