<Gesture Name="x" Subject="1" Number="1" NumPts="116" Millseconds="0" AppName="Gestures" AppVer="1.0" Date="Wednesday, March 01, 2023" TimeOfDay="17:05:42" ID="6"><Point X="298" Y="282" T="0" /><Point X="301" Y="288" T="0" /><Point X="306" Y="296" T="0" /><Point X="311" Y="304" T="0" /><Point X="316" Y="312" T="0" /><Point X="322" Y="320" T="0" /><Point X="328" Y="329" T="0" /><Point X="334" Y="338" T="0" /><Point X="341" Y="348" T="0" /><Point X="347" Y="358" T="0" /><Point X="353" Y="368" T="0" /><Point X="359" Y="378" T="0" /><Point X="365" Y="388" T="0" /><Point X="372" Y="397" T="0" /><Point X="379" Y="406" T="0" /><Point X="384" Y="416" T="0" /><Point X="390" Y="424" T="0" /><Point X="396" Y="433" T="0" /><Point X="401" Y="442" T="0" /><Point X="407" Y="451" T="0" /><Point X="413" Y="459" T="0" /><Point X="417" Y="466" T="0" /><Point X="422" Y="474" T="0" /><Point X="427" Y="481" T="0" /><Point X="432" Y="488" T="0" /><Point X="435" Y="492" T="0" /><Point X="439" Y="496" T="0" /><Point X="441" Y="500" T="0" /><Point X="444" Y="503" T="0" /><Point X="445" Y="504" T="0" /><Point X="447" Y="505" T="0" /><Point X="448" Y="506" T="0" /><Point X="449" Y="507" T="0" /><Point X="450" Y="507" T="0" /><Point X="451" Y="507" T="0" /><Point X="452" Y="506" T="0" /><Point X="453" Y="503" T="0" /><Point X="454" Y="498" T="0" /><Point X="456" Y="492" T="0" /><Point X="458" Y="485" T="0" /><Point X="460" Y="476" T="0" /><Point X="462" Y="467" T="0" /><Point X="465" Y="458" T="0" /><Point X="467" Y="448" T="0" /><Point X="469" Y="438" T="0" /><Point X="472" Y="429" T="0" /><Point X="475" Y="419" T="0" /><Point X="477" Y="408" T="0" /><Point X="479" Y="397" T="0" /><Point X="482" Y="386" T="0" /><Point X="485" Y="374" T="0" /><Point X="487" Y="362" T="0" /><Point X="490" Y="350" T="0" /><Point X="493" Y="337" T="0" /><Point X="496" Y="326" T="0" /><Point X="499" Y="315" T="0" /><Point X="501" Y="304" T="0" /><Point X="503" Y="294" T="0" /><Point X="504" Y="283" T="0" /><Point X="505" Y="274" T="0" /><Point X="505" Y="266" T="0" /><Point X="506" Y="258" T="0" /><Point X="506" Y="250" T="0" /><Point X="506" Y="242" T="0" /><Point X="506" Y="236" T="0" /><Point X="506" Y="230" T="0" /><Point X="507" Y="224" T="0" /><Point X="507" Y="218" T="0" /><Point X="507" Y="214" T="0" /><Point X="507" Y="211" T="0" /><Point X="507" Y="208" T="0" /><Point X="506" Y="206" T="0" /><Point X="506" Y="204" T="0" /><Point X="505" Y="204" T="0" /><Point X="505" Y="203" T="0" /><Point X="503" Y="204" T="0" /><Point X="501" Y="205" T="0" /><Point X="497" Y="208" T="0" /><Point X="492" Y="213" T="0" /><Point X="487" Y="218" T="0" /><Point X="481" Y="224" T="0" /><Point X="475" Y="230" T="0" /><Point X="469" Y="238" T="0" /><Point X="462" Y="246" T="0" /><Point X="454" Y="254" T="0" /><Point X="446" Y="264" T="0" /><Point X="437" Y="274" T="0" /><Point X="428" Y="284" T="0" /><Point X="418" Y="296" T="0" /><Point X="409" Y="309" T="0" /><Point X="399" Y="321" T="0" /><Point X="389" Y="334" T="0" /><Point X="379" Y="346" T="0" /><Point X="368" Y="359" T="0" /><Point X="357" Y="372" T="0" /><Point X="346" Y="384" T="0" /><Point X="336" Y="397" T="0" /><Point X="326" Y="409" T="0" /><Point X="316" Y="422" T="0" /><Point X="307" Y="434" T="0" /><Point X="297" Y="446" T="0" /><Point X="289" Y="457" T="0" /><Point X="281" Y="466" T="0" /><Point X="274" Y="475" T="0" /><Point X="267" Y="483" T="0" /><Point X="261" Y="490" T="0" /><Point X="257" Y="497" T="0" /><Point X="252" Y="503" T="0" /><Point X="247" Y="508" T="0" /><Point X="244" Y="514" T="0" /><Point X="241" Y="517" T="0" /><Point X="239" Y="521" T="0" /><Point X="237" Y="524" T="0" /><Point X="235" Y="527" T="0" /><Point X="234" Y="530" T="0" /><Point X="233" Y="532" T="0" /></Gesture>