<Gesture Name="x" Subject="1" Number="1" NumPts="112" Millseconds="0" AppName="Gestures" AppVer="1.0" Date="Wednesday, March 01, 2023" TimeOfDay="17:07:54" ID="8"><Point X="250" Y="316" T="0" /><Point X="255" Y="322" T="0" /><Point X="259" Y="330" T="0" /><Point X="265" Y="338" T="0" /><Point X="271" Y="346" T="0" /><Point X="276" Y="355" T="0" /><Point X="283" Y="364" T="0" /><Point X="290" Y="374" T="0" /><Point X="297" Y="384" T="0" /><Point X="305" Y="395" T="0" /><Point X="313" Y="405" T="0" /><Point X="321" Y="416" T="0" /><Point X="328" Y="428" T="0" /><Point X="335" Y="438" T="0" /><Point X="343" Y="449" T="0" /><Point X="350" Y="461" T="0" /><Point X="358" Y="471" T="0" /><Point X="365" Y="482" T="0" /><Point X="373" Y="492" T="0" /><Point X="380" Y="502" T="0" /><Point X="387" Y="511" T="0" /><Point X="395" Y="520" T="0" /><Point X="401" Y="527" T="0" /><Point X="407" Y="534" T="0" /><Point X="413" Y="541" T="0" /><Point X="419" Y="548" T="0" /><Point X="424" Y="553" T="0" /><Point X="429" Y="557" T="0" /><Point X="433" Y="561" T="0" /><Point X="435" Y="564" T="0" /><Point X="439" Y="566" T="0" /><Point X="441" Y="568" T="0" /><Point X="444" Y="568" T="0" /><Point X="447" Y="569" T="0" /><Point X="449" Y="569" T="0" /><Point X="452" Y="569" T="0" /><Point X="454" Y="568" T="0" /><Point X="456" Y="567" T="0" /><Point X="458" Y="564" T="0" /><Point X="461" Y="558" T="0" /><Point X="463" Y="552" T="0" /><Point X="465" Y="544" T="0" /><Point X="467" Y="536" T="0" /><Point X="469" Y="527" T="0" /><Point X="471" Y="517" T="0" /><Point X="473" Y="506" T="0" /><Point X="475" Y="495" T="0" /><Point X="477" Y="482" T="0" /><Point X="479" Y="470" T="0" /><Point X="481" Y="458" T="0" /><Point X="483" Y="446" T="0" /><Point X="484" Y="435" T="0" /><Point X="485" Y="424" T="0" /><Point X="487" Y="412" T="0" /><Point X="487" Y="402" T="0" /><Point X="487" Y="392" T="0" /><Point X="487" Y="382" T="0" /><Point X="487" Y="372" T="0" /><Point X="487" Y="364" T="0" /><Point X="487" Y="356" T="0" /><Point X="486" Y="348" T="0" /><Point X="486" Y="342" T="0" /><Point X="485" Y="335" T="0" /><Point X="485" Y="330" T="0" /><Point X="484" Y="324" T="0" /><Point X="483" Y="320" T="0" /><Point X="483" Y="315" T="0" /><Point X="482" Y="310" T="0" /><Point X="481" Y="307" T="0" /><Point X="481" Y="305" T="0" /><Point X="480" Y="303" T="0" /><Point X="479" Y="301" T="0" /><Point X="479" Y="299" T="0" /><Point X="478" Y="298" T="0" /><Point X="477" Y="298" T="0" /><Point X="477" Y="297" T="0" /><Point X="476" Y="297" T="0" /><Point X="475" Y="297" T="0" /><Point X="475" Y="298" T="0" /><Point X="474" Y="298" T="0" /><Point X="473" Y="299" T="0" /><Point X="471" Y="301" T="0" /><Point X="469" Y="304" T="0" /><Point X="463" Y="309" T="0" /><Point X="455" Y="317" T="0" /><Point X="447" Y="325" T="0" /><Point X="437" Y="334" T="0" /><Point X="428" Y="344" T="0" /><Point X="419" Y="352" T="0" /><Point X="409" Y="361" T="0" /><Point X="399" Y="372" T="0" /><Point X="389" Y="381" T="0" /><Point X="379" Y="391" T="0" /><Point X="368" Y="402" T="0" /><Point X="359" Y="414" T="0" /><Point X="348" Y="426" T="0" /><Point X="336" Y="439" T="0" /><Point X="324" Y="454" T="0" /><Point X="311" Y="468" T="0" /><Point X="298" Y="481" T="0" /><Point X="287" Y="493" T="0" /><Point X="276" Y="505" T="0" /><Point X="266" Y="516" T="0" /><Point X="257" Y="528" T="0" /><Point X="248" Y="539" T="0" /><Point X="239" Y="549" T="0" /><Point X="233" Y="558" T="0" /><Point X="225" Y="568" T="0" /><Point X="218" Y="579" T="0" /><Point X="210" Y="588" T="0" /><Point X="201" Y="597" T="0" /><Point X="196" Y="602" T="0" /></Gesture>