<Gesture Name="x" Subject="1" Number="1" NumPts="101" Millseconds="0" AppName="Gestures" AppVer="1.0" Date="Wednesday, March 01, 2023" TimeOfDay="17:08:52" ID="9"><Point X="249" Y="291" T="0" /><Point X="255" Y="298" T="0" /><Point X="261" Y="306" T="0" /><Point X="268" Y="316" T="0" /><Point X="275" Y="324" T="0" /><Point X="281" Y="335" T="0" /><Point X="289" Y="346" T="0" /><Point X="297" Y="358" T="0" /><Point X="305" Y="370" T="0" /><Point X="312" Y="381" T="0" /><Point X="319" Y="393" T="0" /><Point X="327" Y="406" T="0" /><Point X="333" Y="418" T="0" /><Point X="339" Y="430" T="0" /><Point X="345" Y="443" T="0" /><Point X="351" Y="456" T="0" /><Point X="357" Y="466" T="0" /><Point X="363" Y="478" T="0" /><Point X="369" Y="489" T="0" /><Point X="375" Y="499" T="0" /><Point X="380" Y="508" T="0" /><Point X="386" Y="517" T="0" /><Point X="391" Y="525" T="0" /><Point X="396" Y="531" T="0" /><Point X="399" Y="538" T="0" /><Point X="403" Y="542" T="0" /><Point X="407" Y="548" T="0" /><Point X="410" Y="552" T="0" /><Point X="413" Y="554" T="0" /><Point X="415" Y="556" T="0" /><Point X="417" Y="558" T="0" /><Point X="417" Y="559" T="0" /><Point X="419" Y="560" T="0" /><Point X="420" Y="560" T="0" /><Point X="421" Y="560" T="0" /><Point X="423" Y="558" T="0" /><Point X="424" Y="556" T="0" /><Point X="425" Y="551" T="0" /><Point X="427" Y="544" T="0" /><Point X="428" Y="534" T="0" /><Point X="429" Y="524" T="0" /><Point X="430" Y="512" T="0" /><Point X="431" Y="499" T="0" /><Point X="433" Y="485" T="0" /><Point X="434" Y="471" T="0" /><Point X="435" Y="457" T="0" /><Point X="437" Y="444" T="0" /><Point X="439" Y="429" T="0" /><Point X="441" Y="416" T="0" /><Point X="443" Y="401" T="0" /><Point X="445" Y="386" T="0" /><Point X="447" Y="370" T="0" /><Point X="449" Y="356" T="0" /><Point X="451" Y="343" T="0" /><Point X="453" Y="329" T="0" /><Point X="455" Y="315" T="0" /><Point X="457" Y="302" T="0" /><Point X="458" Y="290" T="0" /><Point X="459" Y="278" T="0" /><Point X="460" Y="268" T="0" /><Point X="460" Y="258" T="0" /><Point X="460" Y="250" T="0" /><Point X="460" Y="243" T="0" /><Point X="460" Y="237" T="0" /><Point X="459" Y="233" T="0" /><Point X="459" Y="229" T="0" /><Point X="458" Y="226" T="0" /><Point X="457" Y="224" T="0" /><Point X="457" Y="223" T="0" /><Point X="456" Y="222" T="0" /><Point X="455" Y="222" T="0" /><Point X="453" Y="223" T="0" /><Point X="450" Y="228" T="0" /><Point X="441" Y="236" T="0" /><Point X="430" Y="246" T="0" /><Point X="418" Y="257" T="0" /><Point X="406" Y="269" T="0" /><Point X="393" Y="282" T="0" /><Point X="379" Y="297" T="0" /><Point X="365" Y="312" T="0" /><Point X="351" Y="329" T="0" /><Point X="337" Y="346" T="0" /><Point X="322" Y="362" T="0" /><Point X="307" Y="378" T="0" /><Point X="293" Y="392" T="0" /><Point X="279" Y="406" T="0" /><Point X="268" Y="418" T="0" /><Point X="258" Y="431" T="0" /><Point X="247" Y="444" T="0" /><Point X="237" Y="458" T="0" /><Point X="226" Y="471" T="0" /><Point X="215" Y="484" T="0" /><Point X="204" Y="496" T="0" /><Point X="197" Y="506" T="0" /><Point X="188" Y="516" T="0" /><Point X="181" Y="526" T="0" /><Point X="174" Y="535" T="0" /><Point X="169" Y="544" T="0" /><Point X="163" Y="554" T="0" /><Point X="156" Y="564" T="0" /><Point X="145" Y="584" T="0" /></Gesture>