<Gesture Name="zig-zig" Subject="1" Number="1" NumPts="192" Millseconds="0" AppName="Gestures" AppVer="1.0" Date="Wednesday, March 01, 2023" TimeOfDay="17:04:58" ID="5"><Point X="220" Y="565" T="0" /><Point X="221" Y="559" T="0" /><Point X="223" Y="553" T="0" /><Point X="225" Y="546" T="0" /><Point X="227" Y="540" T="0" /><Point X="229" Y="532" T="0" /><Point X="233" Y="524" T="0" /><Point X="236" Y="517" T="0" /><Point X="239" Y="509" T="0" /><Point X="242" Y="501" T="0" /><Point X="245" Y="492" T="0" /><Point X="249" Y="484" T="0" /><Point X="252" Y="475" T="0" /><Point X="255" Y="466" T="0" /><Point X="259" Y="457" T="0" /><Point X="262" Y="448" T="0" /><Point X="266" Y="440" T="0" /><Point X="269" Y="433" T="0" /><Point X="272" Y="425" T="0" /><Point X="275" Y="419" T="0" /><Point X="276" Y="412" T="0" /><Point X="278" Y="406" T="0" /><Point X="281" Y="400" T="0" /><Point X="283" Y="394" T="0" /><Point X="285" Y="390" T="0" /><Point X="287" Y="386" T="0" /><Point X="288" Y="381" T="0" /><Point X="290" Y="378" T="0" /><Point X="292" Y="375" T="0" /><Point X="293" Y="372" T="0" /><Point X="294" Y="370" T="0" /><Point X="295" Y="368" T="0" /><Point X="297" Y="367" T="0" /><Point X="297" Y="366" T="0" /><Point X="298" Y="366" T="0" /><Point X="299" Y="367" T="0" /><Point X="300" Y="369" T="0" /><Point X="302" Y="372" T="0" /><Point X="304" Y="375" T="0" /><Point X="306" Y="379" T="0" /><Point X="309" Y="385" T="0" /><Point X="311" Y="392" T="0" /><Point X="313" Y="399" T="0" /><Point X="315" Y="406" T="0" /><Point X="318" Y="416" T="0" /><Point X="321" Y="424" T="0" /><Point X="323" Y="433" T="0" /><Point X="325" Y="443" T="0" /><Point X="327" Y="453" T="0" /><Point X="329" Y="462" T="0" /><Point X="332" Y="472" T="0" /><Point X="335" Y="482" T="0" /><Point X="338" Y="491" T="0" /><Point X="341" Y="500" T="0" /><Point X="345" Y="510" T="0" /><Point X="347" Y="518" T="0" /><Point X="350" Y="528" T="0" /><Point X="353" Y="536" T="0" /><Point X="357" Y="544" T="0" /><Point X="359" Y="552" T="0" /><Point X="362" Y="559" T="0" /><Point X="364" Y="566" T="0" /><Point X="367" Y="572" T="0" /><Point X="369" Y="576" T="0" /><Point X="372" Y="580" T="0" /><Point X="374" Y="583" T="0" /><Point X="375" Y="586" T="0" /><Point X="377" Y="587" T="0" /><Point X="379" Y="588" T="0" /><Point X="380" Y="590" T="0" /><Point X="381" Y="591" T="0" /><Point X="383" Y="592" T="0" /><Point X="385" Y="592" T="0" /><Point X="387" Y="591" T="0" /><Point X="390" Y="590" T="0" /><Point X="393" Y="587" T="0" /><Point X="396" Y="584" T="0" /><Point X="399" Y="578" T="0" /><Point X="402" Y="572" T="0" /><Point X="406" Y="565" T="0" /><Point X="410" Y="558" T="0" /><Point X="414" Y="548" T="0" /><Point X="417" Y="540" T="0" /><Point X="421" Y="531" T="0" /><Point X="425" Y="522" T="0" /><Point X="428" Y="512" T="0" /><Point X="431" Y="503" T="0" /><Point X="435" Y="494" T="0" /><Point X="437" Y="485" T="0" /><Point X="439" Y="476" T="0" /><Point X="442" Y="468" T="0" /><Point X="445" Y="459" T="0" /><Point X="449" Y="450" T="0" /><Point X="452" Y="441" T="0" /><Point X="457" Y="432" T="0" /><Point X="461" Y="422" T="0" /><Point X="465" Y="414" T="0" /><Point X="469" Y="406" T="0" /><Point X="471" Y="398" T="0" /><Point X="474" Y="392" T="0" /><Point X="475" Y="388" T="0" /><Point X="477" Y="384" T="0" /><Point X="478" Y="380" T="0" /><Point X="479" Y="378" T="0" /><Point X="479" Y="375" T="0" /><Point X="480" Y="373" T="0" /><Point X="481" Y="371" T="0" /><Point X="481" Y="370" T="0" /><Point X="481" Y="369" T="0" /><Point X="481" Y="370" T="0" /><Point X="481" Y="372" T="0" /><Point X="482" Y="374" T="0" /><Point X="483" Y="378" T="0" /><Point X="484" Y="384" T="0" /><Point X="485" Y="391" T="0" /><Point X="487" Y="398" T="0" /><Point X="487" Y="406" T="0" /><Point X="489" Y="415" T="0" /><Point X="490" Y="424" T="0" /><Point X="491" Y="434" T="0" /><Point X="493" Y="445" T="0" /><Point X="494" Y="454" T="0" /><Point X="495" Y="464" T="0" /><Point X="497" Y="476" T="0" /><Point X="498" Y="486" T="0" /><Point X="499" Y="496" T="0" /><Point X="501" Y="506" T="0" /><Point X="502" Y="516" T="0" /><Point X="504" Y="526" T="0" /><Point X="505" Y="536" T="0" /><Point X="508" Y="545" T="0" /><Point X="510" Y="554" T="0" /><Point X="513" Y="563" T="0" /><Point X="515" Y="572" T="0" /><Point X="517" Y="578" T="0" /><Point X="520" Y="584" T="0" /><Point X="522" Y="589" T="0" /><Point X="523" Y="594" T="0" /><Point X="525" Y="598" T="0" /><Point X="527" Y="601" T="0" /><Point X="529" Y="604" T="0" /><Point X="530" Y="606" T="0" /><Point X="531" Y="608" T="0" /><Point X="533" Y="609" T="0" /><Point X="534" Y="610" T="0" /><Point X="535" Y="611" T="0" /><Point X="536" Y="611" T="0" /><Point X="537" Y="611" T="0" /><Point X="539" Y="610" T="0" /><Point X="540" Y="608" T="0" /><Point X="541" Y="607" T="0" /><Point X="543" Y="604" T="0" /><Point X="545" Y="601" T="0" /><Point X="547" Y="598" T="0" /><Point X="549" Y="592" T="0" /><Point X="552" Y="585" T="0" /><Point X="555" Y="577" T="0" /><Point X="558" Y="570" T="0" /><Point X="562" Y="560" T="0" /><Point X="566" Y="552" T="0" /><Point X="570" Y="543" T="0" /><Point X="573" Y="534" T="0" /><Point X="576" Y="525" T="0" /><Point X="579" Y="516" T="0" /><Point X="582" Y="508" T="0" /><Point X="585" Y="499" T="0" /><Point X="589" Y="490" T="0" /><Point X="592" Y="481" T="0" /><Point X="595" Y="472" T="0" /><Point X="598" Y="463" T="0" /><Point X="601" Y="454" T="0" /><Point X="605" Y="446" T="0" /><Point X="609" Y="438" T="0" /><Point X="613" Y="430" T="0" /><Point X="617" Y="422" T="0" /><Point X="620" Y="415" T="0" /><Point X="623" Y="408" T="0" /><Point X="625" Y="402" T="0" /><Point X="628" Y="396" T="0" /><Point X="629" Y="392" T="0" /><Point X="631" Y="387" T="0" /><Point X="632" Y="383" T="0" /><Point X="633" Y="380" T="0" /><Point X="635" Y="377" T="0" /><Point X="635" Y="374" T="0" /><Point X="636" Y="372" T="0" /><Point X="637" Y="370" T="0" /><Point X="637" Y="368" T="0" /><Point X="638" Y="366" T="0" /><Point X="639" Y="366" T="0" /><Point X="639" Y="365" T="0" /><Point X="639" Y="364" T="0" /></Gesture>