<Gesture Name="zig-zig" Subject="1" Number="1" NumPts="142" Millseconds="0" AppName="Gestures" AppVer="1.0" Date="Wednesday, March 01, 2023" TimeOfDay="17:07:16" ID="7"><Point X="189" Y="576" T="0" /><Point X="195" Y="564" T="0" /><Point X="203" Y="549" T="0" /><Point X="212" Y="535" T="0" /><Point X="220" Y="522" T="0" /><Point X="228" Y="508" T="0" /><Point X="236" Y="494" T="0" /><Point X="242" Y="482" T="0" /><Point X="247" Y="471" T="0" /><Point X="251" Y="460" T="0" /><Point X="255" Y="451" T="0" /><Point X="259" Y="441" T="0" /><Point X="264" Y="430" T="0" /><Point X="270" Y="418" T="0" /><Point X="275" Y="404" T="0" /><Point X="281" Y="393" T="0" /><Point X="285" Y="382" T="0" /><Point X="291" Y="372" T="0" /><Point X="295" Y="362" T="0" /><Point X="299" Y="355" T="0" /><Point X="303" Y="348" T="0" /><Point X="307" Y="344" T="0" /><Point X="309" Y="341" T="0" /><Point X="311" Y="338" T="0" /><Point X="313" Y="336" T="0" /><Point X="315" Y="335" T="0" /><Point X="316" Y="334" T="0" /><Point X="317" Y="334" T="0" /><Point X="319" Y="334" T="0" /><Point X="320" Y="335" T="0" /><Point X="322" Y="336" T="0" /><Point X="324" Y="340" T="0" /><Point X="327" Y="345" T="0" /><Point X="329" Y="351" T="0" /><Point X="332" Y="360" T="0" /><Point X="335" Y="369" T="0" /><Point X="337" Y="378" T="0" /><Point X="339" Y="390" T="0" /><Point X="340" Y="402" T="0" /><Point X="341" Y="415" T="0" /><Point X="343" Y="428" T="0" /><Point X="344" Y="440" T="0" /><Point X="345" Y="452" T="0" /><Point X="347" Y="464" T="0" /><Point X="348" Y="476" T="0" /><Point X="350" Y="488" T="0" /><Point X="352" Y="499" T="0" /><Point X="354" Y="510" T="0" /><Point X="356" Y="520" T="0" /><Point X="359" Y="529" T="0" /><Point X="361" Y="538" T="0" /><Point X="363" Y="545" T="0" /><Point X="365" Y="552" T="0" /><Point X="368" Y="556" T="0" /><Point X="370" Y="560" T="0" /><Point X="373" Y="564" T="0" /><Point X="375" Y="566" T="0" /><Point X="379" Y="568" T="0" /><Point X="383" Y="568" T="0" /><Point X="387" Y="568" T="0" /><Point X="393" Y="566" T="0" /><Point X="399" Y="561" T="0" /><Point X="408" Y="554" T="0" /><Point X="417" Y="543" T="0" /><Point X="427" Y="531" T="0" /><Point X="436" Y="518" T="0" /><Point X="446" Y="505" T="0" /><Point X="454" Y="492" T="0" /><Point X="461" Y="482" T="0" /><Point X="466" Y="470" T="0" /><Point X="471" Y="458" T="0" /><Point X="477" Y="447" T="0" /><Point X="483" Y="436" T="0" /><Point X="487" Y="425" T="0" /><Point X="493" Y="415" T="0" /><Point X="497" Y="404" T="0" /><Point X="501" Y="395" T="0" /><Point X="505" Y="387" T="0" /><Point X="508" Y="378" T="0" /><Point X="511" Y="372" T="0" /><Point X="514" Y="366" T="0" /><Point X="517" Y="363" T="0" /><Point X="518" Y="360" T="0" /><Point X="519" Y="359" T="0" /><Point X="521" Y="358" T="0" /><Point X="522" Y="357" T="0" /><Point X="523" Y="358" T="0" /><Point X="525" Y="359" T="0" /><Point X="527" Y="362" T="0" /><Point X="529" Y="369" T="0" /><Point X="532" Y="376" T="0" /><Point X="535" Y="386" T="0" /><Point X="537" Y="397" T="0" /><Point X="538" Y="408" T="0" /><Point X="539" Y="422" T="0" /><Point X="539" Y="436" T="0" /><Point X="539" Y="450" T="0" /><Point X="539" Y="464" T="0" /><Point X="539" Y="478" T="0" /><Point X="539" Y="492" T="0" /><Point X="539" Y="506" T="0" /><Point X="539" Y="518" T="0" /><Point X="539" Y="529" T="0" /><Point X="540" Y="540" T="0" /><Point X="541" Y="551" T="0" /><Point X="543" Y="560" T="0" /><Point X="544" Y="568" T="0" /><Point X="546" Y="576" T="0" /><Point X="548" Y="582" T="0" /><Point X="550" Y="586" T="0" /><Point X="551" Y="589" T="0" /><Point X="553" Y="592" T="0" /><Point X="555" Y="594" T="0" /><Point X="557" Y="595" T="0" /><Point X="558" Y="596" T="0" /><Point X="560" Y="596" T="0" /><Point X="564" Y="596" T="0" /><Point X="569" Y="592" T="0" /><Point X="574" Y="588" T="0" /><Point X="581" Y="581" T="0" /><Point X="588" Y="572" T="0" /><Point X="595" Y="561" T="0" /><Point X="603" Y="548" T="0" /><Point X="611" Y="535" T="0" /><Point X="618" Y="520" T="0" /><Point X="625" Y="507" T="0" /><Point X="631" Y="494" T="0" /><Point X="637" Y="480" T="0" /><Point X="642" Y="467" T="0" /><Point X="647" Y="456" T="0" /><Point X="651" Y="445" T="0" /><Point X="656" Y="434" T="0" /><Point X="660" Y="424" T="0" /><Point X="664" Y="414" T="0" /><Point X="668" Y="404" T="0" /><Point X="671" Y="396" T="0" /><Point X="674" Y="389" T="0" /><Point X="677" Y="384" T="0" /><Point X="679" Y="378" T="0" /><Point X="681" Y="374" T="0" /><Point X="687" Y="365" T="0" /><Point X="692" Y="360" T="0" /></Gesture>