<Gesture Name="zig-zig" Subject="1" Number="1" NumPts="90" Millseconds="0" AppName="Gestures" AppVer="1.0" Date="Wednesday, March 01, 2023" TimeOfDay="17:00:23" ID="2"><Point X="276" Y="527" T="0" /><Point X="278" Y="515" T="0" /><Point X="282" Y="501" T="0" /><Point X="288" Y="486" T="0" /><Point X="294" Y="469" T="0" /><Point X="301" Y="451" T="0" /><Point X="308" Y="434" T="0" /><Point X="315" Y="417" T="0" /><Point X="321" Y="402" T="0" /><Point X="327" Y="388" T="0" /><Point X="332" Y="375" T="0" /><Point X="336" Y="365" T="0" /><Point X="341" Y="357" T="0" /><Point X="344" Y="353" T="0" /><Point X="347" Y="350" T="0" /><Point X="350" Y="349" T="0" /><Point X="354" Y="351" T="0" /><Point X="359" Y="355" T="0" /><Point X="364" Y="365" T="0" /><Point X="370" Y="378" T="0" /><Point X="374" Y="393" T="0" /><Point X="378" Y="411" T="0" /><Point X="382" Y="429" T="0" /><Point X="387" Y="445" T="0" /><Point X="393" Y="462" T="0" /><Point X="399" Y="477" T="0" /><Point X="405" Y="491" T="0" /><Point X="411" Y="505" T="0" /><Point X="418" Y="515" T="0" /><Point X="423" Y="525" T="0" /><Point X="427" Y="531" T="0" /><Point X="431" Y="535" T="0" /><Point X="434" Y="537" T="0" /><Point X="437" Y="539" T="0" /><Point X="442" Y="537" T="0" /><Point X="449" Y="530" T="0" /><Point X="458" Y="515" T="0" /><Point X="466" Y="497" T="0" /><Point X="474" Y="477" T="0" /><Point X="481" Y="456" T="0" /><Point X="488" Y="434" T="0" /><Point X="494" Y="413" T="0" /><Point X="499" Y="395" T="0" /><Point X="503" Y="377" T="0" /><Point X="506" Y="363" T="0" /><Point X="510" Y="350" T="0" /><Point X="512" Y="342" T="0" /><Point X="513" Y="337" T="0" /><Point X="514" Y="335" T="0" /><Point X="515" Y="334" T="0" /><Point X="517" Y="334" T="0" /><Point X="520" Y="339" T="0" /><Point X="525" Y="349" T="0" /><Point X="530" Y="363" T="0" /><Point X="536" Y="378" T="0" /><Point X="542" Y="395" T="0" /><Point X="549" Y="413" T="0" /><Point X="555" Y="432" T="0" /><Point X="562" Y="451" T="0" /><Point X="569" Y="470" T="0" /><Point X="575" Y="489" T="0" /><Point X="580" Y="507" T="0" /><Point X="586" Y="523" T="0" /><Point X="591" Y="539" T="0" /><Point X="595" Y="553" T="0" /><Point X="598" Y="563" T="0" /><Point X="602" Y="571" T="0" /><Point X="605" Y="577" T="0" /><Point X="607" Y="579" T="0" /><Point X="610" Y="580" T="0" /><Point X="616" Y="577" T="0" /><Point X="626" Y="567" T="0" /><Point X="636" Y="553" T="0" /><Point X="646" Y="536" T="0" /><Point X="656" Y="517" T="0" /><Point X="666" Y="499" T="0" /><Point X="677" Y="480" T="0" /><Point X="688" Y="460" T="0" /><Point X="698" Y="440" T="0" /><Point X="708" Y="423" T="0" /><Point X="717" Y="407" T="0" /><Point X="724" Y="393" T="0" /><Point X="731" Y="382" T="0" /><Point X="736" Y="373" T="0" /><Point X="741" Y="366" T="0" /><Point X="744" Y="361" T="0" /><Point X="747" Y="357" T="0" /><Point X="749" Y="355" T="0" /><Point X="750" Y="353" T="0" /><Point X="751" Y="353" T="0" /></Gesture>