<Gesture Name="zig-zig" Subject="1" Number="1" NumPts="155" Millseconds="0" AppName="Gestures" AppVer="1.0" Date="Wednesday, March 01, 2023" TimeOfDay="17:09:19" ID="9"><Point X="135" Y="592" T="0" /><Point X="141" Y="584" T="0" /><Point X="148" Y="575" T="0" /><Point X="155" Y="566" T="0" /><Point X="163" Y="556" T="0" /><Point X="172" Y="546" T="0" /><Point X="182" Y="536" T="0" /><Point X="191" Y="525" T="0" /><Point X="202" Y="514" T="0" /><Point X="211" Y="504" T="0" /><Point X="219" Y="494" T="0" /><Point X="226" Y="485" T="0" /><Point X="234" Y="474" T="0" /><Point X="241" Y="465" T="0" /><Point X="248" Y="456" T="0" /><Point X="254" Y="448" T="0" /><Point X="259" Y="440" T="0" /><Point X="263" Y="433" T="0" /><Point X="267" Y="427" T="0" /><Point X="271" Y="422" T="0" /><Point X="274" Y="416" T="0" /><Point X="276" Y="412" T="0" /><Point X="279" Y="408" T="0" /><Point X="281" Y="405" T="0" /><Point X="283" Y="403" T="0" /><Point X="284" Y="402" T="0" /><Point X="285" Y="401" T="0" /><Point X="287" Y="400" T="0" /><Point X="288" Y="400" T="0" /><Point X="290" Y="401" T="0" /><Point X="293" Y="402" T="0" /><Point X="295" Y="404" T="0" /><Point X="299" Y="409" T="0" /><Point X="303" Y="414" T="0" /><Point X="307" Y="421" T="0" /><Point X="311" Y="429" T="0" /><Point X="313" Y="438" T="0" /><Point X="316" Y="449" T="0" /><Point X="319" Y="460" T="0" /><Point X="321" Y="471" T="0" /><Point X="323" Y="482" T="0" /><Point X="326" Y="494" T="0" /><Point X="328" Y="504" T="0" /><Point X="331" Y="515" T="0" /><Point X="333" Y="526" T="0" /><Point X="337" Y="536" T="0" /><Point X="340" Y="546" T="0" /><Point X="343" Y="555" T="0" /><Point X="345" Y="564" T="0" /><Point X="347" Y="573" T="0" /><Point X="349" Y="581" T="0" /><Point X="352" Y="587" T="0" /><Point X="355" Y="592" T="0" /><Point X="358" Y="596" T="0" /><Point X="361" Y="600" T="0" /><Point X="363" Y="603" T="0" /><Point X="366" Y="606" T="0" /><Point X="369" Y="607" T="0" /><Point X="372" Y="608" T="0" /><Point X="375" Y="610" T="0" /><Point X="379" Y="610" T="0" /><Point X="382" Y="608" T="0" /><Point X="387" Y="606" T="0" /><Point X="391" Y="604" T="0" /><Point X="396" Y="599" T="0" /><Point X="401" Y="593" T="0" /><Point X="407" Y="585" T="0" /><Point X="414" Y="577" T="0" /><Point X="421" Y="568" T="0" /><Point X="429" Y="557" T="0" /><Point X="436" Y="546" T="0" /><Point X="443" Y="536" T="0" /><Point X="450" Y="525" T="0" /><Point X="456" Y="515" T="0" /><Point X="463" Y="505" T="0" /><Point X="469" Y="495" T="0" /><Point X="473" Y="485" T="0" /><Point X="479" Y="475" T="0" /><Point X="484" Y="466" T="0" /><Point X="489" Y="458" T="0" /><Point X="493" Y="451" T="0" /><Point X="499" Y="444" T="0" /><Point X="503" Y="438" T="0" /><Point X="506" Y="432" T="0" /><Point X="510" Y="428" T="0" /><Point X="513" Y="424" T="0" /><Point X="515" Y="422" T="0" /><Point X="517" Y="420" T="0" /><Point X="518" Y="420" T="0" /><Point X="519" Y="419" T="0" /><Point X="520" Y="419" T="0" /><Point X="521" Y="420" T="0" /><Point X="522" Y="420" T="0" /><Point X="523" Y="423" T="0" /><Point X="525" Y="427" T="0" /><Point X="528" Y="432" T="0" /><Point X="530" Y="440" T="0" /><Point X="533" Y="449" T="0" /><Point X="535" Y="458" T="0" /><Point X="536" Y="469" T="0" /><Point X="538" Y="480" T="0" /><Point X="539" Y="492" T="0" /><Point X="541" Y="502" T="0" /><Point X="543" Y="514" T="0" /><Point X="545" Y="526" T="0" /><Point X="547" Y="538" T="0" /><Point X="549" Y="549" T="0" /><Point X="552" Y="560" T="0" /><Point X="555" Y="571" T="0" /><Point X="557" Y="582" T="0" /><Point X="559" Y="592" T="0" /><Point X="562" Y="600" T="0" /><Point X="565" Y="608" T="0" /><Point X="567" Y="614" T="0" /><Point X="570" Y="620" T="0" /><Point X="573" Y="625" T="0" /><Point X="575" Y="629" T="0" /><Point X="577" Y="633" T="0" /><Point X="580" Y="636" T="0" /><Point X="582" Y="638" T="0" /><Point X="585" Y="639" T="0" /><Point X="587" Y="640" T="0" /><Point X="590" Y="640" T="0" /><Point X="593" Y="640" T="0" /><Point X="597" Y="638" T="0" /><Point X="603" Y="634" T="0" /><Point X="609" Y="628" T="0" /><Point X="615" Y="621" T="0" /><Point X="622" Y="612" T="0" /><Point X="629" Y="602" T="0" /><Point X="636" Y="592" T="0" /><Point X="644" Y="580" T="0" /><Point X="651" Y="569" T="0" /><Point X="658" Y="557" T="0" /><Point X="665" Y="545" T="0" /><Point X="671" Y="534" T="0" /><Point X="677" Y="522" T="0" /><Point X="683" Y="511" T="0" /><Point X="689" Y="499" T="0" /><Point X="694" Y="488" T="0" /><Point X="699" Y="477" T="0" /><Point X="704" Y="466" T="0" /><Point X="709" Y="457" T="0" /><Point X="713" Y="448" T="0" /><Point X="717" Y="440" T="0" /><Point X="721" Y="432" T="0" /><Point X="723" Y="426" T="0" /><Point X="726" Y="420" T="0" /><Point X="729" Y="415" T="0" /><Point X="731" Y="410" T="0" /><Point X="732" Y="407" T="0" /><Point X="733" Y="404" T="0" /><Point X="734" Y="402" T="0" /><Point X="735" Y="402" T="0" /><Point X="735" Y="401" T="0" /></Gesture>