<Gesture Name="zig-zig" Subject="1" Number="1" NumPts="131" Millseconds="0" AppName="Gestures" AppVer="1.0" Date="Wednesday, March 01, 2023" TimeOfDay="17:08:11" ID="8"><Point X="136" Y="511" T="0" /><Point X="145" Y="499" T="0" /><Point X="155" Y="485" T="0" /><Point X="167" Y="471" T="0" /><Point X="177" Y="458" T="0" /><Point X="186" Y="447" T="0" /><Point X="195" Y="437" T="0" /><Point X="203" Y="427" T="0" /><Point X="209" Y="418" T="0" /><Point X="215" Y="410" T="0" /><Point X="219" Y="403" T="0" /><Point X="223" Y="398" T="0" /><Point X="225" Y="394" T="0" /><Point X="227" Y="390" T="0" /><Point X="229" Y="387" T="0" /><Point X="231" Y="384" T="0" /><Point X="233" Y="382" T="0" /><Point X="234" Y="380" T="0" /><Point X="235" Y="378" T="0" /><Point X="237" Y="378" T="0" /><Point X="239" Y="377" T="0" /><Point X="241" Y="378" T="0" /><Point X="243" Y="378" T="0" /><Point X="246" Y="380" T="0" /><Point X="249" Y="383" T="0" /><Point X="254" Y="388" T="0" /><Point X="258" Y="394" T="0" /><Point X="263" Y="402" T="0" /><Point X="268" Y="410" T="0" /><Point X="273" Y="420" T="0" /><Point X="276" Y="430" T="0" /><Point X="279" Y="442" T="0" /><Point X="282" Y="453" T="0" /><Point X="285" Y="464" T="0" /><Point X="287" Y="475" T="0" /><Point X="289" Y="486" T="0" /><Point X="291" Y="496" T="0" /><Point X="293" Y="503" T="0" /><Point X="296" Y="512" T="0" /><Point X="299" Y="518" T="0" /><Point X="302" Y="524" T="0" /><Point X="305" Y="528" T="0" /><Point X="308" Y="532" T="0" /><Point X="310" Y="535" T="0" /><Point X="313" Y="538" T="0" /><Point X="317" Y="539" T="0" /><Point X="321" Y="540" T="0" /><Point X="326" Y="540" T="0" /><Point X="331" Y="538" T="0" /><Point X="337" Y="534" T="0" /><Point X="344" Y="528" T="0" /><Point X="351" Y="520" T="0" /><Point X="357" Y="512" T="0" /><Point X="363" Y="502" T="0" /><Point X="370" Y="491" T="0" /><Point X="377" Y="480" T="0" /><Point X="382" Y="468" T="0" /><Point X="387" Y="457" T="0" /><Point X="393" Y="447" T="0" /><Point X="398" Y="437" T="0" /><Point X="402" Y="426" T="0" /><Point X="407" Y="416" T="0" /><Point X="411" Y="405" T="0" /><Point X="417" Y="396" T="0" /><Point X="420" Y="388" T="0" /><Point X="424" Y="380" T="0" /><Point X="428" Y="374" T="0" /><Point X="432" Y="368" T="0" /><Point X="435" Y="363" T="0" /><Point X="438" Y="360" T="0" /><Point X="441" Y="358" T="0" /><Point X="443" Y="357" T="0" /><Point X="445" Y="356" T="0" /><Point X="446" Y="356" T="0" /><Point X="447" Y="356" T="0" /><Point X="449" Y="357" T="0" /><Point X="451" Y="359" T="0" /><Point X="452" Y="362" T="0" /><Point X="454" Y="368" T="0" /><Point X="457" Y="375" T="0" /><Point X="459" Y="384" T="0" /><Point X="460" Y="394" T="0" /><Point X="461" Y="405" T="0" /><Point X="462" Y="416" T="0" /><Point X="463" Y="427" T="0" /><Point X="464" Y="438" T="0" /><Point X="465" Y="449" T="0" /><Point X="466" Y="460" T="0" /><Point X="467" Y="471" T="0" /><Point X="469" Y="482" T="0" /><Point X="469" Y="492" T="0" /><Point X="471" Y="500" T="0" /><Point X="473" Y="510" T="0" /><Point X="475" Y="517" T="0" /><Point X="477" Y="524" T="0" /><Point X="481" Y="530" T="0" /><Point X="484" Y="536" T="0" /><Point X="487" Y="540" T="0" /><Point X="490" Y="543" T="0" /><Point X="493" Y="547" T="0" /><Point X="497" Y="550" T="0" /><Point X="501" Y="552" T="0" /><Point X="507" Y="554" T="0" /><Point X="513" Y="554" T="0" /><Point X="519" Y="553" T="0" /><Point X="527" Y="551" T="0" /><Point X="535" Y="547" T="0" /><Point X="544" Y="542" T="0" /><Point X="553" Y="536" T="0" /><Point X="562" Y="527" T="0" /><Point X="573" Y="519" T="0" /><Point X="581" Y="510" T="0" /><Point X="591" Y="500" T="0" /><Point X="601" Y="489" T="0" /><Point X="611" Y="479" T="0" /><Point X="621" Y="468" T="0" /><Point X="630" Y="458" T="0" /><Point X="639" Y="449" T="0" /><Point X="648" Y="440" T="0" /><Point X="657" Y="431" T="0" /><Point X="663" Y="424" T="0" /><Point X="670" Y="416" T="0" /><Point X="676" Y="410" T="0" /><Point X="681" Y="404" T="0" /><Point X="685" Y="400" T="0" /><Point X="690" Y="395" T="0" /><Point X="695" Y="390" T="0" /><Point X="701" Y="387" T="0" /><Point X="707" Y="384" T="0" /><Point X="713" Y="380" T="0" /><Point X="716" Y="379" T="0" /></Gesture>