<Gesture Name="arrow" Subject="1" Number="1" NumPts="51" Millseconds="0" AppName="Gestures" AppVer="1.0" Date="Wednesday, March 01, 2023" TimeOfDay="15:11:57" ID="6"><Point X="198" Y="405" T="0" /><Point X="199" Y="404" T="0" /><Point X="203" Y="400" T="0" /><Point X="219" Y="387" T="0" /><Point X="364" Y="285" T="0" /><Point X="426" Y="249" T="0" /><Point X="469" Y="224" T="0" /><Point X="498" Y="208" T="0" /><Point X="511" Y="201" T="0" /><Point X="515" Y="198" T="0" /><Point X="518" Y="197" T="0" /><Point X="519" Y="196" T="0" /><Point X="518" Y="196" T="0" /><Point X="516" Y="196" T="0" /><Point X="513" Y="196" T="0" /><Point X="508" Y="196" T="0" /><Point X="491" Y="198" T="0" /><Point X="486" Y="199" T="0" /><Point X="481" Y="200" T="0" /><Point X="477" Y="200" T="0" /><Point X="475" Y="201" T="0" /><Point X="473" Y="202" T="0" /><Point X="472" Y="202" T="0" /><Point X="471" Y="202" T="0" /><Point X="472" Y="202" T="0" /><Point X="482" Y="200" T="0" /><Point X="487" Y="199" T="0" /><Point X="492" Y="198" T="0" /><Point X="496" Y="197" T="0" /><Point X="499" Y="197" T="0" /><Point X="503" Y="197" T="0" /><Point X="504" Y="197" T="0" /><Point X="506" Y="197" T="0" /><Point X="507" Y="197" T="0" /><Point X="508" Y="197" T="0" /><Point X="509" Y="197" T="0" /><Point X="510" Y="197" T="0" /><Point X="511" Y="197" T="0" /><Point X="512" Y="197" T="0" /><Point X="513" Y="198" T="0" /><Point X="513" Y="199" T="0" /><Point X="513" Y="200" T="0" /><Point X="513" Y="203" T="0" /><Point X="512" Y="208" T="0" /><Point X="510" Y="215" T="0" /><Point X="508" Y="219" T="0" /><Point X="506" Y="225" T="0" /><Point X="506" Y="228" T="0" /><Point X="505" Y="230" T="0" /><Point X="504" Y="232" T="0" /><Point X="504" Y="233" T="0" /></Gesture>