<Gesture Name="arrow" Subject="1" Number="1" NumPts="39" Millseconds="0" AppName="Gestures" AppVer="1.0" Date="Wednesday, March 01, 2023" TimeOfDay="15:10:00" ID="4"><Point X="259" Y="411" T="0" /><Point X="265" Y="411" T="0" /><Point X="277" Y="411" T="0" /><Point X="292" Y="410" T="0" /><Point X="306" Y="405" T="0" /><Point X="341" Y="396" T="0" /><Point X="371" Y="388" T="0" /><Point X="406" Y="379" T="0" /><Point X="428" Y="373" T="0" /><Point X="437" Y="370" T="0" /><Point X="444" Y="368" T="0" /><Point X="447" Y="367" T="0" /><Point X="449" Y="367" T="0" /><Point X="444" Y="367" T="0" /><Point X="437" Y="366" T="0" /><Point X="430" Y="366" T="0" /><Point X="425" Y="366" T="0" /><Point X="421" Y="365" T="0" /><Point X="419" Y="365" T="0" /><Point X="417" Y="365" T="0" /><Point X="416" Y="365" T="0" /><Point X="415" Y="365" T="0" /><Point X="416" Y="365" T="0" /><Point X="418" Y="365" T="0" /><Point X="423" Y="365" T="0" /><Point X="428" Y="365" T="0" /><Point X="432" Y="365" T="0" /><Point X="435" Y="365" T="0" /><Point X="437" Y="365" T="0" /><Point X="440" Y="365" T="0" /><Point X="441" Y="365" T="0" /><Point X="441" Y="367" T="0" /><Point X="438" Y="373" T="0" /><Point X="434" Y="378" T="0" /><Point X="422" Y="397" T="0" /><Point X="418" Y="402" T="0" /><Point X="417" Y="403" T="0" /><Point X="416" Y="405" T="0" /><Point X="415" Y="405" T="0" /></Gesture>