<Gesture Name="arrow" Subject="1" Number="1" NumPts="57" Millseconds="0" AppName="Gestures" AppVer="1.0" Date="Wednesday, March 01, 2023" TimeOfDay="15:06:33" ID="1"><Point X="156" Y="612" T="0" /><Point X="172" Y="601" T="0" /><Point X="225" Y="568" T="0" /><Point X="295" Y="520" T="0" /><Point X="363" Y="476" T="0" /><Point X="419" Y="441" T="0" /><Point X="457" Y="418" T="0" /><Point X="476" Y="407" T="0" /><Point X="484" Y="401" T="0" /><Point X="489" Y="398" T="0" /><Point X="490" Y="398" T="0" /><Point X="491" Y="397" T="0" /><Point X="488" Y="397" T="0" /><Point X="483" Y="397" T="0" /><Point X="477" Y="397" T="0" /><Point X="470" Y="398" T="0" /><Point X="463" Y="398" T="0" /><Point X="458" Y="398" T="0" /><Point X="452" Y="398" T="0" /><Point X="449" Y="398" T="0" /><Point X="446" Y="398" T="0" /><Point X="444" Y="398" T="0" /><Point X="445" Y="398" T="0" /><Point X="448" Y="398" T="0" /><Point X="454" Y="398" T="0" /><Point X="461" Y="398" T="0" /><Point X="476" Y="398" T="0" /><Point X="480" Y="398" T="0" /><Point X="481" Y="398" T="0" /><Point X="482" Y="398" T="0" /><Point X="483" Y="398" T="0" /><Point X="485" Y="398" T="0" /><Point X="488" Y="398" T="0" /><Point X="490" Y="398" T="0" /><Point X="492" Y="399" T="0" /><Point X="493" Y="399" T="0" /><Point X="494" Y="399" T="0" /><Point X="494" Y="400" T="0" /><Point X="494" Y="402" T="0" /><Point X="494" Y="407" T="0" /><Point X="494" Y="409" T="0" /><Point X="493" Y="411" T="0" /><Point X="493" Y="413" T="0" /><Point X="493" Y="414" T="0" /><Point X="493" Y="415" T="0" /><Point X="492" Y="416" T="0" /><Point X="492" Y="417" T="0" /><Point X="492" Y="418" T="0" /><Point X="492" Y="419" T="0" /><Point X="491" Y="420" T="0" /><Point X="491" Y="422" T="0" /><Point X="491" Y="424" T="0" /><Point X="489" Y="430" T="0" /><Point X="489" Y="431" T="0" /><Point X="488" Y="434" T="0" /><Point X="488" Y="435" T="0" /><Point X="487" Y="435" T="0" /></Gesture>