<Gesture Name="arrow" Subject="1" Number="1" NumPts="51" Millseconds="0" AppName="Gestures" AppVer="1.0" Date="Wednesday, March 01, 2023" TimeOfDay="15:15:47" ID="10"><Point X="223" Y="440" T="0" /><Point X="228" Y="435" T="0" /><Point X="236" Y="427" T="0" /><Point X="285" Y="387" T="0" /><Point X="318" Y="364" T="0" /><Point X="354" Y="340" T="0" /><Point X="378" Y="321" T="0" /><Point X="403" Y="307" T="0" /><Point X="416" Y="298" T="0" /><Point X="434" Y="290" T="0" /><Point X="445" Y="285" T="0" /><Point X="455" Y="280" T="0" /><Point X="462" Y="278" T="0" /><Point X="466" Y="276" T="0" /><Point X="468" Y="276" T="0" /><Point X="470" Y="275" T="0" /><Point X="470" Y="274" T="0" /><Point X="471" Y="274" T="0" /><Point X="470" Y="274" T="0" /><Point X="466" Y="274" T="0" /><Point X="462" Y="274" T="0" /><Point X="458" Y="274" T="0" /><Point X="454" Y="274" T="0" /><Point X="448" Y="274" T="0" /><Point X="445" Y="274" T="0" /><Point X="443" Y="274" T="0" /><Point X="441" Y="274" T="0" /><Point X="440" Y="274" T="0" /><Point X="439" Y="274" T="0" /><Point X="439" Y="273" T="0" /><Point X="449" Y="271" T="0" /><Point X="454" Y="270" T="0" /><Point X="460" Y="269" T="0" /><Point X="464" Y="269" T="0" /><Point X="467" Y="269" T="0" /><Point X="469" Y="269" T="0" /><Point X="471" Y="269" T="0" /><Point X="472" Y="269" T="0" /><Point X="472" Y="270" T="0" /><Point X="472" Y="271" T="0" /><Point X="472" Y="272" T="0" /><Point X="472" Y="274" T="0" /><Point X="472" Y="278" T="0" /><Point X="469" Y="284" T="0" /><Point X="466" Y="290" T="0" /><Point X="462" Y="296" T="0" /><Point X="460" Y="301" T="0" /><Point X="458" Y="304" T="0" /><Point X="458" Y="306" T="0" /><Point X="458" Y="307" T="0" /><Point X="457" Y="308" T="0" /></Gesture>