<Gesture Name="arrow" Subject="1" Number="1" NumPts="67" Millseconds="0" AppName="Gestures" AppVer="1.0" Date="Wednesday, March 01, 2023" TimeOfDay="15:07:47" ID="2"><Point X="160" Y="501" T="0" /><Point X="162" Y="500" T="0" /><Point X="182" Y="483" T="0" /><Point X="205" Y="463" T="0" /><Point X="225" Y="446" T="0" /><Point X="258" Y="421" T="0" /><Point X="288" Y="399" T="0" /><Point X="308" Y="384" T="0" /><Point X="321" Y="377" T="0" /><Point X="342" Y="363" T="0" /><Point X="346" Y="361" T="0" /><Point X="348" Y="359" T="0" /><Point X="351" Y="358" T="0" /><Point X="353" Y="356" T="0" /><Point X="354" Y="355" T="0" /><Point X="355" Y="355" T="0" /><Point X="356" Y="355" T="0" /><Point X="356" Y="354" T="0" /><Point X="357" Y="354" T="0" /><Point X="358" Y="354" T="0" /><Point X="358" Y="353" T="0" /><Point X="356" Y="352" T="0" /><Point X="354" Y="352" T="0" /><Point X="352" Y="352" T="0" /><Point X="351" Y="352" T="0" /><Point X="348" Y="352" T="0" /><Point X="346" Y="352" T="0" /><Point X="343" Y="352" T="0" /><Point X="337" Y="352" T="0" /><Point X="335" Y="352" T="0" /><Point X="334" Y="352" T="0" /><Point X="333" Y="352" T="0" /><Point X="331" Y="352" T="0" /><Point X="330" Y="352" T="0" /><Point X="329" Y="352" T="0" /><Point X="328" Y="352" T="0" /><Point X="327" Y="352" T="0" /><Point X="327" Y="353" T="0" /><Point X="326" Y="353" T="0" /><Point X="325" Y="353" T="0" /><Point X="325" Y="354" T="0" /><Point X="324" Y="354" T="0" /><Point X="325" Y="354" T="0" /><Point X="326" Y="354" T="0" /><Point X="329" Y="354" T="0" /><Point X="335" Y="352" T="0" /><Point X="347" Y="349" T="0" /><Point X="351" Y="348" T="0" /><Point X="354" Y="347" T="0" /><Point X="359" Y="346" T="0" /><Point X="361" Y="346" T="0" /><Point X="363" Y="345" T="0" /><Point X="364" Y="345" T="0" /><Point X="366" Y="345" T="0" /><Point X="367" Y="345" T="0" /><Point X="367" Y="346" T="0" /><Point X="367" Y="347" T="0" /><Point X="367" Y="348" T="0" /><Point X="364" Y="357" T="0" /><Point X="361" Y="364" T="0" /><Point X="358" Y="371" T="0" /><Point X="356" Y="377" T="0" /><Point X="356" Y="380" T="0" /><Point X="354" Y="383" T="0" /><Point X="354" Y="385" T="0" /><Point X="353" Y="385" T="0" /><Point X="353" Y="386" T="0" /></Gesture>