<Gesture Name="arrow" Subject="1" Number="1" NumPts="49" Millseconds="0" AppName="Gestures" AppVer="1.0" Date="Wednesday, March 01, 2023" TimeOfDay="15:11:01" ID="5"><Point X="146" Y="494" T="0" /><Point X="154" Y="488" T="0" /><Point X="189" Y="468" T="0" /><Point X="260" Y="433" T="0" /><Point X="332" Y="400" T="0" /><Point X="401" Y="368" T="0" /><Point X="453" Y="346" T="0" /><Point X="505" Y="326" T="0" /><Point X="533" Y="316" T="0" /><Point X="545" Y="312" T="0" /><Point X="551" Y="309" T="0" /><Point X="554" Y="308" T="0" /><Point X="555" Y="307" T="0" /><Point X="554" Y="307" T="0" /><Point X="551" Y="307" T="0" /><Point X="548" Y="307" T="0" /><Point X="544" Y="307" T="0" /><Point X="539" Y="307" T="0" /><Point X="533" Y="307" T="0" /><Point X="528" Y="307" T="0" /><Point X="525" Y="307" T="0" /><Point X="522" Y="307" T="0" /><Point X="518" Y="307" T="0" /><Point X="517" Y="307" T="0" /><Point X="519" Y="307" T="0" /><Point X="522" Y="307" T="0" /><Point X="528" Y="307" T="0" /><Point X="530" Y="307" T="0" /><Point X="534" Y="307" T="0" /><Point X="537" Y="307" T="0" /><Point X="541" Y="308" T="0" /><Point X="544" Y="308" T="0" /><Point X="547" Y="308" T="0" /><Point X="548" Y="308" T="0" /><Point X="550" Y="308" T="0" /><Point X="551" Y="308" T="0" /><Point X="552" Y="308" T="0" /><Point X="553" Y="308" T="0" /><Point X="554" Y="308" T="0" /><Point X="555" Y="308" T="0" /><Point X="555" Y="310" T="0" /><Point X="555" Y="314" T="0" /><Point X="553" Y="318" T="0" /><Point X="551" Y="323" T="0" /><Point X="549" Y="327" T="0" /><Point X="549" Y="329" T="0" /><Point X="548" Y="331" T="0" /><Point X="547" Y="332" T="0" /><Point X="547" Y="333" T="0" /></Gesture>