<Gesture Name="arrow" Subject="1" Number="1" NumPts="51" Millseconds="0" AppName="Gestures" AppVer="1.0" Date="Wednesday, March 01, 2023" TimeOfDay="15:14:54" ID="9"><Point X="188" Y="408" T="0" /><Point X="201" Y="398" T="0" /><Point X="244" Y="371" T="0" /><Point X="309" Y="328" T="0" /><Point X="365" Y="292" T="0" /><Point X="421" Y="263" T="0" /><Point X="463" Y="244" T="0" /><Point X="486" Y="235" T="0" /><Point X="497" Y="231" T="0" /><Point X="501" Y="229" T="0" /><Point X="503" Y="228" T="0" /><Point X="504" Y="228" T="0" /><Point X="502" Y="228" T="0" /><Point X="497" Y="228" T="0" /><Point X="491" Y="228" T="0" /><Point X="465" Y="228" T="0" /><Point X="455" Y="229" T="0" /><Point X="447" Y="230" T="0" /><Point X="442" Y="230" T="0" /><Point X="439" Y="231" T="0" /><Point X="437" Y="231" T="0" /><Point X="436" Y="231" T="0" /><Point X="435" Y="232" T="0" /><Point X="437" Y="232" T="0" /><Point X="442" Y="232" T="0" /><Point X="450" Y="232" T="0" /><Point X="461" Y="232" T="0" /><Point X="471" Y="232" T="0" /><Point X="480" Y="232" T="0" /><Point X="486" Y="232" T="0" /><Point X="490" Y="232" T="0" /><Point X="493" Y="232" T="0" /><Point X="494" Y="232" T="0" /><Point X="496" Y="232" T="0" /><Point X="497" Y="232" T="0" /><Point X="499" Y="232" T="0" /><Point X="500" Y="232" T="0" /><Point X="501" Y="232" T="0" /><Point X="502" Y="232" T="0" /><Point X="503" Y="232" T="0" /><Point X="503" Y="233" T="0" /><Point X="503" Y="234" T="0" /><Point X="500" Y="244" T="0" /><Point X="497" Y="252" T="0" /><Point X="486" Y="269" T="0" /><Point X="478" Y="287" T="0" /><Point X="471" Y="300" T="0" /><Point X="466" Y="308" T="0" /><Point X="463" Y="315" T="0" /><Point X="460" Y="321" T="0" /><Point X="459" Y="322" T="0" /></Gesture>