<Gesture Name="arrow" Subject="1" Number="1" NumPts="44" Millseconds="0" AppName="Gestures" AppVer="1.0" Date="Wednesday, March 01, 2023" TimeOfDay="15:13:01" ID="7"><Point X="60" Y="520" T="0" /><Point X="65" Y="514" T="0" /><Point X="74" Y="504" T="0" /><Point X="91" Y="484" T="0" /><Point X="119" Y="458" T="0" /><Point X="154" Y="423" T="0" /><Point X="192" Y="392" T="0" /><Point X="226" Y="362" T="0" /><Point X="323" Y="300" T="0" /><Point X="344" Y="288" T="0" /><Point X="358" Y="279" T="0" /><Point X="366" Y="275" T="0" /><Point X="371" Y="271" T="0" /><Point X="373" Y="270" T="0" /><Point X="375" Y="267" T="0" /><Point X="377" Y="265" T="0" /><Point X="378" Y="263" T="0" /><Point X="379" Y="263" T="0" /><Point X="378" Y="263" T="0" /><Point X="375" Y="263" T="0" /><Point X="370" Y="263" T="0" /><Point X="358" Y="263" T="0" /><Point X="355" Y="263" T="0" /><Point X="353" Y="263" T="0" /><Point X="351" Y="263" T="0" /><Point X="350" Y="263" T="0" /><Point X="351" Y="263" T="0" /><Point X="363" Y="263" T="0" /><Point X="367" Y="262" T="0" /><Point X="370" Y="262" T="0" /><Point X="373" Y="262" T="0" /><Point X="375" Y="262" T="0" /><Point X="377" Y="262" T="0" /><Point X="378" Y="262" T="0" /><Point X="379" Y="262" T="0" /><Point X="379" Y="265" T="0" /><Point X="378" Y="268" T="0" /><Point X="377" Y="274" T="0" /><Point X="375" Y="280" T="0" /><Point X="370" Y="292" T="0" /><Point X="369" Y="294" T="0" /><Point X="369" Y="296" T="0" /><Point X="369" Y="297" T="0" /><Point X="368" Y="298" T="0" /></Gesture>