<Gesture Name="arrow" Subject="1" Number="1" NumPts="51" Millseconds="0" AppName="Gestures" AppVer="1.0" Date="Wednesday, March 01, 2023" TimeOfDay="15:13:56" ID="8"><Point X="164" Y="440" T="0" /><Point X="168" Y="436" T="0" /><Point X="174" Y="430" T="0" /><Point X="186" Y="419" T="0" /><Point X="206" Y="402" T="0" /><Point X="244" Y="371" T="0" /><Point X="339" Y="297" T="0" /><Point X="375" Y="267" T="0" /><Point X="406" Y="243" T="0" /><Point X="429" Y="224" T="0" /><Point X="443" Y="212" T="0" /><Point X="451" Y="206" T="0" /><Point X="457" Y="202" T="0" /><Point X="458" Y="200" T="0" /><Point X="460" Y="199" T="0" /><Point X="460" Y="198" T="0" /><Point X="459" Y="198" T="0" /><Point X="451" Y="198" T="0" /><Point X="440" Y="199" T="0" /><Point X="428" Y="200" T="0" /><Point X="415" Y="203" T="0" /><Point X="405" Y="205" T="0" /><Point X="397" Y="206" T="0" /><Point X="393" Y="206" T="0" /><Point X="391" Y="206" T="0" /><Point X="389" Y="207" T="0" /><Point X="388" Y="207" T="0" /><Point X="391" Y="207" T="0" /><Point X="395" Y="207" T="0" /><Point X="401" Y="207" T="0" /><Point X="409" Y="207" T="0" /><Point X="417" Y="207" T="0" /><Point X="425" Y="207" T="0" /><Point X="432" Y="207" T="0" /><Point X="438" Y="207" T="0" /><Point X="443" Y="207" T="0" /><Point X="445" Y="207" T="0" /><Point X="447" Y="207" T="0" /><Point X="448" Y="207" T="0" /><Point X="449" Y="207" T="0" /><Point X="449" Y="210" T="0" /><Point X="449" Y="213" T="0" /><Point X="449" Y="217" T="0" /><Point X="449" Y="222" T="0" /><Point X="448" Y="229" T="0" /><Point X="447" Y="237" T="0" /><Point X="446" Y="243" T="0" /><Point X="446" Y="247" T="0" /><Point X="446" Y="249" T="0" /><Point X="446" Y="252" T="0" /><Point X="446" Y="253" T="0" /></Gesture>