<Gesture Name="arrow" Subject="1" Number="1" NumPts="51" Millseconds="0" AppName="Gestures" AppVer="1.0" Date="Wednesday, March 01, 2023" TimeOfDay="15:08:58" ID="3"><Point X="79" Y="541" T="0" /><Point X="87" Y="536" T="0" /><Point X="102" Y="525" T="0" /><Point X="218" Y="443" T="0" /><Point X="269" Y="408" T="0" /><Point X="315" Y="378" T="0" /><Point X="363" Y="354" T="0" /><Point X="397" Y="338" T="0" /><Point X="420" Y="327" T="0" /><Point X="431" Y="323" T="0" /><Point X="436" Y="320" T="0" /><Point X="439" Y="319" T="0" /><Point X="440" Y="318" T="0" /><Point X="441" Y="318" T="0" /><Point X="439" Y="318" T="0" /><Point X="435" Y="318" T="0" /><Point X="429" Y="318" T="0" /><Point X="424" Y="319" T="0" /><Point X="418" Y="319" T="0" /><Point X="413" Y="319" T="0" /><Point X="409" Y="319" T="0" /><Point X="404" Y="319" T="0" /><Point X="402" Y="319" T="0" /><Point X="399" Y="319" T="0" /><Point X="398" Y="319" T="0" /><Point X="397" Y="319" T="0" /><Point X="396" Y="319" T="0" /><Point X="397" Y="319" T="0" /><Point X="402" Y="319" T="0" /><Point X="420" Y="317" T="0" /><Point X="427" Y="316" T="0" /><Point X="432" Y="315" T="0" /><Point X="435" Y="315" T="0" /><Point X="437" Y="315" T="0" /><Point X="439" Y="315" T="0" /><Point X="440" Y="315" T="0" /><Point X="441" Y="315" T="0" /><Point X="441" Y="316" T="0" /><Point X="441" Y="317" T="0" /><Point X="441" Y="318" T="0" /><Point X="441" Y="319" T="0" /><Point X="440" Y="323" T="0" /><Point X="437" Y="329" T="0" /><Point X="435" Y="334" T="0" /><Point X="433" Y="339" T="0" /><Point X="432" Y="344" T="0" /><Point X="430" Y="347" T="0" /><Point X="429" Y="350" T="0" /><Point X="429" Y="352" T="0" /><Point X="428" Y="353" T="0" /><Point X="428" Y="354" T="0" /></Gesture>