<Gesture Name="caret" Subject="1" Number="1" NumPts="27" Millseconds="0" AppName="Gestures" AppVer="1.0" Date="Wednesday, March 01, 2023" TimeOfDay="15:13:49" ID="8"><Point X="212" Y="484" T="0" /><Point X="214" Y="476" T="0" /><Point X="218" Y="464" T="0" /><Point X="230" Y="430" T="0" /><Point X="246" Y="386" T="0" /><Point X="263" Y="337" T="0" /><Point X="278" Y="298" T="0" /><Point X="288" Y="270" T="0" /><Point X="295" Y="251" T="0" /><Point X="305" Y="232" T="0" /><Point X="306" Y="231" T="0" /><Point X="307" Y="237" T="0" /><Point X="310" Y="243" T="0" /><Point X="313" Y="252" T="0" /><Point X="318" Y="263" T="0" /><Point X="326" Y="285" T="0" /><Point X="338" Y="318" T="0" /><Point X="360" Y="365" T="0" /><Point X="377" Y="404" T="0" /><Point X="388" Y="428" T="0" /><Point X="395" Y="443" T="0" /><Point X="400" Y="451" T="0" /><Point X="402" Y="456" T="0" /><Point X="403" Y="458" T="0" /><Point X="405" Y="460" T="0" /><Point X="405" Y="461" T="0" /><Point X="405" Y="462" T="0" /></Gesture>