<Gesture Name="caret" Subject="1" Number="1" NumPts="29" Millseconds="0" AppName="Gestures" AppVer="1.0" Date="Wednesday, March 01, 2023" TimeOfDay="15:11:51" ID="6"><Point X="224" Y="470" T="0" /><Point X="224" Y="471" T="0" /><Point X="224" Y="470" T="0" /><Point X="225" Y="465" T="0" /><Point X="229" Y="454" T="0" /><Point X="245" Y="422" T="0" /><Point X="269" Y="372" T="0" /><Point X="295" Y="326" T="0" /><Point X="319" Y="276" T="0" /><Point X="332" Y="245" T="0" /><Point X="342" Y="227" T="0" /><Point X="347" Y="217" T="0" /><Point X="349" Y="211" T="0" /><Point X="349" Y="209" T="0" /><Point X="350" Y="208" T="0" /><Point X="350" Y="209" T="0" /><Point X="350" Y="212" T="0" /><Point X="350" Y="218" T="0" /><Point X="352" Y="226" T="0" /><Point X="356" Y="242" T="0" /><Point X="366" Y="272" T="0" /><Point X="386" Y="329" T="0" /><Point X="406" Y="376" T="0" /><Point X="422" Y="413" T="0" /><Point X="433" Y="436" T="0" /><Point X="439" Y="447" T="0" /><Point X="443" Y="453" T="0" /><Point X="444" Y="455" T="0" /><Point X="445" Y="457" T="0" /></Gesture>