<Gesture Name="caret" Subject="1" Number="1" NumPts="28" Millseconds="0" AppName="Gestures" AppVer="1.0" Date="Wednesday, March 01, 2023" TimeOfDay="15:15:41" ID="10"><Point X="205" Y="500" T="0" /><Point X="208" Y="493" T="0" /><Point X="212" Y="481" T="0" /><Point X="222" Y="454" T="0" /><Point X="238" Y="425" T="0" /><Point X="260" Y="370" T="0" /><Point X="284" Y="325" T="0" /><Point X="303" Y="293" T="0" /><Point X="323" Y="264" T="0" /><Point X="337" Y="237" T="0" /><Point X="346" Y="223" T="0" /><Point X="351" Y="216" T="0" /><Point X="354" Y="211" T="0" /><Point X="356" Y="209" T="0" /><Point X="356" Y="210" T="0" /><Point X="356" Y="214" T="0" /><Point X="356" Y="221" T="0" /><Point X="358" Y="231" T="0" /><Point X="362" Y="243" T="0" /><Point X="374" Y="271" T="0" /><Point X="400" Y="321" T="0" /><Point X="419" Y="358" T="0" /><Point X="442" Y="401" T="0" /><Point X="474" Y="470" T="0" /><Point X="478" Y="478" T="0" /><Point X="481" Y="483" T="0" /><Point X="483" Y="484" T="0" /><Point X="483" Y="486" T="0" /></Gesture>