<Gesture Name="caret" Subject="1" Number="1" NumPts="27" Millseconds="0" AppName="Gestures" AppVer="1.0" Date="Wednesday, March 01, 2023" TimeOfDay="15:08:52" ID="3"><Point X="37" Y="473" T="0" /><Point X="77" Y="414" T="0" /><Point X="103" Y="366" T="0" /><Point X="131" Y="315" T="0" /><Point X="160" Y="265" T="0" /><Point X="177" Y="233" T="0" /><Point X="189" Y="214" T="0" /><Point X="194" Y="204" T="0" /><Point X="196" Y="198" T="0" /><Point X="198" Y="196" T="0" /><Point X="198" Y="195" T="0" /><Point X="198" Y="194" T="0" /><Point X="198" Y="195" T="0" /><Point X="198" Y="196" T="0" /><Point X="199" Y="201" T="0" /><Point X="204" Y="211" T="0" /><Point X="214" Y="235" T="0" /><Point X="272" Y="339" T="0" /><Point X="302" Y="390" T="0" /><Point X="323" Y="427" T="0" /><Point X="339" Y="452" T="0" /><Point X="346" Y="465" T="0" /><Point X="350" Y="471" T="0" /><Point X="351" Y="473" T="0" /><Point X="352" Y="474" T="0" /><Point X="353" Y="474" T="0" /><Point X="353" Y="475" T="0" /></Gesture>