<Gesture Name="caret" Subject="1" Number="1" NumPts="23" Millseconds="0" AppName="Gestures" AppVer="1.0" Date="Wednesday, March 01, 2023" TimeOfDay="15:12:54" ID="7"><Point X="247" Y="456" T="0" /><Point X="250" Y="445" T="0" /><Point X="254" Y="433" T="0" /><Point X="261" Y="408" T="0" /><Point X="269" Y="383" T="0" /><Point X="277" Y="353" T="0" /><Point X="291" Y="302" T="0" /><Point X="293" Y="293" T="0" /><Point X="293" Y="291" T="0" /><Point X="294" Y="289" T="0" /><Point X="295" Y="289" T="0" /><Point X="296" Y="291" T="0" /><Point X="299" Y="296" T="0" /><Point X="307" Y="305" T="0" /><Point X="320" Y="323" T="0" /><Point X="340" Y="345" T="0" /><Point X="398" Y="422" T="0" /><Point X="410" Y="436" T="0" /><Point X="415" Y="445" T="0" /><Point X="418" Y="448" T="0" /><Point X="419" Y="450" T="0" /><Point X="420" Y="451" T="0" /><Point X="421" Y="451" T="0" /></Gesture>