<Gesture Name="caret" Subject="1" Number="1" NumPts="29" Millseconds="0" AppName="Gestures" AppVer="1.0" Date="Wednesday, March 01, 2023" TimeOfDay="15:06:26" ID="1"><Point X="231" Y="448" T="0" /><Point X="245" Y="392" T="0" /><Point X="263" Y="335" T="0" /><Point X="286" Y="272" T="0" /><Point X="300" Y="223" T="0" /><Point X="313" Y="183" T="0" /><Point X="323" Y="152" T="0" /><Point X="327" Y="134" T="0" /><Point X="333" Y="107" T="0" /><Point X="334" Y="103" T="0" /><Point X="334" Y="100" T="0" /><Point X="335" Y="100" T="0" /><Point X="335" Y="99" T="0" /><Point X="335" Y="103" T="0" /><Point X="335" Y="107" T="0" /><Point X="337" Y="113" T="0" /><Point X="341" Y="125" T="0" /><Point X="353" Y="149" T="0" /><Point X="380" Y="210" T="0" /><Point X="404" Y="260" T="0" /><Point X="431" Y="316" T="0" /><Point X="452" Y="360" T="0" /><Point X="470" Y="397" T="0" /><Point X="481" Y="418" T="0" /><Point X="485" Y="429" T="0" /><Point X="487" Y="435" T="0" /><Point X="488" Y="436" T="0" /><Point X="488" Y="437" T="0" /><Point X="488" Y="438" T="0" /></Gesture>