<Gesture Name="caret" Subject="1" Number="1" NumPts="23" Millseconds="0" AppName="Gestures" AppVer="1.0" Date="Wednesday, March 01, 2023" TimeOfDay="15:09:53" ID="4"><Point X="277" Y="502" T="0" /><Point X="283" Y="469" T="0" /><Point X="297" Y="433" T="0" /><Point X="312" Y="397" T="0" /><Point X="324" Y="364" T="0" /><Point X="332" Y="346" T="0" /><Point X="336" Y="335" T="0" /><Point X="340" Y="328" T="0" /><Point X="343" Y="318" T="0" /><Point X="343" Y="317" T="0" /><Point X="344" Y="316" T="0" /><Point X="345" Y="320" T="0" /><Point X="349" Y="327" T="0" /><Point X="356" Y="340" T="0" /><Point X="370" Y="369" T="0" /><Point X="389" Y="411" T="0" /><Point X="412" Y="453" T="0" /><Point X="435" Y="496" T="0" /><Point X="479" Y="563" T="0" /><Point X="485" Y="574" T="0" /><Point X="487" Y="579" T="0" /><Point X="489" Y="580" T="0" /><Point X="490" Y="581" T="0" /></Gesture>