<Gesture Name="caret" Subject="1" Number="1" NumPts="26" Millseconds="0" AppName="Gestures" AppVer="1.0" Date="Wednesday, March 01, 2023" TimeOfDay="15:10:52" ID="5"><Point X="207" Y="515" T="0" /><Point X="208" Y="509" T="0" /><Point X="211" Y="497" T="0" /><Point X="226" Y="470" T="0" /><Point X="253" Y="412" T="0" /><Point X="301" Y="309" T="0" /><Point X="314" Y="283" T="0" /><Point X="322" Y="267" T="0" /><Point X="326" Y="256" T="0" /><Point X="329" Y="249" T="0" /><Point X="330" Y="246" T="0" /><Point X="331" Y="245" T="0" /><Point X="331" Y="244" T="0" /><Point X="331" Y="243" T="0" /><Point X="331" Y="244" T="0" /><Point X="335" Y="253" T="0" /><Point X="340" Y="263" T="0" /><Point X="352" Y="287" T="0" /><Point X="368" Y="324" T="0" /><Point X="392" Y="372" T="0" /><Point X="416" Y="424" T="0" /><Point X="438" Y="469" T="0" /><Point X="465" Y="530" T="0" /><Point X="468" Y="537" T="0" /><Point X="470" Y="540" T="0" /><Point X="470" Y="541" T="0" /></Gesture>