<Gesture Name="caret" Subject="1" Number="1" NumPts="38" Millseconds="0" AppName="Gestures" AppVer="1.0" Date="Wednesday, March 01, 2023" TimeOfDay="15:07:32" ID="2"><Point X="223" Y="526" T="0" /><Point X="224" Y="515" T="0" /><Point X="232" Y="499" T="0" /><Point X="250" Y="465" T="0" /><Point X="274" Y="409" T="0" /><Point X="293" Y="367" T="0" /><Point X="309" Y="334" T="0" /><Point X="318" Y="316" T="0" /><Point X="323" Y="303" T="0" /><Point X="326" Y="295" T="0" /><Point X="328" Y="292" T="0" /><Point X="329" Y="289" T="0" /><Point X="329" Y="288" T="0" /><Point X="329" Y="291" T="0" /><Point X="329" Y="296" T="0" /><Point X="331" Y="306" T="0" /><Point X="335" Y="318" T="0" /><Point X="343" Y="344" T="0" /><Point X="353" Y="371" T="0" /><Point X="364" Y="397" T="0" /><Point X="386" Y="444" T="0" /><Point X="388" Y="450" T="0" /><Point X="390" Y="453" T="0" /><Point X="390" Y="455" T="0" /><Point X="390" Y="456" T="0" /><Point X="390" Y="457" T="0" /><Point X="390" Y="458" T="0" /><Point X="391" Y="459" T="0" /><Point X="391" Y="460" T="0" /><Point X="392" Y="461" T="0" /><Point X="392" Y="463" T="0" /><Point X="393" Y="464" T="0" /><Point X="394" Y="465" T="0" /><Point X="394" Y="467" T="0" /><Point X="395" Y="468" T="0" /><Point X="396" Y="469" T="0" /><Point X="396" Y="470" T="0" /><Point X="397" Y="471" T="0" /></Gesture>