<Gesture Name="caret" Subject="1" Number="1" NumPts="38" Millseconds="0" AppName="Gestures" AppVer="1.0" Date="Wednesday, March 01, 2023" TimeOfDay="15:14:47" ID="9"><Point X="194" Y="460" T="0" /><Point X="203" Y="437" T="0" /><Point X="219" Y="406" T="0" /><Point X="243" Y="358" T="0" /><Point X="267" Y="303" T="0" /><Point X="292" Y="253" T="0" /><Point X="315" Y="205" T="0" /><Point X="329" Y="172" T="0" /><Point X="349" Y="127" T="0" /><Point X="351" Y="123" T="0" /><Point X="351" Y="120" T="0" /><Point X="352" Y="120" T="0" /><Point X="352" Y="121" T="0" /><Point X="352" Y="125" T="0" /><Point X="353" Y="132" T="0" /><Point X="356" Y="142" T="0" /><Point X="366" Y="166" T="0" /><Point X="381" Y="195" T="0" /><Point X="403" Y="240" T="0" /><Point X="450" Y="325" T="0" /><Point X="464" Y="347" T="0" /><Point X="473" Y="361" T="0" /><Point X="478" Y="369" T="0" /><Point X="483" Y="376" T="0" /><Point X="485" Y="377" T="0" /><Point X="485" Y="379" T="0" /><Point X="486" Y="379" T="0" /><Point X="486" Y="380" T="0" /><Point X="486" Y="381" T="0" /><Point X="487" Y="381" T="0" /><Point X="487" Y="382" T="0" /><Point X="489" Y="387" T="0" /><Point X="490" Y="389" T="0" /><Point X="492" Y="391" T="0" /><Point X="492" Y="392" T="0" /><Point X="493" Y="394" T="0" /><Point X="493" Y="395" T="0" /><Point X="494" Y="395" T="0" /></Gesture>