<Gesture Name="check" Subject="1" Number="1" NumPts="24" Millseconds="0" AppName="Gestures" AppVer="1.0" Date="Wednesday, March 01, 2023" TimeOfDay="15:07:28" ID="2"><Point X="216" Y="537" T="0" /><Point X="221" Y="541" T="0" /><Point X="227" Y="546" T="0" /><Point X="260" Y="574" T="0" /><Point X="284" Y="596" T="0" /><Point X="304" Y="615" T="0" /><Point X="314" Y="625" T="0" /><Point X="319" Y="631" T="0" /><Point X="322" Y="635" T="0" /><Point X="324" Y="636" T="0" /><Point X="325" Y="637" T="0" /><Point X="325" Y="634" T="0" /><Point X="327" Y="626" T="0" /><Point X="336" Y="607" T="0" /><Point X="359" Y="565" T="0" /><Point X="394" Y="498" T="0" /><Point X="427" Y="440" T="0" /><Point X="462" Y="386" T="0" /><Point X="487" Y="345" T="0" /><Point X="503" Y="323" T="0" /><Point X="511" Y="313" T="0" /><Point X="515" Y="307" T="0" /><Point X="517" Y="306" T="0" /><Point X="518" Y="304" T="0" /></Gesture>