<Gesture Name="check" Subject="1" Number="1" NumPts="23" Millseconds="0" AppName="Gestures" AppVer="1.0" Date="Wednesday, March 01, 2023" TimeOfDay="15:09:45" ID="4"><Point X="121" Y="493" T="0" /><Point X="123" Y="494" T="0" /><Point X="127" Y="498" T="0" /><Point X="133" Y="504" T="0" /><Point X="149" Y="519" T="0" /><Point X="163" Y="534" T="0" /><Point X="172" Y="542" T="0" /><Point X="189" Y="562" T="0" /><Point X="191" Y="566" T="0" /><Point X="192" Y="567" T="0" /><Point X="193" Y="568" T="0" /><Point X="196" Y="564" T="0" /><Point X="220" Y="527" T="0" /><Point X="274" Y="446" T="0" /><Point X="335" Y="363" T="0" /><Point X="382" Y="305" T="0" /><Point X="402" Y="288" T="0" /><Point X="422" Y="275" T="0" /><Point X="449" Y="258" T="0" /><Point X="451" Y="256" T="0" /><Point X="452" Y="254" T="0" /><Point X="453" Y="253" T="0" /><Point X="453" Y="252" T="0" /></Gesture>