<Gesture Name="check" Subject="1" Number="1" NumPts="23" Millseconds="0" AppName="Gestures" AppVer="1.0" Date="Wednesday, March 01, 2023" TimeOfDay="15:10:48" ID="5"><Point X="213" Y="420" T="0" /><Point X="217" Y="425" T="0" /><Point X="226" Y="433" T="0" /><Point X="255" Y="468" T="0" /><Point X="267" Y="483" T="0" /><Point X="275" Y="494" T="0" /><Point X="280" Y="503" T="0" /><Point X="284" Y="507" T="0" /><Point X="287" Y="511" T="0" /><Point X="287" Y="512" T="0" /><Point X="287" Y="513" T="0" /><Point X="287" Y="512" T="0" /><Point X="287" Y="506" T="0" /><Point X="312" Y="431" T="0" /><Point X="341" Y="367" T="0" /><Point X="373" Y="303" T="0" /><Point X="400" Y="251" T="0" /><Point X="418" Y="223" T="0" /><Point X="431" Y="206" T="0" /><Point X="436" Y="199" T="0" /><Point X="439" Y="196" T="0" /><Point X="440" Y="195" T="0" /><Point X="441" Y="194" T="0" /></Gesture>