<Gesture Name="check" Subject="1" Number="1" NumPts="30" Millseconds="0" AppName="Gestures" AppVer="1.0" Date="Wednesday, March 01, 2023" TimeOfDay="15:06:22" ID="1"><Point X="165" Y="467" T="0" /><Point X="167" Y="469" T="0" /><Point X="170" Y="472" T="0" /><Point X="175" Y="477" T="0" /><Point X="180" Y="481" T="0" /><Point X="184" Y="486" T="0" /><Point X="195" Y="496" T="0" /><Point X="203" Y="505" T="0" /><Point X="211" Y="513" T="0" /><Point X="216" Y="519" T="0" /><Point X="219" Y="522" T="0" /><Point X="220" Y="524" T="0" /><Point X="222" Y="526" T="0" /><Point X="223" Y="527" T="0" /><Point X="223" Y="528" T="0" /><Point X="224" Y="528" T="0" /><Point X="225" Y="527" T="0" /><Point X="230" Y="519" T="0" /><Point X="248" Y="490" T="0" /><Point X="275" Y="447" T="0" /><Point X="311" Y="393" T="0" /><Point X="340" Y="352" T="0" /><Point X="363" Y="319" T="0" /><Point X="377" Y="298" T="0" /><Point X="387" Y="286" T="0" /><Point X="391" Y="278" T="0" /><Point X="394" Y="274" T="0" /><Point X="396" Y="272" T="0" /><Point X="397" Y="270" T="0" /><Point X="398" Y="270" T="0" /></Gesture>