<Gesture Name="check" Subject="1" Number="1" NumPts="28" Millseconds="0" AppName="Gestures" AppVer="1.0" Date="Wednesday, March 01, 2023" TimeOfDay="15:15:38" ID="10"><Point X="249" Y="341" T="0" /><Point X="250" Y="344" T="0" /><Point X="251" Y="346" T="0" /><Point X="252" Y="349" T="0" /><Point X="253" Y="353" T="0" /><Point X="254" Y="355" T="0" /><Point X="254" Y="357" T="0" /><Point X="255" Y="360" T="0" /><Point X="256" Y="364" T="0" /><Point X="259" Y="370" T="0" /><Point X="261" Y="376" T="0" /><Point X="266" Y="385" T="0" /><Point X="270" Y="389" T="0" /><Point X="273" Y="393" T="0" /><Point X="275" Y="394" T="0" /><Point X="278" Y="395" T="0" /><Point X="285" Y="395" T="0" /><Point X="296" Y="391" T="0" /><Point X="319" Y="373" T="0" /><Point X="366" Y="337" T="0" /><Point X="480" Y="247" T="0" /><Point X="518" Y="216" T="0" /><Point X="549" Y="192" T="0" /><Point X="568" Y="179" T="0" /><Point X="577" Y="173" T="0" /><Point X="581" Y="169" T="0" /><Point X="584" Y="168" T="0" /><Point X="586" Y="167" T="0" /></Gesture>