<Gesture Name="check" Subject="1" Number="1" NumPts="23" Millseconds="0" AppName="Gestures" AppVer="1.0" Date="Wednesday, March 01, 2023" TimeOfDay="15:11:48" ID="6"><Point X="245" Y="429" T="0" /><Point X="246" Y="435" T="0" /><Point X="250" Y="442" T="0" /><Point X="255" Y="454" T="0" /><Point X="260" Y="472" T="0" /><Point X="271" Y="507" T="0" /><Point X="272" Y="513" T="0" /><Point X="273" Y="516" T="0" /><Point X="273" Y="517" T="0" /><Point X="273" Y="518" T="0" /><Point X="274" Y="518" T="0" /><Point X="278" Y="512" T="0" /><Point X="294" Y="487" T="0" /><Point X="326" Y="441" T="0" /><Point X="376" Y="378" T="0" /><Point X="423" Y="321" T="0" /><Point X="461" Y="279" T="0" /><Point X="489" Y="256" T="0" /><Point X="508" Y="241" T="0" /><Point X="518" Y="233" T="0" /><Point X="524" Y="230" T="0" /><Point X="526" Y="228" T="0" /><Point X="527" Y="228" T="0" /></Gesture>