<Gesture Name="check" Subject="1" Number="1" NumPts="22" Millseconds="0" AppName="Gestures" AppVer="1.0" Date="Wednesday, March 01, 2023" TimeOfDay="15:13:46" ID="8"><Point X="203" Y="512" T="0" /><Point X="207" Y="515" T="0" /><Point X="210" Y="518" T="0" /><Point X="215" Y="524" T="0" /><Point X="238" Y="548" T="0" /><Point X="244" Y="557" T="0" /><Point X="250" Y="564" T="0" /><Point X="253" Y="569" T="0" /><Point X="256" Y="571" T="0" /><Point X="257" Y="574" T="0" /><Point X="257" Y="573" T="0" /><Point X="260" Y="568" T="0" /><Point X="295" Y="505" T="0" /><Point X="338" Y="441" T="0" /><Point X="439" Y="308" T="0" /><Point X="483" Y="253" T="0" /><Point X="513" Y="220" T="0" /><Point X="532" Y="199" T="0" /><Point X="541" Y="190" T="0" /><Point X="545" Y="185" T="0" /><Point X="547" Y="184" T="0" /><Point X="547" Y="183" T="0" /></Gesture>