<Gesture Name="check" Subject="1" Number="1" NumPts="27" Millseconds="0" AppName="Gestures" AppVer="1.0" Date="Wednesday, March 01, 2023" TimeOfDay="15:12:52" ID="7"><Point X="165" Y="438" T="0" /><Point X="166" Y="440" T="0" /><Point X="168" Y="442" T="0" /><Point X="170" Y="446" T="0" /><Point X="173" Y="451" T="0" /><Point X="178" Y="458" T="0" /><Point X="184" Y="469" T="0" /><Point X="199" Y="492" T="0" /><Point X="201" Y="497" T="0" /><Point X="205" Y="500" T="0" /><Point X="207" Y="501" T="0" /><Point X="209" Y="502" T="0" /><Point X="210" Y="502" T="0" /><Point X="211" Y="502" T="0" /><Point X="212" Y="502" T="0" /><Point X="214" Y="501" T="0" /><Point X="220" Y="494" T="0" /><Point X="235" Y="480" T="0" /><Point X="275" Y="445" T="0" /><Point X="327" Y="401" T="0" /><Point X="379" Y="361" T="0" /><Point X="420" Y="332" T="0" /><Point X="490" Y="284" T="0" /><Point X="500" Y="278" T="0" /><Point X="503" Y="275" T="0" /><Point X="506" Y="273" T="0" /><Point X="507" Y="272" T="0" /></Gesture>