<Gesture Name="check" Subject="1" Number="1" NumPts="25" Millseconds="0" AppName="Gestures" AppVer="1.0" Date="Wednesday, March 01, 2023" TimeOfDay="15:08:49" ID="3"><Point X="279" Y="435" T="0" /><Point X="280" Y="436" T="0" /><Point X="282" Y="441" T="0" /><Point X="286" Y="449" T="0" /><Point X="293" Y="459" T="0" /><Point X="315" Y="495" T="0" /><Point X="322" Y="504" T="0" /><Point X="326" Y="509" T="0" /><Point X="327" Y="511" T="0" /><Point X="328" Y="513" T="0" /><Point X="329" Y="513" T="0" /><Point X="330" Y="514" T="0" /><Point X="330" Y="511" T="0" /><Point X="334" Y="497" T="0" /><Point X="358" Y="452" T="0" /><Point X="399" Y="380" T="0" /><Point X="443" Y="310" T="0" /><Point X="512" Y="215" T="0" /><Point X="527" Y="202" T="0" /><Point X="536" Y="193" T="0" /><Point X="542" Y="187" T="0" /><Point X="544" Y="183" T="0" /><Point X="547" Y="180" T="0" /><Point X="547" Y="178" T="0" /><Point X="548" Y="176" T="0" /></Gesture>