<Gesture Name="check" Subject="1" Number="1" NumPts="20" Millseconds="0" AppName="Gestures" AppVer="1.0" Date="Wednesday, March 01, 2023" TimeOfDay="15:14:44" ID="9"><Point X="280" Y="427" T="0" /><Point X="283" Y="431" T="0" /><Point X="287" Y="438" T="0" /><Point X="292" Y="448" T="0" /><Point X="300" Y="463" T="0" /><Point X="305" Y="475" T="0" /><Point X="308" Y="483" T="0" /><Point X="310" Y="488" T="0" /><Point X="311" Y="490" T="0" /><Point X="312" Y="491" T="0" /><Point X="312" Y="492" T="0" /><Point X="317" Y="486" T="0" /><Point X="340" Y="462" T="0" /><Point X="399" Y="401" T="0" /><Point X="545" Y="272" T="0" /><Point X="597" Y="228" T="0" /><Point X="633" Y="200" T="0" /><Point X="672" Y="171" T="0" /><Point X="675" Y="169" T="0" /><Point X="676" Y="169" T="0" /></Gesture>