<Gesture Name="circle" Subject="1" Number="1" NumPts="80" Millseconds="0" AppName="Gestures" AppVer="1.0" Date="Wednesday, March 01, 2023" TimeOfDay="15:13:43" ID="8"><Point X="257" Y="329" T="0" /><Point X="255" Y="332" T="0" /><Point X="251" Y="338" T="0" /><Point X="244" Y="348" T="0" /><Point X="236" Y="363" T="0" /><Point X="228" Y="383" T="0" /><Point X="225" Y="399" T="0" /><Point X="225" Y="412" T="0" /><Point X="225" Y="423" T="0" /><Point X="227" Y="431" T="0" /><Point X="232" Y="439" T="0" /><Point X="241" Y="448" T="0" /><Point X="257" Y="460" T="0" /><Point X="285" Y="473" T="0" /><Point X="313" Y="483" T="0" /><Point X="350" Y="488" T="0" /><Point X="420" Y="490" T="0" /><Point X="438" Y="489" T="0" /><Point X="450" Y="483" T="0" /><Point X="462" Y="475" T="0" /><Point X="473" Y="467" T="0" /><Point X="483" Y="457" T="0" /><Point X="493" Y="442" T="0" /><Point X="510" Y="375" T="0" /><Point X="510" Y="356" T="0" /><Point X="503" Y="334" T="0" /><Point X="492" Y="308" T="0" /><Point X="482" Y="287" T="0" /><Point X="472" Y="275" T="0" /><Point X="465" Y="265" T="0" /><Point X="457" Y="259" T="0" /><Point X="448" Y="251" T="0" /><Point X="436" Y="245" T="0" /><Point X="423" Y="239" T="0" /><Point X="412" Y="235" T="0" /><Point X="401" Y="231" T="0" /><Point X="392" Y="229" T="0" /><Point X="384" Y="228" T="0" /><Point X="376" Y="227" T="0" /><Point X="361" Y="227" T="0" /><Point X="354" Y="228" T="0" /><Point X="349" Y="231" T="0" /><Point X="345" Y="233" T="0" /><Point X="340" Y="235" T="0" /><Point X="337" Y="238" T="0" /><Point X="333" Y="241" T="0" /><Point X="328" Y="245" T="0" /><Point X="325" Y="248" T="0" /><Point X="320" Y="252" T="0" /><Point X="315" Y="257" T="0" /><Point X="310" Y="262" T="0" /><Point X="305" Y="267" T="0" /><Point X="302" Y="271" T="0" /><Point X="299" Y="275" T="0" /><Point X="296" Y="277" T="0" /><Point X="290" Y="285" T="0" /><Point X="289" Y="287" T="0" /><Point X="286" Y="289" T="0" /><Point X="285" Y="292" T="0" /><Point X="282" Y="296" T="0" /><Point X="279" Y="299" T="0" /><Point X="276" Y="304" T="0" /><Point X="274" Y="307" T="0" /><Point X="272" Y="311" T="0" /><Point X="269" Y="314" T="0" /><Point X="267" Y="317" T="0" /><Point X="265" Y="318" T="0" /><Point X="265" Y="319" T="0" /><Point X="263" Y="320" T="0" /><Point X="262" Y="321" T="0" /><Point X="261" Y="322" T="0" /><Point X="258" Y="325" T="0" /><Point X="255" Y="329" T="0" /><Point X="253" Y="332" T="0" /><Point X="251" Y="336" T="0" /><Point X="249" Y="339" T="0" /><Point X="249" Y="340" T="0" /><Point X="248" Y="342" T="0" /><Point X="247" Y="342" T="0" /><Point X="247" Y="343" T="0" /></Gesture>