<Gesture Name="circle" Subject="1" Number="1" NumPts="70" Millseconds="0" AppName="Gestures" AppVer="1.0" Date="Wednesday, March 01, 2023" TimeOfDay="15:15:35" ID="10"><Point X="315" Y="313" T="0" /><Point X="308" Y="321" T="0" /><Point X="300" Y="331" T="0" /><Point X="262" Y="390" T="0" /><Point X="250" Y="418" T="0" /><Point X="246" Y="439" T="0" /><Point X="246" Y="454" T="0" /><Point X="246" Y="472" T="0" /><Point X="252" Y="494" T="0" /><Point X="260" Y="509" T="0" /><Point X="271" Y="522" T="0" /><Point X="281" Y="531" T="0" /><Point X="298" Y="541" T="0" /><Point X="324" Y="554" T="0" /><Point X="354" Y="562" T="0" /><Point X="385" Y="566" T="0" /><Point X="415" Y="566" T="0" /><Point X="457" Y="561" T="0" /><Point X="492" Y="554" T="0" /><Point X="563" Y="524" T="0" /><Point X="576" Y="515" T="0" /><Point X="588" Y="507" T="0" /><Point X="599" Y="494" T="0" /><Point X="609" Y="480" T="0" /><Point X="617" Y="452" T="0" /><Point X="618" Y="427" T="0" /><Point X="618" Y="400" T="0" /><Point X="612" Y="375" T="0" /><Point X="600" Y="350" T="0" /><Point X="588" Y="326" T="0" /><Point X="579" Y="313" T="0" /><Point X="571" Y="303" T="0" /><Point X="565" Y="297" T="0" /><Point X="558" Y="292" T="0" /><Point X="546" Y="287" T="0" /><Point X="509" Y="280" T="0" /><Point X="497" Y="280" T="0" /><Point X="485" Y="280" T="0" /><Point X="473" Y="280" T="0" /><Point X="436" Y="287" T="0" /><Point X="426" Y="288" T="0" /><Point X="417" Y="290" T="0" /><Point X="410" Y="291" T="0" /><Point X="402" Y="293" T="0" /><Point X="395" Y="294" T="0" /><Point X="388" Y="296" T="0" /><Point X="381" Y="298" T="0" /><Point X="373" Y="301" T="0" /><Point X="368" Y="304" T="0" /><Point X="363" Y="307" T="0" /><Point X="351" Y="312" T="0" /><Point X="346" Y="315" T="0" /><Point X="342" Y="316" T="0" /><Point X="336" Y="318" T="0" /><Point X="330" Y="320" T="0" /><Point X="324" Y="321" T="0" /><Point X="320" Y="323" T="0" /><Point X="316" Y="323" T="0" /><Point X="312" Y="324" T="0" /><Point X="309" Y="325" T="0" /><Point X="308" Y="326" T="0" /><Point X="307" Y="326" T="0" /><Point X="304" Y="327" T="0" /><Point X="303" Y="328" T="0" /><Point X="302" Y="328" T="0" /><Point X="299" Y="330" T="0" /><Point X="297" Y="331" T="0" /><Point X="296" Y="332" T="0" /><Point X="296" Y="333" T="0" /><Point X="295" Y="333" T="0" /></Gesture>