<Gesture Name="circle" Subject="1" Number="1" NumPts="86" Millseconds="0" AppName="Gestures" AppVer="1.0" Date="Wednesday, March 01, 2023" TimeOfDay="15:10:45" ID="5"><Point X="241" Y="340" T="0" /><Point X="229" Y="371" T="0" /><Point X="222" Y="402" T="0" /><Point X="221" Y="422" T="0" /><Point X="226" Y="475" T="0" /><Point X="230" Y="487" T="0" /><Point X="234" Y="496" T="0" /><Point X="238" Y="502" T="0" /><Point X="242" Y="507" T="0" /><Point X="246" Y="509" T="0" /><Point X="249" Y="512" T="0" /><Point X="254" Y="515" T="0" /><Point X="260" Y="516" T="0" /><Point X="270" Y="519" T="0" /><Point X="283" Y="521" T="0" /><Point X="296" Y="523" T="0" /><Point X="311" Y="524" T="0" /><Point X="328" Y="527" T="0" /><Point X="341" Y="527" T="0" /><Point X="351" Y="527" T="0" /><Point X="372" Y="525" T="0" /><Point X="379" Y="523" T="0" /><Point X="388" Y="521" T="0" /><Point X="396" Y="518" T="0" /><Point X="402" Y="515" T="0" /><Point X="409" Y="507" T="0" /><Point X="417" Y="497" T="0" /><Point X="445" Y="439" T="0" /><Point X="451" Y="412" T="0" /><Point X="454" Y="392" T="0" /><Point X="454" Y="379" T="0" /><Point X="455" Y="365" T="0" /><Point X="453" Y="348" T="0" /><Point X="450" Y="332" T="0" /><Point X="445" Y="320" T="0" /><Point X="440" Y="309" T="0" /><Point X="434" Y="298" T="0" /><Point X="427" Y="288" T="0" /><Point X="420" Y="280" T="0" /><Point X="412" Y="274" T="0" /><Point X="405" Y="266" T="0" /><Point X="395" Y="261" T="0" /><Point X="387" Y="257" T="0" /><Point X="369" Y="253" T="0" /><Point X="361" Y="253" T="0" /><Point X="351" Y="253" T="0" /><Point X="341" Y="255" T="0" /><Point X="331" Y="258" T="0" /><Point X="322" Y="263" T="0" /><Point X="312" Y="268" T="0" /><Point X="304" Y="272" T="0" /><Point X="299" Y="275" T="0" /><Point X="294" Y="277" T="0" /><Point X="291" Y="279" T="0" /><Point X="287" Y="280" T="0" /><Point X="285" Y="282" T="0" /><Point X="281" Y="285" T="0" /><Point X="279" Y="286" T="0" /><Point X="277" Y="287" T="0" /><Point X="273" Y="290" T="0" /><Point X="272" Y="291" T="0" /><Point X="271" Y="292" T="0" /><Point X="270" Y="294" T="0" /><Point X="269" Y="294" T="0" /><Point X="267" Y="296" T="0" /><Point X="267" Y="298" T="0" /><Point X="266" Y="299" T="0" /><Point X="265" Y="301" T="0" /><Point X="263" Y="302" T="0" /><Point X="263" Y="304" T="0" /><Point X="262" Y="304" T="0" /><Point X="260" Y="307" T="0" /><Point X="259" Y="308" T="0" /><Point X="258" Y="309" T="0" /><Point X="257" Y="311" T="0" /><Point X="256" Y="313" T="0" /><Point X="255" Y="314" T="0" /><Point X="254" Y="317" T="0" /><Point X="254" Y="318" T="0" /><Point X="253" Y="318" T="0" /><Point X="253" Y="320" T="0" /><Point X="253" Y="321" T="0" /><Point X="252" Y="322" T="0" /><Point X="252" Y="323" T="0" /><Point X="252" Y="324" T="0" /><Point X="251" Y="324" T="0" /></Gesture>