<Gesture Name="circle" Subject="1" Number="1" NumPts="79" Millseconds="0" AppName="Gestures" AppVer="1.0" Date="Wednesday, March 01, 2023" TimeOfDay="15:09:42" ID="4"><Point X="244" Y="340" T="0" /><Point X="237" Y="341" T="0" /><Point X="229" Y="344" T="0" /><Point X="196" Y="368" T="0" /><Point X="184" Y="378" T="0" /><Point X="174" Y="392" T="0" /><Point X="160" Y="416" T="0" /><Point X="144" Y="472" T="0" /><Point X="144" Y="489" T="0" /><Point X="150" Y="509" T="0" /><Point X="158" Y="526" T="0" /><Point X="168" Y="540" T="0" /><Point X="177" Y="549" T="0" /><Point X="187" Y="557" T="0" /><Point X="203" Y="566" T="0" /><Point X="226" Y="575" T="0" /><Point X="250" Y="581" T="0" /><Point X="271" Y="584" T="0" /><Point X="336" Y="586" T="0" /><Point X="355" Y="586" T="0" /><Point X="371" Y="585" T="0" /><Point X="382" Y="581" T="0" /><Point X="391" Y="577" T="0" /><Point X="401" Y="571" T="0" /><Point X="412" Y="560" T="0" /><Point X="430" Y="535" T="0" /><Point X="445" Y="506" T="0" /><Point X="458" Y="467" T="0" /><Point X="465" Y="438" T="0" /><Point X="467" Y="418" T="0" /><Point X="467" Y="403" T="0" /><Point X="465" Y="388" T="0" /><Point X="455" Y="369" T="0" /><Point X="444" Y="357" T="0" /><Point X="408" Y="329" T="0" /><Point X="397" Y="322" T="0" /><Point X="382" Y="315" T="0" /><Point X="370" Y="311" T="0" /><Point X="357" Y="309" T="0" /><Point X="346" Y="309" T="0" /><Point X="338" Y="309" T="0" /><Point X="318" Y="309" T="0" /><Point X="312" Y="309" T="0" /><Point X="307" Y="309" T="0" /><Point X="303" Y="309" T="0" /><Point X="300" Y="310" T="0" /><Point X="296" Y="310" T="0" /><Point X="292" Y="311" T="0" /><Point X="289" Y="311" T="0" /><Point X="286" Y="311" T="0" /><Point X="283" Y="312" T="0" /><Point X="281" Y="313" T="0" /><Point X="280" Y="314" T="0" /><Point X="278" Y="314" T="0" /><Point X="275" Y="314" T="0" /><Point X="273" Y="315" T="0" /><Point X="271" Y="316" T="0" /><Point X="266" Y="318" T="0" /><Point X="264" Y="318" T="0" /><Point X="262" Y="319" T="0" /><Point X="261" Y="320" T="0" /><Point X="259" Y="321" T="0" /><Point X="258" Y="323" T="0" /><Point X="257" Y="325" T="0" /><Point X="255" Y="328" T="0" /><Point X="253" Y="329" T="0" /><Point X="253" Y="331" T="0" /><Point X="252" Y="331" T="0" /><Point X="251" Y="333" T="0" /><Point X="250" Y="333" T="0" /><Point X="249" Y="334" T="0" /><Point X="248" Y="334" T="0" /><Point X="248" Y="335" T="0" /><Point X="247" Y="335" T="0" /><Point X="247" Y="336" T="0" /><Point X="246" Y="336" T="0" /><Point X="246" Y="337" T="0" /><Point X="245" Y="337" T="0" /><Point X="244" Y="338" T="0" /></Gesture>