<Gesture Name="circle" Subject="1" Number="1" NumPts="78" Millseconds="0" AppName="Gestures" AppVer="1.0" Date="Wednesday, March 01, 2023" TimeOfDay="15:11:46" ID="6"><Point X="248" Y="339" T="0" /><Point X="244" Y="343" T="0" /><Point X="236" Y="351" T="0" /><Point X="200" Y="402" T="0" /><Point X="184" Y="441" T="0" /><Point X="175" Y="473" T="0" /><Point X="175" Y="501" T="0" /><Point X="177" Y="526" T="0" /><Point X="185" Y="554" T="0" /><Point X="196" Y="570" T="0" /><Point X="204" Y="580" T="0" /><Point X="213" Y="588" T="0" /><Point X="228" Y="596" T="0" /><Point X="252" Y="604" T="0" /><Point X="326" Y="608" T="0" /><Point X="356" Y="608" T="0" /><Point X="385" Y="604" T="0" /><Point X="408" Y="600" T="0" /><Point X="428" Y="593" T="0" /><Point X="441" Y="586" T="0" /><Point X="460" Y="573" T="0" /><Point X="505" Y="530" T="0" /><Point X="520" Y="510" T="0" /><Point X="531" Y="484" T="0" /><Point X="539" Y="460" T="0" /><Point X="539" Y="441" T="0" /><Point X="536" Y="422" T="0" /><Point X="530" Y="400" T="0" /><Point X="523" Y="381" T="0" /><Point X="514" Y="365" T="0" /><Point X="506" Y="353" T="0" /><Point X="500" Y="345" T="0" /><Point X="492" Y="336" T="0" /><Point X="484" Y="327" T="0" /><Point X="477" Y="320" T="0" /><Point X="468" Y="313" T="0" /><Point X="455" Y="306" T="0" /><Point X="411" Y="289" T="0" /><Point X="402" Y="287" T="0" /><Point X="391" Y="285" T="0" /><Point X="380" Y="285" T="0" /><Point X="370" Y="285" T="0" /><Point X="360" Y="285" T="0" /><Point X="352" Y="285" T="0" /><Point X="344" Y="286" T="0" /><Point X="340" Y="287" T="0" /><Point X="337" Y="287" T="0" /><Point X="333" Y="288" T="0" /><Point X="331" Y="289" T="0" /><Point X="329" Y="290" T="0" /><Point X="326" Y="291" T="0" /><Point X="323" Y="293" T="0" /><Point X="318" Y="296" T="0" /><Point X="303" Y="304" T="0" /><Point X="298" Y="308" T="0" /><Point X="294" Y="311" T="0" /><Point X="290" Y="313" T="0" /><Point X="288" Y="314" T="0" /><Point X="286" Y="316" T="0" /><Point X="284" Y="317" T="0" /><Point X="278" Y="321" T="0" /><Point X="275" Y="322" T="0" /><Point X="270" Y="326" T="0" /><Point X="265" Y="330" T="0" /><Point X="261" Y="335" T="0" /><Point X="256" Y="340" T="0" /><Point X="253" Y="345" T="0" /><Point X="250" Y="347" T="0" /><Point X="249" Y="349" T="0" /><Point X="248" Y="351" T="0" /><Point X="247" Y="351" T="0" /><Point X="247" Y="352" T="0" /><Point X="246" Y="352" T="0" /><Point X="246" Y="353" T="0" /><Point X="245" Y="354" T="0" /><Point X="244" Y="354" T="0" /><Point X="243" Y="354" T="0" /><Point X="242" Y="354" T="0" /></Gesture>