<Gesture Name="circle" Subject="1" Number="1" NumPts="87" Millseconds="0" AppName="Gestures" AppVer="1.0" Date="Wednesday, March 01, 2023" TimeOfDay="15:12:46" ID="7"><Point X="262" Y="324" T="0" /><Point X="258" Y="327" T="0" /><Point X="254" Y="331" T="0" /><Point X="248" Y="337" T="0" /><Point X="239" Y="350" T="0" /><Point X="229" Y="373" T="0" /><Point X="223" Y="392" T="0" /><Point X="220" Y="416" T="0" /><Point X="220" Y="443" T="0" /><Point X="220" Y="462" T="0" /><Point X="223" Y="478" T="0" /><Point X="230" Y="488" T="0" /><Point X="237" Y="497" T="0" /><Point X="250" Y="505" T="0" /><Point X="269" Y="517" T="0" /><Point X="297" Y="526" T="0" /><Point X="364" Y="543" T="0" /><Point X="384" Y="546" T="0" /><Point X="398" Y="546" T="0" /><Point X="411" Y="546" T="0" /><Point X="442" Y="542" T="0" /><Point X="453" Y="538" T="0" /><Point X="463" Y="535" T="0" /><Point X="487" Y="522" T="0" /><Point X="496" Y="515" T="0" /><Point X="506" Y="506" T="0" /><Point X="520" Y="492" T="0" /><Point X="535" Y="473" T="0" /><Point X="551" Y="448" T="0" /><Point X="563" Y="420" T="0" /><Point X="576" Y="353" T="0" /><Point X="576" Y="334" T="0" /><Point X="569" Y="312" T="0" /><Point X="561" Y="296" T="0" /><Point X="551" Y="282" T="0" /><Point X="542" Y="274" T="0" /><Point X="535" Y="266" T="0" /><Point X="529" Y="260" T="0" /><Point X="521" Y="256" T="0" /><Point X="513" Y="249" T="0" /><Point X="503" Y="245" T="0" /><Point X="493" Y="241" T="0" /><Point X="484" Y="237" T="0" /><Point X="474" Y="235" T="0" /><Point X="466" Y="234" T="0" /><Point X="456" Y="233" T="0" /><Point X="434" Y="233" T="0" /><Point X="426" Y="233" T="0" /><Point X="418" Y="235" T="0" /><Point X="411" Y="238" T="0" /><Point X="404" Y="241" T="0" /><Point X="398" Y="244" T="0" /><Point X="392" Y="247" T="0" /><Point X="379" Y="253" T="0" /><Point X="375" Y="256" T="0" /><Point X="370" Y="258" T="0" /><Point X="364" Y="259" T="0" /><Point X="360" Y="261" T="0" /><Point X="355" Y="263" T="0" /><Point X="351" Y="265" T="0" /><Point X="347" Y="267" T="0" /><Point X="344" Y="271" T="0" /><Point X="340" Y="274" T="0" /><Point X="337" Y="276" T="0" /><Point X="333" Y="279" T="0" /><Point X="329" Y="283" T="0" /><Point X="322" Y="287" T="0" /><Point X="317" Y="290" T="0" /><Point X="312" Y="292" T="0" /><Point X="301" Y="297" T="0" /><Point X="298" Y="298" T="0" /><Point X="293" Y="301" T="0" /><Point X="287" Y="303" T="0" /><Point X="283" Y="304" T="0" /><Point X="278" Y="306" T="0" /><Point X="275" Y="307" T="0" /><Point X="272" Y="309" T="0" /><Point X="270" Y="311" T="0" /><Point X="265" Y="313" T="0" /><Point X="262" Y="315" T="0" /><Point X="260" Y="317" T="0" /><Point X="258" Y="318" T="0" /><Point X="258" Y="319" T="0" /><Point X="257" Y="319" T="0" /><Point X="256" Y="320" T="0" /><Point X="255" Y="320" T="0" /><Point X="254" Y="321" T="0" /></Gesture>