<Gesture Name="circle" Subject="1" Number="1" NumPts="95" Millseconds="0" AppName="Gestures" AppVer="1.0" Date="Wednesday, March 01, 2023" TimeOfDay="15:07:23" ID="2"><Point X="259" Y="335" T="0" /><Point X="254" Y="338" T="0" /><Point X="244" Y="344" T="0" /><Point X="234" Y="351" T="0" /><Point X="223" Y="358" T="0" /><Point X="214" Y="364" T="0" /><Point X="207" Y="372" T="0" /><Point X="187" Y="403" T="0" /><Point X="180" Y="419" T="0" /><Point X="172" Y="444" T="0" /><Point X="164" Y="471" T="0" /><Point X="161" Y="497" T="0" /><Point X="159" Y="527" T="0" /><Point X="159" Y="554" T="0" /><Point X="172" Y="608" T="0" /><Point X="180" Y="623" T="0" /><Point X="188" Y="635" T="0" /><Point X="194" Y="642" T="0" /><Point X="201" Y="647" T="0" /><Point X="210" Y="654" T="0" /><Point X="222" Y="658" T="0" /><Point X="233" Y="662" T="0" /><Point X="247" Y="663" T="0" /><Point X="260" Y="663" T="0" /><Point X="274" Y="663" T="0" /><Point X="291" Y="663" T="0" /><Point X="306" Y="660" T="0" /><Point X="322" Y="657" T="0" /><Point X="333" Y="652" T="0" /><Point X="348" Y="646" T="0" /><Point X="390" Y="625" T="0" /><Point X="398" Y="620" T="0" /><Point X="404" Y="615" T="0" /><Point X="411" Y="608" T="0" /><Point X="417" Y="598" T="0" /><Point X="422" Y="587" T="0" /><Point X="425" Y="577" T="0" /><Point X="427" Y="566" T="0" /><Point X="428" Y="554" T="0" /><Point X="428" Y="539" T="0" /><Point X="428" Y="523" T="0" /><Point X="428" Y="506" T="0" /><Point X="428" Y="493" T="0" /><Point X="428" Y="480" T="0" /><Point X="426" Y="465" T="0" /><Point X="422" Y="451" T="0" /><Point X="415" Y="428" T="0" /><Point X="413" Y="422" T="0" /><Point X="411" Y="420" T="0" /><Point X="410" Y="418" T="0" /><Point X="409" Y="416" T="0" /><Point X="408" Y="416" T="0" /><Point X="407" Y="415" T="0" /><Point X="406" Y="413" T="0" /><Point X="403" Y="412" T="0" /><Point X="400" Y="408" T="0" /><Point X="395" Y="405" T="0" /><Point X="371" Y="381" T="0" /><Point X="364" Y="374" T="0" /><Point X="358" Y="369" T="0" /><Point X="351" Y="364" T="0" /><Point X="346" Y="361" T="0" /><Point X="338" Y="357" T="0" /><Point X="332" Y="353" T="0" /><Point X="316" Y="347" T="0" /><Point X="312" Y="344" T="0" /><Point X="307" Y="342" T="0" /><Point X="302" Y="340" T="0" /><Point X="299" Y="338" T="0" /><Point X="295" Y="337" T="0" /><Point X="291" Y="335" T="0" /><Point X="287" Y="334" T="0" /><Point X="284" Y="333" T="0" /><Point X="279" Y="332" T="0" /><Point X="276" Y="330" T="0" /><Point X="275" Y="329" T="0" /><Point X="273" Y="329" T="0" /><Point X="272" Y="329" T="0" /><Point X="271" Y="329" T="0" /><Point X="269" Y="329" T="0" /><Point X="268" Y="329" T="0" /><Point X="267" Y="329" T="0" /><Point X="265" Y="329" T="0" /><Point X="264" Y="329" T="0" /><Point X="263" Y="329" T="0" /><Point X="261" Y="329" T="0" /><Point X="259" Y="330" T="0" /><Point X="258" Y="330" T="0" /><Point X="258" Y="331" T="0" /><Point X="257" Y="331" T="0" /><Point X="257" Y="332" T="0" /><Point X="257" Y="333" T="0" /><Point X="257" Y="334" T="0" /><Point X="257" Y="335" T="0" /><Point X="257" Y="336" T="0" /></Gesture>