<Gesture Name="circle" Subject="1" Number="1" NumPts="79" Millseconds="0" AppName="Gestures" AppVer="1.0" Date="Wednesday, March 01, 2023" TimeOfDay="15:14:41" ID="9"><Point X="226" Y="312" T="0" /><Point X="223" Y="316" T="0" /><Point X="217" Y="322" T="0" /><Point X="195" Y="363" T="0" /><Point X="189" Y="385" T="0" /><Point X="183" Y="409" T="0" /><Point X="179" Y="443" T="0" /><Point X="179" Y="467" T="0" /><Point X="183" Y="488" T="0" /><Point X="190" Y="504" T="0" /><Point X="200" Y="515" T="0" /><Point X="211" Y="523" T="0" /><Point X="231" Y="533" T="0" /><Point X="257" Y="542" T="0" /><Point X="287" Y="544" T="0" /><Point X="320" Y="544" T="0" /><Point X="352" Y="538" T="0" /><Point X="392" Y="527" T="0" /><Point X="425" Y="517" T="0" /><Point X="486" Y="487" T="0" /><Point X="502" Y="476" T="0" /><Point X="515" Y="464" T="0" /><Point X="532" Y="443" T="0" /><Point X="548" Y="419" T="0" /><Point X="561" Y="393" T="0" /><Point X="569" Y="373" T="0" /><Point X="569" Y="322" T="0" /><Point X="561" Y="302" T="0" /><Point X="548" Y="285" T="0" /><Point X="537" Y="272" T="0" /><Point X="517" Y="257" T="0" /><Point X="488" Y="242" T="0" /><Point X="463" Y="232" T="0" /><Point X="445" Y="228" T="0" /><Point X="431" Y="225" T="0" /><Point X="418" Y="224" T="0" /><Point X="403" Y="223" T="0" /><Point X="391" Y="223" T="0" /><Point X="381" Y="223" T="0" /><Point X="373" Y="223" T="0" /><Point X="367" Y="224" T="0" /><Point X="360" Y="225" T="0" /><Point X="339" Y="230" T="0" /><Point X="329" Y="233" T="0" /><Point X="322" Y="235" T="0" /><Point X="315" Y="238" T="0" /><Point X="309" Y="240" T="0" /><Point X="306" Y="242" T="0" /><Point X="301" Y="245" T="0" /><Point X="290" Y="251" T="0" /><Point X="286" Y="255" T="0" /><Point X="280" Y="259" T="0" /><Point X="275" Y="263" T="0" /><Point X="271" Y="267" T="0" /><Point X="266" Y="270" T="0" /><Point X="263" Y="271" T="0" /><Point X="259" Y="274" T="0" /><Point X="253" Y="278" T="0" /><Point X="252" Y="279" T="0" /><Point X="249" Y="282" T="0" /><Point X="247" Y="284" T="0" /><Point X="241" Y="290" T="0" /><Point X="239" Y="292" T="0" /><Point X="237" Y="294" T="0" /><Point X="235" Y="296" T="0" /><Point X="233" Y="298" T="0" /><Point X="230" Y="302" T="0" /><Point X="229" Y="303" T="0" /><Point X="226" Y="304" T="0" /><Point X="225" Y="306" T="0" /><Point X="223" Y="308" T="0" /><Point X="222" Y="310" T="0" /><Point X="218" Y="315" T="0" /><Point X="217" Y="318" T="0" /><Point X="215" Y="319" T="0" /><Point X="215" Y="320" T="0" /><Point X="214" Y="322" T="0" /><Point X="213" Y="322" T="0" /><Point X="213" Y="323" T="0" /></Gesture>