<Gesture Name="circle" Subject="1" Number="1" NumPts="97" Millseconds="0" AppName="Gestures" AppVer="1.0" Date="Wednesday, March 01, 2023" TimeOfDay="15:08:46" ID="3"><Point X="222" Y="280" T="0" /><Point X="220" Y="283" T="0" /><Point X="217" Y="288" T="0" /><Point X="213" Y="299" T="0" /><Point X="204" Y="319" T="0" /><Point X="194" Y="344" T="0" /><Point X="184" Y="377" T="0" /><Point X="175" Y="449" T="0" /><Point X="175" Y="471" T="0" /><Point X="179" Y="492" T="0" /><Point X="186" Y="507" T="0" /><Point X="194" Y="518" T="0" /><Point X="207" Y="527" T="0" /><Point X="226" Y="538" T="0" /><Point X="246" Y="545" T="0" /><Point X="275" Y="552" T="0" /><Point X="303" Y="553" T="0" /><Point X="327" Y="553" T="0" /><Point X="351" Y="550" T="0" /><Point X="378" Y="543" T="0" /><Point X="405" Y="535" T="0" /><Point X="433" Y="526" T="0" /><Point X="454" Y="515" T="0" /><Point X="485" Y="488" T="0" /><Point X="490" Y="481" T="0" /><Point X="494" Y="473" T="0" /><Point X="495" Y="466" T="0" /><Point X="495" Y="460" T="0" /><Point X="495" Y="445" T="0" /><Point X="493" Y="428" T="0" /><Point X="488" Y="412" T="0" /><Point X="480" Y="384" T="0" /><Point X="470" Y="354" T="0" /><Point X="462" Y="334" T="0" /><Point X="450" Y="315" T="0" /><Point X="441" Y="303" T="0" /><Point X="433" Y="293" T="0" /><Point X="421" Y="284" T="0" /><Point X="411" Y="275" T="0" /><Point X="382" Y="258" T="0" /><Point X="373" Y="255" T="0" /><Point X="365" Y="254" T="0" /><Point X="357" Y="254" T="0" /><Point X="350" Y="254" T="0" /><Point X="344" Y="255" T="0" /><Point X="341" Y="256" T="0" /><Point X="331" Y="260" T="0" /><Point X="327" Y="262" T="0" /><Point X="321" Y="263" T="0" /><Point X="315" Y="266" T="0" /><Point X="309" Y="268" T="0" /><Point X="302" Y="271" T="0" /><Point X="298" Y="273" T="0" /><Point X="293" Y="276" T="0" /><Point X="282" Y="279" T="0" /><Point X="279" Y="280" T="0" /><Point X="275" Y="280" T="0" /><Point X="269" Y="282" T="0" /><Point X="263" Y="283" T="0" /><Point X="259" Y="284" T="0" /><Point X="253" Y="285" T="0" /><Point X="249" Y="286" T="0" /><Point X="248" Y="286" T="0" /><Point X="246" Y="287" T="0" /><Point X="245" Y="287" T="0" /><Point X="244" Y="287" T="0" /><Point X="243" Y="287" T="0" /><Point X="242" Y="287" T="0" /><Point X="241" Y="287" T="0" /><Point X="239" Y="288" T="0" /><Point X="235" Y="289" T="0" /><Point X="234" Y="289" T="0" /><Point X="233" Y="289" T="0" /><Point X="232" Y="289" T="0" /><Point X="231" Y="289" T="0" /><Point X="230" Y="289" T="0" /><Point X="230" Y="290" T="0" /><Point X="228" Y="290" T="0" /><Point X="227" Y="290" T="0" /><Point X="227" Y="291" T="0" /><Point X="226" Y="291" T="0" /><Point X="226" Y="292" T="0" /><Point X="225" Y="292" T="0" /><Point X="225" Y="293" T="0" /><Point X="223" Y="293" T="0" /><Point X="222" Y="294" T="0" /><Point X="221" Y="295" T="0" /><Point X="220" Y="295" T="0" /><Point X="219" Y="295" T="0" /><Point X="218" Y="295" T="0" /><Point X="217" Y="295" T="0" /><Point X="216" Y="295" T="0" /><Point X="216" Y="296" T="0" /><Point X="215" Y="296" T="0" /><Point X="214" Y="296" T="0" /><Point X="212" Y="297" T="0" /><Point X="211" Y="297" T="0" /></Gesture>