<Gesture Name="circle" Subject="1" Number="1" NumPts="92" Millseconds="0" AppName="Gestures" AppVer="1.0" Date="Wednesday, March 01, 2023" TimeOfDay="15:06:19" ID="1"><Point X="282" Y="326" T="0" /><Point X="280" Y="326" T="0" /><Point X="277" Y="326" T="0" /><Point X="272" Y="326" T="0" /><Point X="265" Y="326" T="0" /><Point X="259" Y="326" T="0" /><Point X="251" Y="326" T="0" /><Point X="242" Y="327" T="0" /><Point X="235" Y="330" T="0" /><Point X="224" Y="337" T="0" /><Point X="197" Y="359" T="0" /><Point X="183" Y="374" T="0" /><Point X="170" Y="393" T="0" /><Point X="162" Y="408" T="0" /><Point X="159" Y="420" T="0" /><Point X="155" Y="431" T="0" /><Point X="155" Y="439" T="0" /><Point X="155" Y="446" T="0" /><Point X="155" Y="455" T="0" /><Point X="159" Y="464" T="0" /><Point X="163" Y="472" T="0" /><Point X="169" Y="480" T="0" /><Point X="177" Y="489" T="0" /><Point X="198" Y="506" T="0" /><Point X="210" Y="514" T="0" /><Point X="223" Y="523" T="0" /><Point X="236" Y="532" T="0" /><Point X="246" Y="536" T="0" /><Point X="259" Y="542" T="0" /><Point X="272" Y="545" T="0" /><Point X="287" Y="548" T="0" /><Point X="302" Y="548" T="0" /><Point X="319" Y="545" T="0" /><Point X="332" Y="543" T="0" /><Point X="366" Y="532" T="0" /><Point X="380" Y="529" T="0" /><Point X="393" Y="524" T="0" /><Point X="406" Y="521" T="0" /><Point X="417" Y="514" T="0" /><Point X="425" Y="509" T="0" /><Point X="433" Y="499" T="0" /><Point X="454" Y="460" T="0" /><Point X="457" Y="446" T="0" /><Point X="459" Y="430" T="0" /><Point X="459" Y="417" T="0" /><Point X="457" Y="405" T="0" /><Point X="455" Y="394" T="0" /><Point X="452" Y="385" T="0" /><Point X="449" Y="378" T="0" /><Point X="447" Y="371" T="0" /><Point X="443" Y="363" T="0" /><Point X="439" Y="355" T="0" /><Point X="436" Y="349" T="0" /><Point X="431" Y="343" T="0" /><Point X="424" Y="337" T="0" /><Point X="419" Y="332" T="0" /><Point X="414" Y="327" T="0" /><Point X="404" Y="318" T="0" /><Point X="400" Y="315" T="0" /><Point X="394" Y="312" T="0" /><Point X="388" Y="309" T="0" /><Point X="381" Y="306" T="0" /><Point X="373" Y="305" T="0" /><Point X="363" Y="303" T="0" /><Point X="341" Y="302" T="0" /><Point X="332" Y="301" T="0" /><Point X="324" Y="301" T="0" /><Point X="319" Y="301" T="0" /><Point X="315" Y="301" T="0" /><Point X="311" Y="301" T="0" /><Point X="308" Y="301" T="0" /><Point X="305" Y="302" T="0" /><Point X="302" Y="302" T="0" /><Point X="300" Y="303" T="0" /><Point X="299" Y="304" T="0" /><Point X="297" Y="305" T="0" /><Point X="295" Y="305" T="0" /><Point X="293" Y="305" T="0" /><Point X="291" Y="306" T="0" /><Point X="289" Y="306" T="0" /><Point X="285" Y="308" T="0" /><Point X="282" Y="308" T="0" /><Point X="281" Y="308" T="0" /><Point X="280" Y="309" T="0" /><Point X="278" Y="310" T="0" /><Point X="277" Y="311" T="0" /><Point X="277" Y="312" T="0" /><Point X="276" Y="313" T="0" /><Point X="276" Y="314" T="0" /><Point X="276" Y="315" T="0" /><Point X="276" Y="316" T="0" /><Point X="276" Y="317" T="0" /></Gesture>