<Gesture Name="delete" Subject="1" Number="1" NumPts="38" Millseconds="0" AppName="Gestures" AppVer="1.0" Date="Wednesday, March 01, 2023" TimeOfDay="15:09:11" ID="3"><Point X="193" Y="241" T="0" /><Point X="196" Y="247" T="0" /><Point X="203" Y="258" T="0" /><Point X="218" Y="281" T="0" /><Point X="295" Y="382" T="0" /><Point X="320" Y="415" T="0" /><Point X="340" Y="438" T="0" /><Point X="352" Y="456" T="0" /><Point X="357" Y="465" T="0" /><Point X="360" Y="470" T="0" /><Point X="360" Y="471" T="0" /><Point X="361" Y="471" T="0" /><Point X="357" Y="469" T="0" /><Point X="351" Y="467" T="0" /><Point X="344" Y="466" T="0" /><Point X="331" Y="465" T="0" /><Point X="319" Y="465" T="0" /><Point X="295" Y="465" T="0" /><Point X="276" Y="468" T="0" /><Point X="262" Y="471" T="0" /><Point X="255" Y="473" T="0" /><Point X="250" Y="475" T="0" /><Point X="245" Y="477" T="0" /><Point X="245" Y="478" T="0" /><Point X="244" Y="478" T="0" /><Point X="245" Y="477" T="0" /><Point X="252" Y="465" T="0" /><Point X="268" Y="439" T="0" /><Point X="301" Y="387" T="0" /><Point X="333" Y="341" T="0" /><Point X="362" Y="303" T="0" /><Point X="382" Y="278" T="0" /><Point X="411" Y="246" T="0" /><Point X="415" Y="243" T="0" /><Point X="416" Y="241" T="0" /><Point X="416" Y="240" T="0" /><Point X="417" Y="240" T="0" /><Point X="418" Y="240" T="0" /></Gesture>