<Gesture Name="delete" Subject="1" Number="1" NumPts="40" Millseconds="0" AppName="Gestures" AppVer="1.0" Date="Wednesday, March 01, 2023" TimeOfDay="15:10:11" ID="4"><Point X="268" Y="347" T="0" /><Point X="276" Y="355" T="0" /><Point X="282" Y="364" T="0" /><Point X="295" Y="381" T="0" /><Point X="340" Y="436" T="0" /><Point X="352" Y="453" T="0" /><Point X="365" Y="470" T="0" /><Point X="373" Y="481" T="0" /><Point X="381" Y="491" T="0" /><Point X="386" Y="499" T="0" /><Point X="388" Y="503" T="0" /><Point X="393" Y="510" T="0" /><Point X="395" Y="513" T="0" /><Point X="395" Y="514" T="0" /><Point X="395" Y="515" T="0" /><Point X="396" Y="515" T="0" /><Point X="396" Y="516" T="0" /><Point X="395" Y="516" T="0" /><Point X="391" Y="516" T="0" /><Point X="381" Y="516" T="0" /><Point X="369" Y="516" T="0" /><Point X="358" Y="516" T="0" /><Point X="350" Y="516" T="0" /><Point X="340" Y="516" T="0" /><Point X="338" Y="516" T="0" /><Point X="336" Y="516" T="0" /><Point X="335" Y="516" T="0" /><Point X="334" Y="516" T="0" /><Point X="335" Y="515" T="0" /><Point X="339" Y="507" T="0" /><Point X="346" Y="496" T="0" /><Point X="365" Y="467" T="0" /><Point X="395" Y="424" T="0" /><Point X="417" Y="391" T="0" /><Point X="432" Y="369" T="0" /><Point X="441" Y="356" T="0" /><Point X="446" Y="348" T="0" /><Point X="448" Y="345" T="0" /><Point X="449" Y="343" T="0" /><Point X="449" Y="342" T="0" /></Gesture>