<Gesture Name="delete" Subject="1" Number="1" NumPts="38" Millseconds="0" AppName="Gestures" AppVer="1.0" Date="Wednesday, March 01, 2023" TimeOfDay="15:14:07" ID="8"><Point X="263" Y="302" T="0" /><Point X="267" Y="307" T="0" /><Point X="276" Y="319" T="0" /><Point X="299" Y="356" T="0" /><Point X="384" Y="472" T="0" /><Point X="413" Y="513" T="0" /><Point X="440" Y="554" T="0" /><Point X="455" Y="580" T="0" /><Point X="462" Y="591" T="0" /><Point X="465" Y="598" T="0" /><Point X="466" Y="601" T="0" /><Point X="466" Y="602" T="0" /><Point X="466" Y="603" T="0" /><Point X="465" Y="603" T="0" /><Point X="457" Y="603" T="0" /><Point X="444" Y="600" T="0" /><Point X="426" Y="595" T="0" /><Point X="410" Y="592" T="0" /><Point X="356" Y="578" T="0" /><Point X="344" Y="575" T="0" /><Point X="336" Y="573" T="0" /><Point X="330" Y="571" T="0" /><Point X="327" Y="571" T="0" /><Point X="326" Y="571" T="0" /><Point X="325" Y="571" T="0" /><Point X="324" Y="571" T="0" /><Point X="324" Y="570" T="0" /><Point X="324" Y="566" T="0" /><Point X="335" Y="547" T="0" /><Point X="362" Y="509" T="0" /><Point X="399" Y="460" T="0" /><Point X="432" Y="419" T="0" /><Point X="460" Y="385" T="0" /><Point X="475" Y="365" T="0" /><Point X="482" Y="357" T="0" /><Point X="485" Y="352" T="0" /><Point X="488" Y="350" T="0" /><Point X="488" Y="349" T="0" /></Gesture>