<Gesture Name="delete" Subject="1" Number="1" NumPts="37" Millseconds="0" AppName="Gestures" AppVer="1.0" Date="Wednesday, March 01, 2023" TimeOfDay="15:12:16" ID="6"><Point X="272" Y="308" T="0" /><Point X="276" Y="314" T="0" /><Point X="285" Y="324" T="0" /><Point X="337" Y="391" T="0" /><Point X="366" Y="437" T="0" /><Point X="388" Y="469" T="0" /><Point X="406" Y="494" T="0" /><Point X="415" Y="508" T="0" /><Point X="420" Y="515" T="0" /><Point X="423" Y="519" T="0" /><Point X="424" Y="521" T="0" /><Point X="425" Y="521" T="0" /><Point X="425" Y="522" T="0" /><Point X="419" Y="522" T="0" /><Point X="409" Y="522" T="0" /><Point X="396" Y="522" T="0" /><Point X="383" Y="521" T="0" /><Point X="373" Y="521" T="0" /><Point X="362" Y="521" T="0" /><Point X="353" Y="521" T="0" /><Point X="346" Y="521" T="0" /><Point X="342" Y="521" T="0" /><Point X="340" Y="521" T="0" /><Point X="339" Y="521" T="0" /><Point X="338" Y="521" T="0" /><Point X="338" Y="520" T="0" /><Point X="341" Y="513" T="0" /><Point X="383" Y="458" T="0" /><Point X="419" Y="411" T="0" /><Point X="451" Y="370" T="0" /><Point X="479" Y="337" T="0" /><Point X="494" Y="317" T="0" /><Point X="501" Y="308" T="0" /><Point X="505" Y="302" T="0" /><Point X="507" Y="301" T="0" /><Point X="507" Y="300" T="0" /><Point X="508" Y="300" T="0" /></Gesture>