<Gesture Name="delete" Subject="1" Number="1" NumPts="51" Millseconds="0" AppName="Gestures" AppVer="1.0" Date="Wednesday, March 01, 2023" TimeOfDay="15:11:12" ID="5"><Point X="225" Y="268" T="0" /><Point X="225" Y="270" T="0" /><Point X="227" Y="274" T="0" /><Point X="229" Y="277" T="0" /><Point X="232" Y="281" T="0" /><Point X="234" Y="284" T="0" /><Point X="238" Y="289" T="0" /><Point X="241" Y="293" T="0" /><Point X="255" Y="313" T="0" /><Point X="260" Y="323" T="0" /><Point X="268" Y="333" T="0" /><Point X="277" Y="349" T="0" /><Point X="292" Y="376" T="0" /><Point X="306" Y="400" T="0" /><Point X="320" Y="428" T="0" /><Point X="344" Y="481" T="0" /><Point X="347" Y="488" T="0" /><Point X="348" Y="491" T="0" /><Point X="349" Y="494" T="0" /><Point X="350" Y="495" T="0" /><Point X="350" Y="496" T="0" /><Point X="350" Y="497" T="0" /><Point X="351" Y="499" T="0" /><Point X="351" Y="501" T="0" /><Point X="352" Y="504" T="0" /><Point X="353" Y="507" T="0" /><Point X="353" Y="509" T="0" /><Point X="353" Y="510" T="0" /><Point X="353" Y="511" T="0" /><Point X="353" Y="512" T="0" /><Point X="342" Y="510" T="0" /><Point X="307" Y="497" T="0" /><Point X="266" Y="484" T="0" /><Point X="226" Y="475" T="0" /><Point X="196" Y="469" T="0" /><Point X="176" Y="466" T="0" /><Point X="164" Y="464" T="0" /><Point X="152" Y="464" T="0" /><Point X="151" Y="464" T="0" /><Point X="152" Y="462" T="0" /><Point X="162" Y="453" T="0" /><Point X="176" Y="440" T="0" /><Point X="210" Y="406" T="0" /><Point X="247" Y="371" T="0" /><Point X="281" Y="341" T="0" /><Point X="341" Y="289" T="0" /><Point X="350" Y="282" T="0" /><Point X="355" Y="278" T="0" /><Point X="356" Y="276" T="0" /><Point X="358" Y="276" T="0" /><Point X="358" Y="275" T="0" /></Gesture>