<Gesture Name="delete" Subject="1" Number="1" NumPts="43" Millseconds="0" AppName="Gestures" AppVer="1.0" Date="Wednesday, March 01, 2023" TimeOfDay="15:13:16" ID="7"><Point X="218" Y="326" T="0" /><Point X="225" Y="332" T="0" /><Point X="236" Y="344" T="0" /><Point X="264" Y="377" T="0" /><Point X="299" Y="416" T="0" /><Point X="328" Y="448" T="0" /><Point X="356" Y="479" T="0" /><Point X="375" Y="502" T="0" /><Point X="398" Y="539" T="0" /><Point X="400" Y="545" T="0" /><Point X="400" Y="546" T="0" /><Point X="401" Y="547" T="0" /><Point X="400" Y="547" T="0" /><Point X="395" Y="547" T="0" /><Point X="384" Y="543" T="0" /><Point X="372" Y="542" T="0" /><Point X="357" Y="541" T="0" /><Point X="347" Y="541" T="0" /><Point X="336" Y="541" T="0" /><Point X="325" Y="541" T="0" /><Point X="317" Y="543" T="0" /><Point X="307" Y="545" T="0" /><Point X="305" Y="546" T="0" /><Point X="305" Y="547" T="0" /><Point X="304" Y="547" T="0" /><Point X="303" Y="547" T="0" /><Point X="303" Y="546" T="0" /><Point X="303" Y="543" T="0" /><Point X="304" Y="539" T="0" /><Point X="311" Y="527" T="0" /><Point X="325" Y="506" T="0" /><Point X="343" Y="481" T="0" /><Point X="374" Y="445" T="0" /><Point X="401" Y="412" T="0" /><Point X="428" Y="383" T="0" /><Point X="446" Y="365" T="0" /><Point X="458" Y="350" T="0" /><Point X="466" Y="342" T="0" /><Point X="470" Y="334" T="0" /><Point X="472" Y="332" T="0" /><Point X="472" Y="331" T="0" /><Point X="473" Y="329" T="0" /><Point X="474" Y="329" T="0" /></Gesture>