<Gesture Name="delete" Subject="1" Number="1" NumPts="46" Millseconds="0" AppName="Gestures" AppVer="1.0" Date="Wednesday, March 01, 2023" TimeOfDay="15:15:07" ID="9"><Point X="196" Y="345" T="0" /><Point X="196" Y="346" T="0" /><Point X="196" Y="347" T="0" /><Point X="198" Y="349" T="0" /><Point X="202" Y="354" T="0" /><Point X="208" Y="360" T="0" /><Point X="221" Y="376" T="0" /><Point X="238" Y="394" T="0" /><Point X="267" Y="425" T="0" /><Point X="295" Y="456" T="0" /><Point X="321" Y="482" T="0" /><Point X="347" Y="508" T="0" /><Point X="401" Y="572" T="0" /><Point X="409" Y="582" T="0" /><Point X="413" Y="588" T="0" /><Point X="416" Y="591" T="0" /><Point X="417" Y="593" T="0" /><Point X="417" Y="594" T="0" /><Point X="415" Y="594" T="0" /><Point X="407" Y="594" T="0" /><Point X="372" Y="589" T="0" /><Point X="350" Y="588" T="0" /><Point X="335" Y="587" T="0" /><Point X="322" Y="587" T="0" /><Point X="311" Y="587" T="0" /><Point X="303" Y="587" T="0" /><Point X="296" Y="587" T="0" /><Point X="288" Y="587" T="0" /><Point X="287" Y="587" T="0" /><Point X="286" Y="587" T="0" /><Point X="286" Y="586" T="0" /><Point X="287" Y="582" T="0" /><Point X="294" Y="570" T="0" /><Point X="311" Y="543" T="0" /><Point X="336" Y="503" T="0" /><Point X="363" Y="462" T="0" /><Point X="387" Y="427" T="0" /><Point X="410" Y="399" T="0" /><Point X="423" Y="379" T="0" /><Point X="432" Y="369" T="0" /><Point X="449" Y="341" T="0" /><Point X="452" Y="335" T="0" /><Point X="453" Y="330" T="0" /><Point X="454" Y="328" T="0" /><Point X="454" Y="327" T="0" /><Point X="454" Y="326" T="0" /></Gesture>