<Gesture Name="delete" Subject="1" Number="1" NumPts="39" Millseconds="0" AppName="Gestures" AppVer="1.0" Date="Wednesday, March 01, 2023" TimeOfDay="15:06:46" ID="1"><Point X="214" Y="286" T="0" /><Point X="218" Y="291" T="0" /><Point X="228" Y="300" T="0" /><Point X="250" Y="318" T="0" /><Point X="292" Y="356" T="0" /><Point X="335" Y="401" T="0" /><Point X="371" Y="445" T="0" /><Point X="396" Y="474" T="0" /><Point X="408" Y="490" T="0" /><Point X="415" Y="499" T="0" /><Point X="417" Y="504" T="0" /><Point X="418" Y="505" T="0" /><Point X="419" Y="506" T="0" /><Point X="418" Y="506" T="0" /><Point X="416" Y="506" T="0" /><Point X="411" Y="505" T="0" /><Point X="382" Y="501" T="0" /><Point X="370" Y="500" T="0" /><Point X="351" Y="498" T="0" /><Point X="335" Y="498" T="0" /><Point X="320" Y="498" T="0" /><Point X="308" Y="498" T="0" /><Point X="302" Y="498" T="0" /><Point X="299" Y="498" T="0" /><Point X="296" Y="498" T="0" /><Point X="295" Y="498" T="0" /><Point X="296" Y="493" T="0" /><Point X="330" Y="440" T="0" /><Point X="359" Y="392" T="0" /><Point X="385" Y="354" T="0" /><Point X="412" Y="315" T="0" /><Point X="436" Y="280" T="0" /><Point X="452" Y="258" T="0" /><Point X="462" Y="244" T="0" /><Point X="476" Y="222" T="0" /><Point X="479" Y="218" T="0" /><Point X="480" Y="216" T="0" /><Point X="481" Y="215" T="0" /><Point X="481" Y="214" T="0" /></Gesture>