<Gesture Name="delete" Subject="1" Number="1" NumPts="35" Millseconds="0" AppName="Gestures" AppVer="1.0" Date="Wednesday, March 01, 2023" TimeOfDay="15:08:00" ID="2"><Point X="254" Y="370" T="0" /><Point X="259" Y="377" T="0" /><Point X="274" Y="402" T="0" /><Point X="295" Y="434" T="0" /><Point X="322" Y="472" T="0" /><Point X="349" Y="511" T="0" /><Point X="368" Y="538" T="0" /><Point X="378" Y="552" T="0" /><Point X="389" Y="564" T="0" /><Point X="390" Y="566" T="0" /><Point X="390" Y="567" T="0" /><Point X="384" Y="565" T="0" /><Point X="368" Y="561" T="0" /><Point X="345" Y="557" T="0" /><Point X="305" Y="551" T="0" /><Point X="274" Y="548" T="0" /><Point X="256" Y="546" T="0" /><Point X="243" Y="546" T="0" /><Point X="227" Y="546" T="0" /><Point X="225" Y="546" T="0" /><Point X="224" Y="546" T="0" /><Point X="224" Y="544" T="0" /><Point X="225" Y="539" T="0" /><Point X="231" Y="529" T="0" /><Point X="251" Y="500" T="0" /><Point X="283" Y="456" T="0" /><Point X="318" Y="415" T="0" /><Point X="346" Y="381" T="0" /><Point X="363" Y="361" T="0" /><Point X="371" Y="352" T="0" /><Point X="375" Y="346" T="0" /><Point X="377" Y="345" T="0" /><Point X="378" Y="344" T="0" /><Point X="379" Y="344" T="0" /><Point X="379" Y="343" T="0" /></Gesture>