<Gesture Name="delete" Subject="1" Number="1" NumPts="41" Millseconds="0" AppName="Gestures" AppVer="1.0" Date="Wednesday, March 01, 2023" TimeOfDay="15:15:58" ID="10"><Point X="277" Y="276" T="0" /><Point X="278" Y="279" T="0" /><Point X="283" Y="285" T="0" /><Point X="291" Y="297" T="0" /><Point X="309" Y="316" T="0" /><Point X="336" Y="345" T="0" /><Point X="369" Y="384" T="0" /><Point X="398" Y="413" T="0" /><Point X="418" Y="436" T="0" /><Point X="432" Y="453" T="0" /><Point X="441" Y="467" T="0" /><Point X="445" Y="474" T="0" /><Point X="447" Y="478" T="0" /><Point X="448" Y="481" T="0" /><Point X="444" Y="482" T="0" /><Point X="430" Y="482" T="0" /><Point X="409" Y="482" T="0" /><Point X="384" Y="483" T="0" /><Point X="362" Y="483" T="0" /><Point X="349" Y="484" T="0" /><Point X="337" Y="486" T="0" /><Point X="324" Y="486" T="0" /><Point X="321" Y="486" T="0" /><Point X="319" Y="486" T="0" /><Point X="318" Y="486" T="0" /><Point X="318" Y="485" T="0" /><Point X="318" Y="483" T="0" /><Point X="318" Y="481" T="0" /><Point X="319" Y="474" T="0" /><Point X="331" Y="453" T="0" /><Point X="347" Y="426" T="0" /><Point X="382" Y="380" T="0" /><Point X="410" Y="342" T="0" /><Point X="429" Y="314" T="0" /><Point X="444" Y="295" T="0" /><Point X="457" Y="278" T="0" /><Point X="475" Y="253" T="0" /><Point X="478" Y="248" T="0" /><Point X="479" Y="247" T="0" /><Point X="479" Y="246" T="0" /><Point X="480" Y="245" T="0" /></Gesture>