<Gesture Name="left-square-bracket" Subject="1" Number="1" NumPts="35" Millseconds="0" AppName="Gestures" AppVer="1.0" Date="Wednesday, March 01, 2023" TimeOfDay="15:11:04" ID="5"><Point X="222" Y="215" T="0" /><Point X="216" Y="215" T="0" /><Point X="207" Y="215" T="0" /><Point X="200" Y="215" T="0" /><Point X="195" Y="215" T="0" /><Point X="192" Y="215" T="0" /><Point X="188" Y="215" T="0" /><Point X="186" Y="215" T="0" /><Point X="184" Y="228" T="0" /><Point X="183" Y="238" T="0" /><Point X="182" Y="249" T="0" /><Point X="180" Y="265" T="0" /><Point X="179" Y="283" T="0" /><Point X="177" Y="297" T="0" /><Point X="177" Y="309" T="0" /><Point X="176" Y="319" T="0" /><Point X="176" Y="345" T="0" /><Point X="177" Y="353" T="0" /><Point X="181" Y="360" T="0" /><Point X="183" Y="366" T="0" /><Point X="186" Y="370" T="0" /><Point X="191" Y="373" T="0" /><Point X="197" Y="376" T="0" /><Point X="206" Y="380" T="0" /><Point X="217" Y="381" T="0" /><Point X="229" Y="381" T="0" /><Point X="241" Y="381" T="0" /><Point X="248" Y="380" T="0" /><Point X="254" Y="378" T="0" /><Point X="257" Y="377" T="0" /><Point X="259" Y="376" T="0" /><Point X="260" Y="376" T="0" /><Point X="260" Y="375" T="0" /><Point X="261" Y="375" T="0" /><Point X="261" Y="374" T="0" /></Gesture>