<Gesture Name="left-curly-brace" Subject="1" Number="1" NumPts="52" Millseconds="0" AppName="Gestures" AppVer="1.0" Date="Wednesday, March 01, 2023" TimeOfDay="15:09:15" ID="3"><Point X="191" Y="267" T="0" /><Point X="186" Y="270" T="0" /><Point X="181" Y="274" T="0" /><Point X="176" Y="279" T="0" /><Point X="172" Y="284" T="0" /><Point X="170" Y="288" T="0" /><Point X="168" Y="292" T="0" /><Point X="166" Y="298" T="0" /><Point X="166" Y="305" T="0" /><Point X="166" Y="310" T="0" /><Point X="167" Y="316" T="0" /><Point X="168" Y="320" T="0" /><Point X="171" Y="330" T="0" /><Point X="174" Y="342" T="0" /><Point X="177" Y="386" T="0" /><Point X="175" Y="420" T="0" /><Point X="167" Y="445" T="0" /><Point X="156" Y="464" T="0" /><Point X="147" Y="472" T="0" /><Point X="137" Y="480" T="0" /><Point X="127" Y="486" T="0" /><Point X="116" Y="490" T="0" /><Point X="108" Y="491" T="0" /><Point X="101" Y="492" T="0" /><Point X="97" Y="492" T="0" /><Point X="94" Y="492" T="0" /><Point X="93" Y="492" T="0" /><Point X="92" Y="492" T="0" /><Point X="94" Y="493" T="0" /><Point X="98" Y="498" T="0" /><Point X="104" Y="508" T="0" /><Point X="116" Y="531" T="0" /><Point X="125" Y="556" T="0" /><Point X="132" Y="576" T="0" /><Point X="139" Y="595" T="0" /><Point X="143" Y="609" T="0" /><Point X="146" Y="620" T="0" /><Point X="149" Y="628" T="0" /><Point X="154" Y="634" T="0" /><Point X="159" Y="636" T="0" /><Point X="164" Y="636" T="0" /><Point X="172" Y="634" T="0" /><Point X="182" Y="630" T="0" /><Point X="192" Y="625" T="0" /><Point X="201" Y="620" T="0" /><Point X="207" Y="615" T="0" /><Point X="210" Y="611" T="0" /><Point X="213" Y="609" T="0" /><Point X="214" Y="607" T="0" /><Point X="215" Y="605" T="0" /><Point X="216" Y="604" T="0" /><Point X="216" Y="603" T="0" /></Gesture>