<Gesture Name="left-square-bracket" Subject="1" Number="1" NumPts="40" Millseconds="0" AppName="Gestures" AppVer="1.0" Date="Wednesday, March 01, 2023" TimeOfDay="15:13:04" ID="7"><Point X="242" Y="269" T="0" /><Point X="239" Y="269" T="0" /><Point X="232" Y="270" T="0" /><Point X="224" Y="272" T="0" /><Point X="215" Y="273" T="0" /><Point X="207" Y="274" T="0" /><Point X="200" Y="275" T="0" /><Point X="196" Y="275" T="0" /><Point X="193" Y="275" T="0" /><Point X="191" Y="275" T="0" /><Point X="190" Y="275" T="0" /><Point X="189" Y="275" T="0" /><Point X="189" Y="276" T="0" /><Point X="189" Y="290" T="0" /><Point X="189" Y="304" T="0" /><Point X="189" Y="334" T="0" /><Point X="189" Y="366" T="0" /><Point X="187" Y="408" T="0" /><Point X="185" Y="438" T="0" /><Point X="184" Y="461" T="0" /><Point X="183" Y="473" T="0" /><Point X="182" Y="484" T="0" /><Point X="181" Y="492" T="0" /><Point X="180" Y="496" T="0" /><Point X="180" Y="499" T="0" /><Point X="180" Y="501" T="0" /><Point X="180" Y="503" T="0" /><Point X="180" Y="506" T="0" /><Point X="180" Y="507" T="0" /><Point X="184" Y="512" T="0" /><Point X="189" Y="515" T="0" /><Point X="198" Y="520" T="0" /><Point X="212" Y="523" T="0" /><Point X="231" Y="525" T="0" /><Point X="248" Y="527" T="0" /><Point X="265" Y="527" T="0" /><Point X="284" Y="527" T="0" /><Point X="287" Y="527" T="0" /><Point X="288" Y="527" T="0" /><Point X="289" Y="527" T="0" /></Gesture>