<Gesture Name="left-curly-brace" Subject="1" Number="1" NumPts="52" Millseconds="0" AppName="Gestures" AppVer="1.0" Date="Wednesday, March 01, 2023" TimeOfDay="15:11:16" ID="5"><Point X="247" Y="249" T="0" /><Point X="243" Y="254" T="0" /><Point X="238" Y="260" T="0" /><Point X="233" Y="266" T="0" /><Point X="224" Y="276" T="0" /><Point X="219" Y="286" T="0" /><Point X="216" Y="299" T="0" /><Point X="214" Y="311" T="0" /><Point X="222" Y="338" T="0" /><Point X="228" Y="347" T="0" /><Point X="232" Y="355" T="0" /><Point X="235" Y="363" T="0" /><Point X="238" Y="368" T="0" /><Point X="240" Y="373" T="0" /><Point X="240" Y="375" T="0" /><Point X="240" Y="377" T="0" /><Point X="240" Y="379" T="0" /><Point X="239" Y="382" T="0" /><Point X="233" Y="386" T="0" /><Point X="228" Y="389" T="0" /><Point X="223" Y="390" T="0" /><Point X="218" Y="391" T="0" /><Point X="216" Y="391" T="0" /><Point X="215" Y="391" T="0" /><Point X="214" Y="391" T="0" /><Point X="216" Y="391" T="0" /><Point X="217" Y="392" T="0" /><Point X="221" Y="394" T="0" /><Point X="223" Y="397" T="0" /><Point X="227" Y="402" T="0" /><Point X="231" Y="407" T="0" /><Point X="233" Y="414" T="0" /><Point X="239" Y="451" T="0" /><Point X="239" Y="460" T="0" /><Point X="239" Y="468" T="0" /><Point X="239" Y="475" T="0" /><Point X="240" Y="480" T="0" /><Point X="241" Y="487" T="0" /><Point X="244" Y="493" T="0" /><Point X="245" Y="496" T="0" /><Point X="247" Y="499" T="0" /><Point X="250" Y="500" T="0" /><Point X="254" Y="500" T="0" /><Point X="258" Y="500" T="0" /><Point X="264" Y="500" T="0" /><Point X="268" Y="500" T="0" /><Point X="272" Y="497" T="0" /><Point X="273" Y="495" T="0" /><Point X="278" Y="489" T="0" /><Point X="279" Y="488" T="0" /><Point X="279" Y="487" T="0" /><Point X="280" Y="487" T="0" /></Gesture>