<Gesture Name="left-square-bracket" Subject="1" Number="1" NumPts="34" Millseconds="0" AppName="Gestures" AppVer="1.0" Date="Wednesday, March 01, 2023" TimeOfDay="15:14:59" ID="9"><Point X="232" Y="227" T="0" /><Point X="228" Y="230" T="0" /><Point X="221" Y="233" T="0" /><Point X="214" Y="235" T="0" /><Point X="205" Y="237" T="0" /><Point X="200" Y="237" T="0" /><Point X="194" Y="237" T="0" /><Point X="191" Y="237" T="0" /><Point X="188" Y="237" T="0" /><Point X="188" Y="238" T="0" /><Point X="188" Y="243" T="0" /><Point X="191" Y="274" T="0" /><Point X="193" Y="302" T="0" /><Point X="194" Y="327" T="0" /><Point X="196" Y="358" T="0" /><Point X="197" Y="388" T="0" /><Point X="197" Y="410" T="0" /><Point X="199" Y="427" T="0" /><Point X="199" Y="439" T="0" /><Point X="200" Y="449" T="0" /><Point X="200" Y="454" T="0" /><Point X="200" Y="456" T="0" /><Point X="200" Y="458" T="0" /><Point X="200" Y="459" T="0" /><Point X="203" Y="459" T="0" /><Point X="210" Y="458" T="0" /><Point X="220" Y="455" T="0" /><Point X="234" Y="451" T="0" /><Point X="243" Y="449" T="0" /><Point X="254" Y="448" T="0" /><Point X="259" Y="447" T="0" /><Point X="264" Y="446" T="0" /><Point X="265" Y="446" T="0" /><Point X="266" Y="446" T="0" /></Gesture>