<Gesture Name="left-square-bracket" Subject="1" Number="1" NumPts="36" Millseconds="0" AppName="Gestures" AppVer="1.0" Date="Wednesday, March 01, 2023" TimeOfDay="15:06:37" ID="1"><Point X="267" Y="273" T="0" /><Point X="263" Y="273" T="0" /><Point X="256" Y="273" T="0" /><Point X="249" Y="274" T="0" /><Point X="242" Y="275" T="0" /><Point X="236" Y="276" T="0" /><Point X="233" Y="276" T="0" /><Point X="230" Y="276" T="0" /><Point X="229" Y="276" T="0" /><Point X="228" Y="276" T="0" /><Point X="227" Y="276" T="0" /><Point X="226" Y="279" T="0" /><Point X="225" Y="283" T="0" /><Point X="224" Y="291" T="0" /><Point X="223" Y="304" T="0" /><Point X="220" Y="330" T="0" /><Point X="219" Y="366" T="0" /><Point X="215" Y="402" T="0" /><Point X="218" Y="484" T="0" /><Point X="218" Y="508" T="0" /><Point X="220" Y="522" T="0" /><Point X="220" Y="531" T="0" /><Point X="221" Y="539" T="0" /><Point X="221" Y="543" T="0" /><Point X="221" Y="545" T="0" /><Point X="221" Y="547" T="0" /><Point X="221" Y="548" T="0" /><Point X="227" Y="548" T="0" /><Point X="236" Y="547" T="0" /><Point X="249" Y="545" T="0" /><Point X="261" Y="542" T="0" /><Point X="271" Y="541" T="0" /><Point X="276" Y="541" T="0" /><Point X="279" Y="541" T="0" /><Point X="281" Y="541" T="0" /><Point X="282" Y="541" T="0" /></Gesture>