<Gesture Name="left-square-bracket" Subject="1" Number="1" NumPts="33" Millseconds="0" AppName="Gestures" AppVer="1.0" Date="Wednesday, March 01, 2023" TimeOfDay="15:09:02" ID="3"><Point X="299" Y="257" T="0" /><Point X="287" Y="257" T="0" /><Point X="275" Y="256" T="0" /><Point X="265" Y="256" T="0" /><Point X="255" Y="256" T="0" /><Point X="250" Y="256" T="0" /><Point X="243" Y="256" T="0" /><Point X="242" Y="256" T="0" /><Point X="241" Y="256" T="0" /><Point X="241" Y="258" T="0" /><Point X="241" Y="265" T="0" /><Point X="241" Y="278" T="0" /><Point X="244" Y="309" T="0" /><Point X="246" Y="339" T="0" /><Point X="250" Y="399" T="0" /><Point X="252" Y="443" T="0" /><Point X="252" Y="473" T="0" /><Point X="254" Y="533" T="0" /><Point X="255" Y="542" T="0" /><Point X="255" Y="547" T="0" /><Point X="255" Y="549" T="0" /><Point X="255" Y="550" T="0" /><Point X="258" Y="550" T="0" /><Point X="264" Y="546" T="0" /><Point X="275" Y="541" T="0" /><Point X="297" Y="533" T="0" /><Point X="319" Y="527" T="0" /><Point X="335" Y="524" T="0" /><Point X="343" Y="522" T="0" /><Point X="349" Y="521" T="0" /><Point X="351" Y="521" T="0" /><Point X="353" Y="521" T="0" /><Point X="353" Y="520" T="0" /></Gesture>