<Gesture Name="left-curly-brace" Subject="1" Number="1" NumPts="53" Millseconds="0" AppName="Gestures" AppVer="1.0" Date="Wednesday, March 01, 2023" TimeOfDay="15:16:05" ID="10"><Point X="243" Y="307" T="0" /><Point X="241" Y="307" T="0" /><Point X="238" Y="307" T="0" /><Point X="231" Y="308" T="0" /><Point X="229" Y="309" T="0" /><Point X="226" Y="310" T="0" /><Point X="225" Y="312" T="0" /><Point X="222" Y="315" T="0" /><Point X="220" Y="319" T="0" /><Point X="219" Y="322" T="0" /><Point X="218" Y="325" T="0" /><Point X="218" Y="328" T="0" /><Point X="218" Y="330" T="0" /><Point X="218" Y="334" T="0" /><Point X="218" Y="339" T="0" /><Point X="221" Y="345" T="0" /><Point X="223" Y="354" T="0" /><Point X="226" Y="362" T="0" /><Point X="228" Y="370" T="0" /><Point X="230" Y="391" T="0" /><Point X="230" Y="396" T="0" /><Point X="229" Y="401" T="0" /><Point X="227" Y="404" T="0" /><Point X="224" Y="407" T="0" /><Point X="220" Y="409" T="0" /><Point X="214" Y="412" T="0" /><Point X="202" Y="414" T="0" /><Point X="198" Y="414" T="0" /><Point X="195" Y="414" T="0" /><Point X="192" Y="414" T="0" /><Point X="190" Y="414" T="0" /><Point X="189" Y="414" T="0" /><Point X="188" Y="414" T="0" /><Point X="188" Y="416" T="0" /><Point X="188" Y="425" T="0" /><Point X="189" Y="440" T="0" /><Point X="190" Y="453" T="0" /><Point X="193" Y="504" T="0" /><Point X="193" Y="523" T="0" /><Point X="193" Y="534" T="0" /><Point X="193" Y="542" T="0" /><Point X="193" Y="547" T="0" /><Point X="194" Y="549" T="0" /><Point X="195" Y="551" T="0" /><Point X="201" Y="555" T="0" /><Point X="208" Y="556" T="0" /><Point X="216" Y="557" T="0" /><Point X="223" Y="557" T="0" /><Point X="230" Y="557" T="0" /><Point X="234" Y="557" T="0" /><Point X="236" Y="557" T="0" /><Point X="238" Y="556" T="0" /><Point X="239" Y="555" T="0" /></Gesture>