<Gesture Name="left-curly-brace" Subject="1" Number="1" NumPts="62" Millseconds="0" AppName="Gestures" AppVer="1.0" Date="Wednesday, March 01, 2023" TimeOfDay="15:12:19" ID="6"><Point X="260" Y="327" T="0" /><Point X="258" Y="327" T="0" /><Point X="255" Y="327" T="0" /><Point X="252" Y="327" T="0" /><Point X="245" Y="327" T="0" /><Point X="244" Y="327" T="0" /><Point X="242" Y="327" T="0" /><Point X="240" Y="328" T="0" /><Point X="237" Y="330" T="0" /><Point X="236" Y="333" T="0" /><Point X="233" Y="336" T="0" /><Point X="233" Y="340" T="0" /><Point X="233" Y="344" T="0" /><Point X="233" Y="350" T="0" /><Point X="235" Y="356" T="0" /><Point X="241" Y="365" T="0" /><Point X="247" Y="374" T="0" /><Point X="251" Y="381" T="0" /><Point X="255" Y="387" T="0" /><Point X="257" Y="392" T="0" /><Point X="259" Y="398" T="0" /><Point X="259" Y="400" T="0" /><Point X="259" Y="401" T="0" /><Point X="256" Y="404" T="0" /><Point X="250" Y="408" T="0" /><Point X="241" Y="413" T="0" /><Point X="230" Y="417" T="0" /><Point X="206" Y="424" T="0" /><Point X="200" Y="425" T="0" /><Point X="196" Y="426" T="0" /><Point X="194" Y="426" T="0" /><Point X="193" Y="426" T="0" /><Point X="192" Y="426" T="0" /><Point X="193" Y="426" T="0" /><Point X="196" Y="426" T="0" /><Point X="199" Y="426" T="0" /><Point X="202" Y="427" T="0" /><Point X="204" Y="428" T="0" /><Point X="209" Y="435" T="0" /><Point X="213" Y="442" T="0" /><Point X="217" Y="456" T="0" /><Point X="220" Y="469" T="0" /><Point X="222" Y="485" T="0" /><Point X="222" Y="495" T="0" /><Point X="222" Y="504" T="0" /><Point X="222" Y="510" T="0" /><Point X="223" Y="521" T="0" /><Point X="224" Y="523" T="0" /><Point X="224" Y="524" T="0" /><Point X="225" Y="525" T="0" /><Point X="226" Y="525" T="0" /><Point X="228" Y="526" T="0" /><Point X="231" Y="526" T="0" /><Point X="236" Y="526" T="0" /><Point X="238" Y="526" T="0" /><Point X="239" Y="526" T="0" /><Point X="240" Y="526" T="0" /><Point X="242" Y="525" T="0" /><Point X="242" Y="524" T="0" /><Point X="242" Y="523" T="0" /><Point X="243" Y="523" T="0" /><Point X="243" Y="522" T="0" /></Gesture>