<Gesture Name="left-curly-brace" Subject="1" Number="1" NumPts="60" Millseconds="0" AppName="Gestures" AppVer="1.0" Date="Wednesday, March 01, 2023" TimeOfDay="15:15:11" ID="9"><Point X="236" Y="291" T="0" /><Point X="234" Y="291" T="0" /><Point X="232" Y="291" T="0" /><Point X="230" Y="292" T="0" /><Point X="227" Y="293" T="0" /><Point X="225" Y="294" T="0" /><Point X="223" Y="296" T="0" /><Point X="221" Y="297" T="0" /><Point X="220" Y="298" T="0" /><Point X="219" Y="301" T="0" /><Point X="217" Y="303" T="0" /><Point X="216" Y="305" T="0" /><Point X="216" Y="310" T="0" /><Point X="216" Y="317" T="0" /><Point X="216" Y="322" T="0" /><Point X="216" Y="329" T="0" /><Point X="218" Y="360" T="0" /><Point X="218" Y="368" T="0" /><Point X="218" Y="373" T="0" /><Point X="218" Y="377" T="0" /><Point X="218" Y="380" T="0" /><Point X="216" Y="381" T="0" /><Point X="213" Y="383" T="0" /><Point X="198" Y="387" T="0" /><Point X="191" Y="388" T="0" /><Point X="185" Y="388" T="0" /><Point X="182" Y="388" T="0" /><Point X="179" Y="388" T="0" /><Point X="178" Y="388" T="0" /><Point X="177" Y="387" T="0" /><Point X="176" Y="387" T="0" /><Point X="176" Y="386" T="0" /><Point X="177" Y="385" T="0" /><Point X="180" Y="385" T="0" /><Point X="184" Y="385" T="0" /><Point X="187" Y="385" T="0" /><Point X="190" Y="386" T="0" /><Point X="192" Y="388" T="0" /><Point X="196" Y="394" T="0" /><Point X="199" Y="403" T="0" /><Point X="202" Y="418" T="0" /><Point X="204" Y="438" T="0" /><Point X="206" Y="504" T="0" /><Point X="206" Y="517" T="0" /><Point X="206" Y="527" T="0" /><Point X="210" Y="540" T="0" /><Point X="212" Y="547" T="0" /><Point X="216" Y="554" T="0" /><Point X="221" Y="559" T="0" /><Point X="236" Y="567" T="0" /><Point X="244" Y="568" T="0" /><Point X="250" Y="568" T="0" /><Point X="255" Y="568" T="0" /><Point X="257" Y="568" T="0" /><Point X="259" Y="566" T="0" /><Point X="261" Y="562" T="0" /><Point X="261" Y="560" T="0" /><Point X="262" Y="558" T="0" /><Point X="262" Y="557" T="0" /><Point X="263" Y="556" T="0" /></Gesture>