<Gesture Name="left-curly-brace" Subject="1" Number="1" NumPts="43" Millseconds="0" AppName="Gestures" AppVer="1.0" Date="Wednesday, March 01, 2023" TimeOfDay="15:06:49" ID="1"><Point X="225" Y="248" T="0" /><Point X="222" Y="251" T="0" /><Point X="220" Y="255" T="0" /><Point X="215" Y="261" T="0" /><Point X="211" Y="269" T="0" /><Point X="209" Y="276" T="0" /><Point X="208" Y="284" T="0" /><Point X="208" Y="291" T="0" /><Point X="208" Y="298" T="0" /><Point X="209" Y="305" T="0" /><Point X="212" Y="311" T="0" /><Point X="215" Y="317" T="0" /><Point X="217" Y="321" T="0" /><Point X="218" Y="324" T="0" /><Point X="218" Y="331" T="0" /><Point X="216" Y="335" T="0" /><Point X="212" Y="341" T="0" /><Point X="205" Y="347" T="0" /><Point X="199" Y="352" T="0" /><Point X="193" Y="356" T="0" /><Point X="188" Y="360" T="0" /><Point X="182" Y="363" T="0" /><Point X="181" Y="364" T="0" /><Point X="180" Y="364" T="0" /><Point X="183" Y="364" T="0" /><Point X="186" Y="366" T="0" /><Point X="197" Y="374" T="0" /><Point X="204" Y="381" T="0" /><Point X="213" Y="400" T="0" /><Point X="219" Y="424" T="0" /><Point X="226" Y="461" T="0" /><Point X="231" Y="495" T="0" /><Point X="234" Y="521" T="0" /><Point X="245" Y="556" T="0" /><Point X="247" Y="562" T="0" /><Point X="247" Y="563" T="0" /><Point X="248" Y="565" T="0" /><Point X="249" Y="565" T="0" /><Point X="250" Y="565" T="0" /><Point X="251" Y="565" T="0" /><Point X="252" Y="564" T="0" /><Point X="253" Y="563" T="0" /><Point X="253" Y="562" T="0" /></Gesture>