<Gesture Name="left-curly-brace" Subject="1" Number="1" NumPts="47" Millseconds="0" AppName="Gestures" AppVer="1.0" Date="Wednesday, March 01, 2023" TimeOfDay="15:10:15" ID="4"><Point X="236" Y="300" T="0" /><Point X="235" Y="301" T="0" /><Point X="232" Y="303" T="0" /><Point X="225" Y="309" T="0" /><Point X="221" Y="312" T="0" /><Point X="217" Y="319" T="0" /><Point X="213" Y="329" T="0" /><Point X="211" Y="339" T="0" /><Point X="211" Y="347" T="0" /><Point X="213" Y="358" T="0" /><Point X="222" Y="373" T="0" /><Point X="229" Y="386" T="0" /><Point X="235" Y="394" T="0" /><Point X="239" Y="401" T="0" /><Point X="242" Y="405" T="0" /><Point X="244" Y="408" T="0" /><Point X="244" Y="410" T="0" /><Point X="244" Y="412" T="0" /><Point X="241" Y="416" T="0" /><Point X="213" Y="439" T="0" /><Point X="197" Y="450" T="0" /><Point X="186" Y="456" T="0" /><Point X="178" Y="459" T="0" /><Point X="168" Y="460" T="0" /><Point X="167" Y="460" T="0" /><Point X="175" Y="465" T="0" /><Point X="180" Y="474" T="0" /><Point X="184" Y="483" T="0" /><Point X="190" Y="499" T="0" /><Point X="197" Y="513" T="0" /><Point X="200" Y="524" T="0" /><Point X="205" Y="534" T="0" /><Point X="208" Y="541" T="0" /><Point X="212" Y="546" T="0" /><Point X="215" Y="550" T="0" /><Point X="217" Y="552" T="0" /><Point X="222" Y="555" T="0" /><Point X="226" Y="556" T="0" /><Point X="232" Y="558" T="0" /><Point X="239" Y="559" T="0" /><Point X="244" Y="559" T="0" /><Point X="254" Y="558" T="0" /><Point X="256" Y="558" T="0" /><Point X="258" Y="557" T="0" /><Point X="258" Y="556" T="0" /><Point X="259" Y="555" T="0" /><Point X="259" Y="554" T="0" /></Gesture>