<Gesture Name="left-square-bracket" Subject="1" Number="1" NumPts="58" Millseconds="0" AppName="Gestures" AppVer="1.0" Date="Wednesday, March 01, 2023" TimeOfDay="15:12:01" ID="6"><Point X="221" Y="320" T="0" /><Point X="219" Y="324" T="0" /><Point X="216" Y="331" T="0" /><Point X="214" Y="340" T="0" /><Point X="210" Y="363" T="0" /><Point X="207" Y="386" T="0" /><Point X="203" Y="462" T="0" /><Point X="203" Y="481" T="0" /><Point X="203" Y="492" T="0" /><Point X="203" Y="498" T="0" /><Point X="201" Y="504" T="0" /><Point X="200" Y="506" T="0" /><Point X="199" Y="507" T="0" /><Point X="196" Y="508" T="0" /><Point X="193" Y="509" T="0" /><Point X="190" Y="509" T="0" /><Point X="187" Y="509" T="0" /><Point X="185" Y="509" T="0" /><Point X="183" Y="509" T="0" /><Point X="182" Y="509" T="0" /><Point X="181" Y="509" T="0" /><Point X="180" Y="509" T="0" /><Point X="179" Y="508" T="0" /><Point X="179" Y="507" T="0" /><Point X="179" Y="506" T="0" /><Point X="179" Y="505" T="0" /><Point X="180" Y="505" T="0" /><Point X="181" Y="505" T="0" /><Point X="183" Y="505" T="0" /><Point X="185" Y="507" T="0" /><Point X="187" Y="509" T="0" /><Point X="190" Y="514" T="0" /><Point X="194" Y="521" T="0" /><Point X="198" Y="529" T="0" /><Point X="202" Y="542" T="0" /><Point X="205" Y="555" T="0" /><Point X="210" Y="569" T="0" /><Point X="213" Y="580" T="0" /><Point X="216" Y="587" T="0" /><Point X="218" Y="593" T="0" /><Point X="221" Y="597" T="0" /><Point X="223" Y="601" T="0" /><Point X="231" Y="607" T="0" /><Point X="234" Y="610" T="0" /><Point X="240" Y="612" T="0" /><Point X="244" Y="613" T="0" /><Point X="248" Y="613" T="0" /><Point X="251" Y="613" T="0" /><Point X="254" Y="613" T="0" /><Point X="257" Y="611" T="0" /><Point X="264" Y="604" T="0" /><Point X="267" Y="601" T="0" /><Point X="269" Y="596" T="0" /><Point X="270" Y="592" T="0" /><Point X="272" Y="587" T="0" /><Point X="272" Y="584" T="0" /><Point X="272" Y="582" T="0" /><Point X="272" Y="581" T="0" /></Gesture>