<Gesture Name="left-curly-brace" Subject="1" Number="1" NumPts="59" Millseconds="0" AppName="Gestures" AppVer="1.0" Date="Wednesday, March 01, 2023" TimeOfDay="15:13:20" ID="7"><Point X="226" Y="295" T="0" /><Point X="223" Y="295" T="0" /><Point X="222" Y="295" T="0" /><Point X="220" Y="296" T="0" /><Point X="219" Y="297" T="0" /><Point X="218" Y="298" T="0" /><Point X="217" Y="301" T="0" /><Point X="217" Y="306" T="0" /><Point X="217" Y="310" T="0" /><Point X="217" Y="314" T="0" /><Point X="219" Y="317" T="0" /><Point X="221" Y="323" T="0" /><Point X="222" Y="326" T="0" /><Point X="223" Y="329" T="0" /><Point X="224" Y="331" T="0" /><Point X="225" Y="333" T="0" /><Point X="225" Y="334" T="0" /><Point X="225" Y="336" T="0" /><Point X="225" Y="338" T="0" /><Point X="224" Y="340" T="0" /><Point X="223" Y="342" T="0" /><Point X="219" Y="345" T="0" /><Point X="216" Y="347" T="0" /><Point X="195" Y="358" T="0" /><Point X="188" Y="360" T="0" /><Point X="181" Y="362" T="0" /><Point X="174" Y="363" T="0" /><Point X="170" Y="363" T="0" /><Point X="167" Y="363" T="0" /><Point X="165" Y="363" T="0" /><Point X="164" Y="363" T="0" /><Point X="165" Y="363" T="0" /><Point X="169" Y="363" T="0" /><Point X="171" Y="364" T="0" /><Point X="173" Y="366" T="0" /><Point X="176" Y="371" T="0" /><Point X="179" Y="379" T="0" /><Point X="183" Y="397" T="0" /><Point X="186" Y="415" T="0" /><Point X="187" Y="434" T="0" /><Point X="187" Y="446" T="0" /><Point X="188" Y="456" T="0" /><Point X="189" Y="463" T="0" /><Point X="190" Y="467" T="0" /><Point X="192" Y="470" T="0" /><Point X="194" Y="472" T="0" /><Point X="198" Y="474" T="0" /><Point X="202" Y="475" T="0" /><Point X="214" Y="475" T="0" /><Point X="219" Y="475" T="0" /><Point X="224" Y="475" T="0" /><Point X="229" Y="474" T="0" /><Point X="232" Y="472" T="0" /><Point X="233" Y="471" T="0" /><Point X="234" Y="471" T="0" /><Point X="234" Y="470" T="0" /><Point X="235" Y="470" T="0" /><Point X="235" Y="469" T="0" /><Point X="235" Y="468" T="0" /></Gesture>