<Gesture Name="left-square-bracket" Subject="1" Number="1" NumPts="34" Millseconds="0" AppName="Gestures" AppVer="1.0" Date="Wednesday, March 01, 2023" TimeOfDay="15:10:04" ID="4"><Point X="231" Y="265" T="0" /><Point X="226" Y="265" T="0" /><Point X="218" Y="266" T="0" /><Point X="208" Y="268" T="0" /><Point X="201" Y="269" T="0" /><Point X="193" Y="269" T="0" /><Point X="188" Y="270" T="0" /><Point X="185" Y="270" T="0" /><Point X="182" Y="271" T="0" /><Point X="181" Y="271" T="0" /><Point X="181" Y="272" T="0" /><Point X="181" Y="273" T="0" /><Point X="181" Y="279" T="0" /><Point X="181" Y="292" T="0" /><Point X="182" Y="318" T="0" /><Point X="182" Y="343" T="0" /><Point X="182" Y="378" T="0" /><Point X="182" Y="413" T="0" /><Point X="182" Y="436" T="0" /><Point X="180" Y="447" T="0" /><Point X="179" Y="454" T="0" /><Point X="178" Y="457" T="0" /><Point X="178" Y="458" T="0" /><Point X="178" Y="459" T="0" /><Point X="179" Y="459" T="0" /><Point X="186" Y="459" T="0" /><Point X="199" Y="459" T="0" /><Point X="215" Y="459" T="0" /><Point X="230" Y="459" T="0" /><Point X="246" Y="459" T="0" /><Point X="257" Y="459" T="0" /><Point X="261" Y="459" T="0" /><Point X="263" Y="459" T="0" /><Point X="265" Y="459" T="0" /></Gesture>