<Gesture Name="left-square-bracket" Subject="1" Number="1" NumPts="34" Millseconds="0" AppName="Gestures" AppVer="1.0" Date="Wednesday, March 01, 2023" TimeOfDay="15:15:50" ID="10"><Point X="231" Y="360" T="0" /><Point X="227" Y="360" T="0" /><Point X="221" Y="360" T="0" /><Point X="217" Y="360" T="0" /><Point X="207" Y="359" T="0" /><Point X="204" Y="359" T="0" /><Point X="202" Y="359" T="0" /><Point X="201" Y="359" T="0" /><Point X="200" Y="359" T="0" /><Point X="199" Y="359" T="0" /><Point X="195" Y="370" T="0" /><Point X="192" Y="391" T="0" /><Point X="187" Y="417" T="0" /><Point X="184" Y="448" T="0" /><Point X="181" Y="492" T="0" /><Point X="179" Y="528" T="0" /><Point X="176" Y="554" T="0" /><Point X="176" Y="573" T="0" /><Point X="176" Y="586" T="0" /><Point X="176" Y="594" T="0" /><Point X="176" Y="598" T="0" /><Point X="176" Y="600" T="0" /><Point X="176" Y="602" T="0" /><Point X="177" Y="602" T="0" /><Point X="179" Y="604" T="0" /><Point X="191" Y="607" T="0" /><Point X="204" Y="608" T="0" /><Point X="221" Y="610" T="0" /><Point X="234" Y="610" T="0" /><Point X="243" Y="610" T="0" /><Point X="250" Y="610" T="0" /><Point X="253" Y="610" T="0" /><Point X="255" Y="610" T="0" /><Point X="256" Y="610" T="0" /></Gesture>