<Gesture Name="left-square-bracket" Subject="1" Number="1" NumPts="44" Millseconds="0" AppName="Gestures" AppVer="1.0" Date="Wednesday, March 01, 2023" TimeOfDay="15:13:59" ID="8"><Point X="247" Y="344" T="0" /><Point X="246" Y="344" T="0" /><Point X="243" Y="344" T="0" /><Point X="239" Y="344" T="0" /><Point X="233" Y="344" T="0" /><Point X="229" Y="344" T="0" /><Point X="222" Y="344" T="0" /><Point X="209" Y="345" T="0" /><Point X="205" Y="345" T="0" /><Point X="202" Y="345" T="0" /><Point X="201" Y="345" T="0" /><Point X="199" Y="345" T="0" /><Point X="199" Y="346" T="0" /><Point X="199" Y="351" T="0" /><Point X="201" Y="358" T="0" /><Point X="206" Y="372" T="0" /><Point X="212" Y="393" T="0" /><Point X="215" Y="414" T="0" /><Point X="218" Y="440" T="0" /><Point X="218" Y="459" T="0" /><Point X="218" Y="473" T="0" /><Point X="216" Y="484" T="0" /><Point X="214" Y="494" T="0" /><Point X="213" Y="499" T="0" /><Point X="212" Y="503" T="0" /><Point X="212" Y="504" T="0" /><Point X="211" Y="507" T="0" /><Point X="211" Y="508" T="0" /><Point X="211" Y="509" T="0" /><Point X="211" Y="510" T="0" /><Point X="211" Y="511" T="0" /><Point X="211" Y="512" T="0" /><Point X="212" Y="512" T="0" /><Point X="214" Y="513" T="0" /><Point X="218" Y="515" T="0" /><Point X="226" Y="515" T="0" /><Point X="236" Y="515" T="0" /><Point X="244" Y="515" T="0" /><Point X="249" Y="515" T="0" /><Point X="253" Y="515" T="0" /><Point X="255" Y="514" T="0" /><Point X="258" Y="514" T="0" /><Point X="259" Y="514" T="0" /><Point X="259" Y="513" T="0" /></Gesture>