<Gesture Name="left-curly-brace" Subject="1" Number="1" NumPts="55" Millseconds="0" AppName="Gestures" AppVer="1.0" Date="Wednesday, March 01, 2023" TimeOfDay="15:14:10" ID="8"><Point X="266" Y="256" T="0" /><Point X="265" Y="256" T="0" /><Point X="264" Y="256" T="0" /><Point X="263" Y="256" T="0" /><Point X="261" Y="256" T="0" /><Point X="260" Y="257" T="0" /><Point X="258" Y="260" T="0" /><Point X="257" Y="264" T="0" /><Point X="253" Y="273" T="0" /><Point X="247" Y="294" T="0" /><Point X="245" Y="314" T="0" /><Point X="245" Y="376" T="0" /><Point X="245" Y="388" T="0" /><Point X="245" Y="399" T="0" /><Point X="245" Y="404" T="0" /><Point X="245" Y="407" T="0" /><Point X="245" Y="408" T="0" /><Point X="245" Y="409" T="0" /><Point X="245" Y="410" T="0" /><Point X="244" Y="412" T="0" /><Point X="240" Y="413" T="0" /><Point X="234" Y="415" T="0" /><Point X="227" Y="416" T="0" /><Point X="221" Y="417" T="0" /><Point X="219" Y="417" T="0" /><Point X="217" Y="417" T="0" /><Point X="215" Y="417" T="0" /><Point X="216" Y="417" T="0" /><Point X="218" Y="417" T="0" /><Point X="221" Y="417" T="0" /><Point X="224" Y="417" T="0" /><Point X="227" Y="419" T="0" /><Point X="231" Y="423" T="0" /><Point X="234" Y="428" T="0" /><Point X="236" Y="435" T="0" /><Point X="242" Y="469" T="0" /><Point X="242" Y="480" T="0" /><Point X="243" Y="491" T="0" /><Point X="243" Y="499" T="0" /><Point X="244" Y="507" T="0" /><Point X="246" Y="516" T="0" /><Point X="250" Y="524" T="0" /><Point X="254" Y="530" T="0" /><Point X="259" Y="535" T="0" /><Point X="265" Y="539" T="0" /><Point X="271" Y="542" T="0" /><Point X="287" Y="542" T="0" /><Point X="292" Y="541" T="0" /><Point X="295" Y="539" T="0" /><Point X="297" Y="536" T="0" /><Point X="299" Y="535" T="0" /><Point X="299" Y="533" T="0" /><Point X="299" Y="531" T="0" /><Point X="299" Y="529" T="0" /><Point X="299" Y="528" T="0" /></Gesture>