<Gesture Name="left-square-bracket" Subject="1" Number="1" NumPts="36" Millseconds="0" AppName="Gestures" AppVer="1.0" Date="Wednesday, March 01, 2023" TimeOfDay="15:07:51" ID="2"><Point X="236" Y="315" T="0" /><Point X="232" Y="315" T="0" /><Point X="225" Y="315" T="0" /><Point X="212" Y="315" T="0" /><Point X="208" Y="315" T="0" /><Point X="205" Y="315" T="0" /><Point X="202" Y="316" T="0" /><Point X="201" Y="316" T="0" /><Point X="200" Y="316" T="0" /><Point X="198" Y="316" T="0" /><Point X="197" Y="317" T="0" /><Point X="197" Y="318" T="0" /><Point X="197" Y="320" T="0" /><Point X="197" Y="324" T="0" /><Point X="197" Y="331" T="0" /><Point X="197" Y="339" T="0" /><Point X="197" Y="351" T="0" /><Point X="197" Y="371" T="0" /><Point X="197" Y="395" T="0" /><Point X="194" Y="418" T="0" /><Point X="193" Y="438" T="0" /><Point X="191" Y="450" T="0" /><Point X="190" Y="471" T="0" /><Point X="189" Y="474" T="0" /><Point X="188" Y="475" T="0" /><Point X="188" Y="476" T="0" /><Point X="188" Y="477" T="0" /><Point X="189" Y="477" T="0" /><Point X="194" Y="477" T="0" /><Point X="205" Y="476" T="0" /><Point X="213" Y="475" T="0" /><Point X="221" Y="475" T="0" /><Point X="234" Y="473" T="0" /><Point X="237" Y="473" T="0" /><Point X="238" Y="473" T="0" /><Point X="239" Y="473" T="0" /></Gesture>