<Gesture Name="left-curly-brace" Subject="1" Number="1" NumPts="59" Millseconds="0" AppName="Gestures" AppVer="1.0" Date="Wednesday, March 01, 2023" TimeOfDay="15:08:04" ID="2"><Point X="191" Y="244" T="0" /><Point X="190" Y="244" T="0" /><Point X="187" Y="246" T="0" /><Point X="181" Y="249" T="0" /><Point X="176" Y="252" T="0" /><Point X="169" Y="258" T="0" /><Point X="166" Y="261" T="0" /><Point X="163" Y="264" T="0" /><Point X="161" Y="267" T="0" /><Point X="158" Y="271" T="0" /><Point X="157" Y="276" T="0" /><Point X="157" Y="284" T="0" /><Point X="160" Y="292" T="0" /><Point X="164" Y="299" T="0" /><Point X="168" Y="304" T="0" /><Point X="171" Y="307" T="0" /><Point X="173" Y="310" T="0" /><Point X="176" Y="312" T="0" /><Point X="177" Y="314" T="0" /><Point X="178" Y="317" T="0" /><Point X="179" Y="320" T="0" /><Point X="177" Y="334" T="0" /><Point X="173" Y="340" T="0" /><Point X="166" Y="346" T="0" /><Point X="161" Y="351" T="0" /><Point X="157" Y="356" T="0" /><Point X="152" Y="360" T="0" /><Point X="149" Y="362" T="0" /><Point X="143" Y="366" T="0" /><Point X="143" Y="367" T="0" /><Point X="142" Y="367" T="0" /><Point X="142" Y="368" T="0" /><Point X="141" Y="368" T="0" /><Point X="140" Y="368" T="0" /><Point X="140" Y="369" T="0" /><Point X="141" Y="371" T="0" /><Point X="144" Y="374" T="0" /><Point X="147" Y="380" T="0" /><Point X="150" Y="388" T="0" /><Point X="152" Y="396" T="0" /><Point X="153" Y="407" T="0" /><Point X="153" Y="449" T="0" /><Point X="153" Y="460" T="0" /><Point X="153" Y="468" T="0" /><Point X="153" Y="475" T="0" /><Point X="153" Y="478" T="0" /><Point X="153" Y="482" T="0" /><Point X="155" Y="487" T="0" /><Point X="156" Y="492" T="0" /><Point X="159" Y="495" T="0" /><Point X="161" Y="497" T="0" /><Point X="168" Y="501" T="0" /><Point X="175" Y="504" T="0" /><Point X="181" Y="506" T="0" /><Point X="186" Y="506" T="0" /><Point X="189" Y="506" T="0" /><Point X="190" Y="506" T="0" /><Point X="191" Y="505" T="0" /><Point X="191" Y="504" T="0" /></Gesture>