<Gesture Name="pigtail" Subject="1" Number="1" NumPts="52" Millseconds="0" AppName="Gestures" AppVer="1.0" Date="Wednesday, March 01, 2023" TimeOfDay="15:16:26" ID="10"><Point X="260" Y="460" T="0" /><Point X="266" Y="455" T="0" /><Point X="273" Y="449" T="0" /><Point X="283" Y="439" T="0" /><Point X="301" Y="424" T="0" /><Point X="316" Y="409" T="0" /><Point X="329" Y="396" T="0" /><Point X="338" Y="387" T="0" /><Point X="346" Y="377" T="0" /><Point X="352" Y="368" T="0" /><Point X="358" Y="356" T="0" /><Point X="361" Y="345" T="0" /><Point X="363" Y="337" T="0" /><Point X="364" Y="330" T="0" /><Point X="364" Y="326" T="0" /><Point X="364" Y="324" T="0" /><Point X="364" Y="317" T="0" /><Point X="364" Y="316" T="0" /><Point X="363" Y="315" T="0" /><Point X="362" Y="314" T="0" /><Point X="360" Y="314" T="0" /><Point X="359" Y="314" T="0" /><Point X="358" Y="314" T="0" /><Point X="357" Y="314" T="0" /><Point X="354" Y="314" T="0" /><Point X="351" Y="314" T="0" /><Point X="349" Y="314" T="0" /><Point X="348" Y="315" T="0" /><Point X="345" Y="317" T="0" /><Point X="344" Y="322" T="0" /><Point X="341" Y="329" T="0" /><Point X="340" Y="336" T="0" /><Point X="339" Y="348" T="0" /><Point X="339" Y="362" T="0" /><Point X="339" Y="374" T="0" /><Point X="340" Y="385" T="0" /><Point X="343" Y="396" T="0" /><Point X="346" Y="402" T="0" /><Point X="350" Y="407" T="0" /><Point X="355" Y="411" T="0" /><Point X="372" Y="421" T="0" /><Point X="380" Y="423" T="0" /><Point X="388" Y="424" T="0" /><Point X="395" Y="424" T="0" /><Point X="400" Y="424" T="0" /><Point X="407" Y="424" T="0" /><Point X="411" Y="424" T="0" /><Point X="418" Y="420" T="0" /><Point X="420" Y="420" T="0" /><Point X="421" Y="419" T="0" /><Point X="421" Y="418" T="0" /><Point X="422" Y="418" T="0" /></Gesture>