<Gesture Name="pigtail" Subject="1" Number="1" NumPts="39" Millseconds="0" AppName="Gestures" AppVer="1.0" Date="Wednesday, March 01, 2023" TimeOfDay="15:12:29" ID="6"><Point X="217" Y="512" T="0" /><Point X="217" Y="511" T="0" /><Point X="219" Y="507" T="0" /><Point X="224" Y="501" T="0" /><Point X="233" Y="492" T="0" /><Point X="251" Y="476" T="0" /><Point X="271" Y="457" T="0" /><Point X="292" Y="438" T="0" /><Point X="312" Y="417" T="0" /><Point X="326" Y="402" T="0" /><Point X="338" Y="387" T="0" /><Point X="346" Y="377" T="0" /><Point X="350" Y="370" T="0" /><Point X="355" Y="351" T="0" /><Point X="355" Y="344" T="0" /><Point X="355" Y="337" T="0" /><Point X="352" Y="331" T="0" /><Point X="349" Y="329" T="0" /><Point X="347" Y="327" T="0" /><Point X="344" Y="326" T="0" /><Point X="340" Y="324" T="0" /><Point X="337" Y="324" T="0" /><Point X="334" Y="324" T="0" /><Point X="331" Y="325" T="0" /><Point X="326" Y="328" T="0" /><Point X="321" Y="333" T="0" /><Point X="315" Y="340" T="0" /><Point X="310" Y="348" T="0" /><Point X="306" Y="357" T="0" /><Point X="308" Y="386" T="0" /><Point X="315" Y="403" T="0" /><Point X="330" Y="432" T="0" /><Point X="352" Y="458" T="0" /><Point X="371" Y="476" T="0" /><Point X="388" Y="492" T="0" /><Point X="404" Y="502" T="0" /><Point X="422" Y="511" T="0" /><Point X="426" Y="513" T="0" /><Point X="428" Y="513" T="0" /></Gesture>