<Gesture Name="pigtail" Subject="1" Number="1" NumPts="35" Millseconds="0" AppName="Gestures" AppVer="1.0" Date="Wednesday, March 01, 2023" TimeOfDay="15:15:20" ID="9"><Point X="232" Y="535" T="0" /><Point X="234" Y="531" T="0" /><Point X="239" Y="525" T="0" /><Point X="247" Y="516" T="0" /><Point X="303" Y="454" T="0" /><Point X="329" Y="428" T="0" /><Point X="350" Y="403" T="0" /><Point X="364" Y="379" T="0" /><Point X="374" Y="358" T="0" /><Point X="381" Y="341" T="0" /><Point X="382" Y="331" T="0" /><Point X="382" Y="323" T="0" /><Point X="382" Y="319" T="0" /><Point X="381" Y="316" T="0" /><Point X="378" Y="312" T="0" /><Point X="372" Y="309" T="0" /><Point X="364" Y="308" T="0" /><Point X="344" Y="308" T="0" /><Point X="336" Y="310" T="0" /><Point X="330" Y="317" T="0" /><Point X="320" Y="332" T="0" /><Point X="311" Y="355" T="0" /><Point X="308" Y="380" T="0" /><Point X="308" Y="410" T="0" /><Point X="317" Y="438" T="0" /><Point X="332" Y="458" T="0" /><Point X="347" Y="473" T="0" /><Point X="373" Y="493" T="0" /><Point X="442" Y="535" T="0" /><Point X="457" Y="541" T="0" /><Point X="466" Y="545" T="0" /><Point X="471" Y="547" T="0" /><Point X="473" Y="547" T="0" /><Point X="475" Y="548" T="0" /><Point X="476" Y="548" T="0" /></Gesture>