<Gesture Name="pigtail" Subject="1" Number="1" NumPts="36" Millseconds="0" AppName="Gestures" AppVer="1.0" Date="Wednesday, March 01, 2023" TimeOfDay="15:13:29" ID="7"><Point X="186" Y="503" T="0" /><Point X="196" Y="496" T="0" /><Point X="219" Y="480" T="0" /><Point X="247" Y="462" T="0" /><Point X="289" Y="438" T="0" /><Point X="365" Y="390" T="0" /><Point X="380" Y="376" T="0" /><Point X="392" Y="361" T="0" /><Point X="401" Y="351" T="0" /><Point X="406" Y="343" T="0" /><Point X="409" Y="333" T="0" /><Point X="412" Y="321" T="0" /><Point X="412" Y="309" T="0" /><Point X="412" Y="297" T="0" /><Point X="409" Y="286" T="0" /><Point X="405" Y="275" T="0" /><Point X="391" Y="256" T="0" /><Point X="385" Y="252" T="0" /><Point X="379" Y="249" T="0" /><Point X="373" Y="248" T="0" /><Point X="368" Y="248" T="0" /><Point X="362" Y="251" T="0" /><Point X="354" Y="260" T="0" /><Point X="336" Y="317" T="0" /><Point X="336" Y="353" T="0" /><Point X="342" Y="390" T="0" /><Point X="356" Y="423" T="0" /><Point X="373" Y="453" T="0" /><Point X="394" Y="490" T="0" /><Point X="408" Y="514" T="0" /><Point X="419" Y="530" T="0" /><Point X="427" Y="539" T="0" /><Point X="430" Y="544" T="0" /><Point X="433" Y="546" T="0" /><Point X="433" Y="547" T="0" /><Point X="435" Y="547" T="0" /></Gesture>