<Gesture Name="pigtail" Subject="1" Number="1" NumPts="36" Millseconds="0" AppName="Gestures" AppVer="1.0" Date="Wednesday, March 01, 2023" TimeOfDay="15:11:27" ID="5"><Point X="219" Y="442" T="0" /><Point X="224" Y="439" T="0" /><Point X="234" Y="433" T="0" /><Point X="255" Y="421" T="0" /><Point X="285" Y="401" T="0" /><Point X="320" Y="377" T="0" /><Point X="380" Y="330" T="0" /><Point X="389" Y="321" T="0" /><Point X="395" Y="315" T="0" /><Point X="399" Y="309" T="0" /><Point X="400" Y="302" T="0" /><Point X="400" Y="294" T="0" /><Point X="400" Y="283" T="0" /><Point X="395" Y="271" T="0" /><Point X="390" Y="257" T="0" /><Point X="382" Y="246" T="0" /><Point X="376" Y="237" T="0" /><Point X="369" Y="230" T="0" /><Point X="363" Y="226" T="0" /><Point X="356" Y="224" T="0" /><Point X="353" Y="224" T="0" /><Point X="350" Y="224" T="0" /><Point X="342" Y="232" T="0" /><Point X="338" Y="243" T="0" /><Point X="333" Y="258" T="0" /><Point X="330" Y="279" T="0" /><Point X="328" Y="312" T="0" /><Point X="331" Y="346" T="0" /><Point X="339" Y="378" T="0" /><Point X="348" Y="408" T="0" /><Point X="370" Y="465" T="0" /><Point X="375" Y="475" T="0" /><Point X="376" Y="481" T="0" /><Point X="377" Y="484" T="0" /><Point X="378" Y="485" T="0" /><Point X="379" Y="485" T="0" /></Gesture>