<Gesture Name="pigtail" Subject="1" Number="1" NumPts="33" Millseconds="0" AppName="Gestures" AppVer="1.0" Date="Wednesday, March 01, 2023" TimeOfDay="15:14:19" ID="8"><Point X="178" Y="492" T="0" /><Point X="187" Y="489" T="0" /><Point X="201" Y="482" T="0" /><Point X="243" Y="465" T="0" /><Point X="284" Y="448" T="0" /><Point X="334" Y="428" T="0" /><Point X="376" Y="409" T="0" /><Point X="411" Y="389" T="0" /><Point X="430" Y="374" T="0" /><Point X="441" Y="366" T="0" /><Point X="449" Y="359" T="0" /><Point X="456" Y="344" T="0" /><Point X="456" Y="337" T="0" /><Point X="455" Y="330" T="0" /><Point X="452" Y="326" T="0" /><Point X="449" Y="322" T="0" /><Point X="443" Y="318" T="0" /><Point X="434" Y="315" T="0" /><Point X="428" Y="314" T="0" /><Point X="421" Y="314" T="0" /><Point X="414" Y="316" T="0" /><Point X="409" Y="320" T="0" /><Point X="401" Y="329" T="0" /><Point X="392" Y="345" T="0" /><Point X="381" Y="383" T="0" /><Point X="376" Y="433" T="0" /><Point X="376" Y="479" T="0" /><Point X="388" Y="583" T="0" /><Point X="393" Y="609" T="0" /><Point X="396" Y="625" T="0" /><Point X="399" Y="632" T="0" /><Point X="401" Y="638" T="0" /><Point X="401" Y="639" T="0" /></Gesture>