<Gesture Name="pigtail" Subject="1" Number="1" NumPts="55" Millseconds="0" AppName="Gestures" AppVer="1.0" Date="Wednesday, March 01, 2023" TimeOfDay="15:08:17" ID="2"><Point X="197" Y="445" T="0" /><Point X="196" Y="445" T="0" /><Point X="203" Y="443" T="0" /><Point X="215" Y="439" T="0" /><Point X="291" Y="409" T="0" /><Point X="351" Y="388" T="0" /><Point X="395" Y="371" T="0" /><Point X="429" Y="355" T="0" /><Point X="451" Y="339" T="0" /><Point X="463" Y="330" T="0" /><Point X="470" Y="323" T="0" /><Point X="476" Y="317" T="0" /><Point X="480" Y="312" T="0" /><Point X="482" Y="309" T="0" /><Point X="483" Y="307" T="0" /><Point X="483" Y="305" T="0" /><Point X="483" Y="303" T="0" /><Point X="483" Y="299" T="0" /><Point X="483" Y="294" T="0" /><Point X="482" Y="287" T="0" /><Point X="477" Y="275" T="0" /><Point X="474" Y="271" T="0" /><Point X="472" Y="269" T="0" /><Point X="470" Y="266" T="0" /><Point X="464" Y="262" T="0" /><Point X="458" Y="258" T="0" /><Point X="449" Y="255" T="0" /><Point X="436" Y="253" T="0" /><Point X="432" Y="253" T="0" /><Point X="429" Y="253" T="0" /><Point X="427" Y="253" T="0" /><Point X="425" Y="255" T="0" /><Point X="423" Y="256" T="0" /><Point X="420" Y="261" T="0" /><Point X="416" Y="269" T="0" /><Point X="412" Y="282" T="0" /><Point X="409" Y="294" T="0" /><Point X="406" Y="311" T="0" /><Point X="404" Y="331" T="0" /><Point X="404" Y="350" T="0" /><Point X="404" Y="375" T="0" /><Point X="404" Y="399" T="0" /><Point X="406" Y="422" T="0" /><Point X="411" Y="456" T="0" /><Point X="412" Y="462" T="0" /><Point X="413" Y="466" T="0" /><Point X="414" Y="469" T="0" /><Point X="416" Y="474" T="0" /><Point X="418" Y="480" T="0" /><Point X="420" Y="484" T="0" /><Point X="422" Y="490" T="0" /><Point X="423" Y="494" T="0" /><Point X="425" Y="497" T="0" /><Point X="426" Y="499" T="0" /><Point X="426" Y="500" T="0" /></Gesture>