<Gesture Name="pigtail" Subject="1" Number="1" NumPts="36" Millseconds="0" AppName="Gestures" AppVer="1.0" Date="Wednesday, March 01, 2023" TimeOfDay="15:07:00" ID="1"><Point X="200" Y="496" T="0" /><Point X="206" Y="485" T="0" /><Point X="219" Y="466" T="0" /><Point X="239" Y="441" T="0" /><Point X="296" Y="375" T="0" /><Point X="315" Y="352" T="0" /><Point X="335" Y="329" T="0" /><Point X="350" Y="310" T="0" /><Point X="362" Y="295" T="0" /><Point X="370" Y="286" T="0" /><Point X="374" Y="279" T="0" /><Point X="377" Y="274" T="0" /><Point X="378" Y="272" T="0" /><Point X="378" Y="270" T="0" /><Point X="378" Y="269" T="0" /><Point X="377" Y="269" T="0" /><Point X="372" Y="268" T="0" /><Point X="367" Y="268" T="0" /><Point X="347" Y="274" T="0" /><Point X="333" Y="283" T="0" /><Point X="319" Y="293" T="0" /><Point X="300" Y="316" T="0" /><Point X="283" Y="340" T="0" /><Point X="272" Y="366" T="0" /><Point X="267" Y="392" T="0" /><Point X="267" Y="417" T="0" /><Point X="274" Y="439" T="0" /><Point X="287" Y="465" T="0" /><Point X="303" Y="489" T="0" /><Point X="314" Y="502" T="0" /><Point X="323" Y="511" T="0" /><Point X="339" Y="524" T="0" /><Point X="342" Y="525" T="0" /><Point X="344" Y="527" T="0" /><Point X="346" Y="527" T="0" /><Point X="347" Y="527" T="0" /></Gesture>