<Gesture Name="pigtail" Subject="1" Number="1" NumPts="42" Millseconds="0" AppName="Gestures" AppVer="1.0" Date="Wednesday, March 01, 2023" TimeOfDay="15:10:25" ID="4"><Point X="215" Y="448" T="0" /><Point X="216" Y="447" T="0" /><Point X="223" Y="443" T="0" /><Point X="237" Y="437" T="0" /><Point X="268" Y="425" T="0" /><Point X="306" Y="411" T="0" /><Point X="354" Y="387" T="0" /><Point X="391" Y="369" T="0" /><Point X="418" Y="352" T="0" /><Point X="434" Y="341" T="0" /><Point X="452" Y="324" T="0" /><Point X="457" Y="320" T="0" /><Point X="459" Y="315" T="0" /><Point X="461" Y="307" T="0" /><Point X="461" Y="300" T="0" /><Point X="460" Y="290" T="0" /><Point X="458" Y="283" T="0" /><Point X="456" Y="278" T="0" /><Point X="453" Y="272" T="0" /><Point X="452" Y="269" T="0" /><Point X="449" Y="264" T="0" /><Point X="447" Y="262" T="0" /><Point X="445" Y="260" T="0" /><Point X="443" Y="259" T="0" /><Point X="440" Y="258" T="0" /><Point X="437" Y="258" T="0" /><Point X="425" Y="261" T="0" /><Point X="419" Y="267" T="0" /><Point X="409" Y="281" T="0" /><Point X="401" Y="298" T="0" /><Point X="386" Y="373" T="0" /><Point X="386" Y="400" T="0" /><Point X="386" Y="425" T="0" /><Point X="389" Y="449" T="0" /><Point X="399" Y="474" T="0" /><Point X="405" Y="491" T="0" /><Point X="413" Y="504" T="0" /><Point X="418" Y="514" T="0" /><Point X="421" Y="519" T="0" /><Point X="423" Y="521" T="0" /><Point X="424" Y="522" T="0" /><Point X="425" Y="524" T="0" /></Gesture>