<Gesture Name="pigtail" Subject="1" Number="1" NumPts="39" Millseconds="0" AppName="Gestures" AppVer="1.0" Date="Wednesday, March 01, 2023" TimeOfDay="15:09:25" ID="3"><Point X="226" Y="474" T="0" /><Point X="233" Y="466" T="0" /><Point X="252" Y="441" T="0" /><Point X="276" Y="408" T="0" /><Point X="305" Y="367" T="0" /><Point X="329" Y="332" T="0" /><Point X="351" Y="299" T="0" /><Point X="364" Y="280" T="0" /><Point X="371" Y="267" T="0" /><Point X="377" Y="252" T="0" /><Point X="377" Y="249" T="0" /><Point X="377" Y="247" T="0" /><Point X="376" Y="246" T="0" /><Point X="374" Y="244" T="0" /><Point X="372" Y="243" T="0" /><Point X="369" Y="241" T="0" /><Point X="361" Y="235" T="0" /><Point X="359" Y="233" T="0" /><Point X="355" Y="231" T="0" /><Point X="352" Y="231" T="0" /><Point X="348" Y="230" T="0" /><Point X="344" Y="230" T="0" /><Point X="338" Y="232" T="0" /><Point X="332" Y="237" T="0" /><Point X="322" Y="250" T="0" /><Point X="312" Y="271" T="0" /><Point X="306" Y="292" T="0" /><Point X="306" Y="320" T="0" /><Point X="308" Y="348" T="0" /><Point X="320" Y="376" T="0" /><Point X="331" Y="395" T="0" /><Point X="343" Y="410" T="0" /><Point X="380" Y="447" T="0" /><Point X="390" Y="454" T="0" /><Point X="397" Y="461" T="0" /><Point X="403" Y="465" T="0" /><Point X="407" Y="467" T="0" /><Point X="409" Y="468" T="0" /><Point X="410" Y="469" T="0" /></Gesture>