<Gesture Name="rectangle" Subject="1" Number="1" NumPts="133" Millseconds="0" AppName="Gestures" AppVer="1.0" Date="Wednesday, March 01, 2023" TimeOfDay="15:06:15" ID="1"><Point X="174" Y="260" T="0" /><Point X="174" Y="263" T="0" /><Point X="174" Y="267" T="0" /><Point X="174" Y="290" T="0" /><Point X="174" Y="298" T="0" /><Point X="174" Y="316" T="0" /><Point X="174" Y="335" T="0" /><Point X="174" Y="349" T="0" /><Point X="174" Y="360" T="0" /><Point X="174" Y="367" T="0" /><Point X="174" Y="372" T="0" /><Point X="173" Y="378" T="0" /><Point X="173" Y="381" T="0" /><Point X="172" Y="384" T="0" /><Point X="171" Y="395" T="0" /><Point X="171" Y="398" T="0" /><Point X="171" Y="401" T="0" /><Point X="171" Y="404" T="0" /><Point X="171" Y="408" T="0" /><Point X="171" Y="413" T="0" /><Point X="171" Y="420" T="0" /><Point X="172" Y="431" T="0" /><Point X="173" Y="433" T="0" /><Point X="173" Y="434" T="0" /><Point X="173" Y="435" T="0" /><Point X="174" Y="435" T="0" /><Point X="177" Y="435" T="0" /><Point X="182" Y="435" T="0" /><Point X="193" Y="435" T="0" /><Point X="206" Y="435" T="0" /><Point X="222" Y="435" T="0" /><Point X="321" Y="424" T="0" /><Point X="346" Y="421" T="0" /><Point X="369" Y="419" T="0" /><Point X="383" Y="416" T="0" /><Point X="392" Y="415" T="0" /><Point X="398" Y="414" T="0" /><Point X="400" Y="414" T="0" /><Point X="401" Y="414" T="0" /><Point X="402" Y="414" T="0" /><Point X="402" Y="413" T="0" /><Point X="402" Y="412" T="0" /><Point X="402" Y="411" T="0" /><Point X="402" Y="407" T="0" /><Point X="402" Y="399" T="0" /><Point X="402" Y="390" T="0" /><Point X="402" Y="377" T="0" /><Point X="400" Y="334" T="0" /><Point X="399" Y="322" T="0" /><Point X="399" Y="314" T="0" /><Point X="398" Y="309" T="0" /><Point X="398" Y="305" T="0" /><Point X="397" Y="302" T="0" /><Point X="397" Y="301" T="0" /><Point X="397" Y="299" T="0" /><Point X="397" Y="297" T="0" /><Point X="397" Y="295" T="0" /><Point X="397" Y="294" T="0" /><Point X="397" Y="293" T="0" /><Point X="397" Y="292" T="0" /><Point X="397" Y="290" T="0" /><Point X="397" Y="289" T="0" /><Point X="397" Y="288" T="0" /><Point X="397" Y="287" T="0" /><Point X="397" Y="283" T="0" /><Point X="397" Y="278" T="0" /><Point X="397" Y="273" T="0" /><Point X="397" Y="270" T="0" /><Point X="397" Y="267" T="0" /><Point X="397" Y="265" T="0" /><Point X="397" Y="264" T="0" /><Point X="397" Y="262" T="0" /><Point X="397" Y="261" T="0" /><Point X="396" Y="261" T="0" /><Point X="393" Y="261" T="0" /><Point X="390" Y="261" T="0" /><Point X="380" Y="261" T="0" /><Point X="373" Y="261" T="0" /><Point X="365" Y="261" T="0" /><Point X="358" Y="261" T="0" /><Point X="351" Y="261" T="0" /><Point X="346" Y="261" T="0" /><Point X="339" Y="261" T="0" /><Point X="331" Y="261" T="0" /><Point X="326" Y="261" T="0" /><Point X="322" Y="261" T="0" /><Point X="316" Y="261" T="0" /><Point X="313" Y="261" T="0" /><Point X="311" Y="261" T="0" /><Point X="307" Y="261" T="0" /><Point X="303" Y="260" T="0" /><Point X="299" Y="260" T="0" /><Point X="290" Y="259" T="0" /><Point X="287" Y="259" T="0" /><Point X="285" Y="259" T="0" /><Point X="282" Y="259" T="0" /><Point X="278" Y="259" T="0" /><Point X="274" Y="259" T="0" /><Point X="270" Y="259" T="0" /><Point X="262" Y="259" T="0" /><Point X="259" Y="259" T="0" /><Point X="256" Y="259" T="0" /><Point X="250" Y="259" T="0" /><Point X="244" Y="259" T="0" /><Point X="240" Y="259" T="0" /><Point X="235" Y="259" T="0" /><Point X="232" Y="259" T="0" /><Point X="224" Y="259" T="0" /><Point X="221" Y="259" T="0" /><Point X="217" Y="259" T="0" /><Point X="212" Y="259" T="0" /><Point X="209" Y="259" T="0" /><Point X="206" Y="258" T="0" /><Point X="204" Y="258" T="0" /><Point X="203" Y="258" T="0" /><Point X="202" Y="258" T="0" /><Point X="201" Y="258" T="0" /><Point X="201" Y="257" T="0" /><Point X="198" Y="257" T="0" /><Point X="194" Y="257" T="0" /><Point X="191" Y="257" T="0" /><Point X="188" Y="257" T="0" /><Point X="185" Y="257" T="0" /><Point X="183" Y="257" T="0" /><Point X="182" Y="257" T="0" /><Point X="180" Y="257" T="0" /><Point X="177" Y="257" T="0" /><Point X="175" Y="257" T="0" /><Point X="174" Y="257" T="0" /><Point X="173" Y="257" T="0" /><Point X="171" Y="257" T="0" /><Point X="170" Y="257" T="0" /><Point X="169" Y="257" T="0" /></Gesture>