<Gesture Name="rectangle" Subject="1" Number="1" NumPts="110" Millseconds="0" AppName="Gestures" AppVer="1.0" Date="Wednesday, March 01, 2023" TimeOfDay="15:07:18" ID="2"><Point X="180" Y="251" T="0" /><Point X="180" Y="252" T="0" /><Point X="180" Y="253" T="0" /><Point X="180" Y="254" T="0" /><Point X="180" Y="257" T="0" /><Point X="180" Y="264" T="0" /><Point X="180" Y="273" T="0" /><Point X="176" Y="334" T="0" /><Point X="175" Y="372" T="0" /><Point X="173" Y="421" T="0" /><Point X="173" Y="457" T="0" /><Point X="173" Y="487" T="0" /><Point X="173" Y="509" T="0" /><Point X="173" Y="523" T="0" /><Point X="173" Y="539" T="0" /><Point X="173" Y="541" T="0" /><Point X="173" Y="543" T="0" /><Point X="175" Y="543" T="0" /><Point X="181" Y="541" T="0" /><Point X="190" Y="539" T="0" /><Point X="198" Y="537" T="0" /><Point X="209" Y="536" T="0" /><Point X="226" Y="532" T="0" /><Point X="246" Y="531" T="0" /><Point X="268" Y="529" T="0" /><Point X="286" Y="527" T="0" /><Point X="301" Y="525" T="0" /><Point X="316" Y="523" T="0" /><Point X="330" Y="522" T="0" /><Point X="344" Y="521" T="0" /><Point X="356" Y="520" T="0" /><Point X="364" Y="518" T="0" /><Point X="371" Y="517" T="0" /><Point X="375" Y="517" T="0" /><Point X="377" Y="516" T="0" /><Point X="379" Y="515" T="0" /><Point X="379" Y="513" T="0" /><Point X="379" Y="503" T="0" /><Point X="379" Y="494" T="0" /><Point X="379" Y="484" T="0" /><Point X="379" Y="442" T="0" /><Point X="379" Y="423" T="0" /><Point X="377" Y="410" T="0" /><Point X="376" Y="397" T="0" /><Point X="375" Y="384" T="0" /><Point X="373" Y="372" T="0" /><Point X="372" Y="360" T="0" /><Point X="369" Y="323" T="0" /><Point X="368" Y="309" T="0" /><Point X="367" Y="294" T="0" /><Point X="366" Y="283" T="0" /><Point X="366" Y="275" T="0" /><Point X="366" Y="271" T="0" /><Point X="366" Y="269" T="0" /><Point X="366" Y="268" T="0" /><Point X="366" Y="267" T="0" /><Point X="366" Y="266" T="0" /><Point X="365" Y="265" T="0" /><Point X="365" Y="264" T="0" /><Point X="364" Y="262" T="0" /><Point X="364" Y="261" T="0" /><Point X="364" Y="260" T="0" /><Point X="364" Y="257" T="0" /><Point X="364" Y="256" T="0" /><Point X="364" Y="255" T="0" /><Point X="364" Y="254" T="0" /><Point X="364" Y="253" T="0" /><Point X="362" Y="253" T="0" /><Point X="359" Y="253" T="0" /><Point X="356" Y="253" T="0" /><Point X="351" Y="253" T="0" /><Point X="342" Y="253" T="0" /><Point X="333" Y="253" T="0" /><Point X="322" Y="253" T="0" /><Point X="311" Y="253" T="0" /><Point X="293" Y="253" T="0" /><Point X="280" Y="253" T="0" /><Point X="270" Y="253" T="0" /><Point X="262" Y="253" T="0" /><Point X="248" Y="253" T="0" /><Point X="242" Y="253" T="0" /><Point X="236" Y="253" T="0" /><Point X="230" Y="253" T="0" /><Point X="226" Y="253" T="0" /><Point X="224" Y="253" T="0" /><Point X="223" Y="253" T="0" /><Point X="222" Y="253" T="0" /><Point X="221" Y="253" T="0" /><Point X="219" Y="253" T="0" /><Point X="216" Y="252" T="0" /><Point X="213" Y="252" T="0" /><Point X="209" Y="252" T="0" /><Point X="200" Y="251" T="0" /><Point X="198" Y="251" T="0" /><Point X="196" Y="251" T="0" /><Point X="195" Y="251" T="0" /><Point X="194" Y="251" T="0" /><Point X="193" Y="251" T="0" /><Point X="192" Y="251" T="0" /><Point X="190" Y="251" T="0" /><Point X="189" Y="251" T="0" /><Point X="187" Y="251" T="0" /><Point X="186" Y="251" T="0" /><Point X="185" Y="251" T="0" /><Point X="183" Y="251" T="0" /><Point X="182" Y="251" T="0" /><Point X="181" Y="251" T="0" /><Point X="180" Y="251" T="0" /><Point X="178" Y="251" T="0" /><Point X="177" Y="251" T="0" /></Gesture>