<Gesture Name="rectangle" Subject="1" Number="1" NumPts="94" Millseconds="0" AppName="Gestures" AppVer="1.0" Date="Wednesday, March 01, 2023" TimeOfDay="15:14:37" ID="9"><Point X="170" Y="262" T="0" /><Point X="170" Y="270" T="0" /><Point X="170" Y="278" T="0" /><Point X="170" Y="289" T="0" /><Point X="170" Y="309" T="0" /><Point X="170" Y="341" T="0" /><Point X="170" Y="377" T="0" /><Point X="170" Y="412" T="0" /><Point X="168" Y="437" T="0" /><Point X="167" Y="457" T="0" /><Point X="167" Y="469" T="0" /><Point X="167" Y="476" T="0" /><Point X="167" Y="478" T="0" /><Point X="167" Y="479" T="0" /><Point X="167" Y="480" T="0" /><Point X="167" Y="479" T="0" /><Point X="167" Y="478" T="0" /><Point X="176" Y="473" T="0" /><Point X="194" Y="467" T="0" /><Point X="248" Y="453" T="0" /><Point X="312" Y="443" T="0" /><Point X="378" Y="432" T="0" /><Point X="433" Y="428" T="0" /><Point X="474" Y="426" T="0" /><Point X="501" Y="426" T="0" /><Point X="523" Y="426" T="0" /><Point X="536" Y="426" T="0" /><Point X="550" Y="428" T="0" /><Point X="551" Y="428" T="0" /><Point X="552" Y="429" T="0" /><Point X="551" Y="427" T="0" /><Point X="547" Y="420" T="0" /><Point X="540" Y="398" T="0" /><Point X="532" Y="371" T="0" /><Point X="526" Y="344" T="0" /><Point X="523" Y="318" T="0" /><Point X="522" Y="301" T="0" /><Point X="521" Y="288" T="0" /><Point X="520" Y="277" T="0" /><Point X="519" Y="270" T="0" /><Point X="519" Y="266" T="0" /><Point X="518" Y="265" T="0" /><Point X="518" Y="263" T="0" /><Point X="514" Y="263" T="0" /><Point X="508" Y="263" T="0" /><Point X="497" Y="263" T="0" /><Point X="440" Y="267" T="0" /><Point X="417" Y="270" T="0" /><Point X="395" Y="271" T="0" /><Point X="376" Y="271" T="0" /><Point X="358" Y="272" T="0" /><Point X="346" Y="272" T="0" /><Point X="335" Y="272" T="0" /><Point X="304" Y="272" T="0" /><Point X="296" Y="272" T="0" /><Point X="288" Y="272" T="0" /><Point X="283" Y="272" T="0" /><Point X="276" Y="272" T="0" /><Point X="271" Y="272" T="0" /><Point X="264" Y="272" T="0" /><Point X="260" Y="272" T="0" /><Point X="255" Y="272" T="0" /><Point X="249" Y="272" T="0" /><Point X="245" Y="272" T="0" /><Point X="241" Y="272" T="0" /><Point X="239" Y="272" T="0" /><Point X="232" Y="272" T="0" /><Point X="229" Y="272" T="0" /><Point X="225" Y="272" T="0" /><Point X="221" Y="271" T="0" /><Point X="218" Y="270" T="0" /><Point X="214" Y="269" T="0" /><Point X="210" Y="268" T="0" /><Point X="208" Y="268" T="0" /><Point X="206" Y="268" T="0" /><Point X="203" Y="267" T="0" /><Point X="201" Y="266" T="0" /><Point X="195" Y="265" T="0" /><Point X="192" Y="264" T="0" /><Point X="189" Y="264" T="0" /><Point X="187" Y="264" T="0" /><Point X="186" Y="264" T="0" /><Point X="184" Y="264" T="0" /><Point X="183" Y="264" T="0" /><Point X="178" Y="263" T="0" /><Point X="177" Y="263" T="0" /><Point X="176" Y="263" T="0" /><Point X="175" Y="263" T="0" /><Point X="175" Y="262" T="0" /><Point X="174" Y="262" T="0" /><Point X="173" Y="262" T="0" /><Point X="172" Y="262" T="0" /><Point X="171" Y="262" T="0" /><Point X="170" Y="262" T="0" /></Gesture>