<Gesture Name="rectangle" Subject="1" Number="1" NumPts="82" Millseconds="0" AppName="Gestures" AppVer="1.0" Date="Wednesday, March 01, 2023" TimeOfDay="15:13:40" ID="8"><Point X="216" Y="363" T="0" /><Point X="215" Y="371" T="0" /><Point X="215" Y="383" T="0" /><Point X="215" Y="405" T="0" /><Point X="215" Y="420" T="0" /><Point X="217" Y="437" T="0" /><Point X="218" Y="457" T="0" /><Point X="219" Y="471" T="0" /><Point X="221" Y="482" T="0" /><Point X="221" Y="490" T="0" /><Point X="222" Y="494" T="0" /><Point X="223" Y="498" T="0" /><Point X="224" Y="499" T="0" /><Point X="224" Y="500" T="0" /><Point X="226" Y="500" T="0" /><Point X="234" Y="499" T="0" /><Point X="249" Y="496" T="0" /><Point X="273" Y="491" T="0" /><Point X="299" Y="488" T="0" /><Point X="324" Y="485" T="0" /><Point X="347" Y="484" T="0" /><Point X="366" Y="484" T="0" /><Point X="378" Y="484" T="0" /><Point X="387" Y="484" T="0" /><Point X="394" Y="484" T="0" /><Point X="398" Y="484" T="0" /><Point X="401" Y="484" T="0" /><Point X="403" Y="484" T="0" /><Point X="406" Y="484" T="0" /><Point X="407" Y="484" T="0" /><Point X="409" Y="482" T="0" /><Point X="410" Y="478" T="0" /><Point X="411" Y="471" T="0" /><Point X="412" Y="426" T="0" /><Point X="412" Y="412" T="0" /><Point X="412" Y="399" T="0" /><Point X="412" Y="387" T="0" /><Point X="412" Y="375" T="0" /><Point X="412" Y="367" T="0" /><Point X="412" Y="360" T="0" /><Point X="412" Y="356" T="0" /><Point X="412" Y="354" T="0" /><Point X="412" Y="352" T="0" /><Point X="412" Y="351" T="0" /><Point X="410" Y="351" T="0" /><Point X="407" Y="351" T="0" /><Point X="399" Y="351" T="0" /><Point X="390" Y="353" T="0" /><Point X="379" Y="354" T="0" /><Point X="358" Y="356" T="0" /><Point X="335" Y="359" T="0" /><Point X="318" Y="360" T="0" /><Point X="305" Y="360" T="0" /><Point X="297" Y="360" T="0" /><Point X="287" Y="360" T="0" /><Point X="279" Y="360" T="0" /><Point X="273" Y="360" T="0" /><Point X="259" Y="360" T="0" /><Point X="256" Y="360" T="0" /><Point X="253" Y="360" T="0" /><Point X="251" Y="360" T="0" /><Point X="249" Y="360" T="0" /><Point X="248" Y="359" T="0" /><Point X="246" Y="359" T="0" /><Point X="244" Y="359" T="0" /><Point X="242" Y="359" T="0" /><Point X="239" Y="358" T="0" /><Point X="236" Y="357" T="0" /><Point X="233" Y="356" T="0" /><Point X="231" Y="356" T="0" /><Point X="229" Y="356" T="0" /><Point X="227" Y="356" T="0" /><Point X="226" Y="355" T="0" /><Point X="224" Y="355" T="0" /><Point X="222" Y="355" T="0" /><Point X="221" Y="355" T="0" /><Point X="221" Y="354" T="0" /><Point X="220" Y="354" T="0" /><Point X="219" Y="354" T="0" /><Point X="218" Y="354" T="0" /><Point X="217" Y="354" T="0" /><Point X="216" Y="354" T="0" /></Gesture>