<Gesture Name="rectangle" Subject="1" Number="1" NumPts="90" Millseconds="0" AppName="Gestures" AppVer="1.0" Date="Wednesday, March 01, 2023" TimeOfDay="15:15:33" ID="10"><Point X="213" Y="308" T="0" /><Point X="213" Y="313" T="0" /><Point X="214" Y="320" T="0" /><Point X="215" Y="328" T="0" /><Point X="217" Y="340" T="0" /><Point X="219" Y="361" T="0" /><Point X="219" Y="385" T="0" /><Point X="220" Y="411" T="0" /><Point X="222" Y="441" T="0" /><Point X="222" Y="463" T="0" /><Point X="222" Y="476" T="0" /><Point X="222" Y="485" T="0" /><Point X="222" Y="491" T="0" /><Point X="222" Y="493" T="0" /><Point X="222" Y="494" T="0" /><Point X="222" Y="495" T="0" /><Point X="224" Y="495" T="0" /><Point X="228" Y="495" T="0" /><Point X="238" Y="495" T="0" /><Point X="250" Y="495" T="0" /><Point X="269" Y="493" T="0" /><Point X="305" Y="493" T="0" /><Point X="340" Y="493" T="0" /><Point X="373" Y="493" T="0" /><Point X="402" Y="493" T="0" /><Point X="417" Y="493" T="0" /><Point X="429" Y="493" T="0" /><Point X="436" Y="493" T="0" /><Point X="446" Y="493" T="0" /><Point X="449" Y="494" T="0" /><Point X="450" Y="494" T="0" /><Point X="451" Y="494" T="0" /><Point X="452" Y="494" T="0" /><Point X="453" Y="494" T="0" /><Point X="454" Y="494" T="0" /><Point X="454" Y="492" T="0" /><Point X="454" Y="486" T="0" /><Point X="454" Y="471" T="0" /><Point X="454" Y="439" T="0" /><Point X="454" Y="409" T="0" /><Point X="454" Y="361" T="0" /><Point X="455" Y="322" T="0" /><Point X="457" Y="297" T="0" /><Point X="458" Y="282" T="0" /><Point X="459" Y="272" T="0" /><Point X="460" Y="260" T="0" /><Point X="460" Y="257" T="0" /><Point X="458" Y="257" T="0" /><Point X="454" Y="260" T="0" /><Point X="444" Y="263" T="0" /><Point X="433" Y="267" T="0" /><Point X="415" Y="272" T="0" /><Point X="395" Y="274" T="0" /><Point X="374" Y="279" T="0" /><Point X="358" Y="281" T="0" /><Point X="345" Y="282" T="0" /><Point X="334" Y="282" T="0" /><Point X="324" Y="283" T="0" /><Point X="314" Y="284" T="0" /><Point X="307" Y="285" T="0" /><Point X="300" Y="287" T="0" /><Point X="295" Y="289" T="0" /><Point X="282" Y="292" T="0" /><Point X="278" Y="294" T="0" /><Point X="274" Y="295" T="0" /><Point X="271" Y="296" T="0" /><Point X="267" Y="297" T="0" /><Point X="265" Y="297" T="0" /><Point X="262" Y="298" T="0" /><Point X="252" Y="300" T="0" /><Point X="248" Y="300" T="0" /><Point X="247" Y="301" T="0" /><Point X="245" Y="301" T="0" /><Point X="244" Y="301" T="0" /><Point X="241" Y="301" T="0" /><Point X="240" Y="302" T="0" /><Point X="238" Y="302" T="0" /><Point X="235" Y="302" T="0" /><Point X="233" Y="302" T="0" /><Point X="230" Y="302" T="0" /><Point X="228" Y="303" T="0" /><Point X="225" Y="303" T="0" /><Point X="224" Y="304" T="0" /><Point X="222" Y="304" T="0" /><Point X="221" Y="304" T="0" /><Point X="218" Y="304" T="0" /><Point X="216" Y="304" T="0" /><Point X="215" Y="304" T="0" /><Point X="214" Y="304" T="0" /><Point X="213" Y="304" T="0" /></Gesture>