<Gesture Name="rectangle" Subject="1" Number="1" NumPts="86" Millseconds="0" AppName="Gestures" AppVer="1.0" Date="Wednesday, March 01, 2023" TimeOfDay="15:09:39" ID="4"><Point X="294" Y="327" T="0" /><Point X="294" Y="333" T="0" /><Point X="295" Y="343" T="0" /><Point X="295" Y="353" T="0" /><Point X="295" Y="366" T="0" /><Point X="296" Y="389" T="0" /><Point X="297" Y="406" T="0" /><Point X="297" Y="419" T="0" /><Point X="298" Y="430" T="0" /><Point X="301" Y="451" T="0" /><Point X="301" Y="453" T="0" /><Point X="301" Y="454" T="0" /><Point X="301" Y="455" T="0" /><Point X="302" Y="455" T="0" /><Point X="306" Y="453" T="0" /><Point X="316" Y="450" T="0" /><Point X="331" Y="447" T="0" /><Point X="363" Y="441" T="0" /><Point X="407" Y="439" T="0" /><Point X="440" Y="437" T="0" /><Point X="470" Y="437" T="0" /><Point X="554" Y="441" T="0" /><Point X="571" Y="442" T="0" /><Point X="579" Y="442" T="0" /><Point X="583" Y="442" T="0" /><Point X="585" Y="442" T="0" /><Point X="586" Y="442" T="0" /><Point X="586" Y="433" T="0" /><Point X="584" Y="416" T="0" /><Point X="578" Y="380" T="0" /><Point X="578" Y="355" T="0" /><Point X="572" Y="265" T="0" /><Point X="572" Y="246" T="0" /><Point X="572" Y="235" T="0" /><Point X="572" Y="229" T="0" /><Point X="571" Y="226" T="0" /><Point X="571" Y="224" T="0" /><Point X="570" Y="224" T="0" /><Point X="568" Y="225" T="0" /><Point X="563" Y="227" T="0" /><Point X="555" Y="230" T="0" /><Point X="544" Y="234" T="0" /><Point X="496" Y="248" T="0" /><Point X="472" Y="255" T="0" /><Point X="450" Y="260" T="0" /><Point X="429" Y="265" T="0" /><Point X="413" Y="268" T="0" /><Point X="397" Y="272" T="0" /><Point X="385" Y="275" T="0" /><Point X="352" Y="280" T="0" /><Point X="344" Y="282" T="0" /><Point X="337" Y="283" T="0" /><Point X="331" Y="284" T="0" /><Point X="327" Y="285" T="0" /><Point X="323" Y="285" T="0" /><Point X="318" Y="287" T="0" /><Point X="313" Y="289" T="0" /><Point X="309" Y="291" T="0" /><Point X="304" Y="293" T="0" /><Point X="301" Y="294" T="0" /><Point X="298" Y="296" T="0" /><Point X="296" Y="298" T="0" /><Point X="291" Y="299" T="0" /><Point X="291" Y="300" T="0" /><Point X="290" Y="300" T="0" /><Point X="289" Y="301" T="0" /><Point X="288" Y="301" T="0" /><Point X="288" Y="302" T="0" /><Point X="287" Y="302" T="0" /><Point X="287" Y="303" T="0" /><Point X="287" Y="304" T="0" /><Point X="287" Y="305" T="0" /><Point X="287" Y="306" T="0" /><Point X="287" Y="307" T="0" /><Point X="287" Y="308" T="0" /><Point X="287" Y="309" T="0" /><Point X="288" Y="311" T="0" /><Point X="289" Y="313" T="0" /><Point X="292" Y="317" T="0" /><Point X="293" Y="319" T="0" /><Point X="294" Y="320" T="0" /><Point X="294" Y="321" T="0" /><Point X="294" Y="322" T="0" /><Point X="294" Y="323" T="0" /><Point X="294" Y="324" T="0" /><Point X="294" Y="325" T="0" /></Gesture>