<Gesture Name="rectangle" Subject="1" Number="1" NumPts="153" Millseconds="0" AppName="Gestures" AppVer="1.0" Date="Wednesday, March 01, 2023" TimeOfDay="15:10:39" ID="5"><Point X="248" Y="270" T="0" /><Point X="248" Y="273" T="0" /><Point X="248" Y="278" T="0" /><Point X="247" Y="286" T="0" /><Point X="245" Y="295" T="0" /><Point X="239" Y="317" T="0" /><Point X="235" Y="340" T="0" /><Point X="226" Y="423" T="0" /><Point X="223" Y="451" T="0" /><Point X="223" Y="470" T="0" /><Point X="223" Y="487" T="0" /><Point X="223" Y="501" T="0" /><Point X="223" Y="513" T="0" /><Point X="223" Y="521" T="0" /><Point X="224" Y="533" T="0" /><Point X="224" Y="534" T="0" /><Point X="224" Y="535" T="0" /><Point X="225" Y="535" T="0" /><Point X="226" Y="534" T="0" /><Point X="228" Y="532" T="0" /><Point X="237" Y="528" T="0" /><Point X="257" Y="521" T="0" /><Point X="300" Y="510" T="0" /><Point X="372" Y="499" T="0" /><Point X="499" Y="483" T="0" /><Point X="554" Y="481" T="0" /><Point X="587" Y="480" T="0" /><Point X="604" Y="478" T="0" /><Point X="614" Y="478" T="0" /><Point X="619" Y="478" T="0" /><Point X="620" Y="478" T="0" /><Point X="622" Y="478" T="0" /><Point X="622" Y="477" T="0" /><Point X="622" Y="473" T="0" /><Point X="622" Y="469" T="0" /><Point X="621" Y="450" T="0" /><Point X="621" Y="441" T="0" /><Point X="619" Y="426" T="0" /><Point X="617" Y="409" T="0" /><Point X="616" Y="391" T="0" /><Point X="615" Y="374" T="0" /><Point X="614" Y="362" T="0" /><Point X="614" Y="351" T="0" /><Point X="614" Y="339" T="0" /><Point X="614" Y="329" T="0" /><Point X="613" Y="319" T="0" /><Point X="613" Y="313" T="0" /><Point X="613" Y="307" T="0" /><Point X="613" Y="304" T="0" /><Point X="613" Y="303" T="0" /><Point X="613" Y="302" T="0" /><Point X="613" Y="300" T="0" /><Point X="613" Y="299" T="0" /><Point X="613" Y="298" T="0" /><Point X="613" Y="295" T="0" /><Point X="613" Y="293" T="0" /><Point X="613" Y="292" T="0" /><Point X="613" Y="290" T="0" /><Point X="613" Y="288" T="0" /><Point X="613" Y="286" T="0" /><Point X="613" Y="283" T="0" /><Point X="613" Y="280" T="0" /><Point X="613" Y="277" T="0" /><Point X="613" Y="274" T="0" /><Point X="613" Y="272" T="0" /><Point X="613" Y="271" T="0" /><Point X="613" Y="268" T="0" /><Point X="613" Y="267" T="0" /><Point X="613" Y="265" T="0" /><Point X="612" Y="255" T="0" /><Point X="612" Y="251" T="0" /><Point X="611" Y="246" T="0" /><Point X="610" Y="241" T="0" /><Point X="610" Y="238" T="0" /><Point X="610" Y="236" T="0" /><Point X="610" Y="234" T="0" /><Point X="610" Y="233" T="0" /><Point X="608" Y="233" T="0" /><Point X="604" Y="233" T="0" /><Point X="599" Y="233" T="0" /><Point X="591" Y="233" T="0" /><Point X="581" Y="233" T="0" /><Point X="571" Y="233" T="0" /><Point X="560" Y="233" T="0" /><Point X="549" Y="233" T="0" /><Point X="533" Y="233" T="0" /><Point X="521" Y="233" T="0" /><Point X="512" Y="233" T="0" /><Point X="505" Y="233" T="0" /><Point X="498" Y="233" T="0" /><Point X="492" Y="233" T="0" /><Point X="485" Y="233" T="0" /><Point X="471" Y="233" T="0" /><Point X="465" Y="233" T="0" /><Point X="460" Y="233" T="0" /><Point X="452" Y="234" T="0" /><Point X="443" Y="234" T="0" /><Point X="437" Y="235" T="0" /><Point X="428" Y="236" T="0" /><Point X="410" Y="237" T="0" /><Point X="402" Y="237" T="0" /><Point X="392" Y="238" T="0" /><Point X="383" Y="239" T="0" /><Point X="372" Y="240" T="0" /><Point X="363" Y="241" T="0" /><Point X="355" Y="242" T="0" /><Point X="348" Y="243" T="0" /><Point X="342" Y="244" T="0" /><Point X="339" Y="244" T="0" /><Point X="337" Y="245" T="0" /><Point X="336" Y="245" T="0" /><Point X="334" Y="245" T="0" /><Point X="331" Y="245" T="0" /><Point X="325" Y="245" T="0" /><Point X="313" Y="246" T="0" /><Point X="308" Y="246" T="0" /><Point X="303" Y="246" T="0" /><Point X="300" Y="247" T="0" /><Point X="293" Y="248" T="0" /><Point X="290" Y="248" T="0" /><Point X="289" Y="248" T="0" /><Point X="287" Y="249" T="0" /><Point X="285" Y="249" T="0" /><Point X="283" Y="249" T="0" /><Point X="281" Y="249" T="0" /><Point X="278" Y="249" T="0" /><Point X="277" Y="249" T="0" /><Point X="276" Y="249" T="0" /><Point X="274" Y="250" T="0" /><Point X="273" Y="250" T="0" /><Point X="271" Y="251" T="0" /><Point X="270" Y="251" T="0" /><Point X="269" Y="252" T="0" /><Point X="268" Y="253" T="0" /><Point X="266" Y="253" T="0" /><Point X="265" Y="254" T="0" /><Point X="264" Y="255" T="0" /><Point X="263" Y="256" T="0" /><Point X="262" Y="256" T="0" /><Point X="261" Y="258" T="0" /><Point X="259" Y="259" T="0" /><Point X="258" Y="261" T="0" /><Point X="257" Y="261" T="0" /><Point X="255" Y="263" T="0" /><Point X="255" Y="264" T="0" /><Point X="254" Y="264" T="0" /><Point X="253" Y="265" T="0" /><Point X="252" Y="265" T="0" /><Point X="252" Y="266" T="0" /><Point X="251" Y="267" T="0" /><Point X="250" Y="267" T="0" /><Point X="249" Y="268" T="0" /><Point X="248" Y="269" T="0" /></Gesture>