<Gesture Name="rectangle" Subject="1" Number="1" NumPts="88" Millseconds="0" AppName="Gestures" AppVer="1.0" Date="Wednesday, March 01, 2023" TimeOfDay="15:08:37" ID="3"><Point X="161" Y="332" T="0" /><Point X="161" Y="334" T="0" /><Point X="161" Y="341" T="0" /><Point X="161" Y="355" T="0" /><Point X="163" Y="436" T="0" /><Point X="165" Y="479" T="0" /><Point X="168" Y="508" T="0" /><Point X="168" Y="522" T="0" /><Point X="169" Y="530" T="0" /><Point X="169" Y="535" T="0" /><Point X="169" Y="536" T="0" /><Point X="169" Y="537" T="0" /><Point X="171" Y="537" T="0" /><Point X="175" Y="537" T="0" /><Point X="184" Y="536" T="0" /><Point X="207" Y="533" T="0" /><Point X="265" Y="525" T="0" /><Point X="340" Y="513" T="0" /><Point X="411" Y="504" T="0" /><Point X="471" Y="500" T="0" /><Point X="518" Y="496" T="0" /><Point X="578" Y="494" T="0" /><Point X="585" Y="494" T="0" /><Point X="589" Y="494" T="0" /><Point X="590" Y="494" T="0" /><Point X="590" Y="493" T="0" /><Point X="587" Y="489" T="0" /><Point X="583" Y="479" T="0" /><Point X="576" Y="455" T="0" /><Point X="569" Y="426" T="0" /><Point X="558" Y="346" T="0" /><Point X="558" Y="333" T="0" /><Point X="558" Y="324" T="0" /><Point X="558" Y="318" T="0" /><Point X="558" Y="317" T="0" /><Point X="558" Y="316" T="0" /><Point X="558" Y="315" T="0" /><Point X="557" Y="315" T="0" /><Point X="553" Y="315" T="0" /><Point X="544" Y="315" T="0" /><Point X="532" Y="315" T="0" /><Point X="519" Y="315" T="0" /><Point X="489" Y="315" T="0" /><Point X="375" Y="317" T="0" /><Point X="331" Y="318" T="0" /><Point X="301" Y="318" T="0" /><Point X="282" Y="320" T="0" /><Point X="267" Y="320" T="0" /><Point X="254" Y="320" T="0" /><Point X="243" Y="320" T="0" /><Point X="236" Y="320" T="0" /><Point X="231" Y="320" T="0" /><Point X="227" Y="320" T="0" /><Point X="224" Y="320" T="0" /><Point X="219" Y="320" T="0" /><Point X="215" Y="320" T="0" /><Point X="208" Y="320" T="0" /><Point X="203" Y="320" T="0" /><Point X="197" Y="320" T="0" /><Point X="185" Y="320" T="0" /><Point X="182" Y="320" T="0" /><Point X="180" Y="320" T="0" /><Point X="178" Y="320" T="0" /><Point X="177" Y="320" T="0" /><Point X="175" Y="320" T="0" /><Point X="174" Y="320" T="0" /><Point X="173" Y="320" T="0" /><Point X="172" Y="320" T="0" /><Point X="170" Y="320" T="0" /><Point X="169" Y="320" T="0" /><Point X="168" Y="320" T="0" /><Point X="167" Y="320" T="0" /><Point X="166" Y="320" T="0" /><Point X="165" Y="320" T="0" /><Point X="164" Y="320" T="0" /><Point X="164" Y="321" T="0" /><Point X="163" Y="321" T="0" /><Point X="163" Y="322" T="0" /><Point X="163" Y="323" T="0" /><Point X="163" Y="324" T="0" /><Point X="162" Y="324" T="0" /><Point X="162" Y="325" T="0" /><Point X="162" Y="326" T="0" /><Point X="161" Y="327" T="0" /><Point X="161" Y="328" T="0" /><Point X="161" Y="329" T="0" /><Point X="160" Y="330" T="0" /><Point X="159" Y="331" T="0" /></Gesture>