<Gesture Name="rectangle" Subject="1" Number="1" NumPts="87" Millseconds="0" AppName="Gestures" AppVer="1.0" Date="Wednesday, March 01, 2023" TimeOfDay="15:12:43" ID="7"><Point X="193" Y="298" T="0" /><Point X="193" Y="302" T="0" /><Point X="193" Y="311" T="0" /><Point X="193" Y="323" T="0" /><Point X="193" Y="335" T="0" /><Point X="196" Y="411" T="0" /><Point X="199" Y="447" T="0" /><Point X="202" Y="481" T="0" /><Point X="202" Y="503" T="0" /><Point X="203" Y="515" T="0" /><Point X="205" Y="524" T="0" /><Point X="205" Y="527" T="0" /><Point X="205" Y="530" T="0" /><Point X="205" Y="531" T="0" /><Point X="206" Y="531" T="0" /><Point X="215" Y="530" T="0" /><Point X="228" Y="528" T="0" /><Point X="259" Y="523" T="0" /><Point X="301" Y="518" T="0" /><Point X="359" Y="512" T="0" /><Point X="409" Y="506" T="0" /><Point X="453" Y="502" T="0" /><Point X="521" Y="500" T="0" /><Point X="531" Y="500" T="0" /><Point X="537" Y="500" T="0" /><Point X="540" Y="500" T="0" /><Point X="540" Y="496" T="0" /><Point X="538" Y="488" T="0" /><Point X="533" Y="468" T="0" /><Point X="528" Y="439" T="0" /><Point X="510" Y="343" T="0" /><Point X="506" Y="314" T="0" /><Point X="504" Y="299" T="0" /><Point X="504" Y="289" T="0" /><Point X="503" Y="283" T="0" /><Point X="503" Y="280" T="0" /><Point X="503" Y="279" T="0" /><Point X="503" Y="278" T="0" /><Point X="502" Y="278" T="0" /><Point X="499" Y="278" T="0" /><Point X="482" Y="278" T="0" /><Point X="471" Y="278" T="0" /><Point X="458" Y="278" T="0" /><Point X="436" Y="278" T="0" /><Point X="413" Y="279" T="0" /><Point X="399" Y="279" T="0" /><Point X="385" Y="279" T="0" /><Point X="355" Y="281" T="0" /><Point X="347" Y="281" T="0" /><Point X="340" Y="282" T="0" /><Point X="333" Y="283" T="0" /><Point X="329" Y="284" T="0" /><Point X="322" Y="284" T="0" /><Point X="316" Y="285" T="0" /><Point X="311" Y="285" T="0" /><Point X="305" Y="285" T="0" /><Point X="302" Y="285" T="0" /><Point X="298" Y="285" T="0" /><Point X="297" Y="285" T="0" /><Point X="295" Y="286" T="0" /><Point X="293" Y="286" T="0" /><Point X="292" Y="286" T="0" /><Point X="289" Y="286" T="0" /><Point X="281" Y="286" T="0" /><Point X="276" Y="286" T="0" /><Point X="271" Y="286" T="0" /><Point X="263" Y="286" T="0" /><Point X="256" Y="287" T="0" /><Point X="249" Y="287" T="0" /><Point X="242" Y="287" T="0" /><Point X="235" Y="288" T="0" /><Point X="229" Y="288" T="0" /><Point X="223" Y="289" T="0" /><Point X="219" Y="289" T="0" /><Point X="216" Y="290" T="0" /><Point X="214" Y="290" T="0" /><Point X="211" Y="291" T="0" /><Point X="208" Y="291" T="0" /><Point X="206" Y="291" T="0" /><Point X="201" Y="292" T="0" /><Point X="199" Y="292" T="0" /><Point X="197" Y="292" T="0" /><Point X="195" Y="293" T="0" /><Point X="194" Y="293" T="0" /><Point X="192" Y="293" T="0" /><Point X="191" Y="293" T="0" /><Point X="191" Y="294" T="0" /></Gesture>