<Gesture Name="rectangle" Subject="1" Number="1" NumPts="83" Millseconds="0" AppName="Gestures" AppVer="1.0" Date="Wednesday, March 01, 2023" TimeOfDay="15:11:42" ID="6"><Point X="232" Y="323" T="0" /><Point X="232" Y="331" T="0" /><Point X="232" Y="345" T="0" /><Point X="233" Y="367" T="0" /><Point X="233" Y="400" T="0" /><Point X="234" Y="427" T="0" /><Point X="234" Y="452" T="0" /><Point X="234" Y="469" T="0" /><Point X="235" Y="481" T="0" /><Point X="235" Y="487" T="0" /><Point X="235" Y="490" T="0" /><Point X="235" Y="491" T="0" /><Point X="240" Y="491" T="0" /><Point X="253" Y="491" T="0" /><Point X="276" Y="490" T="0" /><Point X="303" Y="490" T="0" /><Point X="346" Y="490" T="0" /><Point X="383" Y="492" T="0" /><Point X="424" Y="496" T="0" /><Point X="456" Y="501" T="0" /><Point X="476" Y="504" T="0" /><Point X="487" Y="505" T="0" /><Point X="494" Y="506" T="0" /><Point X="496" Y="506" T="0" /><Point X="498" Y="506" T="0" /><Point X="499" Y="506" T="0" /><Point X="499" Y="505" T="0" /><Point X="499" Y="501" T="0" /><Point X="498" Y="491" T="0" /><Point X="498" Y="478" T="0" /><Point X="498" Y="400" T="0" /><Point X="500" Y="361" T="0" /><Point X="503" Y="333" T="0" /><Point X="504" Y="318" T="0" /><Point X="506" Y="309" T="0" /><Point X="506" Y="304" T="0" /><Point X="507" Y="302" T="0" /><Point X="507" Y="301" T="0" /><Point X="506" Y="301" T="0" /><Point X="499" Y="302" T="0" /><Point X="488" Y="304" T="0" /><Point X="476" Y="305" T="0" /><Point X="464" Y="306" T="0" /><Point X="445" Y="307" T="0" /><Point X="428" Y="310" T="0" /><Point X="381" Y="312" T="0" /><Point X="368" Y="313" T="0" /><Point X="357" Y="313" T="0" /><Point X="348" Y="313" T="0" /><Point X="338" Y="313" T="0" /><Point X="331" Y="312" T="0" /><Point X="326" Y="312" T="0" /><Point X="321" Y="312" T="0" /><Point X="316" Y="312" T="0" /><Point X="312" Y="312" T="0" /><Point X="308" Y="312" T="0" /><Point X="298" Y="312" T="0" /><Point X="293" Y="312" T="0" /><Point X="288" Y="312" T="0" /><Point X="283" Y="312" T="0" /><Point X="277" Y="312" T="0" /><Point X="270" Y="312" T="0" /><Point X="267" Y="312" T="0" /><Point X="260" Y="312" T="0" /><Point X="257" Y="311" T="0" /><Point X="254" Y="311" T="0" /><Point X="253" Y="311" T="0" /><Point X="251" Y="311" T="0" /><Point X="249" Y="311" T="0" /><Point X="247" Y="311" T="0" /><Point X="245" Y="311" T="0" /><Point X="243" Y="311" T="0" /><Point X="241" Y="311" T="0" /><Point X="239" Y="311" T="0" /><Point X="238" Y="311" T="0" /><Point X="236" Y="311" T="0" /><Point X="234" Y="311" T="0" /><Point X="232" Y="311" T="0" /><Point X="231" Y="311" T="0" /><Point X="230" Y="311" T="0" /><Point X="230" Y="312" T="0" /><Point X="230" Y="313" T="0" /><Point X="230" Y="314" T="0" /></Gesture>