<Gesture Name="right-curly-brace" Subject="1" Number="1" NumPts="57" Millseconds="0" AppName="Gestures" AppVer="1.0" Date="Wednesday, March 01, 2023" TimeOfDay="15:15:13" ID="9"><Point X="255" Y="242" T="0" /><Point X="256" Y="242" T="0" /><Point X="257" Y="240" T="0" /><Point X="260" Y="239" T="0" /><Point X="263" Y="236" T="0" /><Point X="267" Y="235" T="0" /><Point X="272" Y="234" T="0" /><Point X="276" Y="234" T="0" /><Point X="279" Y="234" T="0" /><Point X="282" Y="234" T="0" /><Point X="285" Y="238" T="0" /><Point X="289" Y="246" T="0" /><Point X="292" Y="267" T="0" /><Point X="292" Y="289" T="0" /><Point X="288" Y="313" T="0" /><Point X="273" Y="380" T="0" /><Point X="272" Y="392" T="0" /><Point X="272" Y="396" T="0" /><Point X="272" Y="399" T="0" /><Point X="272" Y="401" T="0" /><Point X="273" Y="402" T="0" /><Point X="277" Y="403" T="0" /><Point X="301" Y="403" T="0" /><Point X="313" Y="403" T="0" /><Point X="324" Y="403" T="0" /><Point X="330" Y="403" T="0" /><Point X="334" Y="403" T="0" /><Point X="337" Y="403" T="0" /><Point X="338" Y="403" T="0" /><Point X="338" Y="402" T="0" /><Point X="337" Y="402" T="0" /><Point X="334" Y="402" T="0" /><Point X="331" Y="402" T="0" /><Point X="328" Y="402" T="0" /><Point X="321" Y="409" T="0" /><Point X="316" Y="421" T="0" /><Point X="312" Y="434" T="0" /><Point X="310" Y="453" T="0" /><Point X="310" Y="467" T="0" /><Point X="310" Y="482" T="0" /><Point X="310" Y="494" T="0" /><Point X="310" Y="507" T="0" /><Point X="310" Y="520" T="0" /><Point X="310" Y="528" T="0" /><Point X="310" Y="534" T="0" /><Point X="310" Y="536" T="0" /><Point X="310" Y="537" T="0" /><Point X="309" Y="538" T="0" /><Point X="306" Y="539" T="0" /><Point X="299" Y="540" T="0" /><Point X="275" Y="540" T="0" /><Point X="266" Y="540" T="0" /><Point X="259" Y="539" T="0" /><Point X="253" Y="538" T="0" /><Point X="251" Y="537" T="0" /><Point X="250" Y="537" T="0" /><Point X="249" Y="536" T="0" /></Gesture>