<Gesture Name="right-curly-brace" Subject="1" Number="1" NumPts="52" Millseconds="0" AppName="Gestures" AppVer="1.0" Date="Wednesday, March 01, 2023" TimeOfDay="15:08:06" ID="2"><Point X="322" Y="317" T="0" /><Point X="324" Y="317" T="0" /><Point X="326" Y="317" T="0" /><Point X="329" Y="317" T="0" /><Point X="337" Y="320" T="0" /><Point X="340" Y="324" T="0" /><Point X="346" Y="332" T="0" /><Point X="357" Y="383" T="0" /><Point X="358" Y="398" T="0" /><Point X="359" Y="408" T="0" /><Point X="359" Y="413" T="0" /><Point X="360" Y="416" T="0" /><Point X="360" Y="417" T="0" /><Point X="361" Y="419" T="0" /><Point X="365" Y="421" T="0" /><Point X="370" Y="423" T="0" /><Point X="377" Y="424" T="0" /><Point X="382" Y="424" T="0" /><Point X="389" Y="424" T="0" /><Point X="397" Y="424" T="0" /><Point X="401" Y="424" T="0" /><Point X="402" Y="424" T="0" /><Point X="403" Y="424" T="0" /><Point X="404" Y="424" T="0" /><Point X="403" Y="424" T="0" /><Point X="400" Y="424" T="0" /><Point X="397" Y="425" T="0" /><Point X="396" Y="427" T="0" /><Point X="394" Y="430" T="0" /><Point X="391" Y="436" T="0" /><Point X="389" Y="442" T="0" /><Point X="387" Y="448" T="0" /><Point X="383" Y="459" T="0" /><Point X="380" Y="470" T="0" /><Point X="378" Y="482" T="0" /><Point X="375" Y="493" T="0" /><Point X="373" Y="501" T="0" /><Point X="371" Y="507" T="0" /><Point X="368" Y="513" T="0" /><Point X="367" Y="517" T="0" /><Point X="365" Y="521" T="0" /><Point X="357" Y="528" T="0" /><Point X="350" Y="531" T="0" /><Point X="338" Y="534" T="0" /><Point X="325" Y="538" T="0" /><Point X="314" Y="539" T="0" /><Point X="306" Y="539" T="0" /><Point X="299" Y="539" T="0" /><Point X="291" Y="538" T="0" /><Point X="290" Y="538" T="0" /><Point X="289" Y="537" T="0" /><Point X="288" Y="537" T="0" /></Gesture>