<Gesture Name="right-square-bracket" Subject="1" Number="1" NumPts="32" Millseconds="0" AppName="Gestures" AppVer="1.0" Date="Wednesday, March 01, 2023" TimeOfDay="15:11:06" ID="5"><Point X="355" Y="261" T="0" /><Point X="359" Y="261" T="0" /><Point X="365" Y="261" T="0" /><Point X="372" Y="262" T="0" /><Point X="377" Y="262" T="0" /><Point X="381" Y="262" T="0" /><Point X="383" Y="262" T="0" /><Point X="385" Y="262" T="0" /><Point X="386" Y="262" T="0" /><Point X="387" Y="263" T="0" /><Point X="387" Y="264" T="0" /><Point X="387" Y="266" T="0" /><Point X="387" Y="272" T="0" /><Point X="387" Y="322" T="0" /><Point X="392" Y="357" T="0" /><Point X="399" Y="391" T="0" /><Point X="423" Y="467" T="0" /><Point X="428" Y="484" T="0" /><Point X="431" Y="493" T="0" /><Point X="433" Y="500" T="0" /><Point X="434" Y="502" T="0" /><Point X="435" Y="503" T="0" /><Point X="435" Y="504" T="0" /><Point X="433" Y="504" T="0" /><Point X="426" Y="504" T="0" /><Point X="416" Y="504" T="0" /><Point X="410" Y="504" T="0" /><Point X="404" Y="504" T="0" /><Point X="401" Y="504" T="0" /><Point X="399" Y="505" T="0" /><Point X="398" Y="505" T="0" /><Point X="397" Y="505" T="0" /></Gesture>