<Gesture Name="right-curly-brace" Subject="1" Number="1" NumPts="48" Millseconds="0" AppName="Gestures" AppVer="1.0" Date="Wednesday, March 01, 2023" TimeOfDay="15:12:22" ID="6"><Point X="311" Y="324" T="0" /><Point X="315" Y="324" T="0" /><Point X="321" Y="328" T="0" /><Point X="324" Y="331" T="0" /><Point X="334" Y="341" T="0" /><Point X="340" Y="348" T="0" /><Point X="344" Y="356" T="0" /><Point X="346" Y="366" T="0" /><Point X="347" Y="376" T="0" /><Point X="347" Y="385" T="0" /><Point X="347" Y="395" T="0" /><Point X="350" Y="417" T="0" /><Point X="353" Y="427" T="0" /><Point X="358" Y="434" T="0" /><Point X="362" Y="442" T="0" /><Point X="367" Y="445" T="0" /><Point X="372" Y="449" T="0" /><Point X="378" Y="451" T="0" /><Point X="382" Y="453" T="0" /><Point X="386" Y="453" T="0" /><Point X="388" Y="453" T="0" /><Point X="391" Y="453" T="0" /><Point X="392" Y="453" T="0" /><Point X="391" Y="453" T="0" /><Point X="388" Y="453" T="0" /><Point X="386" Y="455" T="0" /><Point X="381" Y="458" T="0" /><Point X="377" Y="465" T="0" /><Point X="372" Y="471" T="0" /><Point X="367" Y="485" T="0" /><Point X="362" Y="502" T="0" /><Point X="360" Y="515" T="0" /><Point X="359" Y="526" T="0" /><Point X="358" Y="534" T="0" /><Point X="357" Y="540" T="0" /><Point X="356" Y="548" T="0" /><Point X="356" Y="549" T="0" /><Point X="355" Y="551" T="0" /><Point X="354" Y="552" T="0" /><Point X="352" Y="553" T="0" /><Point X="350" Y="553" T="0" /><Point X="346" Y="553" T="0" /><Point X="343" Y="553" T="0" /><Point X="340" Y="553" T="0" /><Point X="338" Y="553" T="0" /><Point X="337" Y="553" T="0" /><Point X="336" Y="553" T="0" /><Point X="335" Y="553" T="0" /></Gesture>