<Gesture Name="right-square-bracket" Subject="1" Number="1" NumPts="31" Millseconds="0" AppName="Gestures" AppVer="1.0" Date="Wednesday, March 01, 2023" TimeOfDay="15:14:01" ID="8"><Point X="314" Y="337" T="0" /><Point X="320" Y="337" T="0" /><Point X="330" Y="337" T="0" /><Point X="340" Y="337" T="0" /><Point X="347" Y="337" T="0" /><Point X="353" Y="337" T="0" /><Point X="357" Y="337" T="0" /><Point X="360" Y="337" T="0" /><Point X="361" Y="337" T="0" /><Point X="361" Y="339" T="0" /><Point X="361" Y="344" T="0" /><Point X="361" Y="355" T="0" /><Point X="361" Y="379" T="0" /><Point X="361" Y="401" T="0" /><Point X="361" Y="420" T="0" /><Point X="361" Y="433" T="0" /><Point X="363" Y="445" T="0" /><Point X="363" Y="454" T="0" /><Point X="363" Y="460" T="0" /><Point X="363" Y="463" T="0" /><Point X="363" Y="465" T="0" /><Point X="363" Y="466" T="0" /><Point X="362" Y="466" T="0" /><Point X="358" Y="467" T="0" /><Point X="348" Y="469" T="0" /><Point X="307" Y="474" T="0" /><Point X="298" Y="474" T="0" /><Point X="291" Y="475" T="0" /><Point X="288" Y="475" T="0" /><Point X="286" Y="475" T="0" /><Point X="285" Y="475" T="0" /></Gesture>