<Gesture Name="right-curly-brace" Subject="1" Number="1" NumPts="51" Millseconds="0" AppName="Gestures" AppVer="1.0" Date="Wednesday, March 01, 2023" TimeOfDay="15:16:10" ID="10"><Point X="319" Y="272" T="0" /><Point X="321" Y="271" T="0" /><Point X="323" Y="271" T="0" /><Point X="326" Y="270" T="0" /><Point X="330" Y="270" T="0" /><Point X="334" Y="270" T="0" /><Point X="337" Y="270" T="0" /><Point X="339" Y="271" T="0" /><Point X="342" Y="276" T="0" /><Point X="346" Y="286" T="0" /><Point X="349" Y="305" T="0" /><Point X="349" Y="319" T="0" /><Point X="351" Y="330" T="0" /><Point X="352" Y="340" T="0" /><Point X="352" Y="344" T="0" /><Point X="355" Y="351" T="0" /><Point X="356" Y="352" T="0" /><Point X="360" Y="354" T="0" /><Point X="369" Y="356" T="0" /><Point X="378" Y="357" T="0" /><Point X="389" Y="357" T="0" /><Point X="398" Y="357" T="0" /><Point X="406" Y="356" T="0" /><Point X="415" Y="353" T="0" /><Point X="420" Y="351" T="0" /><Point X="424" Y="349" T="0" /><Point X="425" Y="349" T="0" /><Point X="426" Y="348" T="0" /><Point X="425" Y="348" T="0" /><Point X="422" Y="352" T="0" /><Point X="418" Y="359" T="0" /><Point X="402" Y="407" T="0" /><Point X="395" Y="431" T="0" /><Point X="392" Y="459" T="0" /><Point X="387" Y="491" T="0" /><Point X="387" Y="518" T="0" /><Point X="387" Y="535" T="0" /><Point X="387" Y="545" T="0" /><Point X="387" Y="552" T="0" /><Point X="387" Y="554" T="0" /><Point X="387" Y="555" T="0" /><Point X="387" Y="556" T="0" /><Point X="385" Y="557" T="0" /><Point X="383" Y="557" T="0" /><Point X="378" Y="557" T="0" /><Point X="370" Y="557" T="0" /><Point X="334" Y="557" T="0" /><Point X="326" Y="557" T="0" /><Point X="320" Y="557" T="0" /><Point X="318" Y="557" T="0" /><Point X="314" Y="557" T="0" /></Gesture>