<Gesture Name="right-square-bracket" Subject="1" Number="1" NumPts="36" Millseconds="0" AppName="Gestures" AppVer="1.0" Date="Wednesday, March 01, 2023" TimeOfDay="15:07:54" ID="2"><Point X="350" Y="337" T="0" /><Point X="355" Y="337" T="0" /><Point X="362" Y="338" T="0" /><Point X="369" Y="338" T="0" /><Point X="375" Y="339" T="0" /><Point X="380" Y="340" T="0" /><Point X="384" Y="340" T="0" /><Point X="389" Y="341" T="0" /><Point X="390" Y="341" T="0" /><Point X="391" Y="342" T="0" /><Point X="393" Y="342" T="0" /><Point X="394" Y="343" T="0" /><Point X="394" Y="345" T="0" /><Point X="394" Y="349" T="0" /><Point X="394" Y="358" T="0" /><Point X="394" Y="369" T="0" /><Point X="392" Y="390" T="0" /><Point X="392" Y="417" T="0" /><Point X="392" Y="436" T="0" /><Point X="392" Y="463" T="0" /><Point X="392" Y="485" T="0" /><Point X="393" Y="499" T="0" /><Point X="394" Y="505" T="0" /><Point X="395" Y="509" T="0" /><Point X="395" Y="510" T="0" /><Point X="395" Y="511" T="0" /><Point X="396" Y="511" T="0" /><Point X="395" Y="511" T="0" /><Point X="383" Y="511" T="0" /><Point X="371" Y="511" T="0" /><Point X="362" Y="511" T="0" /><Point X="354" Y="512" T="0" /><Point X="348" Y="513" T="0" /><Point X="345" Y="514" T="0" /><Point X="343" Y="514" T="0" /><Point X="342" Y="514" T="0" /></Gesture>