<Gesture Name="right-curly-brace" Subject="1" Number="1" NumPts="48" Millseconds="0" AppName="Gestures" AppVer="1.0" Date="Wednesday, March 01, 2023" TimeOfDay="15:10:18" ID="4"><Point X="372" Y="273" T="0" /><Point X="376" Y="274" T="0" /><Point X="380" Y="277" T="0" /><Point X="386" Y="283" T="0" /><Point X="398" Y="300" T="0" /><Point X="406" Y="318" T="0" /><Point X="412" Y="345" T="0" /><Point X="414" Y="375" T="0" /><Point X="414" Y="397" T="0" /><Point X="414" Y="409" T="0" /><Point X="414" Y="419" T="0" /><Point X="414" Y="423" T="0" /><Point X="414" Y="425" T="0" /><Point X="414" Y="426" T="0" /><Point X="418" Y="433" T="0" /><Point X="421" Y="435" T="0" /><Point X="426" Y="439" T="0" /><Point X="430" Y="441" T="0" /><Point X="434" Y="442" T="0" /><Point X="437" Y="442" T="0" /><Point X="438" Y="442" T="0" /><Point X="439" Y="442" T="0" /><Point X="439" Y="444" T="0" /><Point X="436" Y="445" T="0" /><Point X="434" Y="447" T="0" /><Point X="429" Y="455" T="0" /><Point X="423" Y="465" T="0" /><Point X="417" Y="483" T="0" /><Point X="414" Y="503" T="0" /><Point X="413" Y="520" T="0" /><Point X="413" Y="532" T="0" /><Point X="413" Y="540" T="0" /><Point X="413" Y="551" T="0" /><Point X="413" Y="552" T="0" /><Point X="413" Y="553" T="0" /><Point X="413" Y="554" T="0" /><Point X="413" Y="555" T="0" /><Point X="408" Y="555" T="0" /><Point X="403" Y="556" T="0" /><Point X="399" Y="556" T="0" /><Point X="395" Y="556" T="0" /><Point X="392" Y="556" T="0" /><Point X="389" Y="556" T="0" /><Point X="388" Y="556" T="0" /><Point X="386" Y="556" T="0" /><Point X="385" Y="556" T="0" /><Point X="384" Y="556" T="0" /><Point X="383" Y="556" T="0" /></Gesture>