<Gesture Name="right-curly-brace" Subject="1" Number="1" NumPts="56" Millseconds="0" AppName="Gestures" AppVer="1.0" Date="Wednesday, March 01, 2023" TimeOfDay="15:06:52" ID="1"><Point X="365" Y="233" T="0" /><Point X="367" Y="233" T="0" /><Point X="370" Y="234" T="0" /><Point X="372" Y="234" T="0" /><Point X="374" Y="235" T="0" /><Point X="377" Y="236" T="0" /><Point X="379" Y="238" T="0" /><Point X="381" Y="241" T="0" /><Point X="383" Y="247" T="0" /><Point X="385" Y="258" T="0" /><Point X="387" Y="280" T="0" /><Point X="387" Y="297" T="0" /><Point X="387" Y="311" T="0" /><Point X="388" Y="326" T="0" /><Point X="390" Y="337" T="0" /><Point X="392" Y="345" T="0" /><Point X="394" Y="349" T="0" /><Point X="395" Y="353" T="0" /><Point X="397" Y="354" T="0" /><Point X="401" Y="355" T="0" /><Point X="407" Y="357" T="0" /><Point X="413" Y="357" T="0" /><Point X="438" Y="357" T="0" /><Point X="446" Y="357" T="0" /><Point X="453" Y="357" T="0" /><Point X="457" Y="355" T="0" /><Point X="459" Y="354" T="0" /><Point X="461" Y="354" T="0" /><Point X="462" Y="353" T="0" /><Point X="461" Y="353" T="0" /><Point X="459" Y="353" T="0" /><Point X="456" Y="355" T="0" /><Point X="453" Y="356" T="0" /><Point X="449" Y="359" T="0" /><Point X="446" Y="362" T="0" /><Point X="439" Y="372" T="0" /><Point X="432" Y="389" T="0" /><Point X="424" Y="413" T="0" /><Point X="421" Y="442" T="0" /><Point X="419" Y="502" T="0" /><Point X="419" Y="512" T="0" /><Point X="419" Y="516" T="0" /><Point X="419" Y="519" T="0" /><Point X="419" Y="520" T="0" /><Point X="419" Y="521" T="0" /><Point X="416" Y="521" T="0" /><Point X="413" Y="521" T="0" /><Point X="409" Y="521" T="0" /><Point X="404" Y="521" T="0" /><Point X="398" Y="521" T="0" /><Point X="394" Y="521" T="0" /><Point X="391" Y="521" T="0" /><Point X="388" Y="521" T="0" /><Point X="387" Y="521" T="0" /><Point X="385" Y="520" T="0" /><Point X="384" Y="520" T="0" /></Gesture>