<Gesture Name="right-square-bracket" Subject="1" Number="1" NumPts="34" Millseconds="0" AppName="Gestures" AppVer="1.0" Date="Wednesday, March 01, 2023" TimeOfDay="15:09:05" ID="3"><Point X="327" Y="306" T="0" /><Point X="334" Y="305" T="0" /><Point X="342" Y="305" T="0" /><Point X="354" Y="304" T="0" /><Point X="364" Y="304" T="0" /><Point X="375" Y="304" T="0" /><Point X="387" Y="304" T="0" /><Point X="400" Y="304" T="0" /><Point X="402" Y="304" T="0" /><Point X="403" Y="305" T="0" /><Point X="403" Y="306" T="0" /><Point X="402" Y="312" T="0" /><Point X="399" Y="322" T="0" /><Point X="395" Y="334" T="0" /><Point X="390" Y="359" T="0" /><Point X="387" Y="388" T="0" /><Point X="383" Y="419" T="0" /><Point X="383" Y="462" T="0" /><Point X="386" Y="501" T="0" /><Point X="391" Y="530" T="0" /><Point X="398" Y="567" T="0" /><Point X="401" Y="573" T="0" /><Point X="401" Y="575" T="0" /><Point X="401" Y="576" T="0" /><Point X="398" Y="576" T="0" /><Point X="384" Y="572" T="0" /><Point X="371" Y="570" T="0" /><Point X="340" Y="564" T="0" /><Point X="311" Y="561" T="0" /><Point X="298" Y="559" T="0" /><Point X="279" Y="558" T="0" /><Point X="277" Y="557" T="0" /><Point X="276" Y="557" T="0" /><Point X="275" Y="557" T="0" /></Gesture>