<Gesture Name="right-square-bracket" Subject="1" Number="1" NumPts="32" Millseconds="0" AppName="Gestures" AppVer="1.0" Date="Wednesday, March 01, 2023" TimeOfDay="15:15:01" ID="9"><Point X="290" Y="303" T="0" /><Point X="296" Y="303" T="0" /><Point X="304" Y="303" T="0" /><Point X="311" Y="303" T="0" /><Point X="319" Y="303" T="0" /><Point X="326" Y="304" T="0" /><Point X="330" Y="304" T="0" /><Point X="338" Y="308" T="0" /><Point X="340" Y="310" T="0" /><Point X="343" Y="317" T="0" /><Point X="344" Y="334" T="0" /><Point X="344" Y="356" T="0" /><Point X="344" Y="378" T="0" /><Point X="344" Y="418" T="0" /><Point X="344" Y="454" T="0" /><Point X="344" Y="475" T="0" /><Point X="344" Y="495" T="0" /><Point X="344" Y="508" T="0" /><Point X="344" Y="518" T="0" /><Point X="344" Y="525" T="0" /><Point X="344" Y="527" T="0" /><Point X="344" Y="529" T="0" /><Point X="344" Y="530" T="0" /><Point X="341" Y="531" T="0" /><Point X="333" Y="532" T="0" /><Point X="321" Y="534" T="0" /><Point X="307" Y="536" T="0" /><Point X="297" Y="537" T="0" /><Point X="290" Y="538" T="0" /><Point X="284" Y="538" T="0" /><Point X="281" Y="538" T="0" /><Point X="280" Y="538" T="0" /></Gesture>