<Gesture Name="right-square-bracket" Subject="1" Number="1" NumPts="31" Millseconds="0" AppName="Gestures" AppVer="1.0" Date="Wednesday, March 01, 2023" TimeOfDay="15:12:09" ID="6"><Point X="394" Y="256" T="0" /><Point X="421" Y="251" T="0" /><Point X="432" Y="249" T="0" /><Point X="441" Y="249" T="0" /><Point X="447" Y="249" T="0" /><Point X="451" Y="249" T="0" /><Point X="453" Y="249" T="0" /><Point X="454" Y="249" T="0" /><Point X="456" Y="249" T="0" /><Point X="456" Y="252" T="0" /><Point X="456" Y="259" T="0" /><Point X="456" Y="275" T="0" /><Point X="454" Y="314" T="0" /><Point X="450" Y="379" T="0" /><Point X="446" Y="437" T="0" /><Point X="446" Y="561" T="0" /><Point X="446" Y="585" T="0" /><Point X="447" Y="598" T="0" /><Point X="447" Y="603" T="0" /><Point X="447" Y="605" T="0" /><Point X="447" Y="606" T="0" /><Point X="446" Y="606" T="0" /><Point X="440" Y="603" T="0" /><Point X="431" Y="600" T="0" /><Point X="417" Y="595" T="0" /><Point X="392" Y="588" T="0" /><Point X="379" Y="584" T="0" /><Point X="368" Y="582" T="0" /><Point X="357" Y="580" T="0" /><Point X="356" Y="580" T="0" /><Point X="354" Y="580" T="0" /></Gesture>