<Gesture Name="right-square-bracket" Subject="1" Number="1" NumPts="29" Millseconds="0" AppName="Gestures" AppVer="1.0" Date="Wednesday, March 01, 2023" TimeOfDay="15:15:52" ID="10"><Point X="364" Y="310" T="0" /><Point X="370" Y="310" T="0" /><Point X="379" Y="310" T="0" /><Point X="389" Y="309" T="0" /><Point X="397" Y="309" T="0" /><Point X="411" Y="309" T="0" /><Point X="415" Y="309" T="0" /><Point X="417" Y="309" T="0" /><Point X="418" Y="309" T="0" /><Point X="418" Y="312" T="0" /><Point X="419" Y="320" T="0" /><Point X="419" Y="338" T="0" /><Point X="419" Y="366" T="0" /><Point X="419" Y="396" T="0" /><Point X="419" Y="439" T="0" /><Point X="419" Y="477" T="0" /><Point X="419" Y="507" T="0" /><Point X="419" Y="529" T="0" /><Point X="419" Y="541" T="0" /><Point X="420" Y="547" T="0" /><Point X="420" Y="551" T="0" /><Point X="413" Y="551" T="0" /><Point X="402" Y="551" T="0" /><Point X="396" Y="551" T="0" /><Point X="390" Y="551" T="0" /><Point X="387" Y="551" T="0" /><Point X="386" Y="551" T="0" /><Point X="385" Y="551" T="0" /><Point X="384" Y="551" T="0" /></Gesture>