<Gesture Name="right-curly-brace" Subject="1" Number="1" NumPts="53" Millseconds="0" AppName="Gestures" AppVer="1.0" Date="Wednesday, March 01, 2023" TimeOfDay="15:13:22" ID="7"><Point X="322" Y="246" T="0" /><Point X="325" Y="246" T="0" /><Point X="329" Y="246" T="0" /><Point X="333" Y="246" T="0" /><Point X="342" Y="247" T="0" /><Point X="344" Y="248" T="0" /><Point X="346" Y="250" T="0" /><Point X="349" Y="253" T="0" /><Point X="352" Y="259" T="0" /><Point X="353" Y="267" T="0" /><Point X="353" Y="282" T="0" /><Point X="353" Y="296" T="0" /><Point X="351" Y="308" T="0" /><Point X="349" Y="319" T="0" /><Point X="347" Y="329" T="0" /><Point X="346" Y="336" T="0" /><Point X="345" Y="342" T="0" /><Point X="345" Y="347" T="0" /><Point X="345" Y="350" T="0" /><Point X="345" Y="352" T="0" /><Point X="349" Y="356" T="0" /><Point X="350" Y="358" T="0" /><Point X="353" Y="359" T="0" /><Point X="358" Y="360" T="0" /><Point X="362" Y="360" T="0" /><Point X="364" Y="361" T="0" /><Point X="366" Y="361" T="0" /><Point X="369" Y="361" T="0" /><Point X="370" Y="361" T="0" /><Point X="370" Y="363" T="0" /><Point X="367" Y="372" T="0" /><Point X="366" Y="380" T="0" /><Point X="364" Y="391" T="0" /><Point X="359" Y="434" T="0" /><Point X="358" Y="443" T="0" /><Point X="358" Y="450" T="0" /><Point X="358" Y="453" T="0" /><Point X="357" Y="455" T="0" /><Point X="357" Y="456" T="0" /><Point X="356" Y="458" T="0" /><Point X="353" Y="460" T="0" /><Point X="349" Y="462" T="0" /><Point X="341" Y="465" T="0" /><Point X="332" Y="468" T="0" /><Point X="321" Y="471" T="0" /><Point X="311" Y="475" T="0" /><Point X="303" Y="476" T="0" /><Point X="296" Y="477" T="0" /><Point X="293" Y="477" T="0" /><Point X="290" Y="477" T="0" /><Point X="289" Y="477" T="0" /><Point X="288" Y="477" T="0" /><Point X="287" Y="477" T="0" /></Gesture>