<Gesture Name="right-square-bracket" Subject="1" Number="1" NumPts="35" Millseconds="0" AppName="Gestures" AppVer="1.0" Date="Wednesday, March 01, 2023" TimeOfDay="15:06:40" ID="1"><Point X="288" Y="277" T="0" /><Point X="292" Y="277" T="0" /><Point X="299" Y="278" T="0" /><Point X="308" Y="279" T="0" /><Point X="318" Y="279" T="0" /><Point X="325" Y="279" T="0" /><Point X="330" Y="279" T="0" /><Point X="338" Y="280" T="0" /><Point X="339" Y="280" T="0" /><Point X="340" Y="280" T="0" /><Point X="340" Y="282" T="0" /><Point X="340" Y="286" T="0" /><Point X="339" Y="295" T="0" /><Point X="337" Y="308" T="0" /><Point X="334" Y="333" T="0" /><Point X="332" Y="366" T="0" /><Point X="332" Y="415" T="0" /><Point X="332" Y="450" T="0" /><Point X="340" Y="524" T="0" /><Point X="343" Y="534" T="0" /><Point X="344" Y="539" T="0" /><Point X="345" Y="541" T="0" /><Point X="345" Y="543" T="0" /><Point X="346" Y="543" T="0" /><Point X="341" Y="543" T="0" /><Point X="333" Y="543" T="0" /><Point X="324" Y="542" T="0" /><Point X="304" Y="542" T="0" /><Point X="297" Y="542" T="0" /><Point X="294" Y="544" T="0" /><Point X="292" Y="544" T="0" /><Point X="291" Y="545" T="0" /><Point X="290" Y="545" T="0" /><Point X="289" Y="545" T="0" /><Point X="289" Y="546" T="0" /></Gesture>