<Gesture Name="right-curly-brace" Subject="1" Number="1" NumPts="51" Millseconds="0" AppName="Gestures" AppVer="1.0" Date="Wednesday, March 01, 2023" TimeOfDay="15:11:19" ID="5"><Point X="342" Y="286" T="0" /><Point X="346" Y="286" T="0" /><Point X="350" Y="286" T="0" /><Point X="354" Y="286" T="0" /><Point X="357" Y="286" T="0" /><Point X="359" Y="286" T="0" /><Point X="361" Y="287" T="0" /><Point X="364" Y="291" T="0" /><Point X="366" Y="302" T="0" /><Point X="366" Y="322" T="0" /><Point X="366" Y="338" T="0" /><Point X="366" Y="350" T="0" /><Point X="366" Y="365" T="0" /><Point X="366" Y="368" T="0" /><Point X="366" Y="369" T="0" /><Point X="367" Y="370" T="0" /><Point X="367" Y="371" T="0" /><Point X="368" Y="372" T="0" /><Point X="369" Y="373" T="0" /><Point X="375" Y="375" T="0" /><Point X="377" Y="375" T="0" /><Point X="380" Y="375" T="0" /><Point X="383" Y="375" T="0" /><Point X="385" Y="375" T="0" /><Point X="386" Y="375" T="0" /><Point X="387" Y="375" T="0" /><Point X="388" Y="375" T="0" /><Point X="389" Y="375" T="0" /><Point X="388" Y="377" T="0" /><Point X="383" Y="384" T="0" /><Point X="380" Y="391" T="0" /><Point X="377" Y="400" T="0" /><Point X="375" Y="415" T="0" /><Point X="374" Y="440" T="0" /><Point X="372" Y="465" T="0" /><Point X="372" Y="490" T="0" /><Point X="372" Y="520" T="0" /><Point X="372" Y="541" T="0" /><Point X="372" Y="555" T="0" /><Point X="372" Y="564" T="0" /><Point X="371" Y="570" T="0" /><Point X="371" Y="571" T="0" /><Point X="371" Y="572" T="0" /><Point X="370" Y="572" T="0" /><Point X="361" Y="572" T="0" /><Point X="353" Y="572" T="0" /><Point X="348" Y="572" T="0" /><Point X="342" Y="572" T="0" /><Point X="338" Y="571" T="0" /><Point X="336" Y="571" T="0" /><Point X="335" Y="570" T="0" /></Gesture>