<Gesture Name="right-square-bracket" Subject="1" Number="1" NumPts="35" Millseconds="0" AppName="Gestures" AppVer="1.0" Date="Wednesday, March 01, 2023" TimeOfDay="15:13:06" ID="7"><Point X="340" Y="316" T="0" /><Point X="349" Y="316" T="0" /><Point X="359" Y="316" T="0" /><Point X="368" Y="316" T="0" /><Point X="375" Y="315" T="0" /><Point X="382" Y="314" T="0" /><Point X="386" Y="313" T="0" /><Point X="388" Y="313" T="0" /><Point X="390" Y="313" T="0" /><Point X="391" Y="313" T="0" /><Point X="392" Y="313" T="0" /><Point X="393" Y="315" T="0" /><Point X="393" Y="322" T="0" /><Point X="393" Y="331" T="0" /><Point X="393" Y="356" T="0" /><Point X="393" Y="388" T="0" /><Point X="393" Y="426" T="0" /><Point X="393" Y="467" T="0" /><Point X="394" Y="497" T="0" /><Point X="394" Y="517" T="0" /><Point X="394" Y="530" T="0" /><Point X="394" Y="538" T="0" /><Point X="394" Y="543" T="0" /><Point X="394" Y="546" T="0" /><Point X="394" Y="547" T="0" /><Point X="393" Y="547" T="0" /><Point X="390" Y="547" T="0" /><Point X="384" Y="547" T="0" /><Point X="345" Y="547" T="0" /><Point X="335" Y="547" T="0" /><Point X="327" Y="548" T="0" /><Point X="321" Y="548" T="0" /><Point X="319" Y="549" T="0" /><Point X="317" Y="549" T="0" /><Point X="316" Y="549" T="0" /></Gesture>