<Gesture Name="right-curly-brace" Subject="1" Number="1" NumPts="48" Millseconds="0" AppName="Gestures" AppVer="1.0" Date="Wednesday, March 01, 2023" TimeOfDay="15:09:18" ID="3"><Point X="302" Y="244" T="0" /><Point X="305" Y="244" T="0" /><Point X="308" Y="244" T="0" /><Point X="311" Y="244" T="0" /><Point X="313" Y="245" T="0" /><Point X="315" Y="247" T="0" /><Point X="317" Y="251" T="0" /><Point X="320" Y="260" T="0" /><Point X="320" Y="306" T="0" /><Point X="320" Y="319" T="0" /><Point X="320" Y="330" T="0" /><Point X="320" Y="339" T="0" /><Point X="320" Y="346" T="0" /><Point X="320" Y="349" T="0" /><Point X="322" Y="353" T="0" /><Point X="324" Y="357" T="0" /><Point X="334" Y="364" T="0" /><Point X="340" Y="367" T="0" /><Point X="346" Y="369" T="0" /><Point X="352" Y="370" T="0" /><Point X="356" Y="370" T="0" /><Point X="362" Y="370" T="0" /><Point X="367" Y="370" T="0" /><Point X="376" Y="370" T="0" /><Point X="378" Y="370" T="0" /><Point X="379" Y="370" T="0" /><Point X="379" Y="374" T="0" /><Point X="374" Y="386" T="0" /><Point X="368" Y="402" T="0" /><Point X="361" Y="424" T="0" /><Point X="358" Y="445" T="0" /><Point X="355" Y="463" T="0" /><Point X="355" Y="479" T="0" /><Point X="355" Y="490" T="0" /><Point X="355" Y="498" T="0" /><Point X="355" Y="502" T="0" /><Point X="355" Y="508" T="0" /><Point X="356" Y="509" T="0" /><Point X="356" Y="510" T="0" /><Point X="356" Y="511" T="0" /><Point X="346" Y="515" T="0" /><Point X="341" Y="518" T="0" /><Point X="338" Y="519" T="0" /><Point X="336" Y="519" T="0" /><Point X="334" Y="519" T="0" /><Point X="333" Y="519" T="0" /><Point X="331" Y="519" T="0" /><Point X="330" Y="519" T="0" /></Gesture>