<Gesture Name="right-curly-brace" Subject="1" Number="1" NumPts="49" Millseconds="0" AppName="Gestures" AppVer="1.0" Date="Wednesday, March 01, 2023" TimeOfDay="15:14:12" ID="8"><Point X="343" Y="369" T="0" /><Point X="344" Y="369" T="0" /><Point X="345" Y="369" T="0" /><Point X="347" Y="369" T="0" /><Point X="354" Y="369" T="0" /><Point X="356" Y="370" T="0" /><Point X="361" Y="374" T="0" /><Point X="365" Y="382" T="0" /><Point X="374" Y="400" T="0" /><Point X="381" Y="420" T="0" /><Point X="386" Y="432" T="0" /><Point X="388" Y="442" T="0" /><Point X="390" Y="446" T="0" /><Point X="390" Y="449" T="0" /><Point X="392" Y="450" T="0" /><Point X="392" Y="451" T="0" /><Point X="395" Y="452" T="0" /><Point X="398" Y="452" T="0" /><Point X="402" Y="452" T="0" /><Point X="406" Y="452" T="0" /><Point X="416" Y="449" T="0" /><Point X="417" Y="448" T="0" /><Point X="417" Y="447" T="0" /><Point X="418" Y="447" T="0" /><Point X="418" Y="446" T="0" /><Point X="416" Y="447" T="0" /><Point X="411" Y="451" T="0" /><Point X="408" Y="455" T="0" /><Point X="402" Y="463" T="0" /><Point X="399" Y="470" T="0" /><Point X="395" Y="481" T="0" /><Point X="394" Y="492" T="0" /><Point X="393" Y="506" T="0" /><Point X="391" Y="551" T="0" /><Point X="389" Y="564" T="0" /><Point X="387" Y="575" T="0" /><Point X="385" Y="583" T="0" /><Point X="382" Y="590" T="0" /><Point X="379" Y="596" T="0" /><Point X="376" Y="598" T="0" /><Point X="364" Y="605" T="0" /><Point X="357" Y="606" T="0" /><Point X="350" Y="606" T="0" /><Point X="342" Y="606" T="0" /><Point X="338" Y="606" T="0" /><Point X="335" Y="606" T="0" /><Point X="333" Y="605" T="0" /><Point X="331" Y="604" T="0" /><Point X="330" Y="603" T="0" /></Gesture>