<Gesture Name="right-square-bracket" Subject="1" Number="1" NumPts="32" Millseconds="0" AppName="Gestures" AppVer="1.0" Date="Wednesday, March 01, 2023" TimeOfDay="15:10:06" ID="4"><Point X="304" Y="273" T="0" /><Point X="309" Y="273" T="0" /><Point X="316" Y="273" T="0" /><Point X="319" Y="273" T="0" /><Point X="323" Y="273" T="0" /><Point X="325" Y="273" T="0" /><Point X="326" Y="273" T="0" /><Point X="329" Y="273" T="0" /><Point X="330" Y="273" T="0" /><Point X="331" Y="274" T="0" /><Point X="332" Y="278" T="0" /><Point X="332" Y="288" T="0" /><Point X="332" Y="313" T="0" /><Point X="332" Y="340" T="0" /><Point X="332" Y="380" T="0" /><Point X="332" Y="432" T="0" /><Point X="338" Y="476" T="0" /><Point X="343" Y="511" T="0" /><Point X="347" Y="534" T="0" /><Point X="351" Y="545" T="0" /><Point X="353" Y="551" T="0" /><Point X="354" Y="553" T="0" /><Point X="354" Y="554" T="0" /><Point X="352" Y="554" T="0" /><Point X="347" Y="554" T="0" /><Point X="324" Y="552" T="0" /><Point X="318" Y="552" T="0" /><Point X="314" Y="552" T="0" /><Point X="311" Y="552" T="0" /><Point X="309" Y="552" T="0" /><Point X="308" Y="552" T="0" /><Point X="307" Y="552" T="0" /></Gesture>