<Gesture Name="star" Subject="1" Number="1" NumPts="94" Millseconds="0" AppName="Gestures" AppVer="1.0" Date="Wednesday, March 01, 2023" TimeOfDay="15:13:26" ID="7"><Point X="187" Y="525" T="0" /><Point X="187" Y="523" T="0" /><Point X="187" Y="520" T="0" /><Point X="189" Y="514" T="0" /><Point X="195" Y="500" T="0" /><Point X="209" Y="463" T="0" /><Point X="234" Y="408" T="0" /><Point X="255" Y="363" T="0" /><Point X="275" Y="314" T="0" /><Point X="290" Y="278" T="0" /><Point X="299" Y="253" T="0" /><Point X="302" Y="242" T="0" /><Point X="305" Y="231" T="0" /><Point X="305" Y="229" T="0" /><Point X="305" Y="230" T="0" /><Point X="305" Y="238" T="0" /><Point X="305" Y="248" T="0" /><Point X="311" Y="276" T="0" /><Point X="318" Y="310" T="0" /><Point X="336" Y="367" T="0" /><Point X="350" Y="411" T="0" /><Point X="361" Y="441" T="0" /><Point X="383" Y="491" T="0" /><Point X="387" Y="500" T="0" /><Point X="388" Y="503" T="0" /><Point X="388" Y="504" T="0" /><Point X="386" Y="503" T="0" /><Point X="379" Y="498" T="0" /><Point X="366" Y="492" T="0" /><Point X="334" Y="474" T="0" /><Point X="297" Y="453" T="0" /><Point X="209" Y="406" T="0" /><Point X="178" Y="394" T="0" /><Point X="161" Y="387" T="0" /><Point X="151" Y="383" T="0" /><Point X="146" Y="380" T="0" /><Point X="143" Y="380" T="0" /><Point X="143" Y="379" T="0" /><Point X="142" Y="379" T="0" /><Point X="144" Y="378" T="0" /><Point X="152" Y="376" T="0" /><Point X="164" Y="373" T="0" /><Point X="180" Y="368" T="0" /><Point X="220" Y="359" T="0" /><Point X="266" Y="348" T="0" /><Point X="300" Y="339" T="0" /><Point X="325" Y="333" T="0" /><Point X="337" Y="331" T="0" /><Point X="342" Y="330" T="0" /><Point X="346" Y="329" T="0" /><Point X="342" Y="335" T="0" /><Point X="339" Y="340" T="0" /><Point X="335" Y="346" T="0" /><Point X="327" Y="354" T="0" /><Point X="314" Y="369" T="0" /><Point X="301" Y="386" T="0" /><Point X="285" Y="404" T="0" /><Point X="270" Y="419" T="0" /><Point X="260" Y="428" T="0" /><Point X="252" Y="437" T="0" /><Point X="244" Y="443" T="0" /><Point X="238" Y="449" T="0" /><Point X="233" Y="452" T="0" /><Point X="226" Y="460" T="0" /><Point X="224" Y="462" T="0" /><Point X="222" Y="464" T="0" /><Point X="221" Y="466" T="0" /><Point X="220" Y="466" T="0" /><Point X="220" Y="468" T="0" /><Point X="218" Y="468" T="0" /><Point X="218" Y="469" T="0" /><Point X="218" Y="470" T="0" /><Point X="217" Y="470" T="0" /><Point X="216" Y="471" T="0" /><Point X="216" Y="472" T="0" /><Point X="215" Y="473" T="0" /><Point X="214" Y="475" T="0" /><Point X="213" Y="476" T="0" /><Point X="211" Y="478" T="0" /><Point X="209" Y="480" T="0" /><Point X="205" Y="487" T="0" /><Point X="203" Y="488" T="0" /><Point X="203" Y="490" T="0" /><Point X="201" Y="491" T="0" /><Point X="200" Y="493" T="0" /><Point X="199" Y="495" T="0" /><Point X="198" Y="496" T="0" /><Point X="198" Y="497" T="0" /><Point X="198" Y="499" T="0" /><Point X="197" Y="500" T="0" /><Point X="197" Y="501" T="0" /><Point X="196" Y="501" T="0" /><Point X="196" Y="502" T="0" /><Point X="196" Y="503" T="0" /></Gesture>