<Gesture Name="star" Subject="1" Number="1" NumPts="75" Millseconds="0" AppName="Gestures" AppVer="1.0" Date="Wednesday, March 01, 2023" TimeOfDay="15:16:14" ID="10"><Point X="190" Y="476" T="0" /><Point X="190" Y="472" T="0" /><Point X="194" Y="459" T="0" /><Point X="201" Y="432" T="0" /><Point X="241" Y="310" T="0" /><Point X="259" Y="271" T="0" /><Point X="272" Y="247" T="0" /><Point X="280" Y="232" T="0" /><Point X="284" Y="222" T="0" /><Point X="287" Y="216" T="0" /><Point X="288" Y="213" T="0" /><Point X="289" Y="208" T="0" /><Point X="289" Y="207" T="0" /><Point X="289" Y="206" T="0" /><Point X="289" Y="207" T="0" /><Point X="291" Y="211" T="0" /><Point X="294" Y="219" T="0" /><Point X="298" Y="232" T="0" /><Point X="310" Y="256" T="0" /><Point X="331" Y="298" T="0" /><Point X="347" Y="332" T="0" /><Point X="360" Y="358" T="0" /><Point X="371" Y="379" T="0" /><Point X="382" Y="410" T="0" /><Point X="384" Y="413" T="0" /><Point X="385" Y="414" T="0" /><Point X="385" Y="415" T="0" /><Point X="379" Y="412" T="0" /><Point X="372" Y="408" T="0" /><Point X="360" Y="402" T="0" /><Point X="335" Y="387" T="0" /><Point X="300" Y="369" T="0" /><Point X="264" Y="351" T="0" /><Point X="230" Y="335" T="0" /><Point X="161" Y="305" T="0" /><Point X="151" Y="301" T="0" /><Point X="144" Y="298" T="0" /><Point X="141" Y="298" T="0" /><Point X="140" Y="297" T="0" /><Point X="139" Y="297" T="0" /><Point X="139" Y="296" T="0" /><Point X="141" Y="296" T="0" /><Point X="161" Y="293" T="0" /><Point X="183" Y="287" T="0" /><Point X="223" Y="278" T="0" /><Point X="266" Y="269" T="0" /><Point X="303" Y="260" T="0" /><Point X="330" Y="253" T="0" /><Point X="343" Y="251" T="0" /><Point X="349" Y="250" T="0" /><Point X="352" Y="250" T="0" /><Point X="353" Y="250" T="0" /><Point X="353" Y="251" T="0" /><Point X="349" Y="255" T="0" /><Point X="343" Y="262" T="0" /><Point X="330" Y="283" T="0" /><Point X="315" Y="305" T="0" /><Point X="294" Y="333" T="0" /><Point X="245" Y="406" T="0" /><Point X="233" Y="423" T="0" /><Point X="225" Y="433" T="0" /><Point X="220" Y="440" T="0" /><Point X="215" Y="444" T="0" /><Point X="211" Y="448" T="0" /><Point X="207" Y="452" T="0" /><Point X="204" Y="456" T="0" /><Point X="200" Y="462" T="0" /><Point X="196" Y="468" T="0" /><Point X="193" Y="473" T="0" /><Point X="190" Y="477" T="0" /><Point X="189" Y="481" T="0" /><Point X="187" Y="482" T="0" /><Point X="187" Y="483" T="0" /><Point X="187" Y="484" T="0" /><Point X="186" Y="484" T="0" /></Gesture>