<Gesture Name="star" Subject="1" Number="1" NumPts="94" Millseconds="0" AppName="Gestures" AppVer="1.0" Date="Wednesday, March 01, 2023" TimeOfDay="15:11:23" ID="5"><Point X="156" Y="498" T="0" /><Point X="159" Y="491" T="0" /><Point X="181" Y="439" T="0" /><Point X="201" Y="389" T="0" /><Point X="218" Y="348" T="0" /><Point X="233" Y="307" T="0" /><Point X="246" Y="266" T="0" /><Point X="256" Y="236" T="0" /><Point X="260" Y="220" T="0" /><Point X="268" Y="190" T="0" /><Point X="270" Y="185" T="0" /><Point X="270" Y="183" T="0" /><Point X="271" Y="182" T="0" /><Point X="271" Y="183" T="0" /><Point X="271" Y="185" T="0" /><Point X="271" Y="189" T="0" /><Point X="272" Y="197" T="0" /><Point X="275" Y="210" T="0" /><Point X="285" Y="244" T="0" /><Point X="298" Y="293" T="0" /><Point X="326" Y="416" T="0" /><Point X="337" Y="454" T="0" /><Point X="340" Y="467" T="0" /><Point X="342" Y="477" T="0" /><Point X="344" Y="481" T="0" /><Point X="345" Y="483" T="0" /><Point X="345" Y="482" T="0" /><Point X="342" Y="478" T="0" /><Point X="337" Y="475" T="0" /><Point X="326" Y="465" T="0" /><Point X="223" Y="400" T="0" /><Point X="187" Y="382" T="0" /><Point X="155" Y="366" T="0" /><Point X="129" Y="351" T="0" /><Point X="110" Y="340" T="0" /><Point X="96" Y="331" T="0" /><Point X="89" Y="325" T="0" /><Point X="83" Y="320" T="0" /><Point X="79" Y="317" T="0" /><Point X="78" Y="316" T="0" /><Point X="77" Y="315" T="0" /><Point X="77" Y="314" T="0" /><Point X="79" Y="314" T="0" /><Point X="85" Y="314" T="0" /><Point X="98" Y="311" T="0" /><Point X="127" Y="307" T="0" /><Point X="172" Y="300" T="0" /><Point X="233" Y="287" T="0" /><Point X="290" Y="273" T="0" /><Point X="333" Y="260" T="0" /><Point X="364" Y="250" T="0" /><Point X="378" Y="244" T="0" /><Point X="385" Y="242" T="0" /><Point X="389" Y="240" T="0" /><Point X="390" Y="240" T="0" /><Point X="388" Y="240" T="0" /><Point X="382" Y="246" T="0" /><Point X="371" Y="253" T="0" /><Point X="299" Y="320" T="0" /><Point X="267" Y="351" T="0" /><Point X="245" Y="377" T="0" /><Point X="233" Y="391" T="0" /><Point X="227" Y="400" T="0" /><Point X="223" Y="405" T="0" /><Point X="220" Y="410" T="0" /><Point X="213" Y="420" T="0" /><Point X="209" Y="426" T="0" /><Point X="206" Y="431" T="0" /><Point X="202" Y="436" T="0" /><Point X="198" Y="440" T="0" /><Point X="194" Y="443" T="0" /><Point X="193" Y="444" T="0" /><Point X="191" Y="445" T="0" /><Point X="185" Y="450" T="0" /><Point X="183" Y="452" T="0" /><Point X="180" Y="454" T="0" /><Point X="176" Y="458" T="0" /><Point X="169" Y="466" T="0" /><Point X="167" Y="469" T="0" /><Point X="166" Y="470" T="0" /><Point X="164" Y="471" T="0" /><Point X="164" Y="472" T="0" /><Point X="163" Y="473" T="0" /><Point X="162" Y="474" T="0" /><Point X="162" Y="475" T="0" /><Point X="161" Y="476" T="0" /><Point X="160" Y="476" T="0" /><Point X="159" Y="478" T="0" /><Point X="158" Y="478" T="0" /><Point X="158" Y="479" T="0" /><Point X="157" Y="479" T="0" /><Point X="156" Y="479" T="0" /><Point X="156" Y="480" T="0" /><Point X="155" Y="480" T="0" /></Gesture>