<Gesture Name="star" Subject="1" Number="1" NumPts="143" Millseconds="0" AppName="Gestures" AppVer="1.0" Date="Wednesday, March 01, 2023" TimeOfDay="15:08:13" ID="2"><Point X="229" Y="449" T="0" /><Point X="235" Y="433" T="0" /><Point X="245" Y="413" T="0" /><Point X="256" Y="389" T="0" /><Point X="274" Y="353" T="0" /><Point X="308" Y="273" T="0" /><Point X="318" Y="253" T="0" /><Point X="323" Y="240" T="0" /><Point X="328" Y="229" T="0" /><Point X="335" Y="213" T="0" /><Point X="336" Y="210" T="0" /><Point X="338" Y="207" T="0" /><Point X="339" Y="204" T="0" /><Point X="339" Y="203" T="0" /><Point X="340" Y="204" T="0" /><Point X="341" Y="209" T="0" /><Point X="342" Y="216" T="0" /><Point X="344" Y="229" T="0" /><Point X="349" Y="250" T="0" /><Point X="359" Y="278" T="0" /><Point X="371" Y="311" T="0" /><Point X="383" Y="337" T="0" /><Point X="390" Y="350" T="0" /><Point X="393" Y="356" T="0" /><Point X="395" Y="359" T="0" /><Point X="397" Y="362" T="0" /><Point X="397" Y="363" T="0" /><Point X="398" Y="363" T="0" /><Point X="398" Y="364" T="0" /><Point X="399" Y="365" T="0" /><Point X="400" Y="367" T="0" /><Point X="400" Y="369" T="0" /><Point X="401" Y="371" T="0" /><Point X="402" Y="373" T="0" /><Point X="402" Y="375" T="0" /><Point X="403" Y="376" T="0" /><Point X="403" Y="377" T="0" /><Point X="403" Y="378" T="0" /><Point X="403" Y="379" T="0" /><Point X="403" Y="380" T="0" /><Point X="404" Y="380" T="0" /><Point X="405" Y="381" T="0" /><Point X="406" Y="383" T="0" /><Point X="409" Y="387" T="0" /><Point X="410" Y="391" T="0" /><Point X="412" Y="393" T="0" /><Point X="413" Y="395" T="0" /><Point X="415" Y="397" T="0" /><Point X="416" Y="400" T="0" /><Point X="417" Y="402" T="0" /><Point X="418" Y="403" T="0" /><Point X="419" Y="405" T="0" /><Point X="420" Y="407" T="0" /><Point X="424" Y="412" T="0" /><Point X="424" Y="414" T="0" /><Point X="425" Y="415" T="0" /><Point X="426" Y="416" T="0" /><Point X="426" Y="418" T="0" /><Point X="427" Y="418" T="0" /><Point X="427" Y="419" T="0" /><Point X="424" Y="417" T="0" /><Point X="414" Y="411" T="0" /><Point X="380" Y="392" T="0" /><Point X="324" Y="361" T="0" /><Point X="265" Y="327" T="0" /><Point X="216" Y="297" T="0" /><Point X="184" Y="275" T="0" /><Point X="162" Y="261" T="0" /><Point X="137" Y="243" T="0" /><Point X="134" Y="241" T="0" /><Point X="133" Y="241" T="0" /><Point X="135" Y="242" T="0" /><Point X="142" Y="243" T="0" /><Point X="154" Y="245" T="0" /><Point X="173" Y="246" T="0" /><Point X="206" Y="249" T="0" /><Point X="337" Y="263" T="0" /><Point X="379" Y="271" T="0" /><Point X="413" Y="276" T="0" /><Point X="434" Y="280" T="0" /><Point X="448" Y="281" T="0" /><Point X="457" Y="282" T="0" /><Point X="464" Y="282" T="0" /><Point X="469" Y="283" T="0" /><Point X="472" Y="283" T="0" /><Point X="473" Y="283" T="0" /><Point X="474" Y="283" T="0" /><Point X="475" Y="283" T="0" /><Point X="474" Y="284" T="0" /><Point X="467" Y="288" T="0" /><Point X="456" Y="294" T="0" /><Point X="438" Y="302" T="0" /><Point X="422" Y="311" T="0" /><Point X="404" Y="321" T="0" /><Point X="390" Y="331" T="0" /><Point X="373" Y="342" T="0" /><Point X="362" Y="350" T="0" /><Point X="353" Y="356" T="0" /><Point X="338" Y="368" T="0" /><Point X="333" Y="372" T="0" /><Point X="330" Y="375" T="0" /><Point X="326" Y="378" T="0" /><Point X="324" Y="380" T="0" /><Point X="321" Y="382" T="0" /><Point X="319" Y="385" T="0" /><Point X="317" Y="387" T="0" /><Point X="315" Y="389" T="0" /><Point X="312" Y="391" T="0" /><Point X="310" Y="393" T="0" /><Point X="308" Y="395" T="0" /><Point X="304" Y="397" T="0" /><Point X="302" Y="399" T="0" /><Point X="301" Y="401" T="0" /><Point X="299" Y="402" T="0" /><Point X="294" Y="405" T="0" /><Point X="292" Y="407" T="0" /><Point X="289" Y="408" T="0" /><Point X="287" Y="410" T="0" /><Point X="285" Y="412" T="0" /><Point X="283" Y="413" T="0" /><Point X="280" Y="416" T="0" /><Point X="275" Y="421" T="0" /><Point X="273" Y="422" T="0" /><Point X="272" Y="423" T="0" /><Point X="272" Y="424" T="0" /><Point X="270" Y="424" T="0" /><Point X="270" Y="425" T="0" /><Point X="268" Y="426" T="0" /><Point X="266" Y="427" T="0" /><Point X="264" Y="428" T="0" /><Point X="262" Y="430" T="0" /><Point X="259" Y="431" T="0" /><Point X="256" Y="432" T="0" /><Point X="254" Y="433" T="0" /><Point X="252" Y="434" T="0" /><Point X="249" Y="436" T="0" /><Point X="243" Y="441" T="0" /><Point X="240" Y="443" T="0" /><Point X="238" Y="444" T="0" /><Point X="236" Y="446" T="0" /><Point X="233" Y="448" T="0" /><Point X="231" Y="450" T="0" /><Point X="229" Y="451" T="0" /></Gesture>