<Gesture Name="star" Subject="1" Number="1" NumPts="85" Millseconds="0" AppName="Gestures" AppVer="1.0" Date="Wednesday, March 01, 2023" TimeOfDay="15:09:22" ID="3"><Point X="247" Y="490" T="0" /><Point X="253" Y="474" T="0" /><Point X="267" Y="443" T="0" /><Point X="288" Y="389" T="0" /><Point X="305" Y="337" T="0" /><Point X="326" Y="274" T="0" /><Point X="344" Y="225" T="0" /><Point X="361" Y="186" T="0" /><Point X="383" Y="128" T="0" /><Point X="385" Y="121" T="0" /><Point X="386" Y="119" T="0" /><Point X="386" Y="118" T="0" /><Point X="387" Y="117" T="0" /><Point X="387" Y="120" T="0" /><Point X="387" Y="150" T="0" /><Point X="387" Y="188" T="0" /><Point X="396" Y="313" T="0" /><Point X="406" Y="369" T="0" /><Point X="417" Y="407" T="0" /><Point X="432" Y="451" T="0" /><Point X="444" Y="481" T="0" /><Point X="452" Y="499" T="0" /><Point X="456" Y="508" T="0" /><Point X="459" Y="511" T="0" /><Point X="460" Y="513" T="0" /><Point X="461" Y="513" T="0" /><Point X="459" Y="510" T="0" /><Point X="452" Y="505" T="0" /><Point X="439" Y="497" T="0" /><Point X="401" Y="472" T="0" /><Point X="349" Y="437" T="0" /><Point X="303" Y="405" T="0" /><Point X="273" Y="384" T="0" /><Point X="243" Y="363" T="0" /><Point X="226" Y="348" T="0" /><Point X="214" Y="339" T="0" /><Point X="208" Y="334" T="0" /><Point X="204" Y="331" T="0" /><Point X="203" Y="330" T="0" /><Point X="202" Y="328" T="0" /><Point X="203" Y="328" T="0" /><Point X="206" Y="328" T="0" /><Point X="216" Y="326" T="0" /><Point X="236" Y="321" T="0" /><Point X="286" Y="311" T="0" /><Point X="340" Y="302" T="0" /><Point X="401" Y="289" T="0" /><Point X="449" Y="282" T="0" /><Point X="479" Y="280" T="0" /><Point X="491" Y="279" T="0" /><Point X="498" Y="279" T="0" /><Point X="500" Y="279" T="0" /><Point X="501" Y="279" T="0" /><Point X="500" Y="279" T="0" /><Point X="496" Y="279" T="0" /><Point X="490" Y="283" T="0" /><Point X="480" Y="289" T="0" /><Point X="463" Y="301" T="0" /><Point X="446" Y="313" T="0" /><Point X="381" Y="364" T="0" /><Point X="359" Y="381" T="0" /><Point X="338" Y="398" T="0" /><Point X="323" Y="412" T="0" /><Point X="313" Y="422" T="0" /><Point X="305" Y="429" T="0" /><Point X="298" Y="435" T="0" /><Point X="291" Y="441" T="0" /><Point X="285" Y="444" T="0" /><Point X="279" Y="449" T="0" /><Point X="274" Y="452" T="0" /><Point X="269" Y="456" T="0" /><Point X="266" Y="459" T="0" /><Point X="264" Y="462" T="0" /><Point X="260" Y="465" T="0" /><Point X="256" Y="469" T="0" /><Point X="251" Y="475" T="0" /><Point X="248" Y="478" T="0" /><Point X="243" Y="482" T="0" /><Point X="238" Y="484" T="0" /><Point X="235" Y="487" T="0" /><Point X="232" Y="489" T="0" /><Point X="230" Y="490" T="0" /><Point X="227" Y="492" T="0" /><Point X="226" Y="493" T="0" /><Point X="226" Y="494" T="0" /></Gesture>