<Gesture Name="star" Subject="1" Number="1" NumPts="100" Millseconds="0" AppName="Gestures" AppVer="1.0" Date="Wednesday, March 01, 2023" TimeOfDay="15:14:17" ID="8"><Point X="191" Y="506" T="0" /><Point X="196" Y="496" T="0" /><Point X="209" Y="464" T="0" /><Point X="239" Y="398" T="0" /><Point X="289" Y="268" T="0" /><Point X="304" Y="227" T="0" /><Point X="312" Y="194" T="0" /><Point X="315" Y="176" T="0" /><Point X="316" Y="166" T="0" /><Point X="316" Y="162" T="0" /><Point X="316" Y="159" T="0" /><Point X="318" Y="164" T="0" /><Point X="320" Y="173" T="0" /><Point X="326" Y="189" T="0" /><Point X="365" Y="289" T="0" /><Point X="380" Y="330" T="0" /><Point X="392" Y="364" T="0" /><Point X="398" Y="385" T="0" /><Point X="403" Y="399" T="0" /><Point X="405" Y="409" T="0" /><Point X="406" Y="414" T="0" /><Point X="408" Y="418" T="0" /><Point X="408" Y="419" T="0" /><Point X="407" Y="418" T="0" /><Point X="402" Y="416" T="0" /><Point X="391" Y="410" T="0" /><Point X="363" Y="397" T="0" /><Point X="321" Y="378" T="0" /><Point X="273" Y="356" T="0" /><Point X="224" Y="338" T="0" /><Point X="185" Y="323" T="0" /><Point X="160" Y="314" T="0" /><Point X="148" Y="310" T="0" /><Point X="136" Y="306" T="0" /><Point X="135" Y="306" T="0" /><Point X="134" Y="306" T="0" /><Point X="136" Y="306" T="0" /><Point X="141" Y="306" T="0" /><Point X="153" Y="306" T="0" /><Point X="168" Y="306" T="0" /><Point X="203" Y="298" T="0" /><Point X="251" Y="288" T="0" /><Point X="371" Y="263" T="0" /><Point X="412" Y="254" T="0" /><Point X="431" Y="248" T="0" /><Point X="443" Y="246" T="0" /><Point X="449" Y="244" T="0" /><Point X="453" Y="243" T="0" /><Point X="454" Y="243" T="0" /><Point X="455" Y="243" T="0" /><Point X="450" Y="247" T="0" /><Point X="442" Y="253" T="0" /><Point X="431" Y="262" T="0" /><Point X="378" Y="305" T="0" /><Point X="355" Y="325" T="0" /><Point X="335" Y="344" T="0" /><Point X="319" Y="359" T="0" /><Point X="306" Y="372" T="0" /><Point X="296" Y="381" T="0" /><Point X="286" Y="391" T="0" /><Point X="260" Y="421" T="0" /><Point X="252" Y="428" T="0" /><Point X="247" Y="435" T="0" /><Point X="242" Y="440" T="0" /><Point X="240" Y="443" T="0" /><Point X="237" Y="445" T="0" /><Point X="236" Y="446" T="0" /><Point X="235" Y="448" T="0" /><Point X="233" Y="449" T="0" /><Point X="233" Y="450" T="0" /><Point X="231" Y="451" T="0" /><Point X="231" Y="452" T="0" /><Point X="230" Y="453" T="0" /><Point X="230" Y="454" T="0" /><Point X="229" Y="455" T="0" /><Point X="228" Y="455" T="0" /><Point X="228" Y="457" T="0" /><Point X="227" Y="457" T="0" /><Point X="227" Y="458" T="0" /><Point X="226" Y="458" T="0" /><Point X="225" Y="458" T="0" /><Point X="225" Y="459" T="0" /><Point X="224" Y="460" T="0" /><Point X="224" Y="461" T="0" /><Point X="223" Y="461" T="0" /><Point X="222" Y="462" T="0" /><Point X="221" Y="462" T="0" /><Point X="221" Y="463" T="0" /><Point X="220" Y="464" T="0" /><Point X="219" Y="465" T="0" /><Point X="218" Y="467" T="0" /><Point X="215" Y="470" T="0" /><Point X="214" Y="473" T="0" /><Point X="210" Y="479" T="0" /><Point X="208" Y="482" T="0" /><Point X="207" Y="483" T="0" /><Point X="206" Y="484" T="0" /><Point X="206" Y="485" T="0" /><Point X="205" Y="485" T="0" /><Point X="205" Y="486" T="0" /></Gesture>