<Gesture Name="star" Subject="1" Number="1" NumPts="75" Millseconds="0" AppName="Gestures" AppVer="1.0" Date="Wednesday, March 01, 2023" TimeOfDay="15:10:22" ID="4"><Point X="180" Y="495" T="0" /><Point X="181" Y="488" T="0" /><Point X="186" Y="476" T="0" /><Point X="197" Y="444" T="0" /><Point X="214" Y="400" T="0" /><Point X="234" Y="350" T="0" /><Point X="265" Y="269" T="0" /><Point X="270" Y="256" T="0" /><Point X="272" Y="248" T="0" /><Point X="274" Y="242" T="0" /><Point X="274" Y="240" T="0" /><Point X="274" Y="239" T="0" /><Point X="274" Y="240" T="0" /><Point X="274" Y="244" T="0" /><Point X="274" Y="252" T="0" /><Point X="276" Y="267" T="0" /><Point X="285" Y="299" T="0" /><Point X="325" Y="418" T="0" /><Point X="341" Y="455" T="0" /><Point X="354" Y="478" T="0" /><Point X="358" Y="488" T="0" /><Point X="361" Y="494" T="0" /><Point X="362" Y="495" T="0" /><Point X="364" Y="497" T="0" /><Point X="363" Y="497" T="0" /><Point X="360" Y="494" T="0" /><Point X="353" Y="488" T="0" /><Point X="326" Y="472" T="0" /><Point X="200" Y="408" T="0" /><Point X="142" Y="379" T="0" /><Point X="97" Y="355" T="0" /><Point X="60" Y="339" T="0" /><Point X="38" Y="330" T="0" /><Point X="28" Y="324" T="0" /><Point X="25" Y="323" T="0" /><Point X="24" Y="322" T="0" /><Point X="23" Y="322" T="0" /><Point X="24" Y="322" T="0" /><Point X="29" Y="322" T="0" /><Point X="37" Y="322" T="0" /><Point X="49" Y="322" T="0" /><Point X="71" Y="322" T="0" /><Point X="115" Y="320" T="0" /><Point X="166" Y="318" T="0" /><Point X="224" Y="314" T="0" /><Point X="324" Y="307" T="0" /><Point X="339" Y="306" T="0" /><Point X="347" Y="304" T="0" /><Point X="350" Y="304" T="0" /><Point X="352" Y="304" T="0" /><Point X="353" Y="304" T="0" /><Point X="351" Y="304" T="0" /><Point X="347" Y="305" T="0" /><Point X="342" Y="310" T="0" /><Point X="335" Y="316" T="0" /><Point X="319" Y="327" T="0" /><Point X="305" Y="339" T="0" /><Point X="295" Y="350" T="0" /><Point X="258" Y="387" T="0" /><Point X="249" Y="399" T="0" /><Point X="241" Y="408" T="0" /><Point X="233" Y="417" T="0" /><Point X="225" Y="424" T="0" /><Point X="217" Y="433" T="0" /><Point X="209" Y="442" T="0" /><Point X="202" Y="451" T="0" /><Point X="196" Y="457" T="0" /><Point X="192" Y="462" T="0" /><Point X="188" Y="465" T="0" /><Point X="188" Y="467" T="0" /><Point X="187" Y="467" T="0" /><Point X="186" Y="469" T="0" /><Point X="185" Y="469" T="0" /><Point X="185" Y="470" T="0" /><Point X="184" Y="471" T="0" /></Gesture>