<Gesture Name="star" Subject="1" Number="1" NumPts="87" Millseconds="0" AppName="Gestures" AppVer="1.0" Date="Wednesday, March 01, 2023" TimeOfDay="15:12:27" ID="6"><Point X="234" Y="471" T="0" /><Point X="234" Y="464" T="0" /><Point X="256" Y="406" T="0" /><Point X="276" Y="346" T="0" /><Point X="292" Y="295" T="0" /><Point X="303" Y="257" T="0" /><Point X="313" Y="227" T="0" /><Point X="317" Y="208" T="0" /><Point X="318" Y="196" T="0" /><Point X="320" Y="188" T="0" /><Point X="320" Y="186" T="0" /><Point X="320" Y="185" T="0" /><Point X="320" Y="189" T="0" /><Point X="320" Y="195" T="0" /><Point X="320" Y="204" T="0" /><Point X="326" Y="233" T="0" /><Point X="335" Y="271" T="0" /><Point X="349" Y="317" T="0" /><Point X="365" Y="376" T="0" /><Point X="378" Y="417" T="0" /><Point X="388" Y="448" T="0" /><Point X="396" Y="465" T="0" /><Point X="399" Y="474" T="0" /><Point X="402" Y="478" T="0" /><Point X="403" Y="479" T="0" /><Point X="403" Y="480" T="0" /><Point X="398" Y="478" T="0" /><Point X="391" Y="473" T="0" /><Point X="381" Y="465" T="0" /><Point X="365" Y="452" T="0" /><Point X="290" Y="401" T="0" /><Point X="264" Y="379" T="0" /><Point X="244" Y="360" T="0" /><Point X="218" Y="338" T="0" /><Point X="196" Y="320" T="0" /><Point X="181" Y="308" T="0" /><Point X="172" Y="299" T="0" /><Point X="165" Y="294" T="0" /><Point X="163" Y="292" T="0" /><Point X="160" Y="290" T="0" /><Point X="164" Y="290" T="0" /><Point X="173" Y="290" T="0" /><Point X="189" Y="286" T="0" /><Point X="225" Y="281" T="0" /><Point X="265" Y="275" T="0" /><Point X="304" Y="270" T="0" /><Point X="335" Y="268" T="0" /><Point X="350" Y="266" T="0" /><Point X="360" Y="266" T="0" /><Point X="365" Y="265" T="0" /><Point X="367" Y="265" T="0" /><Point X="368" Y="265" T="0" /><Point X="369" Y="265" T="0" /><Point X="370" Y="265" T="0" /><Point X="371" Y="265" T="0" /><Point X="372" Y="265" T="0" /><Point X="373" Y="265" T="0" /><Point X="375" Y="265" T="0" /><Point X="376" Y="265" T="0" /><Point X="378" Y="264" T="0" /><Point X="382" Y="264" T="0" /><Point X="389" Y="263" T="0" /><Point X="394" Y="263" T="0" /><Point X="400" Y="263" T="0" /><Point X="403" Y="263" T="0" /><Point X="406" Y="262" T="0" /><Point X="407" Y="262" T="0" /><Point X="409" Y="262" T="0" /><Point X="408" Y="263" T="0" /><Point X="371" Y="292" T="0" /><Point X="350" Y="313" T="0" /><Point X="321" Y="340" T="0" /><Point X="295" Y="366" T="0" /><Point X="279" Y="384" T="0" /><Point X="266" Y="397" T="0" /><Point X="256" Y="411" T="0" /><Point X="228" Y="454" T="0" /><Point X="222" Y="462" T="0" /><Point X="215" Y="471" T="0" /><Point X="210" Y="477" T="0" /><Point X="205" Y="485" T="0" /><Point X="200" Y="489" T="0" /><Point X="198" Y="494" T="0" /><Point X="197" Y="497" T="0" /><Point X="195" Y="502" T="0" /><Point X="195" Y="503" T="0" /><Point X="195" Y="504" T="0" /></Gesture>