<Gesture Name="star" Subject="1" Number="1" NumPts="137" Millseconds="0" AppName="Gestures" AppVer="1.0" Date="Wednesday, March 01, 2023" TimeOfDay="15:06:57" ID="1"><Point X="224" Y="476" T="0" /><Point X="228" Y="467" T="0" /><Point X="234" Y="456" T="0" /><Point X="243" Y="434" T="0" /><Point X="253" Y="406" T="0" /><Point X="261" Y="376" T="0" /><Point X="271" Y="354" T="0" /><Point X="278" Y="329" T="0" /><Point X="282" Y="310" T="0" /><Point X="287" Y="296" T="0" /><Point X="291" Y="287" T="0" /><Point X="303" Y="260" T="0" /><Point X="309" Y="249" T="0" /><Point X="312" Y="242" T="0" /><Point X="313" Y="237" T="0" /><Point X="315" Y="232" T="0" /><Point X="316" Y="231" T="0" /><Point X="316" Y="234" T="0" /><Point X="316" Y="239" T="0" /><Point X="320" Y="268" T="0" /><Point X="325" Y="292" T="0" /><Point X="331" Y="316" T="0" /><Point X="337" Y="343" T="0" /><Point X="342" Y="362" T="0" /><Point X="347" Y="373" T="0" /><Point X="350" Y="379" T="0" /><Point X="352" Y="382" T="0" /><Point X="352" Y="384" T="0" /><Point X="353" Y="385" T="0" /><Point X="353" Y="386" T="0" /><Point X="353" Y="387" T="0" /><Point X="354" Y="387" T="0" /><Point X="354" Y="388" T="0" /><Point X="354" Y="389" T="0" /><Point X="354" Y="390" T="0" /><Point X="354" Y="391" T="0" /><Point X="355" Y="392" T="0" /><Point X="356" Y="395" T="0" /><Point X="358" Y="396" T="0" /><Point X="358" Y="399" T="0" /><Point X="360" Y="400" T="0" /><Point X="360" Y="401" T="0" /><Point X="361" Y="403" T="0" /><Point X="362" Y="403" T="0" /><Point X="362" Y="404" T="0" /><Point X="361" Y="404" T="0" /><Point X="354" Y="402" T="0" /><Point X="346" Y="396" T="0" /><Point X="321" Y="380" T="0" /><Point X="297" Y="365" T="0" /><Point X="273" Y="351" T="0" /><Point X="249" Y="340" T="0" /><Point X="229" Y="331" T="0" /><Point X="209" Y="324" T="0" /><Point X="171" Y="313" T="0" /><Point X="165" Y="312" T="0" /><Point X="160" Y="311" T="0" /><Point X="157" Y="311" T="0" /><Point X="156" Y="311" T="0" /><Point X="155" Y="311" T="0" /><Point X="155" Y="310" T="0" /><Point X="161" Y="308" T="0" /><Point X="170" Y="304" T="0" /><Point X="183" Y="301" T="0" /><Point X="210" Y="295" T="0" /><Point X="234" Y="289" T="0" /><Point X="262" Y="288" T="0" /><Point X="285" Y="286" T="0" /><Point X="302" Y="285" T="0" /><Point X="315" Y="285" T="0" /><Point X="325" Y="285" T="0" /><Point X="331" Y="285" T="0" /><Point X="338" Y="285" T="0" /><Point X="345" Y="285" T="0" /><Point X="349" Y="285" T="0" /><Point X="353" Y="285" T="0" /><Point X="354" Y="285" T="0" /><Point X="356" Y="285" T="0" /><Point X="354" Y="287" T="0" /><Point X="352" Y="291" T="0" /><Point X="348" Y="296" T="0" /><Point X="344" Y="300" T="0" /><Point X="341" Y="305" T="0" /><Point X="336" Y="309" T="0" /><Point X="328" Y="319" T="0" /><Point X="320" Y="331" T="0" /><Point X="313" Y="341" T="0" /><Point X="309" Y="348" T="0" /><Point X="305" Y="355" T="0" /><Point X="296" Y="375" T="0" /><Point X="293" Y="381" T="0" /><Point X="290" Y="389" T="0" /><Point X="288" Y="394" T="0" /><Point X="287" Y="399" T="0" /><Point X="286" Y="401" T="0" /><Point X="286" Y="403" T="0" /><Point X="283" Y="408" T="0" /><Point X="283" Y="411" T="0" /><Point X="281" Y="414" T="0" /><Point X="280" Y="416" T="0" /><Point X="278" Y="418" T="0" /><Point X="277" Y="420" T="0" /><Point X="276" Y="422" T="0" /><Point X="274" Y="423" T="0" /><Point X="274" Y="425" T="0" /><Point X="273" Y="427" T="0" /><Point X="272" Y="427" T="0" /><Point X="272" Y="429" T="0" /><Point X="271" Y="429" T="0" /><Point X="271" Y="430" T="0" /><Point X="270" Y="430" T="0" /><Point X="270" Y="431" T="0" /><Point X="269" Y="432" T="0" /><Point X="268" Y="432" T="0" /><Point X="267" Y="433" T="0" /><Point X="266" Y="433" T="0" /><Point X="264" Y="435" T="0" /><Point X="263" Y="436" T="0" /><Point X="261" Y="436" T="0" /><Point X="259" Y="436" T="0" /><Point X="254" Y="438" T="0" /><Point X="253" Y="439" T="0" /><Point X="252" Y="439" T="0" /><Point X="251" Y="439" T="0" /><Point X="250" Y="440" T="0" /><Point X="249" Y="440" T="0" /><Point X="248" Y="442" T="0" /><Point X="246" Y="445" T="0" /><Point X="245" Y="446" T="0" /><Point X="244" Y="447" T="0" /><Point X="243" Y="448" T="0" /><Point X="242" Y="449" T="0" /><Point X="241" Y="450" T="0" /><Point X="240" Y="451" T="0" /><Point X="239" Y="452" T="0" /><Point X="238" Y="452" T="0" /><Point X="237" Y="453" T="0" /></Gesture>