<Gesture Name="star" Subject="1" Number="1" NumPts="103" Millseconds="0" AppName="Gestures" AppVer="1.0" Date="Wednesday, March 01, 2023" TimeOfDay="15:15:17" ID="9"><Point X="207" Y="496" T="0" /><Point X="207" Y="491" T="0" /><Point X="209" Y="477" T="0" /><Point X="219" Y="444" T="0" /><Point X="232" Y="403" T="0" /><Point X="251" Y="333" T="0" /><Point X="271" Y="273" T="0" /><Point X="289" Y="221" T="0" /><Point X="304" Y="185" T="0" /><Point X="312" Y="167" T="0" /><Point X="315" Y="160" T="0" /><Point X="318" Y="154" T="0" /><Point X="318" Y="163" T="0" /><Point X="319" Y="167" T="0" /><Point X="321" Y="174" T="0" /><Point X="324" Y="186" T="0" /><Point X="329" Y="208" T="0" /><Point X="340" Y="238" T="0" /><Point X="355" Y="284" T="0" /><Point X="366" Y="325" T="0" /><Point X="381" Y="366" T="0" /><Point X="391" Y="396" T="0" /><Point X="398" Y="416" T="0" /><Point X="403" Y="427" T="0" /><Point X="405" Y="433" T="0" /><Point X="405" Y="435" T="0" /><Point X="407" Y="436" T="0" /><Point X="407" Y="437" T="0" /><Point X="406" Y="437" T="0" /><Point X="401" Y="436" T="0" /><Point X="387" Y="430" T="0" /><Point X="342" Y="409" T="0" /><Point X="266" Y="378" T="0" /><Point X="205" Y="353" T="0" /><Point X="156" Y="338" T="0" /><Point X="121" Y="325" T="0" /><Point X="98" Y="316" T="0" /><Point X="86" Y="312" T="0" /><Point X="79" Y="308" T="0" /><Point X="74" Y="307" T="0" /><Point X="73" Y="307" T="0" /><Point X="74" Y="307" T="0" /><Point X="75" Y="307" T="0" /><Point X="77" Y="307" T="0" /><Point X="83" Y="307" T="0" /><Point X="95" Y="307" T="0" /><Point X="116" Y="304" T="0" /><Point X="164" Y="294" T="0" /><Point X="228" Y="284" T="0" /><Point X="294" Y="272" T="0" /><Point X="347" Y="264" T="0" /><Point X="392" Y="258" T="0" /><Point X="426" Y="253" T="0" /><Point X="446" Y="250" T="0" /><Point X="470" Y="248" T="0" /><Point X="473" Y="247" T="0" /><Point X="474" Y="247" T="0" /><Point X="470" Y="249" T="0" /><Point X="458" Y="257" T="0" /><Point X="447" Y="265" T="0" /><Point X="429" Y="280" T="0" /><Point X="407" Y="296" T="0" /><Point X="384" Y="315" T="0" /><Point X="364" Y="334" T="0" /><Point X="349" Y="348" T="0" /><Point X="337" Y="359" T="0" /><Point X="329" Y="367" T="0" /><Point X="320" Y="374" T="0" /><Point X="299" Y="390" T="0" /><Point X="293" Y="396" T="0" /><Point X="287" Y="402" T="0" /><Point X="282" Y="408" T="0" /><Point X="277" Y="413" T="0" /><Point X="272" Y="418" T="0" /><Point X="268" Y="422" T="0" /><Point X="267" Y="423" T="0" /><Point X="264" Y="426" T="0" /><Point X="261" Y="428" T="0" /><Point X="259" Y="430" T="0" /><Point X="255" Y="432" T="0" /><Point X="253" Y="434" T="0" /><Point X="250" Y="436" T="0" /><Point X="245" Y="439" T="0" /><Point X="242" Y="442" T="0" /><Point X="233" Y="453" T="0" /><Point X="228" Y="456" T="0" /><Point X="224" Y="460" T="0" /><Point X="221" Y="464" T="0" /><Point X="216" Y="467" T="0" /><Point X="211" Y="470" T="0" /><Point X="209" Y="473" T="0" /><Point X="203" Y="478" T="0" /><Point X="200" Y="480" T="0" /><Point X="198" Y="482" T="0" /><Point X="195" Y="486" T="0" /><Point X="194" Y="488" T="0" /><Point X="193" Y="490" T="0" /><Point X="193" Y="491" T="0" /><Point X="192" Y="491" T="0" /><Point X="192" Y="492" T="0" /><Point X="192" Y="493" T="0" /><Point X="191" Y="493" T="0" /><Point X="191" Y="494" T="0" /></Gesture>