<Gesture Name="triangle" Subject="1" Number="1" NumPts="57" Millseconds="0" AppName="Gestures" AppVer="1.0" Date="Wednesday, March 01, 2023" TimeOfDay="15:09:30" ID="4"><Point X="282" Y="248" T="0" /><Point X="279" Y="256" T="0" /><Point X="243" Y="312" T="0" /><Point X="215" Y="361" T="0" /><Point X="187" Y="411" T="0" /><Point X="166" Y="446" T="0" /><Point X="153" Y="468" T="0" /><Point X="144" Y="481" T="0" /><Point X="138" Y="487" T="0" /><Point X="131" Y="495" T="0" /><Point X="130" Y="496" T="0" /><Point X="129" Y="497" T="0" /><Point X="128" Y="497" T="0" /><Point X="132" Y="497" T="0" /><Point X="142" Y="497" T="0" /><Point X="156" Y="497" T="0" /><Point X="229" Y="488" T="0" /><Point X="271" Y="483" T="0" /><Point X="313" Y="479" T="0" /><Point X="346" Y="476" T="0" /><Point X="374" Y="474" T="0" /><Point X="389" Y="473" T="0" /><Point X="398" Y="473" T="0" /><Point X="405" Y="472" T="0" /><Point X="408" Y="471" T="0" /><Point X="410" Y="471" T="0" /><Point X="411" Y="471" T="0" /><Point X="411" Y="470" T="0" /><Point X="404" Y="462" T="0" /><Point X="398" Y="455" T="0" /><Point X="390" Y="442" T="0" /><Point X="376" Y="420" T="0" /><Point X="364" Y="399" T="0" /><Point X="349" Y="372" T="0" /><Point X="336" Y="351" T="0" /><Point X="328" Y="333" T="0" /><Point X="318" Y="315" T="0" /><Point X="310" Y="302" T="0" /><Point X="304" Y="292" T="0" /><Point X="301" Y="285" T="0" /><Point X="298" Y="280" T="0" /><Point X="296" Y="275" T="0" /><Point X="293" Y="272" T="0" /><Point X="292" Y="269" T="0" /><Point X="288" Y="260" T="0" /><Point X="288" Y="259" T="0" /><Point X="287" Y="258" T="0" /><Point X="287" Y="257" T="0" /><Point X="287" Y="256" T="0" /><Point X="287" Y="255" T="0" /><Point X="286" Y="255" T="0" /><Point X="286" Y="254" T="0" /><Point X="285" Y="254" T="0" /><Point X="285" Y="253" T="0" /><Point X="284" Y="253" T="0" /><Point X="284" Y="252" T="0" /><Point X="283" Y="251" T="0" /></Gesture>