<Gesture Name="triangle" Subject="1" Number="1" NumPts="74" Millseconds="0" AppName="Gestures" AppVer="1.0" Date="Wednesday, March 01, 2023" TimeOfDay="15:11:31" ID="6"><Point X="309" Y="243" T="0" /><Point X="309" Y="247" T="0" /><Point X="306" Y="254" T="0" /><Point X="284" Y="308" T="0" /><Point X="271" Y="337" T="0" /><Point X="254" Y="376" T="0" /><Point X="242" Y="404" T="0" /><Point X="234" Y="422" T="0" /><Point X="229" Y="434" T="0" /><Point X="223" Y="443" T="0" /><Point X="220" Y="450" T="0" /><Point X="217" Y="455" T="0" /><Point X="215" Y="460" T="0" /><Point X="213" Y="466" T="0" /><Point X="211" Y="471" T="0" /><Point X="210" Y="474" T="0" /><Point X="209" Y="476" T="0" /><Point X="209" Y="477" T="0" /><Point X="208" Y="479" T="0" /><Point X="208" Y="480" T="0" /><Point X="213" Y="480" T="0" /><Point X="223" Y="480" T="0" /><Point X="278" Y="466" T="0" /><Point X="324" Y="454" T="0" /><Point X="369" Y="445" T="0" /><Point X="404" Y="436" T="0" /><Point X="430" Y="433" T="0" /><Point X="448" Y="431" T="0" /><Point X="460" Y="431" T="0" /><Point X="466" Y="431" T="0" /><Point X="468" Y="431" T="0" /><Point X="470" Y="431" T="0" /><Point X="470" Y="430" T="0" /><Point X="467" Y="427" T="0" /><Point X="461" Y="419" T="0" /><Point X="451" Y="404" T="0" /><Point X="441" Y="390" T="0" /><Point X="428" Y="373" T="0" /><Point X="381" Y="311" T="0" /><Point X="372" Y="297" T="0" /><Point X="366" Y="288" T="0" /><Point X="360" Y="280" T="0" /><Point X="355" Y="273" T="0" /><Point X="352" Y="267" T="0" /><Point X="349" Y="261" T="0" /><Point X="348" Y="257" T="0" /><Point X="347" Y="254" T="0" /><Point X="345" Y="253" T="0" /><Point X="345" Y="252" T="0" /><Point X="344" Y="251" T="0" /><Point X="343" Y="250" T="0" /><Point X="342" Y="249" T="0" /><Point X="338" Y="247" T="0" /><Point X="336" Y="245" T="0" /><Point X="335" Y="245" T="0" /><Point X="333" Y="244" T="0" /><Point X="332" Y="243" T="0" /><Point X="331" Y="243" T="0" /><Point X="331" Y="242" T="0" /><Point X="330" Y="242" T="0" /><Point X="328" Y="241" T="0" /><Point X="327" Y="239" T="0" /><Point X="326" Y="239" T="0" /><Point X="323" Y="239" T="0" /><Point X="323" Y="238" T="0" /><Point X="322" Y="238" T="0" /><Point X="320" Y="238" T="0" /><Point X="318" Y="238" T="0" /><Point X="317" Y="238" T="0" /><Point X="316" Y="238" T="0" /><Point X="315" Y="238" T="0" /><Point X="314" Y="238" T="0" /><Point X="313" Y="238" T="0" /><Point X="312" Y="238" T="0" /></Gesture>