<Gesture Name="triangle" Subject="1" Number="1" NumPts="59" Millseconds="0" AppName="Gestures" AppVer="1.0" Date="Wednesday, March 01, 2023" TimeOfDay="15:14:26" ID="9"><Point X="277" Y="276" T="0" /><Point X="276" Y="283" T="0" /><Point X="273" Y="296" T="0" /><Point X="263" Y="320" T="0" /><Point X="251" Y="348" T="0" /><Point X="206" Y="444" T="0" /><Point X="193" Y="467" T="0" /><Point X="184" Y="483" T="0" /><Point X="178" Y="492" T="0" /><Point X="174" Y="498" T="0" /><Point X="172" Y="501" T="0" /><Point X="171" Y="502" T="0" /><Point X="175" Y="502" T="0" /><Point X="184" Y="502" T="0" /><Point X="196" Y="502" T="0" /><Point X="224" Y="502" T="0" /><Point X="260" Y="502" T="0" /><Point X="292" Y="502" T="0" /><Point X="322" Y="502" T="0" /><Point X="355" Y="502" T="0" /><Point X="377" Y="504" T="0" /><Point X="389" Y="504" T="0" /><Point X="395" Y="505" T="0" /><Point X="397" Y="505" T="0" /><Point X="398" Y="505" T="0" /><Point X="399" Y="505" T="0" /><Point X="398" Y="503" T="0" /><Point X="394" Y="497" T="0" /><Point X="369" Y="454" T="0" /><Point X="351" Y="420" T="0" /><Point X="336" Y="391" T="0" /><Point X="325" Y="370" T="0" /><Point X="318" Y="355" T="0" /><Point X="307" Y="334" T="0" /><Point X="301" Y="319" T="0" /><Point X="298" Y="308" T="0" /><Point X="295" Y="299" T="0" /><Point X="293" Y="293" T="0" /><Point X="292" Y="290" T="0" /><Point X="291" Y="288" T="0" /><Point X="291" Y="287" T="0" /><Point X="291" Y="286" T="0" /><Point X="291" Y="285" T="0" /><Point X="290" Y="285" T="0" /><Point X="289" Y="284" T="0" /><Point X="289" Y="283" T="0" /><Point X="288" Y="282" T="0" /><Point X="287" Y="280" T="0" /><Point X="286" Y="279" T="0" /><Point X="285" Y="277" T="0" /><Point X="284" Y="275" T="0" /><Point X="283" Y="274" T="0" /><Point X="283" Y="273" T="0" /><Point X="281" Y="272" T="0" /><Point X="281" Y="271" T="0" /><Point X="280" Y="270" T="0" /><Point X="279" Y="269" T="0" /><Point X="278" Y="269" T="0" /><Point X="277" Y="268" T="0" /></Gesture>