<Gesture Name="triangle" Subject="1" Number="1" NumPts="75" Millseconds="0" AppName="Gestures" AppVer="1.0" Date="Wednesday, March 01, 2023" TimeOfDay="15:10:29" ID="5"><Point X="259" Y="255" T="0" /><Point X="255" Y="264" T="0" /><Point X="245" Y="290" T="0" /><Point X="230" Y="321" T="0" /><Point X="204" Y="364" T="0" /><Point X="181" Y="407" T="0" /><Point X="165" Y="441" T="0" /><Point X="139" Y="491" T="0" /><Point X="133" Y="500" T="0" /><Point X="129" Y="506" T="0" /><Point X="128" Y="510" T="0" /><Point X="125" Y="513" T="0" /><Point X="125" Y="514" T="0" /><Point X="124" Y="515" T="0" /><Point X="126" Y="515" T="0" /><Point X="131" Y="514" T="0" /><Point X="160" Y="508" T="0" /><Point X="194" Y="501" T="0" /><Point X="231" Y="496" T="0" /><Point X="284" Y="486" T="0" /><Point X="340" Y="476" T="0" /><Point X="388" Y="469" T="0" /><Point X="419" Y="464" T="0" /><Point X="435" Y="461" T="0" /><Point X="443" Y="459" T="0" /><Point X="447" Y="458" T="0" /><Point X="449" Y="458" T="0" /><Point X="443" Y="454" T="0" /><Point X="437" Y="449" T="0" /><Point X="429" Y="441" T="0" /><Point X="419" Y="429" T="0" /><Point X="405" Y="414" T="0" /><Point X="386" Y="391" T="0" /><Point X="368" Y="369" T="0" /><Point X="353" Y="352" T="0" /><Point X="344" Y="340" T="0" /><Point X="336" Y="331" T="0" /><Point X="330" Y="324" T="0" /><Point X="325" Y="316" T="0" /><Point X="320" Y="310" T="0" /><Point X="315" Y="304" T="0" /><Point X="311" Y="299" T="0" /><Point X="307" Y="296" T="0" /><Point X="303" Y="291" T="0" /><Point X="301" Y="289" T="0" /><Point X="299" Y="287" T="0" /><Point X="298" Y="286" T="0" /><Point X="296" Y="285" T="0" /><Point X="295" Y="284" T="0" /><Point X="293" Y="282" T="0" /><Point X="292" Y="282" T="0" /><Point X="292" Y="281" T="0" /><Point X="290" Y="281" T="0" /><Point X="289" Y="278" T="0" /><Point X="286" Y="275" T="0" /><Point X="284" Y="273" T="0" /><Point X="282" Y="270" T="0" /><Point X="280" Y="269" T="0" /><Point X="278" Y="267" T="0" /><Point X="277" Y="265" T="0" /><Point X="276" Y="265" T="0" /><Point X="275" Y="263" T="0" /><Point X="273" Y="263" T="0" /><Point X="272" Y="261" T="0" /><Point X="271" Y="261" T="0" /><Point X="268" Y="258" T="0" /><Point X="267" Y="258" T="0" /><Point X="266" Y="257" T="0" /><Point X="265" Y="256" T="0" /><Point X="265" Y="255" T="0" /><Point X="263" Y="255" T="0" /><Point X="262" Y="253" T="0" /><Point X="261" Y="253" T="0" /><Point X="261" Y="252" T="0" /><Point X="260" Y="252" T="0" /></Gesture>