<Gesture Name="triangle" Subject="1" Number="1" NumPts="77" Millseconds="0" AppName="Gestures" AppVer="1.0" Date="Wednesday, March 01, 2023" TimeOfDay="15:08:22" ID="3"><Point X="286" Y="277" T="0" /><Point X="284" Y="283" T="0" /><Point X="278" Y="298" T="0" /><Point X="263" Y="329" T="0" /><Point X="245" Y="358" T="0" /><Point X="221" Y="396" T="0" /><Point X="205" Y="430" T="0" /><Point X="193" Y="451" T="0" /><Point X="186" Y="462" T="0" /><Point X="182" Y="470" T="0" /><Point X="179" Y="473" T="0" /><Point X="178" Y="477" T="0" /><Point X="177" Y="477" T="0" /><Point X="176" Y="477" T="0" /><Point X="176" Y="478" T="0" /><Point X="179" Y="478" T="0" /><Point X="191" Y="476" T="0" /><Point X="210" Y="473" T="0" /><Point X="300" Y="466" T="0" /><Point X="338" Y="466" T="0" /><Point X="376" Y="466" T="0" /><Point X="401" Y="466" T="0" /><Point X="414" Y="466" T="0" /><Point X="423" Y="466" T="0" /><Point X="428" Y="467" T="0" /><Point X="430" Y="467" T="0" /><Point X="431" Y="467" T="0" /><Point X="432" Y="467" T="0" /><Point X="432" Y="468" T="0" /><Point X="431" Y="468" T="0" /><Point X="428" Y="466" T="0" /><Point X="425" Y="463" T="0" /><Point X="419" Y="458" T="0" /><Point X="412" Y="452" T="0" /><Point X="404" Y="442" T="0" /><Point X="368" Y="396" T="0" /><Point X="356" Y="379" T="0" /><Point X="347" Y="366" T="0" /><Point X="342" Y="356" T="0" /><Point X="336" Y="347" T="0" /><Point X="331" Y="339" T="0" /><Point X="327" Y="332" T="0" /><Point X="323" Y="324" T="0" /><Point X="321" Y="320" T="0" /><Point X="318" Y="315" T="0" /><Point X="316" Y="312" T="0" /><Point X="314" Y="308" T="0" /><Point X="313" Y="306" T="0" /><Point X="311" Y="304" T="0" /><Point X="310" Y="302" T="0" /><Point X="309" Y="301" T="0" /><Point X="307" Y="298" T="0" /><Point X="306" Y="296" T="0" /><Point X="304" Y="292" T="0" /><Point X="303" Y="291" T="0" /><Point X="301" Y="287" T="0" /><Point X="301" Y="285" T="0" /><Point X="300" Y="284" T="0" /><Point X="298" Y="281" T="0" /><Point X="298" Y="280" T="0" /><Point X="297" Y="279" T="0" /><Point X="296" Y="278" T="0" /><Point X="296" Y="277" T="0" /><Point X="294" Y="275" T="0" /><Point X="293" Y="275" T="0" /><Point X="293" Y="274" T="0" /><Point X="292" Y="274" T="0" /><Point X="292" Y="273" T="0" /><Point X="291" Y="273" T="0" /><Point X="291" Y="272" T="0" /><Point X="290" Y="272" T="0" /><Point X="289" Y="272" T="0" /><Point X="288" Y="272" T="0" /><Point X="287" Y="272" T="0" /><Point X="286" Y="272" T="0" /><Point X="285" Y="271" T="0" /><Point X="284" Y="271" T="0" /></Gesture>