<Gesture Name="triangle" Subject="1" Number="1" NumPts="56" Millseconds="0" AppName="Gestures" AppVer="1.0" Date="Wednesday, March 01, 2023" TimeOfDay="15:05:56" ID="1"><Point X="278" Y="203" T="0" /><Point X="275" Y="208" T="0" /><Point X="270" Y="217" T="0" /><Point X="257" Y="238" T="0" /><Point X="243" Y="259" T="0" /><Point X="224" Y="289" T="0" /><Point X="205" Y="326" T="0" /><Point X="190" Y="357" T="0" /><Point X="176" Y="386" T="0" /><Point X="166" Y="407" T="0" /><Point X="157" Y="427" T="0" /><Point X="153" Y="441" T="0" /><Point X="148" Y="453" T="0" /><Point X="142" Y="471" T="0" /><Point X="140" Y="474" T="0" /><Point X="139" Y="477" T="0" /><Point X="138" Y="478" T="0" /><Point X="142" Y="476" T="0" /><Point X="155" Y="471" T="0" /><Point X="187" Y="457" T="0" /><Point X="255" Y="431" T="0" /><Point X="317" Y="413" T="0" /><Point X="368" Y="401" T="0" /><Point X="419" Y="393" T="0" /><Point X="458" Y="388" T="0" /><Point X="478" Y="386" T="0" /><Point X="489" Y="385" T="0" /><Point X="495" Y="385" T="0" /><Point X="501" Y="385" T="0" /><Point X="502" Y="385" T="0" /><Point X="498" Y="384" T="0" /><Point X="491" Y="382" T="0" /><Point X="479" Y="376" T="0" /><Point X="456" Y="365" T="0" /><Point X="430" Y="350" T="0" /><Point X="398" Y="330" T="0" /><Point X="373" Y="314" T="0" /><Point X="351" Y="298" T="0" /><Point X="305" Y="266" T="0" /><Point X="295" Y="258" T="0" /><Point X="288" Y="251" T="0" /><Point X="281" Y="245" T="0" /><Point X="276" Y="239" T="0" /><Point X="273" Y="234" T="0" /><Point X="271" Y="232" T="0" /><Point X="270" Y="229" T="0" /><Point X="269" Y="228" T="0" /><Point X="269" Y="227" T="0" /><Point X="269" Y="226" T="0" /><Point X="267" Y="224" T="0" /><Point X="266" Y="221" T="0" /><Point X="264" Y="217" T="0" /><Point X="261" Y="212" T="0" /><Point X="258" Y="205" T="0" /><Point X="257" Y="203" T="0" /><Point X="257" Y="202" T="0" /></Gesture>