<Gesture Name="triangle" Subject="1" Number="1" NumPts="45" Millseconds="0" AppName="Gestures" AppVer="1.0" Date="Wednesday, March 01, 2023" TimeOfDay="15:12:33" ID="7"><Point X="253" Y="322" T="0" /><Point X="245" Y="333" T="0" /><Point X="230" Y="358" T="0" /><Point X="204" Y="393" T="0" /><Point X="185" Y="425" T="0" /><Point X="171" Y="447" T="0" /><Point X="149" Y="477" T="0" /><Point X="147" Y="481" T="0" /><Point X="144" Y="484" T="0" /><Point X="142" Y="486" T="0" /><Point X="139" Y="490" T="0" /><Point X="137" Y="493" T="0" /><Point X="135" Y="497" T="0" /><Point X="133" Y="500" T="0" /><Point X="133" Y="502" T="0" /><Point X="131" Y="504" T="0" /><Point X="131" Y="505" T="0" /><Point X="131" Y="506" T="0" /><Point X="132" Y="506" T="0" /><Point X="141" Y="505" T="0" /><Point X="165" Y="495" T="0" /><Point X="198" Y="483" T="0" /><Point X="255" Y="467" T="0" /><Point X="303" Y="455" T="0" /><Point X="351" Y="448" T="0" /><Point X="390" Y="442" T="0" /><Point X="421" Y="439" T="0" /><Point X="434" Y="438" T="0" /><Point X="451" Y="437" T="0" /><Point X="454" Y="437" T="0" /><Point X="455" Y="437" T="0" /><Point X="454" Y="435" T="0" /><Point X="448" Y="432" T="0" /><Point X="438" Y="425" T="0" /><Point X="415" Y="412" T="0" /><Point X="379" Y="394" T="0" /><Point X="337" Y="375" T="0" /><Point X="303" Y="359" T="0" /><Point X="277" Y="346" T="0" /><Point X="261" Y="336" T="0" /><Point X="253" Y="331" T="0" /><Point X="249" Y="328" T="0" /><Point X="245" Y="326" T="0" /><Point X="243" Y="323" T="0" /><Point X="242" Y="323" T="0" /></Gesture>