<Gesture Name="triangle" Subject="1" Number="1" NumPts="50" Millseconds="0" AppName="Gestures" AppVer="1.0" Date="Wednesday, March 01, 2023" TimeOfDay="15:13:33" ID="8"><Point X="263" Y="338" T="0" /><Point X="256" Y="351" T="0" /><Point X="244" Y="382" T="0" /><Point X="226" Y="421" T="0" /><Point X="208" Y="468" T="0" /><Point X="193" Y="509" T="0" /><Point X="182" Y="535" T="0" /><Point X="176" Y="547" T="0" /><Point X="173" Y="554" T="0" /><Point X="171" Y="559" T="0" /><Point X="171" Y="560" T="0" /><Point X="171" Y="561" T="0" /><Point X="173" Y="561" T="0" /><Point X="180" Y="558" T="0" /><Point X="193" Y="555" T="0" /><Point X="228" Y="549" T="0" /><Point X="362" Y="523" T="0" /><Point X="409" Y="517" T="0" /><Point X="443" Y="514" T="0" /><Point X="469" Y="509" T="0" /><Point X="481" Y="507" T="0" /><Point X="488" Y="506" T="0" /><Point X="491" Y="505" T="0" /><Point X="493" Y="505" T="0" /><Point X="492" Y="504" T="0" /><Point X="487" Y="500" T="0" /><Point X="479" Y="494" T="0" /><Point X="462" Y="479" T="0" /><Point X="434" Y="458" T="0" /><Point X="404" Y="435" T="0" /><Point X="371" Y="411" T="0" /><Point X="345" Y="389" T="0" /><Point X="325" Y="374" T="0" /><Point X="290" Y="348" T="0" /><Point X="284" Y="342" T="0" /><Point X="281" Y="340" T="0" /><Point X="279" Y="339" T="0" /><Point X="278" Y="338" T="0" /><Point X="277" Y="338" T="0" /><Point X="276" Y="338" T="0" /><Point X="276" Y="337" T="0" /><Point X="275" Y="337" T="0" /><Point X="274" Y="337" T="0" /><Point X="273" Y="336" T="0" /><Point X="271" Y="336" T="0" /><Point X="269" Y="335" T="0" /><Point X="268" Y="335" T="0" /><Point X="267" Y="334" T="0" /><Point X="265" Y="333" T="0" /><Point X="264" Y="333" T="0" /></Gesture>