<Gesture Name="triangle" Subject="1" Number="1" NumPts="103" Millseconds="0" AppName="Gestures" AppVer="1.0" Date="Wednesday, March 01, 2023" TimeOfDay="15:07:08" ID="2"><Point X="281" Y="314" T="0" /><Point X="280" Y="318" T="0" /><Point X="276" Y="326" T="0" /><Point X="269" Y="339" T="0" /><Point X="253" Y="368" T="0" /><Point X="233" Y="405" T="0" /><Point X="212" Y="442" T="0" /><Point X="195" Y="472" T="0" /><Point X="167" Y="522" T="0" /><Point X="162" Y="533" T="0" /><Point X="160" Y="542" T="0" /><Point X="158" Y="547" T="0" /><Point X="158" Y="550" T="0" /><Point X="158" Y="552" T="0" /><Point X="158" Y="553" T="0" /><Point X="159" Y="553" T="0" /><Point X="164" Y="553" T="0" /><Point X="173" Y="552" T="0" /><Point X="187" Y="550" T="0" /><Point X="200" Y="549" T="0" /><Point X="224" Y="547" T="0" /><Point X="309" Y="541" T="0" /><Point X="328" Y="541" T="0" /><Point X="340" Y="541" T="0" /><Point X="348" Y="540" T="0" /><Point X="353" Y="540" T="0" /><Point X="356" Y="540" T="0" /><Point X="358" Y="540" T="0" /><Point X="359" Y="539" T="0" /><Point X="360" Y="539" T="0" /><Point X="362" Y="538" T="0" /><Point X="363" Y="538" T="0" /><Point X="364" Y="538" T="0" /><Point X="366" Y="538" T="0" /><Point X="366" Y="537" T="0" /><Point X="367" Y="537" T="0" /><Point X="368" Y="535" T="0" /><Point X="370" Y="533" T="0" /><Point X="370" Y="529" T="0" /><Point X="370" Y="525" T="0" /><Point X="370" Y="522" T="0" /><Point X="366" Y="508" T="0" /><Point X="360" Y="495" T="0" /><Point X="353" Y="483" T="0" /><Point X="347" Y="468" T="0" /><Point X="342" Y="455" T="0" /><Point X="334" Y="437" T="0" /><Point X="324" Y="419" T="0" /><Point X="318" Y="407" T="0" /><Point X="315" Y="398" T="0" /><Point X="312" Y="392" T="0" /><Point X="311" Y="389" T="0" /><Point X="310" Y="388" T="0" /><Point X="309" Y="386" T="0" /><Point X="309" Y="385" T="0" /><Point X="309" Y="384" T="0" /><Point X="308" Y="383" T="0" /><Point X="307" Y="381" T="0" /><Point X="306" Y="378" T="0" /><Point X="306" Y="375" T="0" /><Point X="304" Y="372" T="0" /><Point X="303" Y="369" T="0" /><Point X="302" Y="367" T="0" /><Point X="301" Y="365" T="0" /><Point X="301" Y="364" T="0" /><Point X="300" Y="361" T="0" /><Point X="299" Y="360" T="0" /><Point X="298" Y="357" T="0" /><Point X="298" Y="356" T="0" /><Point X="297" Y="354" T="0" /><Point X="297" Y="353" T="0" /><Point X="296" Y="352" T="0" /><Point X="295" Y="350" T="0" /><Point X="295" Y="348" T="0" /><Point X="295" Y="347" T="0" /><Point X="294" Y="345" T="0" /><Point X="294" Y="344" T="0" /><Point X="294" Y="343" T="0" /><Point X="293" Y="342" T="0" /><Point X="293" Y="341" T="0" /><Point X="293" Y="340" T="0" /><Point X="293" Y="339" T="0" /><Point X="293" Y="337" T="0" /><Point X="292" Y="337" T="0" /><Point X="292" Y="336" T="0" /><Point X="292" Y="335" T="0" /><Point X="291" Y="334" T="0" /><Point X="291" Y="333" T="0" /><Point X="290" Y="332" T="0" /><Point X="289" Y="331" T="0" /><Point X="289" Y="330" T="0" /><Point X="288" Y="328" T="0" /><Point X="287" Y="328" T="0" /><Point X="287" Y="327" T="0" /><Point X="286" Y="326" T="0" /><Point X="286" Y="325" T="0" /><Point X="286" Y="324" T="0" /><Point X="285" Y="324" T="0" /><Point X="284" Y="323" T="0" /><Point X="284" Y="322" T="0" /><Point X="283" Y="321" T="0" /><Point X="283" Y="320" T="0" /><Point X="282" Y="320" T="0" /></Gesture>