<Gesture Name="triangle" Subject="1" Number="1" NumPts="69" Millseconds="0" AppName="Gestures" AppVer="1.0" Date="Wednesday, March 01, 2023" TimeOfDay="15:15:24" ID="10"><Point X="368" Y="153" T="0" /><Point X="366" Y="156" T="0" /><Point X="363" Y="161" T="0" /><Point X="359" Y="168" T="0" /><Point X="350" Y="185" T="0" /><Point X="335" Y="211" T="0" /><Point X="312" Y="254" T="0" /><Point X="264" Y="352" T="0" /><Point X="248" Y="384" T="0" /><Point X="241" Y="401" T="0" /><Point X="236" Y="412" T="0" /><Point X="233" Y="418" T="0" /><Point X="231" Y="421" T="0" /><Point X="231" Y="423" T="0" /><Point X="230" Y="424" T="0" /><Point X="230" Y="425" T="0" /><Point X="231" Y="425" T="0" /><Point X="236" Y="424" T="0" /><Point X="296" Y="409" T="0" /><Point X="333" Y="402" T="0" /><Point X="364" Y="397" T="0" /><Point X="401" Y="389" T="0" /><Point X="435" Y="384" T="0" /><Point X="458" Y="381" T="0" /><Point X="476" Y="379" T="0" /><Point X="500" Y="376" T="0" /><Point X="504" Y="375" T="0" /><Point X="507" Y="374" T="0" /><Point X="509" Y="374" T="0" /><Point X="510" Y="374" T="0" /><Point X="512" Y="373" T="0" /><Point X="513" Y="372" T="0" /><Point X="513" Y="368" T="0" /><Point X="510" Y="362" T="0" /><Point X="504" Y="354" T="0" /><Point X="489" Y="336" T="0" /><Point X="463" Y="305" T="0" /><Point X="436" Y="272" T="0" /><Point X="416" Y="249" T="0" /><Point X="402" Y="232" T="0" /><Point X="395" Y="222" T="0" /><Point X="389" Y="214" T="0" /><Point X="383" Y="207" T="0" /><Point X="377" Y="197" T="0" /><Point X="375" Y="195" T="0" /><Point X="374" Y="193" T="0" /><Point X="374" Y="190" T="0" /><Point X="374" Y="189" T="0" /><Point X="374" Y="188" T="0" /><Point X="373" Y="187" T="0" /><Point X="373" Y="186" T="0" /><Point X="373" Y="185" T="0" /><Point X="372" Y="184" T="0" /><Point X="371" Y="183" T="0" /><Point X="370" Y="182" T="0" /><Point X="370" Y="181" T="0" /><Point X="369" Y="180" T="0" /><Point X="368" Y="179" T="0" /><Point X="365" Y="175" T="0" /><Point X="364" Y="174" T="0" /><Point X="362" Y="172" T="0" /><Point X="361" Y="170" T="0" /><Point X="359" Y="169" T="0" /><Point X="359" Y="168" T="0" /><Point X="358" Y="167" T="0" /><Point X="358" Y="166" T="0" /><Point X="357" Y="166" T="0" /><Point X="357" Y="165" T="0" /><Point X="356" Y="164" T="0" /></Gesture>