<Gesture Name="v" Subject="1" Number="1" NumPts="29" Millseconds="0" AppName="Gestures" AppVer="1.0" Date="Wednesday, March 01, 2023" TimeOfDay="15:06:42" ID="1"><Point X="172" Y="415" T="0" /><Point X="175" Y="420" T="0" /><Point X="181" Y="428" T="0" /><Point X="189" Y="441" T="0" /><Point X="238" Y="521" T="0" /><Point X="255" Y="551" T="0" /><Point X="275" Y="580" T="0" /><Point X="285" Y="597" T="0" /><Point X="291" Y="605" T="0" /><Point X="294" Y="610" T="0" /><Point X="296" Y="612" T="0" /><Point X="297" Y="614" T="0" /><Point X="297" Y="613" T="0" /><Point X="297" Y="611" T="0" /><Point X="297" Y="607" T="0" /><Point X="297" Y="601" T="0" /><Point X="299" Y="589" T="0" /><Point X="309" Y="566" T="0" /><Point X="322" Y="535" T="0" /><Point X="341" Y="498" T="0" /><Point X="356" Y="469" T="0" /><Point X="364" Y="452" T="0" /><Point X="369" Y="439" T="0" /><Point X="375" Y="421" T="0" /><Point X="375" Y="419" T="0" /><Point X="376" Y="418" T="0" /><Point X="376" Y="417" T="0" /><Point X="376" Y="416" T="0" /><Point X="376" Y="415" T="0" /></Gesture>