<Gesture Name="v" Subject="1" Number="1" NumPts="30" Millseconds="0" AppName="Gestures" AppVer="1.0" Date="Wednesday, March 01, 2023" TimeOfDay="15:15:55" ID="10"><Point X="237" Y="371" T="0" /><Point X="245" Y="386" T="0" /><Point X="260" Y="415" T="0" /><Point X="273" Y="442" T="0" /><Point X="292" Y="478" T="0" /><Point X="308" Y="515" T="0" /><Point X="319" Y="538" T="0" /><Point X="333" Y="569" T="0" /><Point X="334" Y="572" T="0" /><Point X="334" Y="574" T="0" /><Point X="334" Y="556" T="0" /><Point X="337" Y="541" T="0" /><Point X="345" Y="509" T="0" /><Point X="356" Y="471" T="0" /><Point X="369" Y="435" T="0" /><Point X="374" Y="413" T="0" /><Point X="379" Y="401" T="0" /><Point X="382" Y="393" T="0" /><Point X="384" Y="389" T="0" /><Point X="384" Y="386" T="0" /><Point X="385" Y="386" T="0" /><Point X="385" Y="384" T="0" /><Point X="386" Y="383" T="0" /><Point X="386" Y="380" T="0" /><Point X="387" Y="376" T="0" /><Point X="387" Y="372" T="0" /><Point X="389" Y="362" T="0" /><Point X="389" Y="359" T="0" /><Point X="389" Y="358" T="0" /><Point X="390" Y="357" T="0" /></Gesture>