<Gesture Name="v" Subject="1" Number="1" NumPts="31" Millseconds="0" AppName="Gestures" AppVer="1.0" Date="Wednesday, March 01, 2023" TimeOfDay="15:07:57" ID="2"><Point X="248" Y="317" T="0" /><Point X="252" Y="322" T="0" /><Point X="257" Y="328" T="0" /><Point X="263" Y="337" T="0" /><Point X="319" Y="397" T="0" /><Point X="346" Y="425" T="0" /><Point X="372" Y="456" T="0" /><Point X="390" Y="483" T="0" /><Point X="401" Y="500" T="0" /><Point X="404" Y="507" T="0" /><Point X="407" Y="512" T="0" /><Point X="409" Y="515" T="0" /><Point X="409" Y="514" T="0" /><Point X="409" Y="509" T="0" /><Point X="411" Y="499" T="0" /><Point X="415" Y="485" T="0" /><Point X="429" Y="441" T="0" /><Point X="447" Y="389" T="0" /><Point X="459" Y="354" T="0" /><Point X="469" Y="326" T="0" /><Point X="474" Y="312" T="0" /><Point X="476" Y="302" T="0" /><Point X="480" Y="285" T="0" /><Point X="480" Y="279" T="0" /><Point X="480" Y="276" T="0" /><Point X="481" Y="271" T="0" /><Point X="482" Y="268" T="0" /><Point X="483" Y="266" T="0" /><Point X="483" Y="264" T="0" /><Point X="483" Y="263" T="0" /><Point X="483" Y="262" T="0" /></Gesture>