<Gesture Name="v" Subject="1" Number="1" NumPts="28" Millseconds="0" AppName="Gestures" AppVer="1.0" Date="Wednesday, March 01, 2023" TimeOfDay="15:09:08" ID="3"><Point X="213" Y="392" T="0" /><Point X="218" Y="395" T="0" /><Point X="225" Y="404" T="0" /><Point X="246" Y="426" T="0" /><Point X="273" Y="457" T="0" /><Point X="305" Y="498" T="0" /><Point X="333" Y="536" T="0" /><Point X="355" Y="566" T="0" /><Point X="365" Y="587" T="0" /><Point X="374" Y="601" T="0" /><Point X="380" Y="609" T="0" /><Point X="383" Y="614" T="0" /><Point X="384" Y="616" T="0" /><Point X="384" Y="617" T="0" /><Point X="385" Y="617" T="0" /><Point X="385" Y="616" T="0" /><Point X="385" Y="610" T="0" /><Point X="385" Y="597" T="0" /><Point X="405" Y="488" T="0" /><Point X="417" Y="426" T="0" /><Point X="429" Y="381" T="0" /><Point X="435" Y="351" T="0" /><Point X="439" Y="333" T="0" /><Point X="441" Y="323" T="0" /><Point X="441" Y="319" T="0" /><Point X="442" Y="317" T="0" /><Point X="442" Y="316" T="0" /><Point X="442" Y="315" T="0" /></Gesture>