<Gesture Name="v" Subject="1" Number="1" NumPts="23" Millseconds="0" AppName="Gestures" AppVer="1.0" Date="Wednesday, March 01, 2023" TimeOfDay="15:10:08" ID="4"><Point X="218" Y="327" T="0" /><Point X="250" Y="364" T="0" /><Point X="279" Y="405" T="0" /><Point X="314" Y="454" T="0" /><Point X="346" Y="502" T="0" /><Point X="368" Y="535" T="0" /><Point X="379" Y="554" T="0" /><Point X="386" Y="561" T="0" /><Point X="388" Y="565" T="0" /><Point X="389" Y="566" T="0" /><Point X="390" Y="567" T="0" /><Point X="390" Y="563" T="0" /><Point X="393" Y="546" T="0" /><Point X="400" Y="508" T="0" /><Point X="426" Y="364" T="0" /><Point X="437" Y="318" T="0" /><Point X="446" Y="286" T="0" /><Point X="453" Y="264" T="0" /><Point X="456" Y="254" T="0" /><Point X="456" Y="250" T="0" /><Point X="457" Y="248" T="0" /><Point X="457" Y="247" T="0" /><Point X="458" Y="247" T="0" /></Gesture>