<Gesture Name="v" Subject="1" Number="1" NumPts="24" Millseconds="0" AppName="Gestures" AppVer="1.0" Date="Wednesday, March 01, 2023" TimeOfDay="15:11:08" ID="5"><Point X="238" Y="310" T="0" /><Point X="242" Y="319" T="0" /><Point X="249" Y="330" T="0" /><Point X="265" Y="355" T="0" /><Point X="284" Y="383" T="0" /><Point X="314" Y="429" T="0" /><Point X="333" Y="461" T="0" /><Point X="347" Y="482" T="0" /><Point X="353" Y="492" T="0" /><Point X="355" Y="497" T="0" /><Point X="357" Y="499" T="0" /><Point X="357" Y="500" T="0" /><Point X="357" Y="499" T="0" /><Point X="357" Y="493" T="0" /><Point X="377" Y="424" T="0" /><Point X="394" Y="377" T="0" /><Point X="412" Y="328" T="0" /><Point X="425" Y="290" T="0" /><Point X="431" Y="263" T="0" /><Point X="434" Y="251" T="0" /><Point X="437" Y="242" T="0" /><Point X="438" Y="239" T="0" /><Point X="439" Y="237" T="0" /><Point X="439" Y="236" T="0" /></Gesture>