<Gesture Name="v" Subject="1" Number="1" NumPts="35" Millseconds="0" AppName="Gestures" AppVer="1.0" Date="Wednesday, March 01, 2023" TimeOfDay="15:12:12" ID="6"><Point X="290" Y="374" T="0" /><Point X="293" Y="377" T="0" /><Point X="299" Y="383" T="0" /><Point X="307" Y="391" T="0" /><Point X="319" Y="403" T="0" /><Point X="328" Y="411" T="0" /><Point X="337" Y="420" T="0" /><Point X="357" Y="442" T="0" /><Point X="362" Y="448" T="0" /><Point X="365" Y="453" T="0" /><Point X="366" Y="454" T="0" /><Point X="369" Y="458" T="0" /><Point X="372" Y="461" T="0" /><Point X="375" Y="465" T="0" /><Point X="386" Y="477" T="0" /><Point X="392" Y="483" T="0" /><Point X="398" Y="489" T="0" /><Point X="403" Y="494" T="0" /><Point X="408" Y="499" T="0" /><Point X="411" Y="502" T="0" /><Point X="414" Y="506" T="0" /><Point X="416" Y="507" T="0" /><Point X="416" Y="510" T="0" /><Point X="417" Y="510" T="0" /><Point X="417" Y="508" T="0" /><Point X="418" Y="498" T="0" /><Point X="422" Y="483" T="0" /><Point X="429" Y="446" T="0" /><Point X="436" Y="406" T="0" /><Point X="443" Y="372" T="0" /><Point X="447" Y="348" T="0" /><Point X="451" Y="327" T="0" /><Point X="453" Y="315" T="0" /><Point X="456" Y="303" T="0" /><Point X="457" Y="301" T="0" /></Gesture>