<Gesture Name="v" Subject="1" Number="1" NumPts="50" Millseconds="0" AppName="Gestures" AppVer="1.0" Date="Wednesday, March 01, 2023" TimeOfDay="15:13:13" ID="7"><Point X="290" Y="427" T="0" /><Point X="293" Y="433" T="0" /><Point X="297" Y="443" T="0" /><Point X="308" Y="463" T="0" /><Point X="324" Y="497" T="0" /><Point X="344" Y="542" T="0" /><Point X="357" Y="573" T="0" /><Point X="382" Y="631" T="0" /><Point X="386" Y="639" T="0" /><Point X="388" Y="645" T="0" /><Point X="389" Y="647" T="0" /><Point X="390" Y="649" T="0" /><Point X="390" Y="647" T="0" /><Point X="390" Y="645" T="0" /><Point X="392" Y="640" T="0" /><Point X="396" Y="631" T="0" /><Point X="401" Y="621" T="0" /><Point X="413" Y="599" T="0" /><Point X="423" Y="578" T="0" /><Point X="433" Y="557" T="0" /><Point X="441" Y="542" T="0" /><Point X="447" Y="531" T="0" /><Point X="451" Y="524" T="0" /><Point X="455" Y="517" T="0" /><Point X="456" Y="514" T="0" /><Point X="460" Y="507" T="0" /><Point X="462" Y="505" T="0" /><Point X="463" Y="501" T="0" /><Point X="466" Y="498" T="0" /><Point X="468" Y="495" T="0" /><Point X="469" Y="492" T="0" /><Point X="470" Y="491" T="0" /><Point X="470" Y="490" T="0" /><Point X="471" Y="489" T="0" /><Point X="471" Y="488" T="0" /><Point X="472" Y="488" T="0" /><Point X="472" Y="487" T="0" /><Point X="472" Y="486" T="0" /><Point X="472" Y="484" T="0" /><Point X="472" Y="481" T="0" /><Point X="472" Y="476" T="0" /><Point X="472" Y="473" T="0" /><Point X="472" Y="472" T="0" /><Point X="472" Y="469" T="0" /><Point X="472" Y="468" T="0" /><Point X="472" Y="466" T="0" /><Point X="473" Y="463" T="0" /><Point X="473" Y="461" T="0" /><Point X="474" Y="459" T="0" /><Point X="474" Y="457" T="0" /></Gesture>