<Gesture Name="v" Subject="1" Number="1" NumPts="20" Millseconds="0" AppName="Gestures" AppVer="1.0" Date="Wednesday, March 01, 2023" TimeOfDay="15:14:03" ID="8"><Point X="276" Y="381" T="0" /><Point X="281" Y="389" T="0" /><Point X="294" Y="408" T="0" /><Point X="315" Y="441" T="0" /><Point X="372" Y="529" T="0" /><Point X="388" Y="552" T="0" /><Point X="396" Y="562" T="0" /><Point X="400" Y="569" T="0" /><Point X="401" Y="571" T="0" /><Point X="403" Y="572" T="0" /><Point X="403" Y="569" T="0" /><Point X="405" Y="557" T="0" /><Point X="416" Y="521" T="0" /><Point X="427" Y="483" T="0" /><Point X="440" Y="440" T="0" /><Point X="451" Y="402" T="0" /><Point X="457" Y="377" T="0" /><Point X="461" Y="359" T="0" /><Point X="461" Y="357" T="0" /><Point X="461" Y="356" T="0" /></Gesture>