<Gesture Name="v" Subject="1" Number="1" NumPts="23" Millseconds="0" AppName="Gestures" AppVer="1.0" Date="Wednesday, March 01, 2023" TimeOfDay="15:15:04" ID="9"><Point X="191" Y="357" T="0" /><Point X="195" Y="365" T="0" /><Point X="200" Y="379" T="0" /><Point X="214" Y="412" T="0" /><Point X="236" Y="462" T="0" /><Point X="252" Y="501" T="0" /><Point X="265" Y="527" T="0" /><Point X="272" Y="540" T="0" /><Point X="282" Y="556" T="0" /><Point X="282" Y="557" T="0" /><Point X="283" Y="557" T="0" /><Point X="295" Y="537" T="0" /><Point X="309" Y="513" T="0" /><Point X="328" Y="483" T="0" /><Point X="343" Y="459" T="0" /><Point X="362" Y="430" T="0" /><Point X="373" Y="411" T="0" /><Point X="383" Y="393" T="0" /><Point X="386" Y="384" T="0" /><Point X="387" Y="377" T="0" /><Point X="388" Y="375" T="0" /><Point X="388" Y="374" T="0" /><Point X="388" Y="373" T="0" /></Gesture>