<Gesture Name="x" Subject="1" Number="1" NumPts="49" Millseconds="0" AppName="Gestures" AppVer="1.0" Date="Wednesday, March 01, 2023" TimeOfDay="15:06:03" ID="1"><Point X="187" Y="316" T="0" /><Point X="197" Y="320" T="0" /><Point X="212" Y="327" T="0" /><Point X="257" Y="351" T="0" /><Point X="305" Y="377" T="0" /><Point X="348" Y="402" T="0" /><Point X="383" Y="424" T="0" /><Point X="407" Y="440" T="0" /><Point X="424" Y="453" T="0" /><Point X="432" Y="459" T="0" /><Point X="438" Y="463" T="0" /><Point X="439" Y="466" T="0" /><Point X="441" Y="467" T="0" /><Point X="441" Y="468" T="0" /><Point X="441" Y="466" T="0" /><Point X="441" Y="465" T="0" /><Point X="441" Y="462" T="0" /><Point X="441" Y="449" T="0" /><Point X="441" Y="441" T="0" /><Point X="441" Y="433" T="0" /><Point X="441" Y="391" T="0" /><Point X="438" Y="380" T="0" /><Point X="437" Y="369" T="0" /><Point X="436" Y="361" T="0" /><Point X="435" Y="353" T="0" /><Point X="434" Y="348" T="0" /><Point X="433" Y="343" T="0" /><Point X="432" Y="338" T="0" /><Point X="432" Y="336" T="0" /><Point X="432" Y="335" T="0" /><Point X="431" Y="334" T="0" /><Point X="431" Y="333" T="0" /><Point X="431" Y="331" T="0" /><Point X="430" Y="330" T="0" /><Point X="430" Y="329" T="0" /><Point X="429" Y="329" T="0" /><Point X="429" Y="328" T="0" /><Point X="428" Y="328" T="0" /><Point X="423" Y="329" T="0" /><Point X="414" Y="335" T="0" /><Point X="387" Y="355" T="0" /><Point X="321" Y="412" T="0" /><Point X="249" Y="484" T="0" /><Point X="187" Y="550" T="0" /><Point X="144" Y="598" T="0" /><Point X="98" Y="648" T="0" /><Point X="93" Y="654" T="0" /><Point X="91" Y="655" T="0" /><Point X="90" Y="656" T="0" /></Gesture>