<Gesture Name="x" Subject="1" Number="1" NumPts="35" Millseconds="0" AppName="Gestures" AppVer="1.0" Date="Wednesday, March 01, 2023" TimeOfDay="15:15:27" ID="10"><Point X="223" Y="303" T="0" /><Point X="229" Y="307" T="0" /><Point X="239" Y="314" T="0" /><Point X="266" Y="336" T="0" /><Point X="372" Y="425" T="0" /><Point X="414" Y="459" T="0" /><Point X="445" Y="486" T="0" /><Point X="460" Y="502" T="0" /><Point X="468" Y="509" T="0" /><Point X="471" Y="512" T="0" /><Point X="472" Y="513" T="0" /><Point X="472" Y="510" T="0" /><Point X="472" Y="501" T="0" /><Point X="472" Y="489" T="0" /><Point X="472" Y="477" T="0" /><Point X="474" Y="453" T="0" /><Point X="475" Y="438" T="0" /><Point X="476" Y="426" T="0" /><Point X="477" Y="418" T="0" /><Point X="477" Y="412" T="0" /><Point X="478" Y="408" T="0" /><Point X="478" Y="406" T="0" /><Point X="478" Y="405" T="0" /><Point X="479" Y="403" T="0" /><Point X="474" Y="404" T="0" /><Point X="464" Y="412" T="0" /><Point X="438" Y="434" T="0" /><Point X="389" Y="476" T="0" /><Point X="341" Y="519" T="0" /><Point X="303" Y="552" T="0" /><Point X="274" Y="577" T="0" /><Point X="254" Y="594" T="0" /><Point X="245" Y="600" T="0" /><Point X="237" Y="607" T="0" /><Point X="236" Y="607" T="0" /></Gesture>