<Gesture Name="x" Subject="1" Number="1" NumPts="41" Millseconds="0" AppName="Gestures" AppVer="1.0" Date="Wednesday, March 01, 2023" TimeOfDay="15:07:12" ID="2"><Point X="228" Y="289" T="0" /><Point X="234" Y="294" T="0" /><Point X="244" Y="303" T="0" /><Point X="314" Y="367" T="0" /><Point X="351" Y="404" T="0" /><Point X="380" Y="433" T="0" /><Point X="405" Y="455" T="0" /><Point X="419" Y="470" T="0" /><Point X="425" Y="478" T="0" /><Point X="430" Y="483" T="0" /><Point X="432" Y="485" T="0" /><Point X="433" Y="485" T="0" /><Point X="433" Y="486" T="0" /><Point X="434" Y="486" T="0" /><Point X="434" Y="487" T="0" /><Point X="434" Y="486" T="0" /><Point X="435" Y="483" T="0" /><Point X="435" Y="475" T="0" /><Point X="436" Y="465" T="0" /><Point X="436" Y="407" T="0" /><Point X="436" Y="383" T="0" /><Point X="436" Y="361" T="0" /><Point X="433" Y="337" T="0" /><Point X="431" Y="322" T="0" /><Point X="428" Y="312" T="0" /><Point X="428" Y="305" T="0" /><Point X="426" Y="299" T="0" /><Point X="426" Y="298" T="0" /><Point X="425" Y="298" T="0" /><Point X="424" Y="299" T="0" /><Point X="421" Y="302" T="0" /><Point X="413" Y="308" T="0" /><Point X="387" Y="328" T="0" /><Point X="357" Y="353" T="0" /><Point X="310" Y="387" T="0" /><Point X="272" Y="414" T="0" /><Point X="245" Y="431" T="0" /><Point X="235" Y="440" T="0" /><Point X="230" Y="443" T="0" /><Point X="226" Y="446" T="0" /><Point X="223" Y="449" T="0" /></Gesture>