<Gesture Name="x" Subject="1" Number="1" NumPts="46" Millseconds="0" AppName="Gestures" AppVer="1.0" Date="Wednesday, March 01, 2023" TimeOfDay="15:08:25" ID="3"><Point X="254" Y="277" T="0" /><Point X="263" Y="284" T="0" /><Point X="284" Y="303" T="0" /><Point X="320" Y="331" T="0" /><Point X="365" Y="374" T="0" /><Point X="405" Y="414" T="0" /><Point X="477" Y="485" T="0" /><Point X="488" Y="498" T="0" /><Point X="494" Y="504" T="0" /><Point X="496" Y="507" T="0" /><Point X="498" Y="509" T="0" /><Point X="498" Y="505" T="0" /><Point X="498" Y="496" T="0" /><Point X="498" Y="484" T="0" /><Point X="498" Y="458" T="0" /><Point X="498" Y="431" T="0" /><Point X="498" Y="411" T="0" /><Point X="498" Y="398" T="0" /><Point X="498" Y="386" T="0" /><Point X="498" Y="376" T="0" /><Point X="498" Y="366" T="0" /><Point X="498" Y="360" T="0" /><Point X="497" Y="353" T="0" /><Point X="497" Y="349" T="0" /><Point X="497" Y="338" T="0" /><Point X="497" Y="334" T="0" /><Point X="497" Y="332" T="0" /><Point X="497" Y="329" T="0" /><Point X="496" Y="329" T="0" /><Point X="496" Y="328" T="0" /><Point X="495" Y="328" T="0" /><Point X="491" Y="331" T="0" /><Point X="484" Y="338" T="0" /><Point X="461" Y="355" T="0" /><Point X="438" Y="375" T="0" /><Point X="397" Y="406" T="0" /><Point X="355" Y="440" T="0" /><Point X="317" Y="471" T="0" /><Point X="284" Y="494" T="0" /><Point X="253" Y="517" T="0" /><Point X="237" Y="528" T="0" /><Point X="226" Y="535" T="0" /><Point X="220" Y="539" T="0" /><Point X="215" Y="542" T="0" /><Point X="215" Y="543" T="0" /><Point X="214" Y="543" T="0" /></Gesture>