<Gesture Name="x" Subject="1" Number="1" NumPts="34" Millseconds="0" AppName="Gestures" AppVer="1.0" Date="Wednesday, March 01, 2023" TimeOfDay="15:09:34" ID="4"><Point X="246" Y="319" T="0" /><Point X="254" Y="324" T="0" /><Point X="281" Y="342" T="0" /><Point X="319" Y="365" T="0" /><Point X="360" Y="396" T="0" /><Point X="428" Y="456" T="0" /><Point X="439" Y="466" T="0" /><Point X="445" Y="472" T="0" /><Point X="448" Y="476" T="0" /><Point X="451" Y="477" T="0" /><Point X="451" Y="478" T="0" /><Point X="451" Y="477" T="0" /><Point X="450" Y="474" T="0" /><Point X="449" Y="467" T="0" /><Point X="446" Y="452" T="0" /><Point X="428" Y="366" T="0" /><Point X="419" Y="324" T="0" /><Point X="414" Y="297" T="0" /><Point X="412" Y="284" T="0" /><Point X="411" Y="277" T="0" /><Point X="410" Y="274" T="0" /><Point X="410" Y="273" T="0" /><Point X="410" Y="274" T="0" /><Point X="408" Y="277" T="0" /><Point X="404" Y="283" T="0" /><Point X="394" Y="292" T="0" /><Point X="371" Y="316" T="0" /><Point X="328" Y="363" T="0" /><Point X="289" Y="413" T="0" /><Point X="263" Y="448" T="0" /><Point X="249" Y="467" T="0" /><Point X="232" Y="487" T="0" /><Point X="230" Y="489" T="0" /><Point X="229" Y="490" T="0" /></Gesture>