<Gesture Name="x" Subject="1" Number="1" NumPts="35" Millseconds="0" AppName="Gestures" AppVer="1.0" Date="Wednesday, March 01, 2023" TimeOfDay="15:10:32" ID="5"><Point X="241" Y="282" T="0" /><Point X="248" Y="287" T="0" /><Point X="261" Y="296" T="0" /><Point X="291" Y="318" T="0" /><Point X="341" Y="354" T="0" /><Point X="390" Y="393" T="0" /><Point X="431" Y="427" T="0" /><Point X="484" Y="475" T="0" /><Point X="490" Y="482" T="0" /><Point X="494" Y="484" T="0" /><Point X="495" Y="486" T="0" /><Point X="496" Y="486" T="0" /><Point X="495" Y="484" T="0" /><Point X="494" Y="476" T="0" /><Point X="492" Y="459" T="0" /><Point X="490" Y="429" T="0" /><Point X="490" Y="396" T="0" /><Point X="489" Y="368" T="0" /><Point X="489" Y="349" T="0" /><Point X="489" Y="337" T="0" /><Point X="488" Y="332" T="0" /><Point X="488" Y="329" T="0" /><Point X="488" Y="327" T="0" /><Point X="485" Y="330" T="0" /><Point X="465" Y="348" T="0" /><Point X="432" Y="376" T="0" /><Point X="393" Y="414" T="0" /><Point X="356" Y="446" T="0" /><Point X="324" Y="478" T="0" /><Point X="306" Y="496" T="0" /><Point X="298" Y="505" T="0" /><Point X="291" Y="510" T="0" /><Point X="288" Y="512" T="0" /><Point X="286" Y="514" T="0" /><Point X="285" Y="514" T="0" /></Gesture>