<Gesture Name="x" Subject="1" Number="1" NumPts="38" Millseconds="0" AppName="Gestures" AppVer="1.0" Date="Wednesday, March 01, 2023" TimeOfDay="15:11:34" ID="6"><Point X="254" Y="239" T="0" /><Point X="254" Y="240" T="0" /><Point X="254" Y="242" T="0" /><Point X="258" Y="247" T="0" /><Point X="265" Y="256" T="0" /><Point X="286" Y="278" T="0" /><Point X="310" Y="304" T="0" /><Point X="344" Y="336" T="0" /><Point X="372" Y="360" T="0" /><Point X="397" Y="381" T="0" /><Point X="414" Y="393" T="0" /><Point X="433" Y="407" T="0" /><Point X="436" Y="409" T="0" /><Point X="438" Y="410" T="0" /><Point X="439" Y="410" T="0" /><Point X="440" Y="411" T="0" /><Point X="440" Y="408" T="0" /><Point X="441" Y="403" T="0" /><Point X="442" Y="393" T="0" /><Point X="443" Y="376" T="0" /><Point X="447" Y="308" T="0" /><Point X="447" Y="283" T="0" /><Point X="447" Y="269" T="0" /><Point X="447" Y="258" T="0" /><Point X="447" Y="251" T="0" /><Point X="447" Y="248" T="0" /><Point X="447" Y="247" T="0" /><Point X="443" Y="254" T="0" /><Point X="431" Y="268" T="0" /><Point X="336" Y="382" T="0" /><Point X="298" Y="424" T="0" /><Point X="273" Y="457" T="0" /><Point X="259" Y="472" T="0" /><Point X="252" Y="480" T="0" /><Point X="250" Y="484" T="0" /><Point X="248" Y="486" T="0" /><Point X="248" Y="487" T="0" /><Point X="247" Y="487" T="0" /></Gesture>