<Gesture Name="x" Subject="1" Number="1" NumPts="42" Millseconds="0" AppName="Gestures" AppVer="1.0" Date="Wednesday, March 01, 2023" TimeOfDay="15:12:36" ID="7"><Point X="202" Y="277" T="0" /><Point X="207" Y="280" T="0" /><Point X="216" Y="284" T="0" /><Point X="231" Y="292" T="0" /><Point X="260" Y="307" T="0" /><Point X="380" Y="373" T="0" /><Point X="420" Y="396" T="0" /><Point X="458" Y="418" T="0" /><Point X="487" Y="434" T="0" /><Point X="506" Y="441" T="0" /><Point X="517" Y="445" T="0" /><Point X="523" Y="446" T="0" /><Point X="526" Y="447" T="0" /><Point X="528" Y="447" T="0" /><Point X="529" Y="447" T="0" /><Point X="528" Y="445" T="0" /><Point X="525" Y="437" T="0" /><Point X="521" Y="424" T="0" /><Point X="514" Y="399" T="0" /><Point X="505" Y="379" T="0" /><Point X="489" Y="327" T="0" /><Point X="485" Y="319" T="0" /><Point X="483" Y="314" T="0" /><Point X="481" Y="311" T="0" /><Point X="480" Y="308" T="0" /><Point X="479" Y="305" T="0" /><Point X="478" Y="302" T="0" /><Point X="478" Y="301" T="0" /><Point X="478" Y="299" T="0" /><Point X="478" Y="298" T="0" /><Point X="475" Y="302" T="0" /><Point X="470" Y="309" T="0" /><Point X="453" Y="333" T="0" /><Point X="418" Y="379" T="0" /><Point X="377" Y="431" T="0" /><Point X="341" Y="473" T="0" /><Point X="312" Y="502" T="0" /><Point X="269" Y="546" T="0" /><Point X="266" Y="550" T="0" /><Point X="263" Y="552" T="0" /><Point X="262" Y="553" T="0" /><Point X="261" Y="554" T="0" /></Gesture>