<Gesture Name="x" Subject="1" Number="1" NumPts="45" Millseconds="0" AppName="Gestures" AppVer="1.0" Date="Wednesday, March 01, 2023" TimeOfDay="15:13:36" ID="8"><Point X="229" Y="293" T="0" /><Point X="231" Y="296" T="0" /><Point X="245" Y="310" T="0" /><Point X="264" Y="328" T="0" /><Point X="284" Y="347" T="0" /><Point X="318" Y="377" T="0" /><Point X="349" Y="405" T="0" /><Point X="380" Y="432" T="0" /><Point X="408" Y="455" T="0" /><Point X="459" Y="490" T="0" /><Point X="469" Y="494" T="0" /><Point X="475" Y="497" T="0" /><Point X="479" Y="499" T="0" /><Point X="482" Y="500" T="0" /><Point X="483" Y="500" T="0" /><Point X="484" Y="497" T="0" /><Point X="485" Y="486" T="0" /><Point X="486" Y="470" T="0" /><Point X="486" Y="445" T="0" /><Point X="486" Y="426" T="0" /><Point X="486" Y="413" T="0" /><Point X="481" Y="382" T="0" /><Point X="480" Y="375" T="0" /><Point X="480" Y="370" T="0" /><Point X="479" Y="368" T="0" /><Point X="478" Y="366" T="0" /><Point X="478" Y="364" T="0" /><Point X="477" Y="362" T="0" /><Point X="476" Y="358" T="0" /><Point X="476" Y="357" T="0" /><Point X="475" Y="357" T="0" /><Point X="475" Y="356" T="0" /><Point X="472" Y="356" T="0" /><Point X="462" Y="361" T="0" /><Point X="445" Y="370" T="0" /><Point X="410" Y="392" T="0" /><Point X="356" Y="429" T="0" /><Point X="307" Y="464" T="0" /><Point X="266" Y="491" T="0" /><Point X="240" Y="508" T="0" /><Point X="226" Y="516" T="0" /><Point X="218" Y="521" T="0" /><Point X="213" Y="524" T="0" /><Point X="211" Y="524" T="0" /><Point X="211" Y="525" T="0" /></Gesture>