<Gesture Name="x" Subject="1" Number="1" NumPts="39" Millseconds="0" AppName="Gestures" AppVer="1.0" Date="Wednesday, March 01, 2023" TimeOfDay="15:14:30" ID="9"><Point X="226" Y="326" T="0" /><Point X="233" Y="333" T="0" /><Point X="243" Y="343" T="0" /><Point X="311" Y="402" T="0" /><Point X="350" Y="437" T="0" /><Point X="383" Y="463" T="0" /><Point X="406" Y="480" T="0" /><Point X="417" Y="487" T="0" /><Point X="422" Y="491" T="0" /><Point X="424" Y="493" T="0" /><Point X="425" Y="494" T="0" /><Point X="425" Y="493" T="0" /><Point X="425" Y="487" T="0" /><Point X="425" Y="476" T="0" /><Point X="425" Y="460" T="0" /><Point X="425" Y="435" T="0" /><Point X="425" Y="416" T="0" /><Point X="425" Y="399" T="0" /><Point X="425" Y="386" T="0" /><Point X="425" Y="378" T="0" /><Point X="424" Y="371" T="0" /><Point X="423" Y="367" T="0" /><Point X="423" Y="365" T="0" /><Point X="422" Y="363" T="0" /><Point X="421" Y="360" T="0" /><Point X="420" Y="355" T="0" /><Point X="420" Y="354" T="0" /><Point X="419" Y="354" T="0" /><Point X="417" Y="356" T="0" /><Point X="385" Y="403" T="0" /><Point X="357" Y="439" T="0" /><Point X="318" Y="488" T="0" /><Point X="283" Y="522" T="0" /><Point X="254" Y="554" T="0" /><Point X="233" Y="572" T="0" /><Point X="225" Y="583" T="0" /><Point X="218" Y="588" T="0" /><Point X="216" Y="590" T="0" /><Point X="215" Y="591" T="0" /></Gesture>