<Gesture Name="zig-zig" Subject="1" Number="1" NumPts="43" Millseconds="0" AppName="Gestures" AppVer="1.0" Date="Wednesday, March 01, 2023" TimeOfDay="15:12:57" ID="7"><Point X="231" Y="489" T="0" /><Point X="231" Y="482" T="0" /><Point X="232" Y="470" T="0" /><Point X="244" Y="440" T="0" /><Point X="256" Y="412" T="0" /><Point X="293" Y="335" T="0" /><Point X="301" Y="319" T="0" /><Point X="305" Y="311" T="0" /><Point X="307" Y="309" T="0" /><Point X="323" Y="324" T="0" /><Point X="334" Y="336" T="0" /><Point X="357" Y="357" T="0" /><Point X="380" Y="379" T="0" /><Point X="414" Y="411" T="0" /><Point X="440" Y="435" T="0" /><Point X="458" Y="453" T="0" /><Point X="489" Y="477" T="0" /><Point X="492" Y="480" T="0" /><Point X="494" Y="481" T="0" /><Point X="494" Y="477" T="0" /><Point X="494" Y="464" T="0" /><Point X="496" Y="449" T="0" /><Point X="501" Y="424" T="0" /><Point X="506" Y="392" T="0" /><Point X="510" Y="371" T="0" /><Point X="513" Y="360" T="0" /><Point X="515" Y="353" T="0" /><Point X="515" Y="351" T="0" /><Point X="516" Y="350" T="0" /><Point X="520" Y="352" T="0" /><Point X="529" Y="360" T="0" /><Point X="542" Y="374" T="0" /><Point X="560" Y="399" T="0" /><Point X="585" Y="427" T="0" /><Point X="608" Y="457" T="0" /><Point X="621" Y="477" T="0" /><Point X="629" Y="488" T="0" /><Point X="633" Y="494" T="0" /><Point X="635" Y="496" T="0" /><Point X="636" Y="497" T="0" /><Point X="637" Y="490" T="0" /><Point X="641" Y="471" T="0" /><Point X="648" Y="424" T="0" /></Gesture>