<Gesture Name="zig-zig" Subject="1" Number="1" NumPts="64" Millseconds="0" AppName="Gestures" AppVer="1.0" Date="Wednesday, March 01, 2023" TimeOfDay="15:08:55" ID="3"><Point X="128" Y="462" T="0" /><Point X="132" Y="452" T="0" /><Point X="141" Y="428" T="0" /><Point X="150" Y="408" T="0" /><Point X="162" Y="389" T="0" /><Point X="169" Y="374" T="0" /><Point X="178" Y="360" T="0" /><Point X="181" Y="351" T="0" /><Point X="184" Y="346" T="0" /><Point X="188" Y="340" T="0" /><Point X="189" Y="340" T="0" /><Point X="191" Y="340" T="0" /><Point X="195" Y="343" T="0" /><Point X="204" Y="351" T="0" /><Point X="224" Y="371" T="0" /><Point X="250" Y="395" T="0" /><Point X="286" Y="428" T="0" /><Point X="320" Y="458" T="0" /><Point X="349" Y="485" T="0" /><Point X="364" Y="500" T="0" /><Point X="371" Y="507" T="0" /><Point X="375" Y="509" T="0" /><Point X="378" Y="510" T="0" /><Point X="380" Y="506" T="0" /><Point X="385" Y="494" T="0" /><Point X="399" Y="468" T="0" /><Point X="418" Y="423" T="0" /><Point X="438" Y="371" T="0" /><Point X="455" Y="332" T="0" /><Point X="468" Y="303" T="0" /><Point X="476" Y="286" T="0" /><Point X="481" Y="277" T="0" /><Point X="482" Y="275" T="0" /><Point X="484" Y="273" T="0" /><Point X="489" Y="285" T="0" /><Point X="495" Y="300" T="0" /><Point X="501" Y="314" T="0" /><Point X="510" Y="337" T="0" /><Point X="521" Y="360" T="0" /><Point X="531" Y="378" T="0" /><Point X="539" Y="392" T="0" /><Point X="555" Y="412" T="0" /><Point X="558" Y="415" T="0" /><Point X="560" Y="417" T="0" /><Point X="563" Y="418" T="0" /><Point X="565" Y="420" T="0" /><Point X="568" Y="421" T="0" /><Point X="571" Y="422" T="0" /><Point X="575" Y="424" T="0" /><Point X="578" Y="426" T="0" /><Point X="581" Y="426" T="0" /><Point X="582" Y="427" T="0" /><Point X="584" Y="427" T="0" /><Point X="585" Y="427" T="0" /><Point X="589" Y="424" T="0" /><Point X="599" Y="401" T="0" /><Point X="640" Y="290" T="0" /><Point X="651" Y="255" T="0" /><Point X="656" Y="238" T="0" /><Point X="659" Y="227" T="0" /><Point X="661" Y="221" T="0" /><Point X="661" Y="219" T="0" /><Point X="662" Y="218" T="0" /><Point X="662" Y="217" T="0" /></Gesture>