<Gesture Name="zig-zig" Subject="1" Number="1" NumPts="61" Millseconds="0" AppName="Gestures" AppVer="1.0" Date="Wednesday, March 01, 2023" TimeOfDay="15:13:52" ID="8"><Point X="211" Y="478" T="0" /><Point X="209" Y="480" T="0" /><Point X="209" Y="481" T="0" /><Point X="209" Y="482" T="0" /><Point X="209" Y="481" T="0" /><Point X="209" Y="475" T="0" /><Point X="212" Y="461" T="0" /><Point X="229" Y="422" T="0" /><Point X="272" Y="329" T="0" /><Point X="282" Y="311" T="0" /><Point X="287" Y="301" T="0" /><Point X="290" Y="297" T="0" /><Point X="292" Y="294" T="0" /><Point X="293" Y="293" T="0" /><Point X="294" Y="293" T="0" /><Point X="299" Y="293" T="0" /><Point X="306" Y="297" T="0" /><Point X="316" Y="305" T="0" /><Point X="339" Y="327" T="0" /><Point X="372" Y="366" T="0" /><Point X="400" Y="402" T="0" /><Point X="425" Y="433" T="0" /><Point X="439" Y="452" T="0" /><Point X="446" Y="462" T="0" /><Point X="449" Y="468" T="0" /><Point X="452" Y="470" T="0" /><Point X="452" Y="471" T="0" /><Point X="452" Y="462" T="0" /><Point X="454" Y="449" T="0" /><Point X="457" Y="434" T="0" /><Point X="464" Y="411" T="0" /><Point X="471" Y="394" T="0" /><Point X="475" Y="385" T="0" /><Point X="479" Y="378" T="0" /><Point X="481" Y="376" T="0" /><Point X="482" Y="375" T="0" /><Point X="483" Y="374" T="0" /><Point X="484" Y="374" T="0" /><Point X="486" Y="374" T="0" /><Point X="489" Y="376" T="0" /><Point X="495" Y="380" T="0" /><Point X="508" Y="389" T="0" /><Point X="569" Y="446" T="0" /><Point X="591" Y="469" T="0" /><Point X="605" Y="486" T="0" /><Point X="616" Y="499" T="0" /><Point X="625" Y="506" T="0" /><Point X="629" Y="511" T="0" /><Point X="632" Y="514" T="0" /><Point X="634" Y="515" T="0" /><Point X="635" Y="516" T="0" /><Point X="635" Y="515" T="0" /><Point X="636" Y="511" T="0" /><Point X="638" Y="501" T="0" /><Point X="641" Y="486" T="0" /><Point X="664" Y="376" T="0" /><Point X="669" Y="355" T="0" /><Point X="672" Y="344" T="0" /><Point X="673" Y="338" T="0" /><Point X="674" Y="335" T="0" /><Point X="674" Y="334" T="0" /></Gesture>