<Gesture Name="zig-zig" Subject="1" Number="1" NumPts="72" Millseconds="0" AppName="Gestures" AppVer="1.0" Date="Wednesday, March 01, 2023" TimeOfDay="15:07:36" ID="2"><Point X="144" Y="420" T="0" /><Point X="144" Y="419" T="0" /><Point X="144" Y="417" T="0" /><Point X="144" Y="416" T="0" /><Point X="145" Y="412" T="0" /><Point X="148" Y="408" T="0" /><Point X="151" Y="404" T="0" /><Point X="154" Y="399" T="0" /><Point X="156" Y="395" T="0" /><Point X="159" Y="393" T="0" /><Point X="160" Y="390" T="0" /><Point X="163" Y="388" T="0" /><Point X="166" Y="385" T="0" /><Point X="169" Y="381" T="0" /><Point X="175" Y="376" T="0" /><Point X="180" Y="373" T="0" /><Point X="184" Y="369" T="0" /><Point X="188" Y="365" T="0" /><Point X="190" Y="364" T="0" /><Point X="193" Y="362" T="0" /><Point X="195" Y="360" T="0" /><Point X="195" Y="359" T="0" /><Point X="196" Y="359" T="0" /><Point X="197" Y="359" T="0" /><Point X="197" Y="358" T="0" /><Point X="198" Y="358" T="0" /><Point X="199" Y="358" T="0" /><Point X="201" Y="359" T="0" /><Point X="204" Y="362" T="0" /><Point X="211" Y="367" T="0" /><Point X="218" Y="373" T="0" /><Point X="232" Y="385" T="0" /><Point X="249" Y="399" T="0" /><Point X="264" Y="413" T="0" /><Point X="276" Y="422" T="0" /><Point X="284" Y="427" T="0" /><Point X="288" Y="431" T="0" /><Point X="291" Y="433" T="0" /><Point X="292" Y="433" T="0" /><Point X="292" Y="432" T="0" /><Point X="292" Y="430" T="0" /><Point X="294" Y="425" T="0" /><Point X="302" Y="405" T="0" /><Point X="309" Y="392" T="0" /><Point X="315" Y="382" T="0" /><Point X="320" Y="373" T="0" /><Point X="324" Y="367" T="0" /><Point X="326" Y="362" T="0" /><Point X="328" Y="359" T="0" /><Point X="328" Y="357" T="0" /><Point X="328" Y="356" T="0" /><Point X="329" Y="356" T="0" /><Point X="330" Y="356" T="0" /><Point X="332" Y="358" T="0" /><Point X="336" Y="363" T="0" /><Point X="344" Y="370" T="0" /><Point X="356" Y="382" T="0" /><Point X="387" Y="411" T="0" /><Point X="393" Y="416" T="0" /><Point X="397" Y="419" T="0" /><Point X="399" Y="421" T="0" /><Point X="401" Y="423" T="0" /><Point X="402" Y="423" T="0" /><Point X="405" Y="418" T="0" /><Point X="412" Y="407" T="0" /><Point X="426" Y="384" T="0" /><Point X="439" Y="358" T="0" /><Point X="447" Y="340" T="0" /><Point X="450" Y="330" T="0" /><Point X="452" Y="325" T="0" /><Point X="454" Y="322" T="0" /><Point X="454" Y="321" T="0" /></Gesture>