<Gesture Name="zig-zig" Subject="1" Number="1" NumPts="52" Millseconds="0" AppName="Gestures" AppVer="1.0" Date="Wednesday, March 01, 2023" TimeOfDay="15:09:56" ID="4"><Point X="184" Y="529" T="0" /><Point X="200" Y="495" T="0" /><Point X="224" Y="450" T="0" /><Point X="275" Y="325" T="0" /><Point X="287" Y="299" T="0" /><Point X="291" Y="288" T="0" /><Point X="294" Y="282" T="0" /><Point X="295" Y="280" T="0" /><Point X="295" Y="279" T="0" /><Point X="295" Y="280" T="0" /><Point X="298" Y="285" T="0" /><Point X="302" Y="292" T="0" /><Point X="308" Y="302" T="0" /><Point X="320" Y="323" T="0" /><Point X="334" Y="345" T="0" /><Point X="355" Y="372" T="0" /><Point X="374" Y="395" T="0" /><Point X="404" Y="429" T="0" /><Point X="409" Y="433" T="0" /><Point X="411" Y="435" T="0" /><Point X="411" Y="432" T="0" /><Point X="417" Y="397" T="0" /><Point X="423" Y="367" T="0" /><Point X="429" Y="343" T="0" /><Point X="434" Y="329" T="0" /><Point X="438" Y="321" T="0" /><Point X="441" Y="316" T="0" /><Point X="443" Y="314" T="0" /><Point X="443" Y="312" T="0" /><Point X="444" Y="312" T="0" /><Point X="445" Y="312" T="0" /><Point X="447" Y="313" T="0" /><Point X="454" Y="319" T="0" /><Point X="461" Y="329" T="0" /><Point X="477" Y="351" T="0" /><Point X="498" Y="378" T="0" /><Point X="516" Y="403" T="0" /><Point X="529" Y="422" T="0" /><Point X="539" Y="436" T="0" /><Point X="545" Y="444" T="0" /><Point X="548" Y="448" T="0" /><Point X="552" Y="453" T="0" /><Point X="553" Y="453" T="0" /><Point X="553" Y="452" T="0" /><Point X="564" Y="388" T="0" /><Point X="573" Y="345" T="0" /><Point X="582" Y="302" T="0" /><Point X="589" Y="270" T="0" /><Point X="592" Y="257" T="0" /><Point X="593" Y="250" T="0" /><Point X="594" Y="248" T="0" /><Point X="594" Y="247" T="0" /></Gesture>