<Gesture Name="zig-zig" Subject="1" Number="1" NumPts="53" Millseconds="0" AppName="Gestures" AppVer="1.0" Date="Wednesday, March 01, 2023" TimeOfDay="15:10:54" ID="5"><Point X="216" Y="407" T="0" /><Point X="221" Y="400" T="0" /><Point X="229" Y="387" T="0" /><Point X="247" Y="355" T="0" /><Point X="258" Y="329" T="0" /><Point X="267" Y="309" T="0" /><Point X="271" Y="298" T="0" /><Point X="275" Y="287" T="0" /><Point X="275" Y="286" T="0" /><Point X="279" Y="290" T="0" /><Point X="311" Y="339" T="0" /><Point X="333" Y="367" T="0" /><Point X="365" Y="408" T="0" /><Point X="391" Y="446" T="0" /><Point X="407" Y="466" T="0" /><Point X="414" Y="476" T="0" /><Point X="419" Y="482" T="0" /><Point X="421" Y="484" T="0" /><Point X="422" Y="486" T="0" /><Point X="422" Y="485" T="0" /><Point X="422" Y="479" T="0" /><Point X="422" Y="469" T="0" /><Point X="422" Y="454" T="0" /><Point X="425" Y="378" T="0" /><Point X="428" Y="347" T="0" /><Point X="430" Y="330" T="0" /><Point X="432" Y="316" T="0" /><Point X="434" Y="308" T="0" /><Point X="435" Y="304" T="0" /><Point X="436" Y="302" T="0" /><Point X="439" Y="302" T="0" /><Point X="444" Y="306" T="0" /><Point X="452" Y="311" T="0" /><Point X="460" Y="318" T="0" /><Point X="478" Y="333" T="0" /><Point X="496" Y="349" T="0" /><Point X="519" Y="373" T="0" /><Point X="540" Y="391" T="0" /><Point X="555" Y="407" T="0" /><Point X="563" Y="416" T="0" /><Point X="569" Y="422" T="0" /><Point X="571" Y="424" T="0" /><Point X="573" Y="426" T="0" /><Point X="574" Y="426" T="0" /><Point X="574" Y="421" T="0" /><Point X="588" Y="358" T="0" /><Point X="594" Y="334" T="0" /><Point X="600" Y="310" T="0" /><Point X="602" Y="297" T="0" /><Point X="603" Y="291" T="0" /><Point X="604" Y="286" T="0" /><Point X="604" Y="285" T="0" /><Point X="604" Y="284" T="0" /></Gesture>