<Gesture Name="zig-zig" Subject="1" Number="1" NumPts="56" Millseconds="0" AppName="Gestures" AppVer="1.0" Date="Wednesday, March 01, 2023" TimeOfDay="15:06:29" ID="1"><Point X="156" Y="475" T="0" /><Point X="162" Y="465" T="0" /><Point X="167" Y="454" T="0" /><Point X="176" Y="428" T="0" /><Point X="202" Y="355" T="0" /><Point X="210" Y="339" T="0" /><Point X="214" Y="330" T="0" /><Point X="216" Y="324" T="0" /><Point X="218" Y="320" T="0" /><Point X="220" Y="318" T="0" /><Point X="222" Y="316" T="0" /><Point X="222" Y="315" T="0" /><Point X="223" Y="315" T="0" /><Point X="223" Y="316" T="0" /><Point X="224" Y="318" T="0" /><Point X="225" Y="321" T="0" /><Point X="229" Y="328" T="0" /><Point X="260" Y="368" T="0" /><Point X="287" Y="396" T="0" /><Point X="312" Y="425" T="0" /><Point X="330" Y="443" T="0" /><Point X="343" Y="456" T="0" /><Point X="351" Y="463" T="0" /><Point X="355" Y="467" T="0" /><Point X="361" Y="471" T="0" /><Point X="362" Y="471" T="0" /><Point X="364" Y="465" T="0" /><Point X="368" Y="457" T="0" /><Point X="378" Y="435" T="0" /><Point X="386" Y="414" T="0" /><Point X="391" Y="400" T="0" /><Point X="395" Y="392" T="0" /><Point X="397" Y="386" T="0" /><Point X="399" Y="383" T="0" /><Point X="400" Y="379" T="0" /><Point X="403" Y="372" T="0" /><Point X="406" Y="368" T="0" /><Point X="408" Y="363" T="0" /><Point X="411" Y="360" T="0" /><Point X="414" Y="355" T="0" /><Point X="416" Y="353" T="0" /><Point X="418" Y="350" T="0" /><Point X="420" Y="349" T="0" /><Point X="420" Y="348" T="0" /><Point X="423" Y="349" T="0" /><Point X="429" Y="356" T="0" /><Point X="437" Y="363" T="0" /><Point X="453" Y="379" T="0" /><Point X="469" Y="397" T="0" /><Point X="495" Y="421" T="0" /><Point X="513" Y="439" T="0" /><Point X="523" Y="448" T="0" /><Point X="530" Y="454" T="0" /><Point X="537" Y="460" T="0" /><Point X="538" Y="460" T="0" /><Point X="539" Y="460" T="0" /></Gesture>