<Gesture Name="zig-zig" Subject="1" Number="1" NumPts="63" Millseconds="0" AppName="Gestures" AppVer="1.0" Date="Wednesday, March 01, 2023" TimeOfDay="15:15:44" ID="10"><Point X="188" Y="424" T="0" /><Point X="194" Y="415" T="0" /><Point X="204" Y="399" T="0" /><Point X="219" Y="374" T="0" /><Point X="228" Y="356" T="0" /><Point X="233" Y="346" T="0" /><Point X="236" Y="342" T="0" /><Point X="237" Y="340" T="0" /><Point X="241" Y="344" T="0" /><Point X="250" Y="357" T="0" /><Point X="262" Y="376" T="0" /><Point X="283" Y="406" T="0" /><Point X="303" Y="431" T="0" /><Point X="322" Y="452" T="0" /><Point X="335" Y="463" T="0" /><Point X="342" Y="468" T="0" /><Point X="347" Y="472" T="0" /><Point X="349" Y="473" T="0" /><Point X="356" Y="458" T="0" /><Point X="365" Y="433" T="0" /><Point X="384" Y="391" T="0" /><Point X="412" Y="327" T="0" /><Point X="432" Y="275" T="0" /><Point X="444" Y="245" T="0" /><Point X="448" Y="232" T="0" /><Point X="451" Y="225" T="0" /><Point X="452" Y="223" T="0" /><Point X="455" Y="226" T="0" /><Point X="462" Y="236" T="0" /><Point X="475" Y="261" T="0" /><Point X="490" Y="290" T="0" /><Point X="526" Y="374" T="0" /><Point X="533" Y="397" T="0" /><Point X="538" Y="406" T="0" /><Point X="540" Y="411" T="0" /><Point X="541" Y="414" T="0" /><Point X="542" Y="415" T="0" /><Point X="542" Y="413" T="0" /><Point X="542" Y="406" T="0" /><Point X="542" Y="397" T="0" /><Point X="542" Y="390" T="0" /><Point X="542" Y="383" T="0" /><Point X="542" Y="379" T="0" /><Point X="542" Y="368" T="0" /><Point X="542" Y="365" T="0" /><Point X="542" Y="362" T="0" /><Point X="542" Y="360" T="0" /><Point X="542" Y="358" T="0" /><Point X="542" Y="357" T="0" /><Point X="542" Y="356" T="0" /><Point X="542" Y="355" T="0" /><Point X="543" Y="352" T="0" /><Point X="544" Y="349" T="0" /><Point X="544" Y="347" T="0" /><Point X="545" Y="345" T="0" /><Point X="545" Y="343" T="0" /><Point X="545" Y="341" T="0" /><Point X="545" Y="339" T="0" /><Point X="545" Y="335" T="0" /><Point X="546" Y="334" T="0" /><Point X="546" Y="333" T="0" /><Point X="546" Y="331" T="0" /><Point X="546" Y="330" T="0" /></Gesture>