<Gesture Name="zig-zig" Subject="1" Number="1" NumPts="50" Millseconds="0" AppName="Gestures" AppVer="1.0" Date="Wednesday, March 01, 2023" TimeOfDay="15:14:50" ID="9"><Point X="226" Y="487" T="0" /><Point X="225" Y="489" T="0" /><Point X="225" Y="490" T="0" /><Point X="225" Y="489" T="0" /><Point X="230" Y="479" T="0" /><Point X="249" Y="441" T="0" /><Point X="283" Y="379" T="0" /><Point X="351" Y="262" T="0" /><Point X="368" Y="235" T="0" /><Point X="373" Y="225" T="0" /><Point X="377" Y="222" T="0" /><Point X="379" Y="225" T="0" /><Point X="381" Y="237" T="0" /><Point X="385" Y="253" T="0" /><Point X="391" Y="279" T="0" /><Point X="403" Y="310" T="0" /><Point X="417" Y="341" T="0" /><Point X="431" Y="365" T="0" /><Point X="441" Y="381" T="0" /><Point X="445" Y="387" T="0" /><Point X="450" Y="393" T="0" /><Point X="450" Y="390" T="0" /><Point X="451" Y="382" T="0" /><Point X="455" Y="363" T="0" /><Point X="472" Y="280" T="0" /><Point X="482" Y="252" T="0" /><Point X="486" Y="238" T="0" /><Point X="490" Y="231" T="0" /><Point X="491" Y="228" T="0" /><Point X="492" Y="227" T="0" /><Point X="495" Y="229" T="0" /><Point X="505" Y="237" T="0" /><Point X="518" Y="252" T="0" /><Point X="539" Y="285" T="0" /><Point X="567" Y="333" T="0" /><Point X="586" Y="372" T="0" /><Point X="602" Y="406" T="0" /><Point X="626" Y="451" T="0" /><Point X="630" Y="456" T="0" /><Point X="631" Y="458" T="0" /><Point X="635" Y="450" T="0" /><Point X="661" Y="382" T="0" /><Point X="674" Y="344" T="0" /><Point X="691" Y="302" T="0" /><Point X="705" Y="271" T="0" /><Point X="712" Y="251" T="0" /><Point X="716" Y="243" T="0" /><Point X="718" Y="238" T="0" /><Point X="719" Y="235" T="0" /><Point X="720" Y="235" T="0" /></Gesture>