<Gesture Name="zig-zig" Subject="1" Number="1" NumPts="46" Millseconds="0" AppName="Gestures" AppVer="1.0" Date="Wednesday, March 01, 2023" TimeOfDay="15:11:54" ID="6"><Point X="165" Y="522" T="0" /><Point X="169" Y="511" T="0" /><Point X="186" Y="480" T="0" /><Point X="211" Y="440" T="0" /><Point X="235" Y="392" T="0" /><Point X="253" Y="360" T="0" /><Point X="264" Y="341" T="0" /><Point X="270" Y="332" T="0" /><Point X="271" Y="327" T="0" /><Point X="279" Y="336" T="0" /><Point X="290" Y="357" T="0" /><Point X="308" Y="389" T="0" /><Point X="358" Y="477" T="0" /><Point X="369" Y="496" T="0" /><Point X="376" Y="506" T="0" /><Point X="379" Y="510" T="0" /><Point X="380" Y="512" T="0" /><Point X="381" Y="513" T="0" /><Point X="381" Y="512" T="0" /><Point X="383" Y="506" T="0" /><Point X="389" Y="492" T="0" /><Point X="407" Y="462" T="0" /><Point X="463" Y="353" T="0" /><Point X="477" Y="326" T="0" /><Point X="485" Y="311" T="0" /><Point X="489" Y="304" T="0" /><Point X="492" Y="300" T="0" /><Point X="493" Y="299" T="0" /><Point X="493" Y="298" T="0" /><Point X="494" Y="298" T="0" /><Point X="495" Y="298" T="0" /><Point X="499" Y="298" T="0" /><Point X="509" Y="300" T="0" /><Point X="554" Y="332" T="0" /><Point X="579" Y="352" T="0" /><Point X="605" Y="379" T="0" /><Point X="629" Y="402" T="0" /><Point X="644" Y="422" T="0" /><Point X="652" Y="433" T="0" /><Point X="656" Y="439" T="0" /><Point X="660" Y="446" T="0" /><Point X="660" Y="447" T="0" /><Point X="660" Y="446" T="0" /><Point X="660" Y="438" T="0" /><Point X="661" Y="427" T="0" /><Point X="661" Y="420" T="0" /></Gesture>