<Gesture Name="circle" Subject="1" Number="1" NumPts="140" Millseconds="0" AppName="Gestures" AppVer="1.0" Date="Wednesday, March 01, 2023" TimeOfDay="19:17:00" ID="5"><Point X="212" Y="113" T="0" /><Point X="206" Y="113" T="0" /><Point X="201" Y="113" T="0" /><Point X="198" Y="113" T="0" /><Point X="194" Y="113" T="0" /><Point X="191" Y="113" T="0" /><Point X="189" Y="113" T="0" /><Point X="186" Y="113" T="0" /><Point X="182" Y="114" T="0" /><Point X="178" Y="115" T="0" /><Point X="174" Y="117" T="0" /><Point X="170" Y="120" T="0" /><Point X="166" Y="123" T="0" /><Point X="160" Y="130" T="0" /><Point X="156" Y="137" T="0" /><Point X="152" Y="142" T="0" /><Point X="149" Y="146" T="0" /><Point X="146" Y="151" T="0" /><Point X="144" Y="152" T="0" /><Point X="142" Y="155" T="0" /><Point X="141" Y="158" T="0" /><Point X="139" Y="160" T="0" /><Point X="138" Y="164" T="0" /><Point X="137" Y="167" T="0" /><Point X="135" Y="172" T="0" /><Point X="135" Y="175" T="0" /><Point X="133" Y="179" T="0" /><Point X="132" Y="185" T="0" /><Point X="131" Y="188" T="0" /><Point X="131" Y="192" T="0" /><Point X="131" Y="195" T="0" /><Point X="131" Y="199" T="0" /><Point X="131" Y="203" T="0" /><Point X="131" Y="208" T="0" /><Point X="134" Y="219" T="0" /><Point X="137" Y="227" T="0" /><Point X="140" Y="234" T="0" /><Point X="142" Y="239" T="0" /><Point X="149" Y="245" T="0" /><Point X="156" Y="250" T="0" /><Point X="161" Y="253" T="0" /><Point X="167" Y="257" T="0" /><Point X="171" Y="259" T="0" /><Point X="178" Y="262" T="0" /><Point X="186" Y="263" T="0" /><Point X="193" Y="267" T="0" /><Point X="201" Y="267" T="0" /><Point X="209" Y="269" T="0" /><Point X="216" Y="270" T="0" /><Point X="220" Y="270" T="0" /><Point X="226" Y="270" T="0" /><Point X="230" Y="270" T="0" /><Point X="235" Y="270" T="0" /><Point X="239" Y="270" T="0" /><Point X="245" Y="269" T="0" /><Point X="250" Y="267" T="0" /><Point X="254" Y="266" T="0" /><Point X="257" Y="265" T="0" /><Point X="259" Y="264" T="0" /><Point X="262" Y="263" T="0" /><Point X="264" Y="263" T="0" /><Point X="266" Y="263" T="0" /><Point X="268" Y="261" T="0" /><Point X="270" Y="258" T="0" /><Point X="272" Y="254" T="0" /><Point X="278" Y="247" T="0" /><Point X="282" Y="241" T="0" /><Point X="286" Y="235" T="0" /><Point X="287" Y="231" T="0" /><Point X="288" Y="228" T="0" /><Point X="289" Y="227" T="0" /><Point X="290" Y="226" T="0" /><Point X="290" Y="225" T="0" /><Point X="290" Y="224" T="0" /><Point X="290" Y="223" T="0" /><Point X="290" Y="222" T="0" /><Point X="290" Y="219" T="0" /><Point X="291" Y="209" T="0" /><Point X="291" Y="201" T="0" /><Point X="291" Y="194" T="0" /><Point X="291" Y="190" T="0" /><Point X="291" Y="184" T="0" /><Point X="291" Y="183" T="0" /><Point X="291" Y="181" T="0" /><Point X="291" Y="180" T="0" /><Point X="291" Y="179" T="0" /><Point X="291" Y="178" T="0" /><Point X="290" Y="178" T="0" /><Point X="290" Y="177" T="0" /><Point X="290" Y="175" T="0" /><Point X="289" Y="169" T="0" /><Point X="288" Y="163" T="0" /><Point X="287" Y="157" T="0" /><Point X="286" Y="150" T="0" /><Point X="284" Y="146" T="0" /><Point X="283" Y="141" T="0" /><Point X="282" Y="139" T="0" /><Point X="282" Y="137" T="0" /><Point X="282" Y="134" T="0" /><Point X="280" Y="132" T="0" /><Point X="278" Y="131" T="0" /><Point X="276" Y="129" T="0" /><Point X="274" Y="128" T="0" /><Point X="274" Y="127" T="0" /><Point X="271" Y="125" T="0" /><Point X="268" Y="123" T="0" /><Point X="265" Y="121" T="0" /><Point X="260" Y="119" T="0" /><Point X="258" Y="118" T="0" /><Point X="254" Y="116" T="0" /><Point X="252" Y="115" T="0" /><Point X="250" Y="113" T="0" /><Point X="248" Y="112" T="0" /><Point X="245" Y="111" T="0" /><Point X="242" Y="111" T="0" /><Point X="240" Y="110" T="0" /><Point X="238" Y="109" T="0" /><Point X="235" Y="108" T="0" /><Point X="233" Y="108" T="0" /><Point X="230" Y="108" T="0" /><Point X="229" Y="108" T="0" /><Point X="227" Y="108" T="0" /><Point X="226" Y="108" T="0" /><Point X="224" Y="108" T="0" /><Point X="222" Y="108" T="0" /><Point X="221" Y="108" T="0" /><Point X="218" Y="108" T="0" /><Point X="216" Y="108" T="0" /><Point X="215" Y="109" T="0" /><Point X="214" Y="110" T="0" /><Point X="212" Y="110" T="0" /><Point X="210" Y="111" T="0" /><Point X="209" Y="111" T="0" /><Point X="207" Y="111" T="0" /><Point X="206" Y="111" T="0" /><Point X="205" Y="111" T="0" /><Point X="204" Y="111" T="0" /><Point X="203" Y="111" T="0" /><Point X="202" Y="111" T="0" /><Point X="201" Y="111" T="0" /></Gesture>