<Gesture Name="circle" Subject="1" Number="1" NumPts="121" Millseconds="0" AppName="Gestures" AppVer="1.0" Date="Wednesday, March 01, 2023" TimeOfDay="19:17:46" ID="6"><Point X="206" Y="151" T="0" /><Point X="199" Y="151" T="0" /><Point X="193" Y="153" T="0" /><Point X="188" Y="156" T="0" /><Point X="182" Y="158" T="0" /><Point X="178" Y="159" T="0" /><Point X="175" Y="161" T="0" /><Point X="173" Y="163" T="0" /><Point X="170" Y="165" T="0" /><Point X="166" Y="168" T="0" /><Point X="162" Y="171" T="0" /><Point X="158" Y="174" T="0" /><Point X="156" Y="176" T="0" /><Point X="153" Y="181" T="0" /><Point X="150" Y="185" T="0" /><Point X="146" Y="191" T="0" /><Point X="141" Y="197" T="0" /><Point X="137" Y="203" T="0" /><Point X="134" Y="207" T="0" /><Point X="133" Y="212" T="0" /><Point X="131" Y="215" T="0" /><Point X="128" Y="220" T="0" /><Point X="126" Y="223" T="0" /><Point X="126" Y="227" T="0" /><Point X="125" Y="232" T="0" /><Point X="124" Y="238" T="0" /><Point X="123" Y="242" T="0" /><Point X="122" Y="247" T="0" /><Point X="122" Y="251" T="0" /><Point X="122" Y="255" T="0" /><Point X="122" Y="256" T="0" /><Point X="122" Y="259" T="0" /><Point X="122" Y="262" T="0" /><Point X="124" Y="264" T="0" /><Point X="126" Y="267" T="0" /><Point X="131" Y="271" T="0" /><Point X="136" Y="275" T="0" /><Point X="141" Y="280" T="0" /><Point X="145" Y="283" T="0" /><Point X="150" Y="287" T="0" /><Point X="156" Y="293" T="0" /><Point X="162" Y="295" T="0" /><Point X="167" Y="299" T="0" /><Point X="174" Y="303" T="0" /><Point X="183" Y="305" T="0" /><Point X="190" Y="307" T="0" /><Point X="194" Y="307" T="0" /><Point X="200" Y="310" T="0" /><Point X="205" Y="311" T="0" /><Point X="210" Y="311" T="0" /><Point X="215" Y="311" T="0" /><Point X="222" Y="310" T="0" /><Point X="230" Y="308" T="0" /><Point X="235" Y="307" T="0" /><Point X="241" Y="305" T="0" /><Point X="246" Y="303" T="0" /><Point X="251" Y="299" T="0" /><Point X="256" Y="295" T="0" /><Point X="261" Y="291" T="0" /><Point X="266" Y="286" T="0" /><Point X="270" Y="282" T="0" /><Point X="275" Y="279" T="0" /><Point X="278" Y="275" T="0" /><Point X="282" Y="271" T="0" /><Point X="287" Y="263" T="0" /><Point X="291" Y="256" T="0" /><Point X="295" Y="251" T="0" /><Point X="297" Y="245" T="0" /><Point X="298" Y="242" T="0" /><Point X="301" Y="237" T="0" /><Point X="302" Y="234" T="0" /><Point X="302" Y="231" T="0" /><Point X="304" Y="227" T="0" /><Point X="305" Y="224" T="0" /><Point X="306" Y="219" T="0" /><Point X="306" Y="215" T="0" /><Point X="306" Y="213" T="0" /><Point X="306" Y="211" T="0" /><Point X="306" Y="210" T="0" /><Point X="306" Y="209" T="0" /><Point X="306" Y="208" T="0" /><Point X="306" Y="207" T="0" /><Point X="306" Y="206" T="0" /><Point X="303" Y="202" T="0" /><Point X="301" Y="197" T="0" /><Point X="298" Y="194" T="0" /><Point X="296" Y="189" T="0" /><Point X="292" Y="187" T="0" /><Point X="288" Y="182" T="0" /><Point X="283" Y="178" T="0" /><Point X="281" Y="172" T="0" /><Point X="278" Y="168" T="0" /><Point X="274" Y="166" T="0" /><Point X="272" Y="163" T="0" /><Point X="270" Y="162" T="0" /><Point X="267" Y="160" T="0" /><Point X="263" Y="159" T="0" /><Point X="260" Y="156" T="0" /><Point X="257" Y="155" T="0" /><Point X="251" Y="153" T="0" /><Point X="248" Y="152" T="0" /><Point X="245" Y="151" T="0" /><Point X="241" Y="151" T="0" /><Point X="237" Y="148" T="0" /><Point X="234" Y="147" T="0" /><Point X="232" Y="147" T="0" /><Point X="229" Y="147" T="0" /><Point X="226" Y="146" T="0" /><Point X="223" Y="145" T="0" /><Point X="222" Y="144" T="0" /><Point X="218" Y="144" T="0" /><Point X="216" Y="144" T="0" /><Point X="214" Y="144" T="0" /><Point X="211" Y="144" T="0" /><Point X="210" Y="144" T="0" /><Point X="209" Y="144" T="0" /><Point X="207" Y="144" T="0" /><Point X="206" Y="144" T="0" /><Point X="205" Y="144" T="0" /><Point X="204" Y="144" T="0" /><Point X="203" Y="144" T="0" /></Gesture>