<Gesture Name="right-curly-brace" Subject="1" Number="1" NumPts="119" Millseconds="0" AppName="Gestures" AppVer="1.0" Date="Wednesday, March 01, 2023" TimeOfDay="19:15:02" ID="2"><Point X="243" Y="86" T="0" /><Point X="245" Y="87" T="0" /><Point X="247" Y="87" T="0" /><Point X="249" Y="88" T="0" /><Point X="250" Y="89" T="0" /><Point X="252" Y="90" T="0" /><Point X="253" Y="90" T="0" /><Point X="253" Y="91" T="0" /><Point X="254" Y="92" T="0" /><Point X="254" Y="93" T="0" /><Point X="255" Y="95" T="0" /><Point X="256" Y="96" T="0" /><Point X="256" Y="100" T="0" /><Point X="256" Y="103" T="0" /><Point X="256" Y="109" T="0" /><Point X="256" Y="113" T="0" /><Point X="256" Y="118" T="0" /><Point X="256" Y="123" T="0" /><Point X="255" Y="129" T="0" /><Point X="254" Y="135" T="0" /><Point X="254" Y="139" T="0" /><Point X="254" Y="143" T="0" /><Point X="254" Y="147" T="0" /><Point X="254" Y="148" T="0" /><Point X="254" Y="151" T="0" /><Point X="254" Y="153" T="0" /><Point X="253" Y="154" T="0" /><Point X="253" Y="155" T="0" /><Point X="253" Y="158" T="0" /><Point X="253" Y="159" T="0" /><Point X="253" Y="162" T="0" /><Point X="252" Y="164" T="0" /><Point X="252" Y="168" T="0" /><Point X="252" Y="171" T="0" /><Point X="251" Y="176" T="0" /><Point X="251" Y="180" T="0" /><Point X="251" Y="186" T="0" /><Point X="251" Y="191" T="0" /><Point X="251" Y="194" T="0" /><Point X="251" Y="196" T="0" /><Point X="251" Y="199" T="0" /><Point X="251" Y="200" T="0" /><Point X="251" Y="202" T="0" /><Point X="251" Y="203" T="0" /><Point X="251" Y="205" T="0" /><Point X="251" Y="207" T="0" /><Point X="251" Y="208" T="0" /><Point X="251" Y="209" T="0" /><Point X="252" Y="211" T="0" /><Point X="256" Y="213" T="0" /><Point X="258" Y="215" T="0" /><Point X="261" Y="215" T="0" /><Point X="266" Y="216" T="0" /><Point X="271" Y="217" T="0" /><Point X="275" Y="217" T="0" /><Point X="277" Y="217" T="0" /><Point X="279" Y="217" T="0" /><Point X="283" Y="217" T="0" /><Point X="286" Y="216" T="0" /><Point X="287" Y="215" T="0" /><Point X="290" Y="215" T="0" /><Point X="292" Y="214" T="0" /><Point X="293" Y="211" T="0" /><Point X="294" Y="209" T="0" /><Point X="294" Y="206" T="0" /><Point X="296" Y="202" T="0" /><Point X="297" Y="199" T="0" /><Point X="297" Y="195" T="0" /><Point X="297" Y="193" T="0" /><Point X="297" Y="192" T="0" /><Point X="297" Y="191" T="0" /><Point X="297" Y="189" T="0" /><Point X="295" Y="188" T="0" /><Point X="295" Y="187" T="0" /><Point X="294" Y="187" T="0" /><Point X="293" Y="187" T="0" /><Point X="292" Y="187" T="0" /><Point X="290" Y="188" T="0" /><Point X="287" Y="191" T="0" /><Point X="285" Y="195" T="0" /><Point X="282" Y="198" T="0" /><Point X="278" Y="203" T="0" /><Point X="277" Y="207" T="0" /><Point X="274" Y="212" T="0" /><Point X="273" Y="219" T="0" /><Point X="272" Y="223" T="0" /><Point X="270" Y="231" T="0" /><Point X="269" Y="236" T="0" /><Point X="269" Y="242" T="0" /><Point X="269" Y="244" T="0" /><Point X="269" Y="248" T="0" /><Point X="269" Y="251" T="0" /><Point X="269" Y="256" T="0" /><Point X="271" Y="263" T="0" /><Point X="272" Y="271" T="0" /><Point X="273" Y="281" T="0" /><Point X="273" Y="288" T="0" /><Point X="273" Y="293" T="0" /><Point X="273" Y="296" T="0" /><Point X="273" Y="299" T="0" /><Point X="273" Y="302" T="0" /><Point X="273" Y="303" T="0" /><Point X="273" Y="304" T="0" /><Point X="273" Y="305" T="0" /><Point X="273" Y="306" T="0" /><Point X="273" Y="307" T="0" /><Point X="273" Y="308" T="0" /><Point X="273" Y="309" T="0" /><Point X="271" Y="309" T="0" /><Point X="270" Y="309" T="0" /><Point X="268" Y="309" T="0" /><Point X="265" Y="309" T="0" /><Point X="263" Y="309" T="0" /><Point X="262" Y="309" T="0" /><Point X="261" Y="309" T="0" /><Point X="258" Y="309" T="0" /><Point X="257" Y="309" T="0" /><Point X="255" Y="309" T="0" /><Point X="254" Y="309" T="0" /></Gesture>