<Gesture Name="right-square-bracket" Subject="1" Number="1" NumPts="87" Millseconds="0" AppName="Gestures" AppVer="1.0" Date="Wednesday, March 01, 2023" TimeOfDay="19:20:48" ID="9"><Point X="179" Y="92" T="0" /><Point X="185" Y="91" T="0" /><Point X="192" Y="91" T="0" /><Point X="196" Y="91" T="0" /><Point X="201" Y="91" T="0" /><Point X="206" Y="91" T="0" /><Point X="210" Y="91" T="0" /><Point X="218" Y="90" T="0" /><Point X="223" Y="89" T="0" /><Point X="230" Y="88" T="0" /><Point X="237" Y="87" T="0" /><Point X="241" Y="87" T="0" /><Point X="246" Y="87" T="0" /><Point X="250" Y="87" T="0" /><Point X="256" Y="85" T="0" /><Point X="262" Y="85" T="0" /><Point X="266" Y="84" T="0" /><Point X="272" Y="83" T="0" /><Point X="276" Y="83" T="0" /><Point X="281" Y="82" T="0" /><Point X="282" Y="82" T="0" /><Point X="285" Y="82" T="0" /><Point X="286" Y="82" T="0" /><Point X="288" Y="81" T="0" /><Point X="290" Y="81" T="0" /><Point X="291" Y="81" T="0" /><Point X="292" Y="81" T="0" /><Point X="292" Y="82" T="0" /><Point X="292" Y="83" T="0" /><Point X="292" Y="85" T="0" /><Point X="294" Y="88" T="0" /><Point X="294" Y="93" T="0" /><Point X="294" Y="98" T="0" /><Point X="296" Y="107" T="0" /><Point X="297" Y="115" T="0" /><Point X="298" Y="121" T="0" /><Point X="299" Y="131" T="0" /><Point X="300" Y="139" T="0" /><Point X="300" Y="150" T="0" /><Point X="300" Y="160" T="0" /><Point X="301" Y="171" T="0" /><Point X="301" Y="180" T="0" /><Point X="302" Y="190" T="0" /><Point X="302" Y="202" T="0" /><Point X="302" Y="212" T="0" /><Point X="302" Y="223" T="0" /><Point X="302" Y="234" T="0" /><Point X="302" Y="242" T="0" /><Point X="302" Y="250" T="0" /><Point X="302" Y="256" T="0" /><Point X="302" Y="263" T="0" /><Point X="302" Y="270" T="0" /><Point X="302" Y="274" T="0" /><Point X="302" Y="278" T="0" /><Point X="302" Y="280" T="0" /><Point X="302" Y="283" T="0" /><Point X="302" Y="284" T="0" /><Point X="302" Y="286" T="0" /><Point X="302" Y="287" T="0" /><Point X="302" Y="288" T="0" /><Point X="302" Y="290" T="0" /><Point X="302" Y="291" T="0" /><Point X="301" Y="291" T="0" /><Point X="298" Y="291" T="0" /><Point X="292" Y="291" T="0" /><Point X="284" Y="291" T="0" /><Point X="276" Y="291" T="0" /><Point X="269" Y="291" T="0" /><Point X="258" Y="291" T="0" /><Point X="246" Y="291" T="0" /><Point X="236" Y="291" T="0" /><Point X="226" Y="291" T="0" /><Point X="217" Y="291" T="0" /><Point X="208" Y="291" T="0" /><Point X="198" Y="291" T="0" /><Point X="188" Y="291" T="0" /><Point X="178" Y="290" T="0" /><Point X="173" Y="290" T="0" /><Point X="166" Y="290" T="0" /><Point X="163" Y="290" T="0" /><Point X="161" Y="290" T="0" /><Point X="160" Y="290" T="0" /><Point X="159" Y="290" T="0" /><Point X="158" Y="290" T="0" /><Point X="157" Y="290" T="0" /><Point X="155" Y="290" T="0" /><Point X="154" Y="290" T="0" /></Gesture>