<Gesture Name="star" Subject="1" Number="1" NumPts="182" Millseconds="0" AppName="Gestures" AppVer="1.0" Date="Wednesday, March 01, 2023" TimeOfDay="19:14:08" ID="1"><Point X="130" Y="271" T="0" /><Point X="134" Y="263" T="0" /><Point X="138" Y="259" T="0" /><Point X="142" Y="251" T="0" /><Point X="147" Y="244" T="0" /><Point X="151" Y="238" T="0" /><Point X="156" Y="230" T="0" /><Point X="161" Y="223" T="0" /><Point X="165" Y="216" T="0" /><Point X="166" Y="211" T="0" /><Point X="168" Y="208" T="0" /><Point X="170" Y="205" T="0" /><Point X="172" Y="203" T="0" /><Point X="174" Y="200" T="0" /><Point X="175" Y="197" T="0" /><Point X="177" Y="194" T="0" /><Point X="178" Y="188" T="0" /><Point X="182" Y="183" T="0" /><Point X="185" Y="179" T="0" /><Point X="187" Y="175" T="0" /><Point X="189" Y="173" T="0" /><Point X="190" Y="171" T="0" /><Point X="190" Y="170" T="0" /><Point X="191" Y="169" T="0" /><Point X="191" Y="168" T="0" /><Point X="191" Y="167" T="0" /><Point X="192" Y="167" T="0" /><Point X="194" Y="163" T="0" /><Point X="200" Y="157" T="0" /><Point X="202" Y="154" T="0" /><Point X="203" Y="152" T="0" /><Point X="204" Y="151" T="0" /><Point X="206" Y="150" T="0" /><Point X="206" Y="148" T="0" /><Point X="207" Y="149" T="0" /><Point X="208" Y="151" T="0" /><Point X="210" Y="155" T="0" /><Point X="211" Y="162" T="0" /><Point X="214" Y="171" T="0" /><Point X="215" Y="179" T="0" /><Point X="217" Y="184" T="0" /><Point X="218" Y="192" T="0" /><Point X="221" Y="203" T="0" /><Point X="222" Y="215" T="0" /><Point X="225" Y="226" T="0" /><Point X="227" Y="233" T="0" /><Point X="228" Y="239" T="0" /><Point X="229" Y="244" T="0" /><Point X="231" Y="249" T="0" /><Point X="233" Y="255" T="0" /><Point X="235" Y="258" T="0" /><Point X="237" Y="263" T="0" /><Point X="239" Y="266" T="0" /><Point X="239" Y="269" T="0" /><Point X="240" Y="271" T="0" /><Point X="241" Y="273" T="0" /><Point X="242" Y="276" T="0" /><Point X="243" Y="278" T="0" /><Point X="244" Y="279" T="0" /><Point X="245" Y="280" T="0" /><Point X="245" Y="281" T="0" /><Point X="245" Y="282" T="0" /><Point X="245" Y="283" T="0" /><Point X="245" Y="284" T="0" /><Point X="245" Y="285" T="0" /><Point X="245" Y="286" T="0" /><Point X="244" Y="285" T="0" /><Point X="239" Y="282" T="0" /><Point X="233" Y="274" T="0" /><Point X="225" Y="267" T="0" /><Point X="212" Y="261" T="0" /><Point X="198" Y="252" T="0" /><Point X="188" Y="246" T="0" /><Point X="181" Y="241" T="0" /><Point X="174" Y="235" T="0" /><Point X="169" Y="230" T="0" /><Point X="162" Y="225" T="0" /><Point X="159" Y="221" T="0" /><Point X="154" Y="219" T="0" /><Point X="150" Y="215" T="0" /><Point X="147" Y="213" T="0" /><Point X="143" Y="211" T="0" /><Point X="140" Y="210" T="0" /><Point X="135" Y="208" T="0" /><Point X="132" Y="205" T="0" /><Point X="129" Y="205" T="0" /><Point X="127" Y="204" T="0" /><Point X="126" Y="204" T="0" /><Point X="125" Y="204" T="0" /><Point X="124" Y="204" T="0" /><Point X="123" Y="204" T="0" /><Point X="122" Y="204" T="0" /><Point X="121" Y="204" T="0" /><Point X="120" Y="204" T="0" /><Point X="121" Y="203" T="0" /><Point X="124" Y="203" T="0" /><Point X="128" Y="203" T="0" /><Point X="135" Y="203" T="0" /><Point X="142" Y="203" T="0" /><Point X="147" Y="203" T="0" /><Point X="154" Y="203" T="0" /><Point X="162" Y="203" T="0" /><Point X="174" Y="203" T="0" /><Point X="186" Y="203" T="0" /><Point X="196" Y="203" T="0" /><Point X="206" Y="203" T="0" /><Point X="214" Y="203" T="0" /><Point X="222" Y="203" T="0" /><Point X="230" Y="203" T="0" /><Point X="237" Y="203" T="0" /><Point X="241" Y="203" T="0" /><Point X="245" Y="203" T="0" /><Point X="246" Y="203" T="0" /><Point X="249" Y="203" T="0" /><Point X="251" Y="203" T="0" /><Point X="252" Y="203" T="0" /><Point X="254" Y="203" T="0" /><Point X="255" Y="203" T="0" /><Point X="256" Y="202" T="0" /><Point X="258" Y="202" T="0" /><Point X="260" Y="202" T="0" /><Point X="261" Y="202" T="0" /><Point X="262" Y="202" T="0" /><Point X="264" Y="202" T="0" /><Point X="266" Y="202" T="0" /><Point X="268" Y="202" T="0" /><Point X="269" Y="202" T="0" /><Point X="271" Y="202" T="0" /><Point X="273" Y="202" T="0" /><Point X="274" Y="202" T="0" /><Point X="275" Y="202" T="0" /><Point X="277" Y="202" T="0" /><Point X="278" Y="202" T="0" /><Point X="278" Y="203" T="0" /><Point X="276" Y="204" T="0" /><Point X="274" Y="207" T="0" /><Point X="270" Y="209" T="0" /><Point X="262" Y="213" T="0" /><Point X="253" Y="219" T="0" /><Point X="242" Y="225" T="0" /><Point X="230" Y="231" T="0" /><Point X="222" Y="235" T="0" /><Point X="216" Y="239" T="0" /><Point X="209" Y="242" T="0" /><Point X="202" Y="245" T="0" /><Point X="196" Y="249" T="0" /><Point X="189" Y="252" T="0" /><Point X="184" Y="255" T="0" /><Point X="178" Y="259" T="0" /><Point X="174" Y="261" T="0" /><Point X="170" Y="263" T="0" /><Point X="168" Y="264" T="0" /><Point X="165" Y="266" T="0" /><Point X="163" Y="268" T="0" /><Point X="162" Y="269" T="0" /><Point X="160" Y="271" T="0" /><Point X="158" Y="272" T="0" /><Point X="157" Y="273" T="0" /><Point X="155" Y="275" T="0" /><Point X="154" Y="275" T="0" /><Point X="152" Y="276" T="0" /><Point X="150" Y="277" T="0" /><Point X="148" Y="278" T="0" /><Point X="146" Y="279" T="0" /><Point X="145" Y="279" T="0" /><Point X="142" Y="280" T="0" /><Point X="139" Y="282" T="0" /><Point X="137" Y="283" T="0" /><Point X="134" Y="283" T="0" /><Point X="132" Y="284" T="0" /><Point X="130" Y="285" T="0" /><Point X="130" Y="286" T="0" /><Point X="129" Y="286" T="0" /><Point X="128" Y="287" T="0" /><Point X="127" Y="288" T="0" /><Point X="126" Y="288" T="0" /><Point X="125" Y="288" T="0" /><Point X="124" Y="288" T="0" /><Point X="122" Y="288" T="0" /><Point X="121" Y="288" T="0" /><Point X="120" Y="288" T="0" /><Point X="119" Y="288" T="0" /></Gesture>