<Gesture Name="x" Subject="1" Number="1" NumPts="77" Millseconds="0" AppName="Gestures" AppVer="1.0" Date="Wednesday, March 01, 2023" TimeOfDay="19:16:55" ID="5"><Point X="156" Y="108" T="0" /><Point X="162" Y="114" T="0" /><Point X="170" Y="122" T="0" /><Point X="178" Y="129" T="0" /><Point X="184" Y="139" T="0" /><Point X="190" Y="147" T="0" /><Point X="195" Y="155" T="0" /><Point X="202" Y="163" T="0" /><Point X="210" Y="169" T="0" /><Point X="216" Y="176" T="0" /><Point X="222" Y="184" T="0" /><Point X="227" Y="190" T="0" /><Point X="234" Y="197" T="0" /><Point X="238" Y="205" T="0" /><Point X="242" Y="210" T="0" /><Point X="244" Y="214" T="0" /><Point X="246" Y="218" T="0" /><Point X="246" Y="219" T="0" /><Point X="247" Y="222" T="0" /><Point X="249" Y="223" T="0" /><Point X="250" Y="225" T="0" /><Point X="250" Y="226" T="0" /><Point X="250" Y="227" T="0" /><Point X="251" Y="228" T="0" /><Point X="251" Y="229" T="0" /><Point X="251" Y="230" T="0" /><Point X="252" Y="230" T="0" /><Point X="253" Y="230" T="0" /><Point X="254" Y="230" T="0" /><Point X="255" Y="230" T="0" /><Point X="256" Y="230" T="0" /><Point X="258" Y="229" T="0" /><Point X="259" Y="227" T="0" /><Point X="261" Y="225" T="0" /><Point X="263" Y="220" T="0" /><Point X="265" Y="214" T="0" /><Point X="267" Y="205" T="0" /><Point X="268" Y="199" T="0" /><Point X="269" Y="193" T="0" /><Point X="269" Y="185" T="0" /><Point X="269" Y="173" T="0" /><Point X="269" Y="161" T="0" /><Point X="269" Y="150" T="0" /><Point X="268" Y="141" T="0" /><Point X="266" Y="130" T="0" /><Point X="265" Y="120" T="0" /><Point X="264" Y="116" T="0" /><Point X="264" Y="113" T="0" /><Point X="264" Y="111" T="0" /><Point X="264" Y="110" T="0" /><Point X="262" Y="110" T="0" /><Point X="261" Y="110" T="0" /><Point X="260" Y="111" T="0" /><Point X="259" Y="111" T="0" /><Point X="258" Y="115" T="0" /><Point X="251" Y="120" T="0" /><Point X="242" Y="127" T="0" /><Point X="232" Y="139" T="0" /><Point X="222" Y="154" T="0" /><Point X="213" Y="163" T="0" /><Point X="202" Y="174" T="0" /><Point X="190" Y="187" T="0" /><Point X="174" Y="205" T="0" /><Point X="162" Y="220" T="0" /><Point X="154" Y="230" T="0" /><Point X="149" Y="236" T="0" /><Point X="144" Y="241" T="0" /><Point X="140" Y="244" T="0" /><Point X="138" Y="249" T="0" /><Point X="134" Y="251" T="0" /><Point X="133" Y="254" T="0" /><Point X="131" Y="256" T="0" /><Point X="130" Y="258" T="0" /><Point X="130" Y="259" T="0" /><Point X="128" Y="259" T="0" /><Point X="127" Y="260" T="0" /><Point X="126" Y="262" T="0" /></Gesture>