<Gesture Name="arrow" Subject="1" Number="1" NumPts="152" Millseconds="0" AppName="Gestures" AppVer="1.0" Date="Wednesday, March 01, 2023" TimeOfDay="16:58:56" ID="1"><Point X="256" Y="519" T="0" /><Point X="261" Y="517" T="0" /><Point X="266" Y="515" T="0" /><Point X="270" Y="514" T="0" /><Point X="276" Y="511" T="0" /><Point X="283" Y="507" T="0" /><Point X="291" Y="504" T="0" /><Point X="302" Y="499" T="0" /><Point X="314" Y="493" T="0" /><Point X="327" Y="487" T="0" /><Point X="342" Y="480" T="0" /><Point X="357" Y="472" T="0" /><Point X="372" Y="465" T="0" /><Point X="387" Y="459" T="0" /><Point X="399" Y="453" T="0" /><Point X="410" Y="448" T="0" /><Point X="423" Y="442" T="0" /><Point X="435" Y="436" T="0" /><Point X="446" Y="431" T="0" /><Point X="456" Y="426" T="0" /><Point X="466" Y="422" T="0" /><Point X="476" Y="417" T="0" /><Point X="487" Y="412" T="0" /><Point X="498" Y="407" T="0" /><Point X="508" Y="403" T="0" /><Point X="518" Y="399" T="0" /><Point X="527" Y="395" T="0" /><Point X="536" Y="391" T="0" /><Point X="544" Y="388" T="0" /><Point X="552" Y="384" T="0" /><Point X="560" Y="381" T="0" /><Point X="566" Y="377" T="0" /><Point X="574" Y="373" T="0" /><Point X="581" Y="369" T="0" /><Point X="587" Y="366" T="0" /><Point X="594" Y="362" T="0" /><Point X="601" Y="358" T="0" /><Point X="609" Y="354" T="0" /><Point X="617" Y="349" T="0" /><Point X="624" Y="346" T="0" /><Point X="630" Y="342" T="0" /><Point X="637" Y="339" T="0" /><Point X="643" Y="337" T="0" /><Point X="650" Y="334" T="0" /><Point X="656" Y="331" T="0" /><Point X="660" Y="329" T="0" /><Point X="664" Y="329" T="0" /><Point X="666" Y="327" T="0" /><Point X="668" Y="327" T="0" /><Point X="670" Y="327" T="0" /><Point X="670" Y="326" T="0" /><Point X="671" Y="326" T="0" /><Point X="672" Y="325" T="0" /><Point X="671" Y="324" T="0" /><Point X="669" Y="323" T="0" /><Point X="662" Y="323" T="0" /><Point X="652" Y="323" T="0" /><Point X="643" Y="323" T="0" /><Point X="636" Y="324" T="0" /><Point X="627" Y="324" T="0" /><Point X="619" Y="324" T="0" /><Point X="612" Y="324" T="0" /><Point X="604" Y="324" T="0" /><Point X="597" Y="323" T="0" /><Point X="589" Y="322" T="0" /><Point X="581" Y="321" T="0" /><Point X="573" Y="319" T="0" /><Point X="565" Y="318" T="0" /><Point X="558" Y="316" T="0" /><Point X="551" Y="314" T="0" /><Point X="544" Y="313" T="0" /><Point X="537" Y="312" T="0" /><Point X="531" Y="311" T="0" /><Point X="525" Y="310" T="0" /><Point X="520" Y="309" T="0" /><Point X="514" Y="309" T="0" /><Point X="510" Y="308" T="0" /><Point X="507" Y="308" T="0" /><Point X="505" Y="307" T="0" /><Point X="503" Y="307" T="0" /><Point X="502" Y="307" T="0" /><Point X="500" Y="307" T="0" /><Point X="500" Y="306" T="0" /><Point X="502" Y="306" T="0" /><Point X="507" Y="306" T="0" /><Point X="512" Y="305" T="0" /><Point X="518" Y="305" T="0" /><Point X="524" Y="306" T="0" /><Point X="531" Y="307" T="0" /><Point X="538" Y="308" T="0" /><Point X="546" Y="309" T="0" /><Point X="553" Y="311" T="0" /><Point X="562" Y="312" T="0" /><Point X="569" Y="314" T="0" /><Point X="577" Y="315" T="0" /><Point X="585" Y="317" T="0" /><Point X="592" Y="319" T="0" /><Point X="599" Y="320" T="0" /><Point X="606" Y="321" T="0" /><Point X="614" Y="323" T="0" /><Point X="621" Y="323" T="0" /><Point X="628" Y="324" T="0" /><Point X="635" Y="325" T="0" /><Point X="642" Y="326" T="0" /><Point X="648" Y="327" T="0" /><Point X="654" Y="327" T="0" /><Point X="659" Y="328" T="0" /><Point X="663" Y="328" T="0" /><Point X="667" Y="329" T="0" /><Point X="670" Y="329" T="0" /><Point X="672" Y="330" T="0" /><Point X="675" Y="331" T="0" /><Point X="676" Y="332" T="0" /><Point X="678" Y="333" T="0" /><Point X="679" Y="333" T="0" /><Point X="680" Y="334" T="0" /><Point X="681" Y="335" T="0" /><Point X="681" Y="337" T="0" /><Point X="681" Y="339" T="0" /><Point X="680" Y="342" T="0" /><Point X="680" Y="345" T="0" /><Point X="678" Y="347" T="0" /><Point X="676" Y="351" T="0" /><Point X="674" Y="355" T="0" /><Point X="672" Y="358" T="0" /><Point X="670" Y="362" T="0" /><Point X="668" Y="366" T="0" /><Point X="665" Y="371" T="0" /><Point X="662" Y="375" T="0" /><Point X="659" Y="380" T="0" /><Point X="656" Y="384" T="0" /><Point X="654" Y="389" T="0" /><Point X="651" Y="395" T="0" /><Point X="648" Y="400" T="0" /><Point X="646" Y="405" T="0" /><Point X="644" Y="410" T="0" /><Point X="642" Y="415" T="0" /><Point X="639" Y="420" T="0" /><Point X="638" Y="425" T="0" /><Point X="636" Y="429" T="0" /><Point X="634" Y="434" T="0" /><Point X="632" Y="438" T="0" /><Point X="630" Y="441" T="0" /><Point X="629" Y="445" T="0" /><Point X="628" Y="448" T="0" /><Point X="627" Y="451" T="0" /><Point X="626" Y="453" T="0" /><Point X="625" Y="455" T="0" /><Point X="625" Y="456" T="0" /><Point X="624" Y="457" T="0" /><Point X="624" Y="459" T="0" /><Point X="623" Y="460" T="0" /></Gesture>