<Gesture Name="arrow" Subject="1" Number="1" NumPts="118" Millseconds="0" AppName="Gestures" AppVer="1.0" Date="Wednesday, March 01, 2023" TimeOfDay="17:07:18" ID="7"><Point X="68" Y="531" T="0" /><Point X="82" Y="524" T="0" /><Point X="98" Y="516" T="0" /><Point X="115" Y="508" T="0" /><Point X="135" Y="498" T="0" /><Point X="157" Y="486" T="0" /><Point X="180" Y="475" T="0" /><Point X="204" Y="462" T="0" /><Point X="230" Y="451" T="0" /><Point X="256" Y="440" T="0" /><Point X="282" Y="429" T="0" /><Point X="309" Y="417" T="0" /><Point X="333" Y="405" T="0" /><Point X="359" Y="393" T="0" /><Point X="385" Y="380" T="0" /><Point X="414" Y="368" T="0" /><Point X="442" Y="355" T="0" /><Point X="469" Y="344" T="0" /><Point X="495" Y="333" T="0" /><Point X="521" Y="324" T="0" /><Point X="543" Y="316" T="0" /><Point X="565" Y="307" T="0" /><Point X="585" Y="300" T="0" /><Point X="603" Y="293" T="0" /><Point X="620" Y="287" T="0" /><Point X="634" Y="282" T="0" /><Point X="646" Y="278" T="0" /><Point X="656" Y="274" T="0" /><Point X="663" Y="272" T="0" /><Point X="670" Y="270" T="0" /><Point X="675" Y="268" T="0" /><Point X="680" Y="266" T="0" /><Point X="683" Y="265" T="0" /><Point X="685" Y="264" T="0" /><Point X="687" Y="264" T="0" /><Point X="688" Y="264" T="0" /><Point X="689" Y="263" T="0" /><Point X="690" Y="263" T="0" /><Point X="691" Y="263" T="0" /><Point X="690" Y="262" T="0" /><Point X="689" Y="262" T="0" /><Point X="685" Y="260" T="0" /><Point X="675" Y="259" T="0" /><Point X="659" Y="259" T="0" /><Point X="643" Y="260" T="0" /><Point X="631" Y="260" T="0" /><Point X="620" Y="262" T="0" /><Point X="609" Y="263" T="0" /><Point X="597" Y="264" T="0" /><Point X="586" Y="266" T="0" /><Point X="575" Y="267" T="0" /><Point X="567" Y="268" T="0" /><Point X="558" Y="270" T="0" /><Point X="550" Y="272" T="0" /><Point X="543" Y="273" T="0" /><Point X="535" Y="275" T="0" /><Point X="525" Y="277" T="0" /><Point X="515" Y="278" T="0" /><Point X="505" Y="282" T="0" /><Point X="494" Y="284" T="0" /><Point X="485" Y="287" T="0" /><Point X="478" Y="290" T="0" /><Point X="471" Y="292" T="0" /><Point X="465" Y="293" T="0" /><Point X="461" Y="294" T="0" /><Point X="457" Y="296" T="0" /><Point X="455" Y="296" T="0" /><Point X="454" Y="296" T="0" /><Point X="453" Y="296" T="0" /><Point X="456" Y="296" T="0" /><Point X="469" Y="293" T="0" /><Point X="479" Y="291" T="0" /><Point X="497" Y="285" T="0" /><Point X="515" Y="280" T="0" /><Point X="528" Y="277" T="0" /><Point X="541" Y="274" T="0" /><Point X="553" Y="271" T="0" /><Point X="565" Y="268" T="0" /><Point X="577" Y="266" T="0" /><Point X="589" Y="264" T="0" /><Point X="601" Y="264" T="0" /><Point X="611" Y="262" T="0" /><Point X="621" Y="261" T="0" /><Point X="631" Y="260" T="0" /><Point X="641" Y="260" T="0" /><Point X="649" Y="259" T="0" /><Point X="659" Y="259" T="0" /><Point X="665" Y="259" T="0" /><Point X="672" Y="260" T="0" /><Point X="677" Y="260" T="0" /><Point X="681" Y="261" T="0" /><Point X="685" Y="262" T="0" /><Point X="691" Y="264" T="0" /><Point X="694" Y="266" T="0" /><Point X="695" Y="267" T="0" /><Point X="697" Y="269" T="0" /><Point X="698" Y="271" T="0" /><Point X="699" Y="273" T="0" /><Point X="699" Y="276" T="0" /><Point X="699" Y="279" T="0" /><Point X="697" Y="283" T="0" /><Point X="695" Y="288" T="0" /><Point X="692" Y="292" T="0" /><Point X="688" Y="298" T="0" /><Point X="683" Y="306" T="0" /><Point X="678" Y="312" T="0" /><Point X="671" Y="320" T="0" /><Point X="665" Y="326" T="0" /><Point X="657" Y="335" T="0" /><Point X="648" Y="344" T="0" /><Point X="639" Y="353" T="0" /><Point X="629" Y="362" T="0" /><Point X="619" Y="372" T="0" /><Point X="610" Y="381" T="0" /><Point X="601" Y="390" T="0" /><Point X="592" Y="401" T="0" /><Point X="583" Y="412" T="0" /><Point X="567" Y="429" T="0" /></Gesture>