<Gesture Name="caret" Subject="1" Number="1" NumPts="51" Millseconds="0" AppName="Gestures" AppVer="1.0" Date="Wednesday, March 01, 2023" TimeOfDay="17:00:21" ID="2"><Point X="229" Y="587" T="0" /><Point X="231" Y="573" T="0" /><Point X="235" Y="554" T="0" /><Point X="241" Y="531" T="0" /><Point X="248" Y="503" T="0" /><Point X="256" Y="474" T="0" /><Point X="266" Y="445" T="0" /><Point X="274" Y="415" T="0" /><Point X="283" Y="387" T="0" /><Point X="291" Y="359" T="0" /><Point X="299" Y="333" T="0" /><Point X="308" Y="306" T="0" /><Point X="316" Y="280" T="0" /><Point X="326" Y="258" T="0" /><Point X="334" Y="238" T="0" /><Point X="343" Y="220" T="0" /><Point X="352" Y="205" T="0" /><Point X="359" Y="195" T="0" /><Point X="364" Y="188" T="0" /><Point X="368" Y="185" T="0" /><Point X="370" Y="183" T="0" /><Point X="372" Y="184" T="0" /><Point X="374" Y="186" T="0" /><Point X="377" Y="195" T="0" /><Point X="380" Y="207" T="0" /><Point X="382" Y="222" T="0" /><Point X="385" Y="239" T="0" /><Point X="388" Y="257" T="0" /><Point X="393" Y="275" T="0" /><Point X="399" Y="293" T="0" /><Point X="406" Y="311" T="0" /><Point X="413" Y="331" T="0" /><Point X="420" Y="350" T="0" /><Point X="427" Y="370" T="0" /><Point X="434" Y="391" T="0" /><Point X="440" Y="409" T="0" /><Point X="446" Y="429" T="0" /><Point X="452" Y="445" T="0" /><Point X="457" Y="461" T="0" /><Point X="461" Y="476" T="0" /><Point X="464" Y="489" T="0" /><Point X="468" Y="501" T="0" /><Point X="470" Y="511" T="0" /><Point X="473" Y="521" T="0" /><Point X="476" Y="528" T="0" /><Point X="478" Y="535" T="0" /><Point X="480" Y="542" T="0" /><Point X="482" Y="547" T="0" /><Point X="483" Y="551" T="0" /><Point X="485" Y="555" T="0" /><Point X="486" Y="556" T="0" /></Gesture>