<Gesture Name="caret" Subject="1" Number="1" NumPts="57" Millseconds="0" AppName="Gestures" AppVer="1.0" Date="Wednesday, March 01, 2023" TimeOfDay="17:09:14" ID="9"><Point X="156" Y="483" T="0" /><Point X="161" Y="473" T="0" /><Point X="165" Y="462" T="0" /><Point X="171" Y="451" T="0" /><Point X="177" Y="440" T="0" /><Point X="185" Y="428" T="0" /><Point X="191" Y="414" T="0" /><Point X="199" Y="401" T="0" /><Point X="205" Y="386" T="0" /><Point X="213" Y="372" T="0" /><Point X="221" Y="356" T="0" /><Point X="229" Y="342" T="0" /><Point X="240" Y="326" T="0" /><Point X="250" Y="308" T="0" /><Point X="259" Y="292" T="0" /><Point X="267" Y="278" T="0" /><Point X="275" Y="264" T="0" /><Point X="281" Y="250" T="0" /><Point X="287" Y="238" T="0" /><Point X="292" Y="227" T="0" /><Point X="295" Y="218" T="0" /><Point X="299" Y="210" T="0" /><Point X="302" Y="204" T="0" /><Point X="305" Y="200" T="0" /><Point X="307" Y="196" T="0" /><Point X="308" Y="194" T="0" /><Point X="309" Y="192" T="0" /><Point X="310" Y="192" T="0" /><Point X="310" Y="191" T="0" /><Point X="311" Y="192" T="0" /><Point X="313" Y="193" T="0" /><Point X="315" Y="197" T="0" /><Point X="317" Y="204" T="0" /><Point X="320" Y="214" T="0" /><Point X="323" Y="225" T="0" /><Point X="325" Y="238" T="0" /><Point X="326" Y="251" T="0" /><Point X="327" Y="266" T="0" /><Point X="328" Y="282" T="0" /><Point X="328" Y="298" T="0" /><Point X="329" Y="316" T="0" /><Point X="331" Y="332" T="0" /><Point X="332" Y="349" T="0" /><Point X="334" Y="364" T="0" /><Point X="336" Y="380" T="0" /><Point X="339" Y="395" T="0" /><Point X="343" Y="410" T="0" /><Point X="345" Y="426" T="0" /><Point X="349" Y="440" T="0" /><Point X="353" Y="454" T="0" /><Point X="358" Y="467" T="0" /><Point X="363" Y="480" T="0" /><Point X="367" Y="493" T="0" /><Point X="373" Y="505" T="0" /><Point X="377" Y="517" T="0" /><Point X="381" Y="530" T="0" /><Point X="388" Y="552" T="0" /></Gesture>