<Gesture Name="caret" Subject="1" Number="1" NumPts="71" Millseconds="0" AppName="Gestures" AppVer="1.0" Date="Wednesday, March 01, 2023" TimeOfDay="17:04:54" ID="5"><Point X="228" Y="568" T="0" /><Point X="232" Y="560" T="0" /><Point X="237" Y="552" T="0" /><Point X="241" Y="543" T="0" /><Point X="246" Y="533" T="0" /><Point X="251" Y="522" T="0" /><Point X="257" Y="511" T="0" /><Point X="263" Y="499" T="0" /><Point X="270" Y="486" T="0" /><Point X="275" Y="474" T="0" /><Point X="282" Y="461" T="0" /><Point X="288" Y="448" T="0" /><Point X="293" Y="437" T="0" /><Point X="299" Y="426" T="0" /><Point X="305" Y="414" T="0" /><Point X="310" Y="404" T="0" /><Point X="315" Y="392" T="0" /><Point X="319" Y="382" T="0" /><Point X="324" Y="372" T="0" /><Point X="328" Y="362" T="0" /><Point X="331" Y="353" T="0" /><Point X="335" Y="345" T="0" /><Point X="338" Y="337" T="0" /><Point X="341" Y="330" T="0" /><Point X="343" Y="325" T="0" /><Point X="345" Y="321" T="0" /><Point X="345" Y="317" T="0" /><Point X="347" Y="314" T="0" /><Point X="347" Y="312" T="0" /><Point X="348" Y="310" T="0" /><Point X="349" Y="310" T="0" /><Point X="349" Y="309" T="0" /><Point X="349" Y="308" T="0" /><Point X="350" Y="309" T="0" /><Point X="351" Y="310" T="0" /><Point X="351" Y="311" T="0" /><Point X="352" Y="314" T="0" /><Point X="354" Y="318" T="0" /><Point X="356" Y="323" T="0" /><Point X="358" Y="330" T="0" /><Point X="361" Y="338" T="0" /><Point X="363" Y="348" T="0" /><Point X="365" Y="358" T="0" /><Point X="368" Y="368" T="0" /><Point X="371" Y="379" T="0" /><Point X="374" Y="391" T="0" /><Point X="377" Y="402" T="0" /><Point X="380" Y="414" T="0" /><Point X="382" Y="426" T="0" /><Point X="385" Y="438" T="0" /><Point X="389" Y="450" T="0" /><Point X="393" Y="461" T="0" /><Point X="396" Y="473" T="0" /><Point X="399" Y="484" T="0" /><Point X="403" Y="494" T="0" /><Point X="407" Y="505" T="0" /><Point X="410" Y="515" T="0" /><Point X="413" Y="524" T="0" /><Point X="417" Y="533" T="0" /><Point X="419" Y="542" T="0" /><Point X="422" Y="550" T="0" /><Point X="425" Y="557" T="0" /><Point X="427" Y="563" T="0" /><Point X="429" Y="568" T="0" /><Point X="431" Y="572" T="0" /><Point X="432" Y="576" T="0" /><Point X="433" Y="579" T="0" /><Point X="435" Y="582" T="0" /><Point X="435" Y="584" T="0" /><Point X="436" Y="586" T="0" /><Point X="437" Y="588" T="0" /></Gesture>