<Gesture Name="caret" Subject="1" Number="1" NumPts="64" Millseconds="0" AppName="Gestures" AppVer="1.0" Date="Wednesday, March 01, 2023" TimeOfDay="17:10:40" ID="10"><Point X="227" Y="566" T="0" /><Point X="228" Y="556" T="0" /><Point X="230" Y="546" T="0" /><Point X="232" Y="534" T="0" /><Point X="235" Y="522" T="0" /><Point X="239" Y="508" T="0" /><Point X="243" Y="494" T="0" /><Point X="249" Y="478" T="0" /><Point X="256" Y="462" T="0" /><Point X="263" Y="446" T="0" /><Point X="271" Y="430" T="0" /><Point X="279" Y="414" T="0" /><Point X="287" Y="397" T="0" /><Point X="294" Y="380" T="0" /><Point X="302" Y="364" T="0" /><Point X="309" Y="349" T="0" /><Point X="316" Y="335" T="0" /><Point X="323" Y="320" T="0" /><Point X="329" Y="306" T="0" /><Point X="334" Y="292" T="0" /><Point X="339" Y="280" T="0" /><Point X="344" Y="268" T="0" /><Point X="347" Y="256" T="0" /><Point X="351" Y="246" T="0" /><Point X="355" Y="236" T="0" /><Point X="358" Y="226" T="0" /><Point X="361" Y="218" T="0" /><Point X="363" Y="211" T="0" /><Point X="366" Y="206" T="0" /><Point X="368" Y="200" T="0" /><Point X="369" Y="195" T="0" /><Point X="371" Y="192" T="0" /><Point X="372" Y="190" T="0" /><Point X="373" Y="189" T="0" /><Point X="373" Y="188" T="0" /><Point X="374" Y="189" T="0" /><Point X="376" Y="192" T="0" /><Point X="378" Y="195" T="0" /><Point X="380" Y="202" T="0" /><Point X="381" Y="210" T="0" /><Point X="383" Y="220" T="0" /><Point X="385" Y="231" T="0" /><Point X="386" Y="244" T="0" /><Point X="387" Y="258" T="0" /><Point X="389" Y="272" T="0" /><Point X="389" Y="288" T="0" /><Point X="390" Y="304" T="0" /><Point X="391" Y="321" T="0" /><Point X="393" Y="338" T="0" /><Point X="395" Y="355" T="0" /><Point X="396" Y="372" T="0" /><Point X="398" Y="388" T="0" /><Point X="399" Y="405" T="0" /><Point X="401" Y="422" T="0" /><Point X="403" Y="439" T="0" /><Point X="405" Y="455" T="0" /><Point X="407" Y="470" T="0" /><Point X="409" Y="485" T="0" /><Point X="412" Y="498" T="0" /><Point X="415" Y="512" T="0" /><Point X="417" Y="524" T="0" /><Point X="419" Y="537" T="0" /><Point X="422" Y="550" T="0" /><Point X="427" Y="573" T="0" /></Gesture>