<Gesture Name="caret" Subject="1" Number="1" NumPts="71" Millseconds="0" AppName="Gestures" AppVer="1.0" Date="Wednesday, March 01, 2023" TimeOfDay="16:58:47" ID="1"><Point X="284" Y="536" T="0" /><Point X="288" Y="527" T="0" /><Point X="292" Y="517" T="0" /><Point X="296" Y="507" T="0" /><Point X="299" Y="497" T="0" /><Point X="302" Y="485" T="0" /><Point X="306" Y="473" T="0" /><Point X="310" Y="460" T="0" /><Point X="312" Y="445" T="0" /><Point X="316" Y="430" T="0" /><Point X="321" Y="413" T="0" /><Point X="327" Y="397" T="0" /><Point X="332" Y="379" T="0" /><Point X="338" Y="361" T="0" /><Point X="344" Y="343" T="0" /><Point X="350" Y="325" T="0" /><Point X="355" Y="308" T="0" /><Point X="360" Y="291" T="0" /><Point X="365" Y="275" T="0" /><Point X="369" Y="261" T="0" /><Point X="373" Y="247" T="0" /><Point X="376" Y="234" T="0" /><Point X="379" Y="223" T="0" /><Point X="382" Y="213" T="0" /><Point X="385" Y="204" T="0" /><Point X="388" Y="197" T="0" /><Point X="392" Y="190" T="0" /><Point X="394" Y="185" T="0" /><Point X="397" Y="181" T="0" /><Point X="400" Y="178" T="0" /><Point X="401" Y="177" T="0" /><Point X="403" Y="176" T="0" /><Point X="404" Y="176" T="0" /><Point X="406" Y="177" T="0" /><Point X="409" Y="180" T="0" /><Point X="412" Y="186" T="0" /><Point X="416" Y="194" T="0" /><Point X="419" Y="204" T="0" /><Point X="422" Y="216" T="0" /><Point X="425" Y="230" T="0" /><Point X="428" Y="245" T="0" /><Point X="432" Y="261" T="0" /><Point X="435" Y="277" T="0" /><Point X="439" Y="293" T="0" /><Point X="443" Y="309" T="0" /><Point X="447" Y="327" T="0" /><Point X="452" Y="343" T="0" /><Point X="458" Y="360" T="0" /><Point X="462" Y="375" T="0" /><Point X="467" Y="391" T="0" /><Point X="472" Y="406" T="0" /><Point X="477" Y="419" T="0" /><Point X="481" Y="433" T="0" /><Point X="486" Y="445" T="0" /><Point X="490" Y="458" T="0" /><Point X="494" Y="469" T="0" /><Point X="498" Y="480" T="0" /><Point X="501" Y="489" T="0" /><Point X="504" Y="497" T="0" /><Point X="507" Y="504" T="0" /><Point X="509" Y="510" T="0" /><Point X="511" Y="515" T="0" /><Point X="513" Y="519" T="0" /><Point X="514" Y="523" T="0" /><Point X="514" Y="525" T="0" /><Point X="515" Y="527" T="0" /><Point X="516" Y="529" T="0" /><Point X="516" Y="531" T="0" /><Point X="517" Y="532" T="0" /><Point X="517" Y="533" T="0" /><Point X="517" Y="534" T="0" /></Gesture>