<Gesture Name="check" Subject="1" Number="1" NumPts="83" Millseconds="0" AppName="Gestures" AppVer="1.0" Date="Wednesday, March 01, 2023" TimeOfDay="17:05:57" ID="6"><Point X="139" Y="464" T="0" /><Point X="144" Y="468" T="0" /><Point X="148" Y="471" T="0" /><Point X="152" Y="474" T="0" /><Point X="157" Y="478" T="0" /><Point X="161" Y="482" T="0" /><Point X="166" Y="487" T="0" /><Point X="170" Y="491" T="0" /><Point X="175" Y="495" T="0" /><Point X="180" Y="500" T="0" /><Point X="185" Y="504" T="0" /><Point X="189" Y="508" T="0" /><Point X="194" Y="513" T="0" /><Point X="199" Y="518" T="0" /><Point X="203" Y="522" T="0" /><Point X="208" Y="527" T="0" /><Point X="212" Y="531" T="0" /><Point X="216" Y="536" T="0" /><Point X="220" Y="540" T="0" /><Point X="223" Y="545" T="0" /><Point X="227" Y="550" T="0" /><Point X="231" Y="555" T="0" /><Point X="235" Y="559" T="0" /><Point X="239" Y="564" T="0" /><Point X="243" Y="568" T="0" /><Point X="247" Y="572" T="0" /><Point X="251" Y="576" T="0" /><Point X="254" Y="580" T="0" /><Point X="257" Y="584" T="0" /><Point X="259" Y="586" T="0" /><Point X="261" Y="589" T="0" /><Point X="262" Y="591" T="0" /><Point X="263" Y="592" T="0" /><Point X="265" Y="594" T="0" /><Point X="265" Y="595" T="0" /><Point X="266" Y="596" T="0" /><Point X="267" Y="596" T="0" /><Point X="267" Y="597" T="0" /><Point X="268" Y="596" T="0" /><Point X="268" Y="595" T="0" /><Point X="269" Y="592" T="0" /><Point X="269" Y="588" T="0" /><Point X="271" Y="582" T="0" /><Point X="273" Y="575" T="0" /><Point X="275" Y="568" T="0" /><Point X="279" Y="558" T="0" /><Point X="284" Y="548" T="0" /><Point X="289" Y="538" T="0" /><Point X="294" Y="527" T="0" /><Point X="299" Y="516" T="0" /><Point X="305" Y="505" T="0" /><Point X="310" Y="494" T="0" /><Point X="315" Y="484" T="0" /><Point X="321" Y="472" T="0" /><Point X="328" Y="459" T="0" /><Point X="335" Y="447" T="0" /><Point X="344" Y="434" T="0" /><Point X="353" Y="421" T="0" /><Point X="363" Y="408" T="0" /><Point X="373" Y="394" T="0" /><Point X="382" Y="382" T="0" /><Point X="391" Y="369" T="0" /><Point X="400" Y="358" T="0" /><Point X="410" Y="347" T="0" /><Point X="420" Y="336" T="0" /><Point X="429" Y="326" T="0" /><Point X="438" Y="318" T="0" /><Point X="447" Y="308" T="0" /><Point X="455" Y="300" T="0" /><Point X="462" Y="293" T="0" /><Point X="469" Y="286" T="0" /><Point X="473" Y="280" T="0" /><Point X="478" Y="274" T="0" /><Point X="482" Y="270" T="0" /><Point X="485" Y="268" T="0" /><Point X="487" Y="265" T="0" /><Point X="489" Y="263" T="0" /><Point X="491" Y="262" T="0" /><Point X="492" Y="261" T="0" /><Point X="493" Y="260" T="0" /><Point X="495" Y="260" T="0" /><Point X="496" Y="259" T="0" /><Point X="497" Y="259" T="0" /></Gesture>