<Gesture Name="check" Subject="1" Number="1" NumPts="61" Millseconds="0" AppName="Gestures" AppVer="1.0" Date="Wednesday, March 01, 2023" TimeOfDay="17:04:46" ID="5"><Point X="209" Y="452" T="0" /><Point X="214" Y="456" T="0" /><Point X="219" Y="459" T="0" /><Point X="225" Y="463" T="0" /><Point X="231" Y="468" T="0" /><Point X="237" Y="473" T="0" /><Point X="242" Y="478" T="0" /><Point X="247" Y="484" T="0" /><Point X="253" Y="489" T="0" /><Point X="257" Y="495" T="0" /><Point X="262" Y="500" T="0" /><Point X="267" Y="506" T="0" /><Point X="271" Y="511" T="0" /><Point X="275" Y="516" T="0" /><Point X="277" Y="520" T="0" /><Point X="280" Y="524" T="0" /><Point X="283" Y="528" T="0" /><Point X="285" Y="530" T="0" /><Point X="287" Y="534" T="0" /><Point X="289" Y="536" T="0" /><Point X="290" Y="538" T="0" /><Point X="291" Y="540" T="0" /><Point X="293" Y="541" T="0" /><Point X="293" Y="542" T="0" /><Point X="293" Y="543" T="0" /><Point X="294" Y="543" T="0" /><Point X="295" Y="543" T="0" /><Point X="296" Y="543" T="0" /><Point X="298" Y="541" T="0" /><Point X="301" Y="538" T="0" /><Point X="305" Y="532" T="0" /><Point X="311" Y="524" T="0" /><Point X="317" Y="515" T="0" /><Point X="325" Y="504" T="0" /><Point X="332" Y="492" T="0" /><Point X="339" Y="482" T="0" /><Point X="345" Y="471" T="0" /><Point X="351" Y="460" T="0" /><Point X="357" Y="448" T="0" /><Point X="363" Y="436" T="0" /><Point X="371" Y="424" T="0" /><Point X="379" Y="411" T="0" /><Point X="388" Y="397" T="0" /><Point X="397" Y="382" T="0" /><Point X="407" Y="368" T="0" /><Point X="417" Y="354" T="0" /><Point X="425" Y="341" T="0" /><Point X="435" Y="330" T="0" /><Point X="445" Y="319" T="0" /><Point X="453" Y="308" T="0" /><Point X="462" Y="298" T="0" /><Point X="470" Y="288" T="0" /><Point X="478" Y="279" T="0" /><Point X="486" Y="270" T="0" /><Point X="493" Y="262" T="0" /><Point X="503" Y="254" T="0" /><Point X="511" Y="246" T="0" /><Point X="520" Y="240" T="0" /><Point X="528" Y="233" T="0" /><Point X="536" Y="227" T="0" /><Point X="539" Y="225" T="0" /></Gesture>