<Gesture Name="check" Subject="1" Number="1" NumPts="60" Millseconds="0" AppName="Gestures" AppVer="1.0" Date="Wednesday, March 01, 2023" TimeOfDay="17:10:36" ID="10"><Point X="49" Y="329" T="0" /><Point X="55" Y="337" T="0" /><Point X="61" Y="346" T="0" /><Point X="67" Y="354" T="0" /><Point X="75" Y="364" T="0" /><Point X="83" Y="374" T="0" /><Point X="91" Y="385" T="0" /><Point X="99" Y="395" T="0" /><Point X="108" Y="405" T="0" /><Point X="117" Y="416" T="0" /><Point X="125" Y="426" T="0" /><Point X="133" Y="436" T="0" /><Point X="141" Y="446" T="0" /><Point X="149" Y="456" T="0" /><Point X="156" Y="464" T="0" /><Point X="163" Y="472" T="0" /><Point X="169" Y="480" T="0" /><Point X="176" Y="486" T="0" /><Point X="181" Y="492" T="0" /><Point X="186" Y="497" T="0" /><Point X="190" Y="500" T="0" /><Point X="194" Y="504" T="0" /><Point X="197" Y="506" T="0" /><Point X="200" Y="508" T="0" /><Point X="202" Y="510" T="0" /><Point X="203" Y="511" T="0" /><Point X="204" Y="512" T="0" /><Point X="205" Y="512" T="0" /><Point X="207" Y="512" T="0" /><Point X="209" Y="510" T="0" /><Point X="211" Y="509" T="0" /><Point X="213" Y="505" T="0" /><Point X="217" Y="499" T="0" /><Point X="221" Y="492" T="0" /><Point X="227" Y="484" T="0" /><Point X="235" Y="473" T="0" /><Point X="245" Y="460" T="0" /><Point X="257" Y="448" T="0" /><Point X="272" Y="434" T="0" /><Point X="288" Y="419" T="0" /><Point X="305" Y="403" T="0" /><Point X="324" Y="387" T="0" /><Point X="344" Y="369" T="0" /><Point X="367" Y="351" T="0" /><Point X="394" Y="333" T="0" /><Point X="423" Y="316" T="0" /><Point X="452" Y="299" T="0" /><Point X="479" Y="282" T="0" /><Point X="506" Y="265" T="0" /><Point X="534" Y="250" T="0" /><Point X="561" Y="236" T="0" /><Point X="589" Y="224" T="0" /><Point X="615" Y="214" T="0" /><Point X="640" Y="205" T="0" /><Point X="663" Y="196" T="0" /><Point X="684" Y="190" T="0" /><Point X="703" Y="184" T="0" /><Point X="721" Y="180" T="0" /><Point X="737" Y="176" T="0" /><Point X="761" Y="172" T="0" /></Gesture>