<Gesture Name="check" Subject="1" Number="1" NumPts="60" Millseconds="0" AppName="Gestures" AppVer="1.0" Date="Wednesday, March 01, 2023" TimeOfDay="17:08:05" ID="8"><Point X="203" Y="467" T="0" /><Point X="207" Y="471" T="0" /><Point X="213" Y="476" T="0" /><Point X="217" Y="481" T="0" /><Point X="221" Y="486" T="0" /><Point X="227" Y="492" T="0" /><Point X="233" Y="499" T="0" /><Point X="239" Y="504" T="0" /><Point X="243" Y="510" T="0" /><Point X="249" Y="516" T="0" /><Point X="254" Y="523" T="0" /><Point X="259" Y="529" T="0" /><Point X="264" Y="535" T="0" /><Point X="269" Y="540" T="0" /><Point X="273" Y="546" T="0" /><Point X="277" Y="552" T="0" /><Point X="280" Y="556" T="0" /><Point X="283" Y="560" T="0" /><Point X="286" Y="564" T="0" /><Point X="289" Y="566" T="0" /><Point X="291" Y="568" T="0" /><Point X="293" Y="570" T="0" /><Point X="297" Y="571" T="0" /><Point X="299" Y="572" T="0" /><Point X="303" Y="572" T="0" /><Point X="306" Y="572" T="0" /><Point X="309" Y="571" T="0" /><Point X="312" Y="570" T="0" /><Point X="316" Y="567" T="0" /><Point X="321" Y="562" T="0" /><Point X="327" Y="556" T="0" /><Point X="332" Y="549" T="0" /><Point X="339" Y="540" T="0" /><Point X="347" Y="527" T="0" /><Point X="358" Y="513" T="0" /><Point X="368" Y="500" T="0" /><Point X="379" Y="486" T="0" /><Point X="391" Y="470" T="0" /><Point X="403" Y="455" T="0" /><Point X="417" Y="440" T="0" /><Point X="429" Y="426" T="0" /><Point X="440" Y="413" T="0" /><Point X="452" Y="398" T="0" /><Point X="463" Y="383" T="0" /><Point X="475" Y="368" T="0" /><Point X="487" Y="353" T="0" /><Point X="501" Y="339" T="0" /><Point X="515" Y="326" T="0" /><Point X="527" Y="312" T="0" /><Point X="540" Y="299" T="0" /><Point X="552" Y="287" T="0" /><Point X="563" Y="276" T="0" /><Point X="574" Y="265" T="0" /><Point X="585" Y="256" T="0" /><Point X="595" Y="248" T="0" /><Point X="605" Y="240" T="0" /><Point X="615" Y="234" T="0" /><Point X="629" Y="226" T="0" /><Point X="647" Y="219" T="0" /><Point X="671" Y="210" T="0" /></Gesture>