<Gesture Name="circle" Subject="1" Number="1" NumPts="79" Millseconds="0" AppName="Gestures" AppVer="1.0" Date="Wednesday, March 01, 2023" TimeOfDay="17:00:17" ID="2"><Point X="372" Y="187" T="0" /><Point X="367" Y="185" T="0" /><Point X="360" Y="184" T="0" /><Point X="352" Y="184" T="0" /><Point X="342" Y="185" T="0" /><Point X="331" Y="187" T="0" /><Point X="320" Y="190" T="0" /><Point X="310" Y="195" T="0" /><Point X="299" Y="200" T="0" /><Point X="288" Y="206" T="0" /><Point X="275" Y="215" T="0" /><Point X="263" Y="225" T="0" /><Point X="253" Y="235" T="0" /><Point X="243" Y="247" T="0" /><Point X="233" Y="261" T="0" /><Point X="224" Y="273" T="0" /><Point X="216" Y="287" T="0" /><Point X="208" Y="301" T="0" /><Point X="203" Y="315" T="0" /><Point X="197" Y="331" T="0" /><Point X="193" Y="346" T="0" /><Point X="190" Y="361" T="0" /><Point X="188" Y="376" T="0" /><Point X="189" Y="392" T="0" /><Point X="191" Y="407" T="0" /><Point X="195" Y="421" T="0" /><Point X="200" Y="433" T="0" /><Point X="208" Y="445" T="0" /><Point X="216" Y="457" T="0" /><Point X="226" Y="466" T="0" /><Point X="238" Y="475" T="0" /><Point X="250" Y="481" T="0" /><Point X="263" Y="487" T="0" /><Point X="278" Y="491" T="0" /><Point X="294" Y="494" T="0" /><Point X="310" Y="495" T="0" /><Point X="326" Y="495" T="0" /><Point X="341" Y="493" T="0" /><Point X="358" Y="489" T="0" /><Point X="374" Y="485" T="0" /><Point X="389" Y="479" T="0" /><Point X="404" Y="473" T="0" /><Point X="416" Y="467" T="0" /><Point X="428" Y="461" T="0" /><Point X="439" Y="454" T="0" /><Point X="448" Y="447" T="0" /><Point X="457" Y="440" T="0" /><Point X="463" Y="433" T="0" /><Point X="470" Y="425" T="0" /><Point X="475" Y="417" T="0" /><Point X="479" Y="408" T="0" /><Point X="482" Y="399" T="0" /><Point X="485" Y="389" T="0" /><Point X="487" Y="378" T="0" /><Point X="488" Y="368" T="0" /><Point X="488" Y="358" T="0" /><Point X="486" Y="348" T="0" /><Point X="484" Y="338" T="0" /><Point X="482" Y="329" T="0" /><Point X="479" Y="319" T="0" /><Point X="475" Y="310" T="0" /><Point X="471" Y="301" T="0" /><Point X="467" Y="292" T="0" /><Point X="463" Y="283" T="0" /><Point X="458" Y="275" T="0" /><Point X="453" Y="267" T="0" /><Point X="448" Y="259" T="0" /><Point X="442" Y="252" T="0" /><Point X="436" Y="245" T="0" /><Point X="430" Y="238" T="0" /><Point X="424" Y="232" T="0" /><Point X="417" Y="227" T="0" /><Point X="410" Y="222" T="0" /><Point X="404" Y="217" T="0" /><Point X="398" Y="213" T="0" /><Point X="393" Y="209" T="0" /><Point X="388" Y="206" T="0" /><Point X="384" Y="203" T="0" /><Point X="381" Y="202" T="0" /></Gesture>