<Gesture Name="circle" Subject="1" Number="1" NumPts="136" Millseconds="0" AppName="Gestures" AppVer="1.0" Date="Wednesday, March 01, 2023" TimeOfDay="16:58:40" ID="1"><Point X="402" Y="192" T="0" /><Point X="399" Y="192" T="0" /><Point X="394" Y="192" T="0" /><Point X="388" Y="191" T="0" /><Point X="380" Y="191" T="0" /><Point X="371" Y="191" T="0" /><Point X="362" Y="191" T="0" /><Point X="352" Y="191" T="0" /><Point X="344" Y="191" T="0" /><Point X="334" Y="192" T="0" /><Point X="324" Y="194" T="0" /><Point X="315" Y="195" T="0" /><Point X="307" Y="198" T="0" /><Point X="300" Y="201" T="0" /><Point X="292" Y="204" T="0" /><Point X="284" Y="207" T="0" /><Point X="277" Y="211" T="0" /><Point X="269" Y="215" T="0" /><Point X="262" Y="220" T="0" /><Point X="255" Y="225" T="0" /><Point X="247" Y="231" T="0" /><Point X="239" Y="238" T="0" /><Point X="232" Y="245" T="0" /><Point X="225" Y="253" T="0" /><Point X="218" Y="261" T="0" /><Point X="211" Y="270" T="0" /><Point X="205" Y="278" T="0" /><Point X="199" Y="287" T="0" /><Point X="193" Y="297" T="0" /><Point X="190" Y="306" T="0" /><Point X="186" Y="316" T="0" /><Point X="182" Y="327" T="0" /><Point X="179" Y="337" T="0" /><Point X="177" Y="347" T="0" /><Point X="176" Y="359" T="0" /><Point X="175" Y="370" T="0" /><Point X="175" Y="382" T="0" /><Point X="176" Y="393" T="0" /><Point X="178" Y="405" T="0" /><Point X="180" Y="418" T="0" /><Point X="183" Y="428" T="0" /><Point X="186" Y="439" T="0" /><Point X="192" Y="449" T="0" /><Point X="197" Y="458" T="0" /><Point X="204" Y="467" T="0" /><Point X="211" Y="475" T="0" /><Point X="218" Y="483" T="0" /><Point X="226" Y="491" T="0" /><Point X="235" Y="497" T="0" /><Point X="244" Y="502" T="0" /><Point X="252" Y="508" T="0" /><Point X="261" Y="513" T="0" /><Point X="270" Y="517" T="0" /><Point X="280" Y="521" T="0" /><Point X="291" Y="525" T="0" /><Point X="302" Y="527" T="0" /><Point X="314" Y="528" T="0" /><Point X="326" Y="529" T="0" /><Point X="339" Y="530" T="0" /><Point X="353" Y="529" T="0" /><Point X="363" Y="529" T="0" /><Point X="373" Y="527" T="0" /><Point X="382" Y="526" T="0" /><Point X="392" Y="524" T="0" /><Point X="402" Y="522" T="0" /><Point X="411" Y="518" T="0" /><Point X="420" Y="515" T="0" /><Point X="429" Y="510" T="0" /><Point X="438" Y="505" T="0" /><Point X="447" Y="500" T="0" /><Point X="454" Y="495" T="0" /><Point X="461" Y="489" T="0" /><Point X="468" Y="483" T="0" /><Point X="474" Y="477" T="0" /><Point X="480" Y="471" T="0" /><Point X="485" Y="464" T="0" /><Point X="490" Y="457" T="0" /><Point X="493" Y="451" T="0" /><Point X="496" Y="444" T="0" /><Point X="498" Y="437" T="0" /><Point X="500" Y="430" T="0" /><Point X="501" Y="423" T="0" /><Point X="502" Y="415" T="0" /><Point X="503" Y="409" T="0" /><Point X="504" Y="401" T="0" /><Point X="504" Y="393" T="0" /><Point X="504" Y="386" T="0" /><Point X="503" Y="379" T="0" /><Point X="502" Y="372" T="0" /><Point X="501" Y="365" T="0" /><Point X="500" Y="357" T="0" /><Point X="499" Y="350" T="0" /><Point X="498" Y="343" T="0" /><Point X="495" Y="337" T="0" /><Point X="493" Y="329" T="0" /><Point X="490" Y="323" T="0" /><Point X="488" Y="317" T="0" /><Point X="486" Y="311" T="0" /><Point X="483" Y="305" T="0" /><Point X="481" Y="299" T="0" /><Point X="479" Y="293" T="0" /><Point X="476" Y="288" T="0" /><Point X="474" Y="283" T="0" /><Point X="471" Y="278" T="0" /><Point X="469" Y="273" T="0" /><Point X="466" Y="267" T="0" /><Point X="464" Y="263" T="0" /><Point X="462" Y="258" T="0" /><Point X="459" Y="253" T="0" /><Point X="457" Y="249" T="0" /><Point X="454" Y="245" T="0" /><Point X="451" Y="241" T="0" /><Point X="448" Y="237" T="0" /><Point X="446" Y="233" T="0" /><Point X="444" Y="229" T="0" /><Point X="441" Y="226" T="0" /><Point X="438" Y="223" T="0" /><Point X="436" Y="220" T="0" /><Point X="433" Y="217" T="0" /><Point X="430" Y="214" T="0" /><Point X="428" Y="212" T="0" /><Point X="426" Y="210" T="0" /><Point X="424" Y="208" T="0" /><Point X="422" Y="207" T="0" /><Point X="420" Y="205" T="0" /><Point X="418" Y="204" T="0" /><Point X="416" Y="203" T="0" /><Point X="415" Y="201" T="0" /><Point X="414" Y="200" T="0" /><Point X="412" Y="199" T="0" /><Point X="411" Y="198" T="0" /><Point X="410" Y="197" T="0" /><Point X="409" Y="197" T="0" /><Point X="408" Y="196" T="0" /><Point X="408" Y="195" T="0" /><Point X="407" Y="195" T="0" /></Gesture>