<Gesture Name="circle" Subject="1" Number="1" NumPts="154" Millseconds="0" AppName="Gestures" AppVer="1.0" Date="Wednesday, March 01, 2023" TimeOfDay="17:03:40" ID="4"><Point X="388" Y="243" T="0" /><Point X="384" Y="244" T="0" /><Point X="380" Y="244" T="0" /><Point X="375" Y="246" T="0" /><Point X="369" Y="250" T="0" /><Point X="362" Y="253" T="0" /><Point X="355" Y="256" T="0" /><Point X="348" Y="260" T="0" /><Point X="341" Y="264" T="0" /><Point X="335" Y="268" T="0" /><Point X="328" Y="274" T="0" /><Point X="323" Y="280" T="0" /><Point X="317" Y="284" T="0" /><Point X="312" Y="290" T="0" /><Point X="308" Y="296" T="0" /><Point X="303" Y="302" T="0" /><Point X="299" Y="308" T="0" /><Point X="295" Y="314" T="0" /><Point X="292" Y="322" T="0" /><Point X="287" Y="329" T="0" /><Point X="283" Y="337" T="0" /><Point X="279" Y="345" T="0" /><Point X="276" Y="353" T="0" /><Point X="273" Y="362" T="0" /><Point X="270" Y="371" T="0" /><Point X="267" Y="380" T="0" /><Point X="265" Y="390" T="0" /><Point X="264" Y="398" T="0" /><Point X="263" Y="407" T="0" /><Point X="263" Y="416" T="0" /><Point X="263" Y="425" T="0" /><Point X="264" Y="433" T="0" /><Point X="265" Y="442" T="0" /><Point X="267" Y="450" T="0" /><Point X="269" Y="458" T="0" /><Point X="271" Y="466" T="0" /><Point X="273" Y="474" T="0" /><Point X="275" Y="482" T="0" /><Point X="277" Y="489" T="0" /><Point X="281" Y="495" T="0" /><Point X="284" Y="502" T="0" /><Point X="288" Y="508" T="0" /><Point X="293" Y="514" T="0" /><Point X="297" Y="520" T="0" /><Point X="302" Y="526" T="0" /><Point X="308" Y="531" T="0" /><Point X="313" Y="536" T="0" /><Point X="319" Y="541" T="0" /><Point X="325" Y="544" T="0" /><Point X="331" Y="548" T="0" /><Point X="337" Y="551" T="0" /><Point X="344" Y="554" T="0" /><Point X="351" Y="555" T="0" /><Point X="359" Y="556" T="0" /><Point X="367" Y="556" T="0" /><Point X="376" Y="556" T="0" /><Point X="385" Y="556" T="0" /><Point X="394" Y="555" T="0" /><Point X="402" Y="554" T="0" /><Point X="411" Y="552" T="0" /><Point X="419" Y="550" T="0" /><Point X="428" Y="547" T="0" /><Point X="436" Y="544" T="0" /><Point X="445" Y="541" T="0" /><Point X="453" Y="537" T="0" /><Point X="463" Y="532" T="0" /><Point X="471" Y="528" T="0" /><Point X="480" Y="521" T="0" /><Point X="487" Y="516" T="0" /><Point X="495" Y="510" T="0" /><Point X="502" Y="504" T="0" /><Point X="507" Y="500" T="0" /><Point X="514" Y="494" T="0" /><Point X="519" Y="488" T="0" /><Point X="524" Y="482" T="0" /><Point X="529" Y="476" T="0" /><Point X="533" Y="471" T="0" /><Point X="537" Y="465" T="0" /><Point X="539" Y="460" T="0" /><Point X="542" Y="454" T="0" /><Point X="543" Y="450" T="0" /><Point X="545" Y="445" T="0" /><Point X="545" Y="440" T="0" /><Point X="545" Y="434" T="0" /><Point X="545" Y="429" T="0" /><Point X="545" Y="423" T="0" /><Point X="545" Y="418" T="0" /><Point X="543" Y="412" T="0" /><Point X="542" Y="406" T="0" /><Point X="541" Y="401" T="0" /><Point X="539" Y="396" T="0" /><Point X="539" Y="390" T="0" /><Point X="537" Y="385" T="0" /><Point X="535" Y="380" T="0" /><Point X="533" Y="375" T="0" /><Point X="531" Y="370" T="0" /><Point X="529" Y="364" T="0" /><Point X="527" Y="359" T="0" /><Point X="525" Y="354" T="0" /><Point X="523" Y="350" T="0" /><Point X="522" Y="346" T="0" /><Point X="521" Y="342" T="0" /><Point X="519" Y="338" T="0" /><Point X="517" Y="336" T="0" /><Point X="515" Y="332" T="0" /><Point X="513" Y="329" T="0" /><Point X="511" Y="326" T="0" /><Point X="509" Y="322" T="0" /><Point X="507" Y="320" T="0" /><Point X="505" Y="318" T="0" /><Point X="503" Y="315" T="0" /><Point X="501" Y="312" T="0" /><Point X="499" Y="310" T="0" /><Point X="497" Y="308" T="0" /><Point X="495" Y="305" T="0" /><Point X="493" Y="302" T="0" /><Point X="491" Y="300" T="0" /><Point X="489" Y="298" T="0" /><Point X="487" Y="296" T="0" /><Point X="485" Y="294" T="0" /><Point X="483" Y="292" T="0" /><Point X="480" Y="290" T="0" /><Point X="477" Y="288" T="0" /><Point X="475" Y="286" T="0" /><Point X="472" Y="283" T="0" /><Point X="470" Y="282" T="0" /><Point X="468" Y="280" T="0" /><Point X="465" Y="278" T="0" /><Point X="463" Y="276" T="0" /><Point X="461" Y="274" T="0" /><Point X="459" Y="272" T="0" /><Point X="457" Y="270" T="0" /><Point X="455" Y="268" T="0" /><Point X="453" Y="267" T="0" /><Point X="451" Y="266" T="0" /><Point X="449" Y="264" T="0" /><Point X="446" Y="262" T="0" /><Point X="444" Y="261" T="0" /><Point X="441" Y="260" T="0" /><Point X="439" Y="260" T="0" /><Point X="436" Y="259" T="0" /><Point X="434" Y="258" T="0" /><Point X="431" Y="258" T="0" /><Point X="429" Y="257" T="0" /><Point X="427" Y="256" T="0" /><Point X="424" Y="256" T="0" /><Point X="421" Y="255" T="0" /><Point X="419" Y="254" T="0" /><Point X="417" Y="254" T="0" /><Point X="416" Y="254" T="0" /><Point X="414" Y="253" T="0" /><Point X="412" Y="252" T="0" /><Point X="411" Y="252" T="0" /><Point X="409" Y="251" T="0" /></Gesture>