<Gesture Name="delete" Subject="1" Number="1" NumPts="107" Millseconds="0" AppName="Gestures" AppVer="1.0" Date="Wednesday, March 01, 2023" TimeOfDay="17:04:09" ID="4"><Point X="290" Y="324" T="0" /><Point X="294" Y="331" T="0" /><Point X="299" Y="339" T="0" /><Point X="305" Y="348" T="0" /><Point X="310" Y="356" T="0" /><Point X="317" Y="366" T="0" /><Point X="323" Y="377" T="0" /><Point X="328" Y="388" T="0" /><Point X="333" Y="398" T="0" /><Point X="339" Y="410" T="0" /><Point X="345" Y="420" T="0" /><Point X="349" Y="431" T="0" /><Point X="355" Y="441" T="0" /><Point X="361" Y="450" T="0" /><Point X="367" Y="459" T="0" /><Point X="373" Y="467" T="0" /><Point X="379" Y="475" T="0" /><Point X="385" Y="483" T="0" /><Point X="391" Y="490" T="0" /><Point X="396" Y="496" T="0" /><Point X="400" Y="502" T="0" /><Point X="405" Y="507" T="0" /><Point X="409" Y="512" T="0" /><Point X="413" Y="516" T="0" /><Point X="417" Y="519" T="0" /><Point X="419" Y="522" T="0" /><Point X="421" Y="524" T="0" /><Point X="423" Y="526" T="0" /><Point X="424" Y="527" T="0" /><Point X="425" Y="528" T="0" /><Point X="426" Y="529" T="0" /><Point X="427" Y="530" T="0" /><Point X="426" Y="531" T="0" /><Point X="423" Y="532" T="0" /><Point X="418" Y="533" T="0" /><Point X="413" Y="534" T="0" /><Point X="406" Y="536" T="0" /><Point X="398" Y="538" T="0" /><Point X="388" Y="540" T="0" /><Point X="378" Y="542" T="0" /><Point X="367" Y="544" T="0" /><Point X="355" Y="546" T="0" /><Point X="344" Y="548" T="0" /><Point X="331" Y="549" T="0" /><Point X="319" Y="550" T="0" /><Point X="307" Y="552" T="0" /><Point X="294" Y="553" T="0" /><Point X="282" Y="554" T="0" /><Point X="269" Y="556" T="0" /><Point X="256" Y="558" T="0" /><Point X="243" Y="559" T="0" /><Point X="231" Y="560" T="0" /><Point X="221" Y="562" T="0" /><Point X="210" Y="563" T="0" /><Point X="201" Y="564" T="0" /><Point X="193" Y="565" T="0" /><Point X="186" Y="566" T="0" /><Point X="180" Y="566" T="0" /><Point X="175" Y="566" T="0" /><Point X="171" Y="566" T="0" /><Point X="169" Y="566" T="0" /><Point X="167" Y="566" T="0" /><Point X="165" Y="566" T="0" /><Point X="164" Y="566" T="0" /><Point X="163" Y="566" T="0" /><Point X="163" Y="565" T="0" /><Point X="164" Y="564" T="0" /><Point X="166" Y="561" T="0" /><Point X="169" Y="558" T="0" /><Point X="173" Y="554" T="0" /><Point X="179" Y="548" T="0" /><Point X="186" Y="543" T="0" /><Point X="193" Y="536" T="0" /><Point X="200" Y="530" T="0" /><Point X="207" Y="523" T="0" /><Point X="215" Y="516" T="0" /><Point X="223" Y="508" T="0" /><Point X="231" Y="500" T="0" /><Point X="239" Y="490" T="0" /><Point X="248" Y="481" T="0" /><Point X="257" Y="471" T="0" /><Point X="266" Y="461" T="0" /><Point X="275" Y="451" T="0" /><Point X="285" Y="441" T="0" /><Point X="295" Y="431" T="0" /><Point X="305" Y="420" T="0" /><Point X="314" Y="410" T="0" /><Point X="323" Y="399" T="0" /><Point X="332" Y="388" T="0" /><Point X="341" Y="378" T="0" /><Point X="348" Y="368" T="0" /><Point X="356" Y="358" T="0" /><Point X="364" Y="349" T="0" /><Point X="373" Y="340" T="0" /><Point X="380" Y="332" T="0" /><Point X="388" Y="325" T="0" /><Point X="396" Y="318" T="0" /><Point X="403" Y="311" T="0" /><Point X="410" Y="305" T="0" /><Point X="415" Y="300" T="0" /><Point X="419" Y="296" T="0" /><Point X="423" Y="293" T="0" /><Point X="426" Y="290" T="0" /><Point X="429" Y="288" T="0" /><Point X="430" Y="287" T="0" /><Point X="431" Y="286" T="0" /><Point X="432" Y="286" T="0" /></Gesture>