<Gesture Name="delete" Subject="1" Number="1" NumPts="121" Millseconds="0" AppName="Gestures" AppVer="1.0" Date="Wednesday, March 01, 2023" TimeOfDay="17:07:31" ID="7"><Point X="303" Y="294" T="0" /><Point X="309" Y="300" T="0" /><Point X="314" Y="306" T="0" /><Point X="321" Y="314" T="0" /><Point X="328" Y="320" T="0" /><Point X="336" Y="328" T="0" /><Point X="345" Y="336" T="0" /><Point X="353" Y="346" T="0" /><Point X="363" Y="354" T="0" /><Point X="373" Y="363" T="0" /><Point X="382" Y="373" T="0" /><Point X="393" Y="382" T="0" /><Point X="402" Y="390" T="0" /><Point X="413" Y="400" T="0" /><Point X="423" Y="410" T="0" /><Point X="432" Y="418" T="0" /><Point X="441" Y="428" T="0" /><Point X="451" Y="436" T="0" /><Point X="460" Y="445" T="0" /><Point X="469" Y="454" T="0" /><Point X="478" Y="463" T="0" /><Point X="487" Y="471" T="0" /><Point X="495" Y="479" T="0" /><Point X="505" Y="487" T="0" /><Point X="513" Y="495" T="0" /><Point X="521" Y="502" T="0" /><Point X="527" Y="508" T="0" /><Point X="535" Y="514" T="0" /><Point X="541" Y="521" T="0" /><Point X="546" Y="526" T="0" /><Point X="551" Y="531" T="0" /><Point X="555" Y="536" T="0" /><Point X="559" Y="540" T="0" /><Point X="561" Y="544" T="0" /><Point X="564" Y="548" T="0" /><Point X="565" Y="550" T="0" /><Point X="567" Y="553" T="0" /><Point X="568" Y="554" T="0" /><Point X="569" Y="556" T="0" /><Point X="569" Y="557" T="0" /><Point X="569" Y="558" T="0" /><Point X="569" Y="559" T="0" /><Point X="569" Y="560" T="0" /><Point X="568" Y="561" T="0" /><Point X="566" Y="562" T="0" /><Point X="562" Y="562" T="0" /><Point X="555" Y="563" T="0" /><Point X="543" Y="564" T="0" /><Point X="529" Y="565" T="0" /><Point X="514" Y="567" T="0" /><Point X="500" Y="568" T="0" /><Point X="487" Y="569" T="0" /><Point X="473" Y="570" T="0" /><Point X="459" Y="571" T="0" /><Point X="445" Y="572" T="0" /><Point X="429" Y="572" T="0" /><Point X="413" Y="573" T="0" /><Point X="397" Y="574" T="0" /><Point X="380" Y="575" T="0" /><Point X="363" Y="576" T="0" /><Point X="347" Y="577" T="0" /><Point X="330" Y="578" T="0" /><Point X="313" Y="580" T="0" /><Point X="297" Y="582" T="0" /><Point X="281" Y="582" T="0" /><Point X="266" Y="584" T="0" /><Point X="251" Y="585" T="0" /><Point X="238" Y="586" T="0" /><Point X="225" Y="587" T="0" /><Point X="213" Y="588" T="0" /><Point X="202" Y="588" T="0" /><Point X="192" Y="588" T="0" /><Point X="184" Y="588" T="0" /><Point X="177" Y="588" T="0" /><Point X="171" Y="587" T="0" /><Point X="167" Y="586" T="0" /><Point X="163" Y="584" T="0" /><Point X="159" Y="583" T="0" /><Point X="157" Y="582" T="0" /><Point X="155" Y="581" T="0" /><Point X="154" Y="580" T="0" /><Point X="153" Y="577" T="0" /><Point X="155" Y="572" T="0" /><Point X="157" Y="568" T="0" /><Point X="162" Y="561" T="0" /><Point X="169" Y="554" T="0" /><Point X="176" Y="548" T="0" /><Point X="185" Y="540" T="0" /><Point X="195" Y="532" T="0" /><Point X="206" Y="524" T="0" /><Point X="218" Y="515" T="0" /><Point X="231" Y="506" T="0" /><Point X="244" Y="496" T="0" /><Point X="258" Y="486" T="0" /><Point X="273" Y="476" T="0" /><Point X="288" Y="466" T="0" /><Point X="303" Y="456" T="0" /><Point X="318" Y="445" T="0" /><Point X="333" Y="435" T="0" /><Point X="348" Y="424" T="0" /><Point X="363" Y="413" T="0" /><Point X="378" Y="402" T="0" /><Point X="392" Y="390" T="0" /><Point X="407" Y="377" T="0" /><Point X="422" Y="365" T="0" /><Point X="437" Y="354" T="0" /><Point X="451" Y="344" T="0" /><Point X="463" Y="335" T="0" /><Point X="474" Y="326" T="0" /><Point X="485" Y="318" T="0" /><Point X="494" Y="310" T="0" /><Point X="503" Y="304" T="0" /><Point X="511" Y="296" T="0" /><Point X="519" Y="291" T="0" /><Point X="525" Y="286" T="0" /><Point X="530" Y="281" T="0" /><Point X="535" Y="278" T="0" /><Point X="540" Y="274" T="0" /><Point X="545" Y="272" T="0" /><Point X="550" Y="270" T="0" /><Point X="552" Y="269" T="0" /></Gesture>