<Gesture Name="delete" Subject="1" Number="1" NumPts="121" Millseconds="0" AppName="Gestures" AppVer="1.0" Date="Wednesday, March 01, 2023" TimeOfDay="17:11:00" ID="10"><Point X="248" Y="292" T="0" /><Point X="254" Y="298" T="0" /><Point X="261" Y="306" T="0" /><Point X="268" Y="314" T="0" /><Point X="275" Y="323" T="0" /><Point X="283" Y="333" T="0" /><Point X="291" Y="344" T="0" /><Point X="300" Y="354" T="0" /><Point X="309" Y="366" T="0" /><Point X="317" Y="376" T="0" /><Point X="327" Y="387" T="0" /><Point X="336" Y="398" T="0" /><Point X="345" Y="408" T="0" /><Point X="354" Y="419" T="0" /><Point X="363" Y="430" T="0" /><Point X="373" Y="440" T="0" /><Point X="381" Y="450" T="0" /><Point X="390" Y="459" T="0" /><Point X="399" Y="469" T="0" /><Point X="407" Y="477" T="0" /><Point X="417" Y="486" T="0" /><Point X="424" Y="494" T="0" /><Point X="432" Y="500" T="0" /><Point X="439" Y="507" T="0" /><Point X="445" Y="513" T="0" /><Point X="450" Y="518" T="0" /><Point X="454" Y="522" T="0" /><Point X="458" Y="526" T="0" /><Point X="462" Y="530" T="0" /><Point X="465" Y="532" T="0" /><Point X="467" Y="534" T="0" /><Point X="468" Y="536" T="0" /><Point X="469" Y="538" T="0" /><Point X="470" Y="540" T="0" /><Point X="471" Y="540" T="0" /><Point X="471" Y="542" T="0" /><Point X="472" Y="542" T="0" /><Point X="473" Y="543" T="0" /><Point X="471" Y="543" T="0" /><Point X="469" Y="543" T="0" /><Point X="464" Y="543" T="0" /><Point X="458" Y="543" T="0" /><Point X="451" Y="543" T="0" /><Point X="442" Y="544" T="0" /><Point X="431" Y="544" T="0" /><Point X="419" Y="546" T="0" /><Point X="407" Y="548" T="0" /><Point X="395" Y="550" T="0" /><Point X="380" Y="553" T="0" /><Point X="365" Y="556" T="0" /><Point X="350" Y="559" T="0" /><Point X="335" Y="563" T="0" /><Point X="318" Y="567" T="0" /><Point X="302" Y="570" T="0" /><Point X="285" Y="574" T="0" /><Point X="269" Y="578" T="0" /><Point X="253" Y="581" T="0" /><Point X="239" Y="584" T="0" /><Point X="224" Y="586" T="0" /><Point X="211" Y="589" T="0" /><Point X="199" Y="592" T="0" /><Point X="187" Y="593" T="0" /><Point X="177" Y="594" T="0" /><Point X="168" Y="596" T="0" /><Point X="159" Y="596" T="0" /><Point X="152" Y="596" T="0" /><Point X="147" Y="596" T="0" /><Point X="142" Y="596" T="0" /><Point X="137" Y="596" T="0" /><Point X="134" Y="596" T="0" /><Point X="133" Y="596" T="0" /><Point X="131" Y="596" T="0" /><Point X="129" Y="596" T="0" /><Point X="129" Y="595" T="0" /><Point X="128" Y="594" T="0" /><Point X="127" Y="594" T="0" /><Point X="127" Y="593" T="0" /><Point X="126" Y="592" T="0" /><Point X="127" Y="590" T="0" /><Point X="128" Y="586" T="0" /><Point X="132" Y="582" T="0" /><Point X="137" Y="576" T="0" /><Point X="143" Y="569" T="0" /><Point X="151" Y="562" T="0" /><Point X="159" Y="554" T="0" /><Point X="169" Y="546" T="0" /><Point X="179" Y="538" T="0" /><Point X="188" Y="528" T="0" /><Point X="199" Y="520" T="0" /><Point X="209" Y="510" T="0" /><Point X="221" Y="498" T="0" /><Point X="234" Y="486" T="0" /><Point X="247" Y="473" T="0" /><Point X="261" Y="460" T="0" /><Point X="277" Y="446" T="0" /><Point X="293" Y="433" T="0" /><Point X="308" Y="420" T="0" /><Point X="323" Y="406" T="0" /><Point X="336" Y="392" T="0" /><Point X="349" Y="378" T="0" /><Point X="363" Y="366" T="0" /><Point X="377" Y="354" T="0" /><Point X="390" Y="343" T="0" /><Point X="403" Y="332" T="0" /><Point X="417" Y="322" T="0" /><Point X="430" Y="312" T="0" /><Point X="443" Y="304" T="0" /><Point X="454" Y="295" T="0" /><Point X="465" Y="287" T="0" /><Point X="474" Y="280" T="0" /><Point X="484" Y="273" T="0" /><Point X="493" Y="267" T="0" /><Point X="502" Y="262" T="0" /><Point X="509" Y="257" T="0" /><Point X="517" Y="253" T="0" /><Point X="523" Y="250" T="0" /><Point X="529" Y="248" T="0" /><Point X="534" Y="246" T="0" /><Point X="539" Y="244" T="0" /><Point X="544" Y="244" T="0" /><Point X="547" Y="244" T="0" /></Gesture>