<Gesture Name="delete" Subject="1" Number="1" NumPts="99" Millseconds="0" AppName="Gestures" AppVer="1.0" Date="Wednesday, March 01, 2023" TimeOfDay="17:06:16" ID="6"><Point X="301" Y="322" T="0" /><Point X="309" Y="330" T="0" /><Point X="316" Y="338" T="0" /><Point X="323" Y="348" T="0" /><Point X="331" Y="358" T="0" /><Point X="339" Y="369" T="0" /><Point X="347" Y="380" T="0" /><Point X="355" Y="392" T="0" /><Point X="363" Y="406" T="0" /><Point X="371" Y="419" T="0" /><Point X="380" Y="432" T="0" /><Point X="387" Y="446" T="0" /><Point X="395" Y="459" T="0" /><Point X="403" Y="472" T="0" /><Point X="411" Y="484" T="0" /><Point X="418" Y="495" T="0" /><Point X="426" Y="506" T="0" /><Point X="434" Y="516" T="0" /><Point X="441" Y="525" T="0" /><Point X="447" Y="533" T="0" /><Point X="453" Y="541" T="0" /><Point X="458" Y="547" T="0" /><Point X="463" Y="553" T="0" /><Point X="467" Y="558" T="0" /><Point X="471" Y="562" T="0" /><Point X="473" Y="565" T="0" /><Point X="476" Y="568" T="0" /><Point X="479" Y="570" T="0" /><Point X="480" Y="572" T="0" /><Point X="481" Y="573" T="0" /><Point X="482" Y="574" T="0" /><Point X="483" Y="576" T="0" /><Point X="483" Y="577" T="0" /><Point X="483" Y="578" T="0" /><Point X="483" Y="579" T="0" /><Point X="481" Y="580" T="0" /><Point X="479" Y="582" T="0" /><Point X="474" Y="585" T="0" /><Point X="467" Y="588" T="0" /><Point X="455" Y="592" T="0" /><Point X="442" Y="596" T="0" /><Point X="427" Y="600" T="0" /><Point X="411" Y="604" T="0" /><Point X="394" Y="610" T="0" /><Point X="377" Y="614" T="0" /><Point X="361" Y="618" T="0" /><Point X="345" Y="623" T="0" /><Point X="328" Y="628" T="0" /><Point X="313" Y="631" T="0" /><Point X="297" Y="636" T="0" /><Point X="283" Y="640" T="0" /><Point X="267" Y="643" T="0" /><Point X="253" Y="647" T="0" /><Point X="240" Y="650" T="0" /><Point X="228" Y="652" T="0" /><Point X="218" Y="654" T="0" /><Point X="208" Y="656" T="0" /><Point X="201" Y="657" T="0" /><Point X="195" Y="658" T="0" /><Point X="190" Y="658" T="0" /><Point X="186" Y="658" T="0" /><Point X="185" Y="658" T="0" /><Point X="183" Y="657" T="0" /><Point X="181" Y="656" T="0" /><Point X="181" Y="655" T="0" /><Point X="180" Y="654" T="0" /><Point X="181" Y="652" T="0" /><Point X="185" Y="645" T="0" /><Point X="191" Y="636" T="0" /><Point X="200" Y="626" T="0" /><Point X="210" Y="614" T="0" /><Point X="223" Y="603" T="0" /><Point X="239" Y="590" T="0" /><Point X="256" Y="577" T="0" /><Point X="274" Y="564" T="0" /><Point X="293" Y="550" T="0" /><Point X="311" Y="536" T="0" /><Point X="330" Y="522" T="0" /><Point X="348" Y="508" T="0" /><Point X="366" Y="493" T="0" /><Point X="385" Y="477" T="0" /><Point X="405" Y="461" T="0" /><Point X="425" Y="447" T="0" /><Point X="443" Y="433" T="0" /><Point X="460" Y="420" T="0" /><Point X="476" Y="407" T="0" /><Point X="491" Y="395" T="0" /><Point X="504" Y="384" T="0" /><Point X="516" Y="374" T="0" /><Point X="527" Y="364" T="0" /><Point X="537" Y="356" T="0" /><Point X="545" Y="350" T="0" /><Point X="553" Y="344" T="0" /><Point X="559" Y="339" T="0" /><Point X="565" Y="336" T="0" /><Point X="569" Y="334" T="0" /><Point X="573" Y="332" T="0" /><Point X="575" Y="332" T="0" /><Point X="577" Y="332" T="0" /></Gesture>