<Gesture Name="delete" Subject="1" Number="1" NumPts="116" Millseconds="0" AppName="Gestures" AppVer="1.0" Date="Wednesday, March 01, 2023" TimeOfDay="17:05:15" ID="5"><Point X="272" Y="315" T="0" /><Point X="277" Y="322" T="0" /><Point X="283" Y="329" T="0" /><Point X="289" Y="337" T="0" /><Point X="294" Y="346" T="0" /><Point X="300" Y="356" T="0" /><Point X="307" Y="365" T="0" /><Point X="313" Y="376" T="0" /><Point X="320" Y="386" T="0" /><Point X="327" Y="398" T="0" /><Point X="333" Y="408" T="0" /><Point X="341" Y="419" T="0" /><Point X="347" Y="431" T="0" /><Point X="355" Y="443" T="0" /><Point X="363" Y="454" T="0" /><Point X="371" Y="466" T="0" /><Point X="379" Y="477" T="0" /><Point X="387" Y="488" T="0" /><Point X="395" Y="498" T="0" /><Point X="403" Y="508" T="0" /><Point X="410" Y="517" T="0" /><Point X="417" Y="526" T="0" /><Point X="424" Y="534" T="0" /><Point X="431" Y="542" T="0" /><Point X="436" Y="549" T="0" /><Point X="441" Y="556" T="0" /><Point X="446" Y="562" T="0" /><Point X="450" Y="567" T="0" /><Point X="452" Y="571" T="0" /><Point X="455" Y="574" T="0" /><Point X="457" Y="577" T="0" /><Point X="459" Y="580" T="0" /><Point X="460" Y="582" T="0" /><Point X="461" Y="583" T="0" /><Point X="462" Y="584" T="0" /><Point X="463" Y="586" T="0" /><Point X="463" Y="587" T="0" /><Point X="463" Y="588" T="0" /><Point X="463" Y="589" T="0" /><Point X="461" Y="590" T="0" /><Point X="459" Y="592" T="0" /><Point X="453" Y="594" T="0" /><Point X="447" Y="598" T="0" /><Point X="437" Y="601" T="0" /><Point X="427" Y="604" T="0" /><Point X="417" Y="608" T="0" /><Point X="405" Y="612" T="0" /><Point X="393" Y="616" T="0" /><Point X="380" Y="620" T="0" /><Point X="367" Y="623" T="0" /><Point X="355" Y="626" T="0" /><Point X="343" Y="629" T="0" /><Point X="329" Y="632" T="0" /><Point X="316" Y="636" T="0" /><Point X="303" Y="639" T="0" /><Point X="291" Y="641" T="0" /><Point X="279" Y="644" T="0" /><Point X="268" Y="646" T="0" /><Point X="257" Y="648" T="0" /><Point X="246" Y="649" T="0" /><Point X="237" Y="650" T="0" /><Point X="227" Y="652" T="0" /><Point X="219" Y="653" T="0" /><Point X="211" Y="654" T="0" /><Point X="204" Y="654" T="0" /><Point X="199" Y="654" T="0" /><Point X="195" Y="654" T="0" /><Point X="191" Y="654" T="0" /><Point X="187" Y="654" T="0" /><Point X="185" Y="654" T="0" /><Point X="183" Y="654" T="0" /><Point X="182" Y="654" T="0" /><Point X="181" Y="654" T="0" /><Point X="181" Y="653" T="0" /><Point X="180" Y="652" T="0" /><Point X="179" Y="652" T="0" /><Point X="179" Y="651" T="0" /><Point X="180" Y="650" T="0" /><Point X="183" Y="646" T="0" /><Point X="186" Y="640" T="0" /><Point X="191" Y="633" T="0" /><Point X="198" Y="626" T="0" /><Point X="205" Y="618" T="0" /><Point X="214" Y="610" T="0" /><Point X="223" Y="602" T="0" /><Point X="233" Y="593" T="0" /><Point X="244" Y="583" T="0" /><Point X="257" Y="572" T="0" /><Point X="269" Y="562" T="0" /><Point X="283" Y="551" T="0" /><Point X="297" Y="539" T="0" /><Point X="311" Y="528" T="0" /><Point X="326" Y="515" T="0" /><Point X="340" Y="502" T="0" /><Point X="354" Y="488" T="0" /><Point X="368" Y="475" T="0" /><Point X="382" Y="462" T="0" /><Point X="397" Y="449" T="0" /><Point X="409" Y="438" T="0" /><Point X="422" Y="428" T="0" /><Point X="435" Y="418" T="0" /><Point X="447" Y="408" T="0" /><Point X="457" Y="398" T="0" /><Point X="467" Y="390" T="0" /><Point X="475" Y="383" T="0" /><Point X="483" Y="376" T="0" /><Point X="491" Y="369" T="0" /><Point X="497" Y="364" T="0" /><Point X="503" Y="359" T="0" /><Point X="507" Y="355" T="0" /><Point X="511" Y="352" T="0" /><Point X="514" Y="350" T="0" /><Point X="517" Y="348" T="0" /><Point X="518" Y="348" T="0" /><Point X="519" Y="347" T="0" /><Point X="520" Y="346" T="0" /></Gesture>