<Gesture Name="delete" Subject="1" Number="1" NumPts="114" Millseconds="0" AppName="Gestures" AppVer="1.0" Date="Wednesday, March 01, 2023" TimeOfDay="17:03:01" ID="3"><Point X="257" Y="302" T="0" /><Point X="260" Y="309" T="0" /><Point X="265" Y="316" T="0" /><Point X="269" Y="324" T="0" /><Point X="275" Y="332" T="0" /><Point X="281" Y="340" T="0" /><Point X="288" Y="349" T="0" /><Point X="294" Y="358" T="0" /><Point X="301" Y="366" T="0" /><Point X="307" Y="375" T="0" /><Point X="313" Y="383" T="0" /><Point X="319" Y="391" T="0" /><Point X="325" Y="398" T="0" /><Point X="328" Y="404" T="0" /><Point X="332" Y="410" T="0" /><Point X="336" Y="416" T="0" /><Point X="339" Y="421" T="0" /><Point X="342" Y="426" T="0" /><Point X="345" Y="431" T="0" /><Point X="347" Y="434" T="0" /><Point X="350" Y="438" T="0" /><Point X="353" Y="442" T="0" /><Point X="356" Y="446" T="0" /><Point X="359" Y="448" T="0" /><Point X="361" Y="450" T="0" /><Point X="362" Y="453" T="0" /><Point X="363" Y="455" T="0" /><Point X="364" Y="456" T="0" /><Point X="365" Y="458" T="0" /><Point X="366" Y="459" T="0" /><Point X="367" Y="460" T="0" /><Point X="367" Y="461" T="0" /><Point X="367" Y="462" T="0" /><Point X="367" Y="463" T="0" /><Point X="367" Y="464" T="0" /><Point X="366" Y="464" T="0" /><Point X="365" Y="465" T="0" /><Point X="364" Y="466" T="0" /><Point X="363" Y="467" T="0" /><Point X="361" Y="469" T="0" /><Point X="357" Y="471" T="0" /><Point X="351" Y="473" T="0" /><Point X="345" Y="475" T="0" /><Point X="339" Y="478" T="0" /><Point X="332" Y="480" T="0" /><Point X="325" Y="483" T="0" /><Point X="317" Y="485" T="0" /><Point X="309" Y="487" T="0" /><Point X="301" Y="489" T="0" /><Point X="291" Y="490" T="0" /><Point X="281" Y="492" T="0" /><Point X="271" Y="494" T="0" /><Point X="260" Y="495" T="0" /><Point X="250" Y="496" T="0" /><Point X="240" Y="498" T="0" /><Point X="229" Y="499" T="0" /><Point X="219" Y="500" T="0" /><Point X="209" Y="502" T="0" /><Point X="199" Y="503" T="0" /><Point X="189" Y="504" T="0" /><Point X="180" Y="506" T="0" /><Point X="170" Y="508" T="0" /><Point X="161" Y="510" T="0" /><Point X="152" Y="512" T="0" /><Point X="144" Y="513" T="0" /><Point X="137" Y="514" T="0" /><Point X="131" Y="516" T="0" /><Point X="125" Y="516" T="0" /><Point X="121" Y="517" T="0" /><Point X="117" Y="517" T="0" /><Point X="115" Y="517" T="0" /><Point X="113" Y="517" T="0" /><Point X="111" Y="517" T="0" /><Point X="109" Y="517" T="0" /><Point X="108" Y="517" T="0" /><Point X="109" Y="516" T="0" /><Point X="111" Y="513" T="0" /><Point X="117" Y="506" T="0" /><Point X="125" Y="498" T="0" /><Point X="134" Y="489" T="0" /><Point X="143" Y="480" T="0" /><Point X="151" Y="472" T="0" /><Point X="161" Y="462" T="0" /><Point X="171" Y="452" T="0" /><Point X="181" Y="444" T="0" /><Point X="192" Y="434" T="0" /><Point X="203" Y="424" T="0" /><Point X="213" Y="416" T="0" /><Point X="223" Y="406" T="0" /><Point X="234" Y="397" T="0" /><Point X="243" Y="388" T="0" /><Point X="255" Y="378" T="0" /><Point X="266" Y="367" T="0" /><Point X="279" Y="356" T="0" /><Point X="293" Y="345" T="0" /><Point X="305" Y="336" T="0" /><Point X="316" Y="328" T="0" /><Point X="325" Y="322" T="0" /><Point X="334" Y="316" T="0" /><Point X="342" Y="310" T="0" /><Point X="349" Y="305" T="0" /><Point X="357" Y="300" T="0" /><Point X="365" Y="296" T="0" /><Point X="372" Y="293" T="0" /><Point X="379" Y="290" T="0" /><Point X="383" Y="287" T="0" /><Point X="389" Y="285" T="0" /><Point X="393" Y="283" T="0" /><Point X="397" Y="282" T="0" /><Point X="399" Y="281" T="0" /><Point X="401" Y="280" T="0" /><Point X="403" Y="280" T="0" /><Point X="405" Y="279" T="0" /><Point X="406" Y="279" T="0" /></Gesture>