<Gesture Name="left-square-bracket" Subject="1" Number="1" NumPts="84" Millseconds="0" AppName="Gestures" AppVer="1.0" Date="Wednesday, March 01, 2023" TimeOfDay="17:03:57" ID="4"><Point X="331" Y="204" T="0" /><Point X="329" Y="204" T="0" /><Point X="327" Y="204" T="0" /><Point X="324" Y="204" T="0" /><Point X="321" Y="204" T="0" /><Point X="319" Y="204" T="0" /><Point X="316" Y="204" T="0" /><Point X="313" Y="204" T="0" /><Point X="310" Y="204" T="0" /><Point X="307" Y="204" T="0" /><Point X="303" Y="204" T="0" /><Point X="301" Y="204" T="0" /><Point X="298" Y="204" T="0" /><Point X="295" Y="204" T="0" /><Point X="293" Y="204" T="0" /><Point X="291" Y="204" T="0" /><Point X="289" Y="204" T="0" /><Point X="287" Y="204" T="0" /><Point X="286" Y="204" T="0" /><Point X="285" Y="205" T="0" /><Point X="284" Y="206" T="0" /><Point X="283" Y="206" T="0" /><Point X="282" Y="207" T="0" /><Point X="281" Y="207" T="0" /><Point X="281" Y="208" T="0" /><Point X="281" Y="209" T="0" /><Point X="281" Y="210" T="0" /><Point X="281" Y="211" T="0" /><Point X="281" Y="213" T="0" /><Point X="281" Y="214" T="0" /><Point X="281" Y="218" T="0" /><Point X="281" Y="222" T="0" /><Point X="281" Y="226" T="0" /><Point X="281" Y="231" T="0" /><Point X="281" Y="238" T="0" /><Point X="281" Y="244" T="0" /><Point X="280" Y="253" T="0" /><Point X="279" Y="261" T="0" /><Point X="278" Y="270" T="0" /><Point X="277" Y="279" T="0" /><Point X="275" Y="289" T="0" /><Point X="275" Y="300" T="0" /><Point X="274" Y="310" T="0" /><Point X="273" Y="322" T="0" /><Point X="271" Y="333" T="0" /><Point X="270" Y="344" T="0" /><Point X="269" Y="356" T="0" /><Point X="267" Y="368" T="0" /><Point X="266" Y="379" T="0" /><Point X="265" Y="392" T="0" /><Point X="264" Y="403" T="0" /><Point X="263" Y="415" T="0" /><Point X="262" Y="426" T="0" /><Point X="261" Y="435" T="0" /><Point X="261" Y="444" T="0" /><Point X="260" Y="452" T="0" /><Point X="259" Y="460" T="0" /><Point X="259" Y="464" T="0" /><Point X="258" Y="470" T="0" /><Point X="258" Y="475" T="0" /><Point X="258" Y="479" T="0" /><Point X="258" Y="483" T="0" /><Point X="258" Y="486" T="0" /><Point X="258" Y="489" T="0" /><Point X="258" Y="491" T="0" /><Point X="258" Y="493" T="0" /><Point X="258" Y="495" T="0" /><Point X="258" Y="496" T="0" /><Point X="258" Y="498" T="0" /><Point X="258" Y="499" T="0" /><Point X="258" Y="500" T="0" /><Point X="258" Y="501" T="0" /><Point X="258" Y="502" T="0" /><Point X="259" Y="502" T="0" /><Point X="261" Y="502" T="0" /><Point X="264" Y="502" T="0" /><Point X="270" Y="502" T="0" /><Point X="278" Y="502" T="0" /><Point X="289" Y="502" T="0" /><Point X="299" Y="501" T="0" /><Point X="311" Y="500" T="0" /><Point X="323" Y="498" T="0" /><Point X="334" Y="496" T="0" /><Point X="355" Y="492" T="0" /></Gesture>