<Gesture Name="left-curly-brace" Subject="1" Number="1" NumPts="101" Millseconds="0" AppName="Gestures" AppVer="1.0" Date="Wednesday, March 01, 2023" TimeOfDay="17:03:04" ID="3"><Point X="413" Y="242" T="0" /><Point X="409" Y="242" T="0" /><Point X="405" Y="241" T="0" /><Point X="401" Y="241" T="0" /><Point X="398" Y="241" T="0" /><Point X="394" Y="242" T="0" /><Point X="389" Y="242" T="0" /><Point X="385" Y="243" T="0" /><Point X="381" Y="244" T="0" /><Point X="379" Y="246" T="0" /><Point X="375" Y="248" T="0" /><Point X="372" Y="250" T="0" /><Point X="370" Y="252" T="0" /><Point X="368" Y="254" T="0" /><Point X="366" Y="255" T="0" /><Point X="365" Y="258" T="0" /><Point X="363" Y="261" T="0" /><Point X="362" Y="264" T="0" /><Point X="361" Y="268" T="0" /><Point X="359" Y="273" T="0" /><Point X="359" Y="278" T="0" /><Point X="358" Y="283" T="0" /><Point X="357" Y="289" T="0" /><Point X="357" Y="295" T="0" /><Point X="356" Y="300" T="0" /><Point X="355" Y="306" T="0" /><Point X="355" Y="310" T="0" /><Point X="355" Y="315" T="0" /><Point X="355" Y="320" T="0" /><Point X="355" Y="324" T="0" /><Point X="355" Y="329" T="0" /><Point X="355" Y="334" T="0" /><Point X="355" Y="338" T="0" /><Point X="354" Y="342" T="0" /><Point X="353" Y="347" T="0" /><Point X="353" Y="351" T="0" /><Point X="352" Y="356" T="0" /><Point X="351" Y="360" T="0" /><Point X="349" Y="365" T="0" /><Point X="347" Y="370" T="0" /><Point X="345" Y="375" T="0" /><Point X="341" Y="380" T="0" /><Point X="337" Y="386" T="0" /><Point X="332" Y="392" T="0" /><Point X="326" Y="396" T="0" /><Point X="319" Y="402" T="0" /><Point X="313" Y="406" T="0" /><Point X="305" Y="410" T="0" /><Point X="298" Y="414" T="0" /><Point X="292" Y="416" T="0" /><Point X="286" Y="418" T="0" /><Point X="280" Y="419" T="0" /><Point X="275" Y="420" T="0" /><Point X="270" Y="421" T="0" /><Point X="265" Y="421" T="0" /><Point X="262" Y="421" T="0" /><Point X="259" Y="420" T="0" /><Point X="257" Y="420" T="0" /><Point X="255" Y="420" T="0" /><Point X="253" Y="420" T="0" /><Point X="252" Y="420" T="0" /><Point X="253" Y="421" T="0" /><Point X="253" Y="422" T="0" /><Point X="255" Y="424" T="0" /><Point X="257" Y="427" T="0" /><Point X="259" Y="430" T="0" /><Point X="263" Y="433" T="0" /><Point X="266" Y="437" T="0" /><Point X="269" Y="442" T="0" /><Point X="273" Y="447" T="0" /><Point X="275" Y="453" T="0" /><Point X="279" Y="459" T="0" /><Point X="282" Y="464" T="0" /><Point X="285" Y="470" T="0" /><Point X="288" Y="476" T="0" /><Point X="291" Y="482" T="0" /><Point X="294" Y="488" T="0" /><Point X="297" Y="494" T="0" /><Point X="300" Y="500" T="0" /><Point X="303" Y="507" T="0" /><Point X="307" Y="514" T="0" /><Point X="310" Y="521" T="0" /><Point X="314" Y="528" T="0" /><Point X="318" Y="536" T="0" /><Point X="322" Y="543" T="0" /><Point X="327" Y="549" T="0" /><Point X="330" Y="554" T="0" /><Point X="335" Y="559" T="0" /><Point X="339" Y="564" T="0" /><Point X="344" Y="569" T="0" /><Point X="348" Y="572" T="0" /><Point X="353" Y="576" T="0" /><Point X="358" Y="578" T="0" /><Point X="363" Y="580" T="0" /><Point X="370" Y="582" T="0" /><Point X="378" Y="582" T="0" /><Point X="387" Y="580" T="0" /><Point X="395" Y="578" T="0" /><Point X="403" Y="575" T="0" /><Point X="412" Y="572" T="0" /><Point X="416" Y="572" T="0" /></Gesture>