<Gesture Name="left-square-bracket" Subject="1" Number="1" NumPts="82" Millseconds="0" AppName="Gestures" AppVer="1.0" Date="Wednesday, March 01, 2023" TimeOfDay="16:59:00" ID="1"><Point X="285" Y="236" T="0" /><Point X="281" Y="236" T="0" /><Point X="276" Y="237" T="0" /><Point X="271" Y="237" T="0" /><Point X="268" Y="237" T="0" /><Point X="264" Y="238" T="0" /><Point X="260" Y="238" T="0" /><Point X="257" Y="238" T="0" /><Point X="254" Y="238" T="0" /><Point X="251" Y="238" T="0" /><Point X="249" Y="239" T="0" /><Point X="247" Y="239" T="0" /><Point X="245" Y="239" T="0" /><Point X="244" Y="240" T="0" /><Point X="242" Y="240" T="0" /><Point X="240" Y="240" T="0" /><Point X="239" Y="241" T="0" /><Point X="238" Y="241" T="0" /><Point X="237" Y="241" T="0" /><Point X="237" Y="242" T="0" /><Point X="236" Y="242" T="0" /><Point X="236" Y="243" T="0" /><Point X="236" Y="244" T="0" /><Point X="235" Y="246" T="0" /><Point X="235" Y="249" T="0" /><Point X="235" Y="253" T="0" /><Point X="236" Y="260" T="0" /><Point X="236" Y="267" T="0" /><Point X="236" Y="276" T="0" /><Point X="237" Y="285" T="0" /><Point X="238" Y="297" T="0" /><Point X="239" Y="308" T="0" /><Point X="239" Y="319" T="0" /><Point X="240" Y="332" T="0" /><Point X="240" Y="345" T="0" /><Point X="241" Y="356" T="0" /><Point X="241" Y="369" T="0" /><Point X="242" Y="382" T="0" /><Point X="242" Y="393" T="0" /><Point X="243" Y="405" T="0" /><Point X="244" Y="415" T="0" /><Point X="244" Y="425" T="0" /><Point X="245" Y="435" T="0" /><Point X="245" Y="443" T="0" /><Point X="246" Y="451" T="0" /><Point X="246" Y="458" T="0" /><Point X="246" Y="465" T="0" /><Point X="246" Y="471" T="0" /><Point X="247" Y="478" T="0" /><Point X="247" Y="483" T="0" /><Point X="248" Y="489" T="0" /><Point X="248" Y="493" T="0" /><Point X="248" Y="497" T="0" /><Point X="248" Y="500" T="0" /><Point X="248" Y="503" T="0" /><Point X="248" Y="505" T="0" /><Point X="248" Y="507" T="0" /><Point X="248" Y="509" T="0" /><Point X="248" Y="511" T="0" /><Point X="248" Y="512" T="0" /><Point X="248" Y="513" T="0" /><Point X="248" Y="514" T="0" /><Point X="249" Y="515" T="0" /><Point X="250" Y="515" T="0" /><Point X="252" Y="515" T="0" /><Point X="255" Y="516" T="0" /><Point X="260" Y="517" T="0" /><Point X="267" Y="519" T="0" /><Point X="274" Y="520" T="0" /><Point X="281" Y="521" T="0" /><Point X="288" Y="522" T="0" /><Point X="295" Y="523" T="0" /><Point X="302" Y="524" T="0" /><Point X="307" Y="525" T="0" /><Point X="312" Y="526" T="0" /><Point X="317" Y="527" T="0" /><Point X="321" Y="528" T="0" /><Point X="325" Y="529" T="0" /><Point X="328" Y="531" T="0" /><Point X="331" Y="532" T="0" /><Point X="335" Y="533" T="0" /><Point X="337" Y="534" T="0" /></Gesture>