<Gesture Name="left-curly-brace" Subject="1" Number="1" NumPts="103" Millseconds="0" AppName="Gestures" AppVer="1.0" Date="Wednesday, March 01, 2023" TimeOfDay="17:07:36" ID="7"><Point X="330" Y="190" T="0" /><Point X="324" Y="191" T="0" /><Point X="315" Y="194" T="0" /><Point X="306" Y="196" T="0" /><Point X="298" Y="200" T="0" /><Point X="291" Y="203" T="0" /><Point X="285" Y="207" T="0" /><Point X="279" Y="211" T="0" /><Point X="274" Y="216" T="0" /><Point X="269" Y="221" T="0" /><Point X="265" Y="225" T="0" /><Point X="261" Y="229" T="0" /><Point X="258" Y="234" T="0" /><Point X="255" Y="238" T="0" /><Point X="253" Y="244" T="0" /><Point X="251" Y="250" T="0" /><Point X="251" Y="255" T="0" /><Point X="250" Y="261" T="0" /><Point X="251" Y="266" T="0" /><Point X="251" Y="273" T="0" /><Point X="253" Y="279" T="0" /><Point X="255" Y="285" T="0" /><Point X="257" Y="291" T="0" /><Point X="260" Y="298" T="0" /><Point X="264" Y="304" T="0" /><Point X="269" Y="310" T="0" /><Point X="273" Y="317" T="0" /><Point X="276" Y="323" T="0" /><Point X="279" Y="330" T="0" /><Point X="282" Y="337" T="0" /><Point X="285" Y="344" T="0" /><Point X="287" Y="350" T="0" /><Point X="288" Y="358" T="0" /><Point X="289" Y="365" T="0" /><Point X="289" Y="372" T="0" /><Point X="288" Y="378" T="0" /><Point X="287" Y="386" T="0" /><Point X="284" Y="392" T="0" /><Point X="281" Y="400" T="0" /><Point X="278" Y="406" T="0" /><Point X="275" Y="412" T="0" /><Point X="269" Y="416" T="0" /><Point X="264" Y="422" T="0" /><Point X="259" Y="426" T="0" /><Point X="254" Y="430" T="0" /><Point X="248" Y="434" T="0" /><Point X="242" Y="436" T="0" /><Point X="237" Y="439" T="0" /><Point X="233" Y="440" T="0" /><Point X="229" Y="442" T="0" /><Point X="225" Y="443" T="0" /><Point X="223" Y="443" T="0" /><Point X="219" Y="443" T="0" /><Point X="216" Y="443" T="0" /><Point X="214" Y="443" T="0" /><Point X="212" Y="443" T="0" /><Point X="211" Y="443" T="0" /><Point X="210" Y="442" T="0" /><Point X="209" Y="442" T="0" /><Point X="210" Y="441" T="0" /><Point X="211" Y="441" T="0" /><Point X="213" Y="441" T="0" /><Point X="215" Y="442" T="0" /><Point X="217" Y="442" T="0" /><Point X="220" Y="444" T="0" /><Point X="223" Y="446" T="0" /><Point X="226" Y="450" T="0" /><Point X="230" Y="454" T="0" /><Point X="233" Y="460" T="0" /><Point X="237" Y="466" T="0" /><Point X="239" Y="471" T="0" /><Point X="242" Y="478" T="0" /><Point X="245" Y="485" T="0" /><Point X="247" Y="493" T="0" /><Point X="249" Y="500" T="0" /><Point X="251" Y="508" T="0" /><Point X="254" Y="516" T="0" /><Point X="256" Y="524" T="0" /><Point X="258" Y="532" T="0" /><Point X="260" Y="540" T="0" /><Point X="263" Y="548" T="0" /><Point X="267" Y="555" T="0" /><Point X="270" Y="562" T="0" /><Point X="273" Y="569" T="0" /><Point X="277" Y="576" T="0" /><Point X="281" Y="582" T="0" /><Point X="285" Y="588" T="0" /><Point X="290" Y="593" T="0" /><Point X="295" Y="598" T="0" /><Point X="302" Y="602" T="0" /><Point X="308" Y="606" T="0" /><Point X="313" Y="610" T="0" /><Point X="321" Y="613" T="0" /><Point X="327" Y="616" T="0" /><Point X="333" Y="618" T="0" /><Point X="340" Y="620" T="0" /><Point X="347" Y="621" T="0" /><Point X="355" Y="622" T="0" /><Point X="361" Y="623" T="0" /><Point X="368" Y="623" T="0" /><Point X="377" Y="623" T="0" /><Point X="386" Y="622" T="0" /><Point X="391" Y="621" T="0" /></Gesture>