<Gesture Name="left-square-bracket" Subject="1" Number="1" NumPts="74" Millseconds="0" AppName="Gestures" AppVer="1.0" Date="Wednesday, March 01, 2023" TimeOfDay="17:06:09" ID="6"><Point X="266" Y="289" T="0" /><Point X="262" Y="288" T="0" /><Point X="257" Y="288" T="0" /><Point X="251" Y="288" T="0" /><Point X="245" Y="289" T="0" /><Point X="239" Y="290" T="0" /><Point X="233" Y="292" T="0" /><Point X="227" Y="293" T="0" /><Point X="223" Y="294" T="0" /><Point X="218" Y="296" T="0" /><Point X="214" Y="296" T="0" /><Point X="211" Y="297" T="0" /><Point X="207" Y="298" T="0" /><Point X="205" Y="298" T="0" /><Point X="203" Y="299" T="0" /><Point X="202" Y="300" T="0" /><Point X="201" Y="300" T="0" /><Point X="201" Y="301" T="0" /><Point X="201" Y="303" T="0" /><Point X="202" Y="306" T="0" /><Point X="203" Y="310" T="0" /><Point X="203" Y="314" T="0" /><Point X="205" Y="320" T="0" /><Point X="206" Y="327" T="0" /><Point X="207" Y="335" T="0" /><Point X="208" Y="343" T="0" /><Point X="209" Y="351" T="0" /><Point X="209" Y="362" T="0" /><Point X="209" Y="372" T="0" /><Point X="209" Y="382" T="0" /><Point X="208" Y="394" T="0" /><Point X="207" Y="405" T="0" /><Point X="207" Y="416" T="0" /><Point X="206" Y="428" T="0" /><Point X="205" Y="439" T="0" /><Point X="204" Y="450" T="0" /><Point X="203" Y="461" T="0" /><Point X="202" Y="471" T="0" /><Point X="201" Y="482" T="0" /><Point X="201" Y="491" T="0" /><Point X="199" Y="500" T="0" /><Point X="199" Y="510" T="0" /><Point X="198" Y="518" T="0" /><Point X="197" Y="526" T="0" /><Point X="197" Y="534" T="0" /><Point X="196" Y="541" T="0" /><Point X="195" Y="547" T="0" /><Point X="195" Y="552" T="0" /><Point X="195" Y="557" T="0" /><Point X="195" Y="560" T="0" /><Point X="195" Y="564" T="0" /><Point X="195" Y="566" T="0" /><Point X="195" Y="569" T="0" /><Point X="195" Y="572" T="0" /><Point X="195" Y="573" T="0" /><Point X="195" Y="574" T="0" /><Point X="195" Y="576" T="0" /><Point X="195" Y="577" T="0" /><Point X="196" Y="578" T="0" /><Point X="197" Y="578" T="0" /><Point X="197" Y="579" T="0" /><Point X="198" Y="580" T="0" /><Point X="199" Y="580" T="0" /><Point X="201" Y="581" T="0" /><Point X="203" Y="581" T="0" /><Point X="208" Y="582" T="0" /><Point X="215" Y="582" T="0" /><Point X="221" Y="582" T="0" /><Point X="230" Y="582" T="0" /><Point X="240" Y="581" T="0" /><Point X="250" Y="580" T="0" /><Point X="261" Y="580" T="0" /><Point X="272" Y="580" T="0" /><Point X="293" Y="580" T="0" /></Gesture>