<Gesture Name="left-square-bracket" Subject="1" Number="1" NumPts="75" Millseconds="0" AppName="Gestures" AppVer="1.0" Date="Wednesday, March 01, 2023" TimeOfDay="17:09:26" ID="9"><Point X="318" Y="230" T="0" /><Point X="316" Y="229" T="0" /><Point X="314" Y="228" T="0" /><Point X="311" Y="228" T="0" /><Point X="309" Y="228" T="0" /><Point X="307" Y="228" T="0" /><Point X="305" Y="228" T="0" /><Point X="303" Y="228" T="0" /><Point X="301" Y="228" T="0" /><Point X="299" Y="228" T="0" /><Point X="297" Y="229" T="0" /><Point X="297" Y="230" T="0" /><Point X="296" Y="230" T="0" /><Point X="295" Y="231" T="0" /><Point X="295" Y="232" T="0" /><Point X="294" Y="232" T="0" /><Point X="293" Y="234" T="0" /><Point X="293" Y="236" T="0" /><Point X="293" Y="237" T="0" /><Point X="292" Y="240" T="0" /><Point X="291" Y="245" T="0" /><Point X="291" Y="250" T="0" /><Point X="291" Y="254" T="0" /><Point X="291" Y="260" T="0" /><Point X="291" Y="267" T="0" /><Point X="291" Y="275" T="0" /><Point X="291" Y="283" T="0" /><Point X="291" Y="292" T="0" /><Point X="291" Y="302" T="0" /><Point X="291" Y="312" T="0" /><Point X="290" Y="322" T="0" /><Point X="289" Y="334" T="0" /><Point X="288" Y="346" T="0" /><Point X="287" Y="358" T="0" /><Point X="286" Y="369" T="0" /><Point X="285" Y="380" T="0" /><Point X="283" Y="392" T="0" /><Point X="282" Y="404" T="0" /><Point X="281" Y="416" T="0" /><Point X="279" Y="428" T="0" /><Point X="277" Y="440" T="0" /><Point X="275" Y="452" T="0" /><Point X="274" Y="463" T="0" /><Point X="273" Y="473" T="0" /><Point X="271" Y="484" T="0" /><Point X="269" Y="494" T="0" /><Point X="267" Y="502" T="0" /><Point X="266" Y="511" T="0" /><Point X="265" Y="519" T="0" /><Point X="264" Y="526" T="0" /><Point X="263" Y="532" T="0" /><Point X="263" Y="538" T="0" /><Point X="262" Y="543" T="0" /><Point X="261" Y="548" T="0" /><Point X="261" Y="552" T="0" /><Point X="261" Y="554" T="0" /><Point X="261" Y="556" T="0" /><Point X="261" Y="558" T="0" /><Point X="262" Y="560" T="0" /><Point X="263" Y="561" T="0" /><Point X="263" Y="562" T="0" /><Point X="264" Y="563" T="0" /><Point X="265" Y="564" T="0" /><Point X="267" Y="565" T="0" /><Point X="269" Y="565" T="0" /><Point X="271" Y="565" T="0" /><Point X="275" Y="565" T="0" /><Point X="281" Y="565" T="0" /><Point X="291" Y="564" T="0" /><Point X="301" Y="562" T="0" /><Point X="312" Y="561" T="0" /><Point X="325" Y="559" T="0" /><Point X="337" Y="558" T="0" /><Point X="350" Y="558" T="0" /><Point X="374" Y="558" T="0" /></Gesture>