<Gesture Name="left-square-bracket" Subject="1" Number="1" NumPts="56" Millseconds="0" AppName="Gestures" AppVer="1.0" Date="Wednesday, March 01, 2023" TimeOfDay="17:00:29" ID="2"><Point X="323" Y="213" T="0" /><Point X="318" Y="214" T="0" /><Point X="312" Y="215" T="0" /><Point X="307" Y="215" T="0" /><Point X="301" Y="215" T="0" /><Point X="295" Y="216" T="0" /><Point X="289" Y="216" T="0" /><Point X="284" Y="217" T="0" /><Point X="279" Y="218" T="0" /><Point X="276" Y="219" T="0" /><Point X="273" Y="219" T="0" /><Point X="270" Y="220" T="0" /><Point X="268" Y="221" T="0" /><Point X="267" Y="222" T="0" /><Point X="266" Y="225" T="0" /><Point X="264" Y="228" T="0" /><Point X="263" Y="234" T="0" /><Point X="262" Y="241" T="0" /><Point X="260" Y="250" T="0" /><Point X="260" Y="262" T="0" /><Point X="260" Y="275" T="0" /><Point X="259" Y="291" T="0" /><Point X="259" Y="308" T="0" /><Point X="258" Y="329" T="0" /><Point X="258" Y="349" T="0" /><Point X="257" Y="371" T="0" /><Point X="256" Y="394" T="0" /><Point X="255" Y="419" T="0" /><Point X="255" Y="441" T="0" /><Point X="254" Y="462" T="0" /><Point X="255" Y="481" T="0" /><Point X="256" Y="497" T="0" /><Point X="257" Y="511" T="0" /><Point X="258" Y="523" T="0" /><Point X="260" Y="533" T="0" /><Point X="262" Y="541" T="0" /><Point X="264" Y="547" T="0" /><Point X="266" Y="553" T="0" /><Point X="268" Y="558" T="0" /><Point X="270" Y="562" T="0" /><Point X="271" Y="565" T="0" /><Point X="273" Y="567" T="0" /><Point X="274" Y="569" T="0" /><Point X="276" Y="570" T="0" /><Point X="278" Y="571" T="0" /><Point X="281" Y="572" T="0" /><Point X="285" Y="572" T="0" /><Point X="289" Y="572" T="0" /><Point X="295" Y="572" T="0" /><Point X="301" Y="571" T="0" /><Point X="307" Y="571" T="0" /><Point X="312" Y="571" T="0" /><Point X="318" Y="571" T="0" /><Point X="323" Y="571" T="0" /><Point X="327" Y="571" T="0" /><Point X="328" Y="571" T="0" /></Gesture>