<Gesture Name="left-square-bracket" Subject="1" Number="1" NumPts="74" Millseconds="0" AppName="Gestures" AppVer="1.0" Date="Wednesday, March 01, 2023" TimeOfDay="17:08:18" ID="8"><Point X="359" Y="244" T="0" /><Point X="353" Y="244" T="0" /><Point X="346" Y="244" T="0" /><Point X="339" Y="244" T="0" /><Point X="333" Y="245" T="0" /><Point X="327" Y="246" T="0" /><Point X="320" Y="246" T="0" /><Point X="313" Y="247" T="0" /><Point X="308" Y="248" T="0" /><Point X="302" Y="248" T="0" /><Point X="297" Y="250" T="0" /><Point X="293" Y="250" T="0" /><Point X="289" Y="251" T="0" /><Point X="286" Y="252" T="0" /><Point X="284" Y="253" T="0" /><Point X="282" Y="254" T="0" /><Point X="280" Y="254" T="0" /><Point X="279" Y="255" T="0" /><Point X="278" Y="256" T="0" /><Point X="277" Y="256" T="0" /><Point X="277" Y="257" T="0" /><Point X="276" Y="258" T="0" /><Point X="275" Y="258" T="0" /><Point X="275" Y="259" T="0" /><Point X="275" Y="260" T="0" /><Point X="275" Y="262" T="0" /><Point X="274" Y="265" T="0" /><Point X="273" Y="270" T="0" /><Point X="273" Y="276" T="0" /><Point X="272" Y="282" T="0" /><Point X="272" Y="289" T="0" /><Point X="271" Y="297" T="0" /><Point X="271" Y="306" T="0" /><Point X="269" Y="316" T="0" /><Point X="268" Y="327" T="0" /><Point X="267" Y="338" T="0" /><Point X="265" Y="349" T="0" /><Point X="264" Y="361" T="0" /><Point X="262" Y="374" T="0" /><Point X="259" Y="386" T="0" /><Point X="257" Y="399" T="0" /><Point X="255" Y="411" T="0" /><Point X="253" Y="424" T="0" /><Point X="251" Y="437" T="0" /><Point X="248" Y="450" T="0" /><Point X="246" Y="462" T="0" /><Point X="244" Y="474" T="0" /><Point X="242" Y="485" T="0" /><Point X="241" Y="496" T="0" /><Point X="239" Y="506" T="0" /><Point X="238" Y="516" T="0" /><Point X="237" Y="524" T="0" /><Point X="237" Y="532" T="0" /><Point X="236" Y="538" T="0" /><Point X="236" Y="544" T="0" /><Point X="237" Y="550" T="0" /><Point X="237" Y="554" T="0" /><Point X="238" Y="557" T="0" /><Point X="239" Y="560" T="0" /><Point X="239" Y="562" T="0" /><Point X="241" Y="565" T="0" /><Point X="241" Y="567" T="0" /><Point X="243" Y="568" T="0" /><Point X="245" Y="569" T="0" /><Point X="247" Y="570" T="0" /><Point X="251" Y="572" T="0" /><Point X="257" Y="573" T="0" /><Point X="264" Y="573" T="0" /><Point X="275" Y="572" T="0" /><Point X="287" Y="570" T="0" /><Point X="299" Y="569" T="0" /><Point X="312" Y="568" T="0" /><Point X="327" Y="568" T="0" /><Point X="349" Y="570" T="0" /></Gesture>