<Gesture Name="left-curly-brace" Subject="1" Number="1" NumPts="89" Millseconds="0" AppName="Gestures" AppVer="1.0" Date="Wednesday, March 01, 2023" TimeOfDay="17:08:32" ID="8"><Point X="388" Y="216" T="0" /><Point X="383" Y="213" T="0" /><Point X="377" Y="210" T="0" /><Point X="370" Y="208" T="0" /><Point X="362" Y="206" T="0" /><Point X="352" Y="206" T="0" /><Point X="342" Y="206" T="0" /><Point X="330" Y="208" T="0" /><Point X="319" Y="211" T="0" /><Point X="307" Y="214" T="0" /><Point X="297" Y="218" T="0" /><Point X="289" Y="223" T="0" /><Point X="282" Y="227" T="0" /><Point X="275" Y="232" T="0" /><Point X="271" Y="237" T="0" /><Point X="266" Y="242" T="0" /><Point X="263" Y="247" T="0" /><Point X="260" Y="252" T="0" /><Point X="258" Y="258" T="0" /><Point X="258" Y="264" T="0" /><Point X="257" Y="270" T="0" /><Point X="257" Y="278" T="0" /><Point X="258" Y="284" T="0" /><Point X="258" Y="292" T="0" /><Point X="260" Y="300" T="0" /><Point X="262" Y="308" T="0" /><Point X="265" Y="316" T="0" /><Point X="267" Y="324" T="0" /><Point X="269" Y="332" T="0" /><Point X="271" Y="340" T="0" /><Point X="272" Y="348" T="0" /><Point X="273" Y="356" T="0" /><Point X="273" Y="364" T="0" /><Point X="272" Y="372" T="0" /><Point X="271" Y="378" T="0" /><Point X="269" Y="384" T="0" /><Point X="266" Y="390" T="0" /><Point X="263" Y="395" T="0" /><Point X="260" Y="400" T="0" /><Point X="257" Y="404" T="0" /><Point X="253" Y="408" T="0" /><Point X="249" Y="412" T="0" /><Point X="245" Y="415" T="0" /><Point X="241" Y="417" T="0" /><Point X="236" Y="418" T="0" /><Point X="232" Y="420" T="0" /><Point X="229" Y="421" T="0" /><Point X="226" Y="421" T="0" /><Point X="224" Y="421" T="0" /><Point X="223" Y="421" T="0" /><Point X="221" Y="421" T="0" /><Point X="220" Y="421" T="0" /><Point X="219" Y="421" T="0" /><Point X="219" Y="420" T="0" /><Point X="218" Y="420" T="0" /><Point X="219" Y="420" T="0" /><Point X="219" Y="419" T="0" /><Point X="221" Y="418" T="0" /><Point X="223" Y="419" T="0" /><Point X="226" Y="420" T="0" /><Point X="229" Y="422" T="0" /><Point X="233" Y="425" T="0" /><Point X="237" Y="429" T="0" /><Point X="241" Y="434" T="0" /><Point X="245" Y="442" T="0" /><Point X="248" Y="449" T="0" /><Point X="251" Y="458" T="0" /><Point X="254" Y="468" T="0" /><Point X="257" Y="478" T="0" /><Point X="258" Y="489" T="0" /><Point X="259" Y="500" T="0" /><Point X="261" Y="511" T="0" /><Point X="263" Y="522" T="0" /><Point X="265" Y="532" T="0" /><Point X="268" Y="543" T="0" /><Point X="271" Y="553" T="0" /><Point X="275" Y="562" T="0" /><Point X="278" Y="571" T="0" /><Point X="283" Y="580" T="0" /><Point X="288" Y="586" T="0" /><Point X="294" Y="593" T="0" /><Point X="301" Y="598" T="0" /><Point X="310" Y="602" T="0" /><Point X="321" Y="604" T="0" /><Point X="333" Y="605" T="0" /><Point X="347" Y="604" T="0" /><Point X="361" Y="603" T="0" /><Point X="374" Y="600" T="0" /><Point X="397" Y="596" T="0" /></Gesture>