<Gesture Name="left-curly-brace" Subject="1" Number="1" NumPts="126" Millseconds="0" AppName="Gestures" AppVer="1.0" Date="Wednesday, March 01, 2023" TimeOfDay="16:59:14" ID="1"><Point X="374" Y="205" T="0" /><Point X="370" Y="206" T="0" /><Point X="367" Y="206" T="0" /><Point X="363" Y="207" T="0" /><Point X="360" Y="208" T="0" /><Point X="357" Y="209" T="0" /><Point X="354" Y="211" T="0" /><Point X="351" Y="213" T="0" /><Point X="348" Y="216" T="0" /><Point X="344" Y="220" T="0" /><Point X="340" Y="223" T="0" /><Point X="336" Y="228" T="0" /><Point X="332" Y="232" T="0" /><Point X="329" Y="236" T="0" /><Point X="326" Y="241" T="0" /><Point X="323" Y="245" T="0" /><Point X="321" Y="250" T="0" /><Point X="320" Y="255" T="0" /><Point X="318" Y="259" T="0" /><Point X="317" Y="265" T="0" /><Point X="316" Y="270" T="0" /><Point X="316" Y="275" T="0" /><Point X="316" Y="281" T="0" /><Point X="317" Y="286" T="0" /><Point X="318" Y="291" T="0" /><Point X="320" Y="297" T="0" /><Point X="321" Y="303" T="0" /><Point X="324" Y="308" T="0" /><Point X="327" Y="313" T="0" /><Point X="330" Y="319" T="0" /><Point X="332" Y="325" T="0" /><Point X="336" Y="331" T="0" /><Point X="338" Y="337" T="0" /><Point X="340" Y="343" T="0" /><Point X="342" Y="349" T="0" /><Point X="343" Y="355" T="0" /><Point X="343" Y="362" T="0" /><Point X="343" Y="367" T="0" /><Point X="343" Y="373" T="0" /><Point X="343" Y="378" T="0" /><Point X="342" Y="383" T="0" /><Point X="342" Y="387" T="0" /><Point X="341" Y="391" T="0" /><Point X="340" Y="395" T="0" /><Point X="338" Y="399" T="0" /><Point X="337" Y="401" T="0" /><Point X="335" Y="405" T="0" /><Point X="333" Y="407" T="0" /><Point X="330" Y="410" T="0" /><Point X="327" Y="413" T="0" /><Point X="324" Y="415" T="0" /><Point X="321" Y="417" T="0" /><Point X="318" Y="418" T="0" /><Point X="314" Y="420" T="0" /><Point X="311" Y="421" T="0" /><Point X="307" Y="423" T="0" /><Point X="303" Y="424" T="0" /><Point X="300" Y="425" T="0" /><Point X="297" Y="425" T="0" /><Point X="294" Y="426" T="0" /><Point X="292" Y="427" T="0" /><Point X="290" Y="427" T="0" /><Point X="289" Y="427" T="0" /><Point X="288" Y="427" T="0" /><Point X="287" Y="427" T="0" /><Point X="286" Y="427" T="0" /><Point X="287" Y="426" T="0" /><Point X="288" Y="424" T="0" /><Point X="292" Y="423" T="0" /><Point X="296" Y="421" T="0" /><Point X="302" Y="419" T="0" /><Point X="307" Y="418" T="0" /><Point X="313" Y="417" T="0" /><Point X="319" Y="418" T="0" /><Point X="324" Y="419" T="0" /><Point X="330" Y="420" T="0" /><Point X="334" Y="423" T="0" /><Point X="339" Y="426" T="0" /><Point X="342" Y="430" T="0" /><Point X="346" Y="434" T="0" /><Point X="348" Y="439" T="0" /><Point X="350" Y="445" T="0" /><Point X="352" Y="450" T="0" /><Point X="353" Y="456" T="0" /><Point X="354" Y="463" T="0" /><Point X="355" Y="469" T="0" /><Point X="356" Y="475" T="0" /><Point X="357" Y="481" T="0" /><Point X="358" Y="489" T="0" /><Point X="359" Y="495" T="0" /><Point X="360" Y="501" T="0" /><Point X="360" Y="508" T="0" /><Point X="361" Y="515" T="0" /><Point X="362" Y="521" T="0" /><Point X="363" Y="527" T="0" /><Point X="364" Y="533" T="0" /><Point X="365" Y="540" T="0" /><Point X="366" Y="545" T="0" /><Point X="367" Y="551" T="0" /><Point X="368" Y="557" T="0" /><Point X="370" Y="562" T="0" /><Point X="371" Y="567" T="0" /><Point X="372" Y="571" T="0" /><Point X="374" Y="576" T="0" /><Point X="376" Y="581" T="0" /><Point X="379" Y="585" T="0" /><Point X="382" Y="588" T="0" /><Point X="385" Y="591" T="0" /><Point X="389" Y="595" T="0" /><Point X="394" Y="598" T="0" /><Point X="399" Y="601" T="0" /><Point X="405" Y="603" T="0" /><Point X="411" Y="605" T="0" /><Point X="417" Y="606" T="0" /><Point X="424" Y="607" T="0" /><Point X="431" Y="607" T="0" /><Point X="438" Y="607" T="0" /><Point X="446" Y="606" T="0" /><Point X="454" Y="605" T="0" /><Point X="462" Y="603" T="0" /><Point X="469" Y="601" T="0" /><Point X="476" Y="599" T="0" /><Point X="482" Y="597" T="0" /><Point X="488" Y="596" T="0" /><Point X="492" Y="595" T="0" /><Point X="494" Y="595" T="0" /></Gesture>