<Gesture Name="left-curly-brace" Subject="1" Number="1" NumPts="88" Millseconds="0" AppName="Gestures" AppVer="1.0" Date="Wednesday, March 01, 2023" TimeOfDay="17:04:12" ID="4"><Point X="318" Y="242" T="0" /><Point X="314" Y="240" T="0" /><Point X="310" Y="238" T="0" /><Point X="306" Y="238" T="0" /><Point X="300" Y="237" T="0" /><Point X="293" Y="238" T="0" /><Point X="287" Y="238" T="0" /><Point X="279" Y="240" T="0" /><Point X="272" Y="244" T="0" /><Point X="263" Y="248" T="0" /><Point X="257" Y="252" T="0" /><Point X="249" Y="256" T="0" /><Point X="243" Y="260" T="0" /><Point X="239" Y="265" T="0" /><Point X="234" Y="270" T="0" /><Point X="229" Y="275" T="0" /><Point X="226" Y="280" T="0" /><Point X="223" Y="284" T="0" /><Point X="221" Y="290" T="0" /><Point X="219" Y="296" T="0" /><Point X="218" Y="302" T="0" /><Point X="217" Y="308" T="0" /><Point X="218" Y="314" T="0" /><Point X="219" Y="320" T="0" /><Point X="219" Y="326" T="0" /><Point X="221" Y="334" T="0" /><Point X="223" Y="340" T="0" /><Point X="225" Y="348" T="0" /><Point X="229" Y="354" T="0" /><Point X="231" Y="362" T="0" /><Point X="234" Y="369" T="0" /><Point X="237" Y="376" T="0" /><Point X="238" Y="384" T="0" /><Point X="239" Y="392" T="0" /><Point X="241" Y="398" T="0" /><Point X="241" Y="404" T="0" /><Point X="241" Y="410" T="0" /><Point X="239" Y="417" T="0" /><Point X="238" Y="423" T="0" /><Point X="236" Y="429" T="0" /><Point X="233" Y="434" T="0" /><Point X="230" Y="439" T="0" /><Point X="226" Y="443" T="0" /><Point X="223" Y="447" T="0" /><Point X="219" Y="449" T="0" /><Point X="215" Y="452" T="0" /><Point X="211" Y="453" T="0" /><Point X="206" Y="454" T="0" /><Point X="202" Y="456" T="0" /><Point X="199" Y="456" T="0" /><Point X="195" Y="456" T="0" /><Point X="193" Y="456" T="0" /><Point X="191" Y="456" T="0" /><Point X="190" Y="456" T="0" /><Point X="189" Y="456" T="0" /><Point X="191" Y="458" T="0" /><Point X="193" Y="461" T="0" /><Point X="196" Y="464" T="0" /><Point X="199" Y="468" T="0" /><Point X="203" Y="472" T="0" /><Point X="207" Y="477" T="0" /><Point X="211" Y="483" T="0" /><Point X="215" Y="489" T="0" /><Point X="219" Y="496" T="0" /><Point X="221" Y="503" T="0" /><Point X="225" Y="510" T="0" /><Point X="227" Y="518" T="0" /><Point X="230" Y="526" T="0" /><Point X="233" Y="534" T="0" /><Point X="235" Y="542" T="0" /><Point X="238" Y="550" T="0" /><Point X="240" Y="558" T="0" /><Point X="243" Y="566" T="0" /><Point X="246" Y="574" T="0" /><Point X="251" Y="582" T="0" /><Point X="255" Y="588" T="0" /><Point X="259" Y="595" T="0" /><Point X="265" Y="601" T="0" /><Point X="271" Y="608" T="0" /><Point X="277" Y="613" T="0" /><Point X="284" Y="617" T="0" /><Point X="291" Y="621" T="0" /><Point X="298" Y="625" T="0" /><Point X="306" Y="628" T="0" /><Point X="313" Y="628" T="0" /><Point X="322" Y="628" T="0" /><Point X="329" Y="628" T="0" /><Point X="333" Y="626" T="0" /></Gesture>