<Gesture Name="pigtail" Subject="1" Number="1" NumPts="85" Millseconds="0" AppName="Gestures" AppVer="1.0" Date="Wednesday, March 01, 2023" TimeOfDay="17:03:15" ID="3"><Point X="261" Y="461" T="0" /><Point X="268" Y="458" T="0" /><Point X="276" Y="454" T="0" /><Point X="285" Y="450" T="0" /><Point X="294" Y="445" T="0" /><Point X="305" Y="440" T="0" /><Point X="315" Y="434" T="0" /><Point X="327" Y="428" T="0" /><Point X="339" Y="420" T="0" /><Point X="351" Y="413" T="0" /><Point X="363" Y="405" T="0" /><Point X="375" Y="395" T="0" /><Point X="386" Y="386" T="0" /><Point X="397" Y="376" T="0" /><Point X="407" Y="366" T="0" /><Point X="417" Y="356" T="0" /><Point X="426" Y="346" T="0" /><Point X="436" Y="335" T="0" /><Point X="447" Y="324" T="0" /><Point X="456" Y="313" T="0" /><Point X="464" Y="304" T="0" /><Point X="469" Y="296" T="0" /><Point X="472" Y="290" T="0" /><Point X="475" Y="284" T="0" /><Point X="476" Y="280" T="0" /><Point X="477" Y="276" T="0" /><Point X="478" Y="272" T="0" /><Point X="478" Y="268" T="0" /><Point X="478" Y="266" T="0" /><Point X="478" Y="262" T="0" /><Point X="478" Y="260" T="0" /><Point X="477" Y="257" T="0" /><Point X="475" Y="255" T="0" /><Point X="473" Y="253" T="0" /><Point X="471" Y="251" T="0" /><Point X="469" Y="249" T="0" /><Point X="465" Y="247" T="0" /><Point X="459" Y="246" T="0" /><Point X="453" Y="246" T="0" /><Point X="445" Y="248" T="0" /><Point X="435" Y="250" T="0" /><Point X="425" Y="254" T="0" /><Point X="416" Y="258" T="0" /><Point X="407" Y="264" T="0" /><Point X="398" Y="268" T="0" /><Point X="391" Y="274" T="0" /><Point X="384" Y="280" T="0" /><Point X="377" Y="286" T="0" /><Point X="371" Y="294" T="0" /><Point X="364" Y="304" T="0" /><Point X="359" Y="314" T="0" /><Point X="353" Y="324" T="0" /><Point X="347" Y="336" T="0" /><Point X="343" Y="348" T="0" /><Point X="338" Y="360" T="0" /><Point X="334" Y="374" T="0" /><Point X="331" Y="387" T="0" /><Point X="329" Y="400" T="0" /><Point X="328" Y="413" T="0" /><Point X="327" Y="424" T="0" /><Point X="328" Y="434" T="0" /><Point X="329" Y="444" T="0" /><Point X="331" Y="452" T="0" /><Point X="333" Y="459" T="0" /><Point X="336" Y="466" T="0" /><Point X="339" Y="472" T="0" /><Point X="343" Y="478" T="0" /><Point X="347" Y="484" T="0" /><Point X="351" Y="489" T="0" /><Point X="357" Y="492" T="0" /><Point X="363" Y="496" T="0" /><Point X="370" Y="500" T="0" /><Point X="378" Y="502" T="0" /><Point X="386" Y="503" T="0" /><Point X="396" Y="504" T="0" /><Point X="407" Y="504" T="0" /><Point X="418" Y="503" T="0" /><Point X="431" Y="501" T="0" /><Point X="444" Y="498" T="0" /><Point X="457" Y="495" T="0" /><Point X="469" Y="492" T="0" /><Point X="480" Y="489" T="0" /><Point X="490" Y="487" T="0" /><Point X="502" Y="484" T="0" /><Point X="523" Y="478" T="0" /></Gesture>