<Gesture Name="pigtail" Subject="1" Number="1" NumPts="79" Millseconds="0" AppName="Gestures" AppVer="1.0" Date="Wednesday, March 01, 2023" TimeOfDay="17:11:14" ID="10"><Point X="219" Y="546" T="0" /><Point X="228" Y="542" T="0" /><Point X="239" Y="538" T="0" /><Point X="250" Y="532" T="0" /><Point X="262" Y="526" T="0" /><Point X="275" Y="518" T="0" /><Point X="289" Y="510" T="0" /><Point X="303" Y="501" T="0" /><Point X="318" Y="492" T="0" /><Point X="332" Y="482" T="0" /><Point X="346" Y="471" T="0" /><Point X="361" Y="460" T="0" /><Point X="375" Y="450" T="0" /><Point X="389" Y="440" T="0" /><Point X="401" Y="429" T="0" /><Point X="413" Y="417" T="0" /><Point X="423" Y="406" T="0" /><Point X="432" Y="395" T="0" /><Point X="441" Y="384" T="0" /><Point X="449" Y="373" T="0" /><Point X="455" Y="362" T="0" /><Point X="460" Y="352" T="0" /><Point X="465" Y="344" T="0" /><Point X="469" Y="334" T="0" /><Point X="471" Y="326" T="0" /><Point X="473" Y="317" T="0" /><Point X="475" Y="308" T="0" /><Point X="475" Y="301" T="0" /><Point X="475" Y="294" T="0" /><Point X="473" Y="287" T="0" /><Point X="472" Y="281" T="0" /><Point X="469" Y="276" T="0" /><Point X="466" Y="272" T="0" /><Point X="462" Y="268" T="0" /><Point X="457" Y="264" T="0" /><Point X="451" Y="262" T="0" /><Point X="443" Y="260" T="0" /><Point X="434" Y="259" T="0" /><Point X="424" Y="260" T="0" /><Point X="415" Y="262" T="0" /><Point X="404" Y="264" T="0" /><Point X="395" Y="266" T="0" /><Point X="385" Y="270" T="0" /><Point X="377" Y="276" T="0" /><Point X="367" Y="282" T="0" /><Point X="359" Y="290" T="0" /><Point X="351" Y="297" T="0" /><Point X="345" Y="306" T="0" /><Point X="339" Y="315" T="0" /><Point X="333" Y="324" T="0" /><Point X="329" Y="334" T="0" /><Point X="326" Y="346" T="0" /><Point X="323" Y="357" T="0" /><Point X="321" Y="368" T="0" /><Point X="320" Y="379" T="0" /><Point X="321" Y="390" T="0" /><Point X="322" Y="402" T="0" /><Point X="324" Y="415" T="0" /><Point X="327" Y="428" T="0" /><Point X="331" Y="439" T="0" /><Point X="337" Y="451" T="0" /><Point X="343" Y="463" T="0" /><Point X="349" Y="474" T="0" /><Point X="357" Y="486" T="0" /><Point X="365" Y="498" T="0" /><Point X="375" Y="507" T="0" /><Point X="385" Y="516" T="0" /><Point X="396" Y="526" T="0" /><Point X="407" Y="535" T="0" /><Point X="417" Y="543" T="0" /><Point X="429" Y="552" T="0" /><Point X="439" Y="560" T="0" /><Point X="451" Y="567" T="0" /><Point X="461" Y="574" T="0" /><Point X="471" Y="580" T="0" /><Point X="481" Y="586" T="0" /><Point X="491" Y="592" T="0" /><Point X="503" Y="596" T="0" /><Point X="524" Y="604" T="0" /></Gesture>