<Gesture Name="pigtail" Subject="1" Number="1" NumPts="81" Millseconds="0" AppName="Gestures" AppVer="1.0" Date="Wednesday, March 01, 2023" TimeOfDay="17:07:46" ID="7"><Point X="231" Y="606" T="0" /><Point X="241" Y="603" T="0" /><Point X="251" Y="600" T="0" /><Point X="261" Y="596" T="0" /><Point X="273" Y="593" T="0" /><Point X="285" Y="588" T="0" /><Point X="297" Y="582" T="0" /><Point X="309" Y="576" T="0" /><Point X="323" Y="570" T="0" /><Point X="337" Y="562" T="0" /><Point X="351" Y="554" T="0" /><Point X="367" Y="544" T="0" /><Point X="384" Y="533" T="0" /><Point X="400" Y="522" T="0" /><Point X="416" Y="512" T="0" /><Point X="430" Y="500" T="0" /><Point X="444" Y="490" T="0" /><Point X="458" Y="479" T="0" /><Point X="470" Y="468" T="0" /><Point X="482" Y="458" T="0" /><Point X="491" Y="448" T="0" /><Point X="501" Y="439" T="0" /><Point X="507" Y="430" T="0" /><Point X="514" Y="421" T="0" /><Point X="519" Y="412" T="0" /><Point X="522" Y="403" T="0" /><Point X="525" Y="395" T="0" /><Point X="527" Y="386" T="0" /><Point X="528" Y="378" T="0" /><Point X="528" Y="370" T="0" /><Point X="528" Y="362" T="0" /><Point X="527" Y="354" T="0" /><Point X="525" Y="346" T="0" /><Point X="523" Y="340" T="0" /><Point X="521" Y="334" T="0" /><Point X="517" Y="328" T="0" /><Point X="513" Y="322" T="0" /><Point X="507" Y="317" T="0" /><Point X="503" Y="312" T="0" /><Point X="499" Y="309" T="0" /><Point X="493" Y="306" T="0" /><Point X="488" Y="304" T="0" /><Point X="483" Y="304" T="0" /><Point X="478" Y="303" T="0" /><Point X="473" Y="304" T="0" /><Point X="467" Y="305" T="0" /><Point X="461" Y="307" T="0" /><Point X="453" Y="310" T="0" /><Point X="447" Y="316" T="0" /><Point X="438" Y="322" T="0" /><Point X="429" Y="330" T="0" /><Point X="421" Y="338" T="0" /><Point X="413" Y="348" T="0" /><Point X="405" Y="359" T="0" /><Point X="397" Y="370" T="0" /><Point X="391" Y="382" T="0" /><Point X="385" Y="394" T="0" /><Point X="381" Y="406" T="0" /><Point X="379" Y="419" T="0" /><Point X="377" Y="432" T="0" /><Point X="376" Y="444" T="0" /><Point X="375" Y="457" T="0" /><Point X="376" Y="468" T="0" /><Point X="378" Y="480" T="0" /><Point X="380" Y="492" T="0" /><Point X="383" Y="502" T="0" /><Point X="388" Y="512" T="0" /><Point X="393" Y="523" T="0" /><Point X="399" Y="532" T="0" /><Point X="405" Y="541" T="0" /><Point X="413" Y="551" T="0" /><Point X="421" Y="559" T="0" /><Point X="429" Y="568" T="0" /><Point X="439" Y="576" T="0" /><Point X="451" Y="583" T="0" /><Point X="461" Y="589" T="0" /><Point X="474" Y="595" T="0" /><Point X="487" Y="599" T="0" /><Point X="503" Y="603" T="0" /><Point X="519" Y="606" T="0" /><Point X="543" Y="609" T="0" /></Gesture>