<Gesture Name="pigtail" Subject="1" Number="1" NumPts="58" Millseconds="0" AppName="Gestures" AppVer="1.0" Date="Wednesday, March 01, 2023" TimeOfDay="17:00:47" ID="2"><Point X="320" Y="545" T="0" /><Point X="330" Y="538" T="0" /><Point X="342" Y="529" T="0" /><Point X="356" Y="519" T="0" /><Point X="370" Y="507" T="0" /><Point X="386" Y="492" T="0" /><Point X="402" Y="476" T="0" /><Point X="416" Y="459" T="0" /><Point X="430" Y="441" T="0" /><Point X="442" Y="421" T="0" /><Point X="454" Y="401" T="0" /><Point X="465" Y="380" T="0" /><Point X="475" Y="359" T="0" /><Point X="484" Y="336" T="0" /><Point X="491" Y="312" T="0" /><Point X="497" Y="289" T="0" /><Point X="501" Y="268" T="0" /><Point X="503" Y="246" T="0" /><Point X="503" Y="224" T="0" /><Point X="502" Y="205" T="0" /><Point X="498" Y="189" T="0" /><Point X="492" Y="173" T="0" /><Point X="486" Y="162" T="0" /><Point X="478" Y="153" T="0" /><Point X="470" Y="146" T="0" /><Point X="462" Y="142" T="0" /><Point X="455" Y="140" T="0" /><Point X="448" Y="140" T="0" /><Point X="439" Y="143" T="0" /><Point X="426" Y="150" T="0" /><Point X="412" Y="160" T="0" /><Point X="401" Y="172" T="0" /><Point X="391" Y="186" T="0" /><Point X="382" Y="201" T="0" /><Point X="375" Y="216" T="0" /><Point X="370" Y="233" T="0" /><Point X="365" Y="251" T="0" /><Point X="363" Y="270" T="0" /><Point X="362" Y="290" T="0" /><Point X="363" Y="310" T="0" /><Point X="366" Y="330" T="0" /><Point X="370" Y="350" T="0" /><Point X="376" Y="370" T="0" /><Point X="383" Y="391" T="0" /><Point X="391" Y="413" T="0" /><Point X="401" Y="435" T="0" /><Point X="413" Y="455" T="0" /><Point X="424" Y="474" T="0" /><Point X="436" Y="492" T="0" /><Point X="449" Y="509" T="0" /><Point X="462" Y="523" T="0" /><Point X="474" Y="536" T="0" /><Point X="487" Y="547" T="0" /><Point X="501" Y="559" T="0" /><Point X="518" Y="570" T="0" /><Point X="538" Y="579" T="0" /><Point X="557" Y="586" T="0" /><Point X="574" Y="591" T="0" /></Gesture>