<Gesture Name="pigtail" Subject="1" Number="1" NumPts="80" Millseconds="0" AppName="Gestures" AppVer="1.0" Date="Wednesday, March 01, 2023" TimeOfDay="17:05:27" ID="5"><Point X="275" Y="558" T="0" /><Point X="285" Y="555" T="0" /><Point X="295" Y="550" T="0" /><Point X="306" Y="545" T="0" /><Point X="318" Y="539" T="0" /><Point X="331" Y="532" T="0" /><Point X="345" Y="524" T="0" /><Point X="361" Y="515" T="0" /><Point X="376" Y="504" T="0" /><Point X="391" Y="494" T="0" /><Point X="406" Y="482" T="0" /><Point X="421" Y="470" T="0" /><Point X="436" Y="457" T="0" /><Point X="451" Y="444" T="0" /><Point X="465" Y="430" T="0" /><Point X="477" Y="416" T="0" /><Point X="489" Y="402" T="0" /><Point X="500" Y="389" T="0" /><Point X="509" Y="375" T="0" /><Point X="519" Y="362" T="0" /><Point X="526" Y="348" T="0" /><Point X="534" Y="336" T="0" /><Point X="540" Y="324" T="0" /><Point X="545" Y="312" T="0" /><Point X="549" Y="301" T="0" /><Point X="553" Y="289" T="0" /><Point X="554" Y="278" T="0" /><Point X="555" Y="268" T="0" /><Point X="555" Y="259" T="0" /><Point X="553" Y="251" T="0" /><Point X="551" Y="244" T="0" /><Point X="548" Y="238" T="0" /><Point X="544" Y="232" T="0" /><Point X="539" Y="227" T="0" /><Point X="533" Y="223" T="0" /><Point X="525" Y="220" T="0" /><Point X="515" Y="218" T="0" /><Point X="505" Y="218" T="0" /><Point X="493" Y="220" T="0" /><Point X="481" Y="223" T="0" /><Point X="468" Y="228" T="0" /><Point X="453" Y="234" T="0" /><Point X="440" Y="241" T="0" /><Point X="427" Y="250" T="0" /><Point X="415" Y="260" T="0" /><Point X="403" Y="271" T="0" /><Point X="393" Y="283" T="0" /><Point X="383" Y="296" T="0" /><Point X="375" Y="310" T="0" /><Point X="367" Y="324" T="0" /><Point X="362" Y="339" T="0" /><Point X="357" Y="354" T="0" /><Point X="354" Y="368" T="0" /><Point X="352" Y="382" T="0" /><Point X="351" Y="398" T="0" /><Point X="351" Y="415" T="0" /><Point X="353" Y="431" T="0" /><Point X="355" Y="446" T="0" /><Point X="359" Y="461" T="0" /><Point X="363" Y="474" T="0" /><Point X="369" Y="488" T="0" /><Point X="377" Y="500" T="0" /><Point X="384" Y="511" T="0" /><Point X="393" Y="522" T="0" /><Point X="402" Y="532" T="0" /><Point X="412" Y="542" T="0" /><Point X="422" Y="551" T="0" /><Point X="433" Y="559" T="0" /><Point X="443" Y="566" T="0" /><Point X="455" Y="572" T="0" /><Point X="467" Y="576" T="0" /><Point X="478" Y="580" T="0" /><Point X="489" Y="583" T="0" /><Point X="502" Y="586" T="0" /><Point X="514" Y="586" T="0" /><Point X="525" Y="588" T="0" /><Point X="538" Y="588" T="0" /><Point X="549" Y="588" T="0" /><Point X="559" Y="588" T="0" /><Point X="564" Y="588" T="0" /></Gesture>