<Gesture Name="pigtail" Subject="1" Number="1" NumPts="77" Millseconds="0" AppName="Gestures" AppVer="1.0" Date="Wednesday, March 01, 2023" TimeOfDay="17:08:40" ID="8"><Point X="229" Y="563" T="0" /><Point X="238" Y="557" T="0" /><Point X="247" Y="550" T="0" /><Point X="258" Y="542" T="0" /><Point X="270" Y="534" T="0" /><Point X="282" Y="526" T="0" /><Point X="295" Y="516" T="0" /><Point X="309" Y="506" T="0" /><Point X="323" Y="496" T="0" /><Point X="337" Y="485" T="0" /><Point X="351" Y="473" T="0" /><Point X="366" Y="462" T="0" /><Point X="380" Y="451" T="0" /><Point X="394" Y="440" T="0" /><Point X="407" Y="428" T="0" /><Point X="419" Y="416" T="0" /><Point X="429" Y="404" T="0" /><Point X="439" Y="393" T="0" /><Point X="448" Y="382" T="0" /><Point X="455" Y="370" T="0" /><Point X="462" Y="359" T="0" /><Point X="467" Y="348" T="0" /><Point X="471" Y="339" T="0" /><Point X="474" Y="330" T="0" /><Point X="476" Y="320" T="0" /><Point X="477" Y="312" T="0" /><Point X="477" Y="304" T="0" /><Point X="477" Y="296" T="0" /><Point X="475" Y="289" T="0" /><Point X="473" Y="282" T="0" /><Point X="469" Y="277" T="0" /><Point X="466" Y="272" T="0" /><Point X="461" Y="268" T="0" /><Point X="455" Y="265" T="0" /><Point X="448" Y="264" T="0" /><Point X="439" Y="263" T="0" /><Point X="429" Y="264" T="0" /><Point X="418" Y="265" T="0" /><Point X="407" Y="268" T="0" /><Point X="397" Y="273" T="0" /><Point X="385" Y="278" T="0" /><Point X="376" Y="285" T="0" /><Point X="367" Y="292" T="0" /><Point X="359" Y="300" T="0" /><Point X="351" Y="310" T="0" /><Point X="344" Y="321" T="0" /><Point X="337" Y="333" T="0" /><Point X="331" Y="346" T="0" /><Point X="327" Y="358" T="0" /><Point X="323" Y="370" T="0" /><Point X="319" Y="383" T="0" /><Point X="317" Y="396" T="0" /><Point X="317" Y="410" T="0" /><Point X="317" Y="424" T="0" /><Point X="319" Y="438" T="0" /><Point X="321" Y="451" T="0" /><Point X="325" Y="465" T="0" /><Point X="329" Y="478" T="0" /><Point X="334" Y="492" T="0" /><Point X="340" Y="504" T="0" /><Point X="346" Y="517" T="0" /><Point X="353" Y="529" T="0" /><Point X="362" Y="540" T="0" /><Point X="371" Y="551" T="0" /><Point X="380" Y="561" T="0" /><Point X="391" Y="570" T="0" /><Point X="402" Y="578" T="0" /><Point X="415" Y="584" T="0" /><Point X="427" Y="591" T="0" /><Point X="441" Y="596" T="0" /><Point X="454" Y="600" T="0" /><Point X="468" Y="603" T="0" /><Point X="481" Y="606" T="0" /><Point X="494" Y="607" T="0" /><Point X="507" Y="608" T="0" /><Point X="521" Y="609" T="0" /><Point X="543" Y="608" T="0" /></Gesture>