<Gesture Name="rectangle" Subject="1" Number="1" NumPts="184" Millseconds="0" AppName="Gestures" AppVer="1.0" Date="Wednesday, March 01, 2023" TimeOfDay="16:58:35" ID="1"><Point X="244" Y="240" T="0" /><Point X="244" Y="247" T="0" /><Point X="244" Y="253" T="0" /><Point X="244" Y="259" T="0" /><Point X="244" Y="267" T="0" /><Point X="243" Y="274" T="0" /><Point X="242" Y="283" T="0" /><Point X="242" Y="291" T="0" /><Point X="241" Y="301" T="0" /><Point X="240" Y="310" T="0" /><Point X="240" Y="319" T="0" /><Point X="238" Y="329" T="0" /><Point X="238" Y="339" T="0" /><Point X="237" Y="347" T="0" /><Point X="236" Y="355" T="0" /><Point X="236" Y="363" T="0" /><Point X="236" Y="370" T="0" /><Point X="235" Y="376" T="0" /><Point X="235" Y="381" T="0" /><Point X="235" Y="385" T="0" /><Point X="235" Y="389" T="0" /><Point X="235" Y="391" T="0" /><Point X="235" Y="395" T="0" /><Point X="235" Y="397" T="0" /><Point X="235" Y="399" T="0" /><Point X="235" Y="401" T="0" /><Point X="235" Y="402" T="0" /><Point X="235" Y="404" T="0" /><Point X="235" Y="405" T="0" /><Point X="235" Y="406" T="0" /><Point X="235" Y="407" T="0" /><Point X="236" Y="408" T="0" /><Point X="236" Y="409" T="0" /><Point X="237" Y="409" T="0" /><Point X="238" Y="409" T="0" /><Point X="240" Y="409" T="0" /><Point X="243" Y="410" T="0" /><Point X="246" Y="411" T="0" /><Point X="253" Y="411" T="0" /><Point X="263" Y="410" T="0" /><Point X="275" Y="409" T="0" /><Point X="286" Y="409" T="0" /><Point X="297" Y="407" T="0" /><Point X="309" Y="406" T="0" /><Point X="320" Y="405" T="0" /><Point X="330" Y="404" T="0" /><Point X="339" Y="403" T="0" /><Point X="349" Y="403" T="0" /><Point X="359" Y="402" T="0" /><Point X="369" Y="401" T="0" /><Point X="380" Y="400" T="0" /><Point X="391" Y="400" T="0" /><Point X="402" Y="399" T="0" /><Point X="412" Y="399" T="0" /><Point X="423" Y="399" T="0" /><Point X="434" Y="399" T="0" /><Point X="443" Y="399" T="0" /><Point X="452" Y="399" T="0" /><Point X="462" Y="400" T="0" /><Point X="471" Y="400" T="0" /><Point X="480" Y="400" T="0" /><Point X="488" Y="400" T="0" /><Point X="496" Y="401" T="0" /><Point X="505" Y="401" T="0" /><Point X="512" Y="401" T="0" /><Point X="519" Y="402" T="0" /><Point X="525" Y="402" T="0" /><Point X="530" Y="403" T="0" /><Point X="535" Y="403" T="0" /><Point X="540" Y="403" T="0" /><Point X="544" Y="404" T="0" /><Point X="547" Y="405" T="0" /><Point X="549" Y="405" T="0" /><Point X="551" Y="405" T="0" /><Point X="553" Y="405" T="0" /><Point X="554" Y="404" T="0" /><Point X="556" Y="403" T="0" /><Point X="558" Y="402" T="0" /><Point X="560" Y="400" T="0" /><Point X="562" Y="397" T="0" /><Point X="564" Y="394" T="0" /><Point X="565" Y="390" T="0" /><Point X="566" Y="385" T="0" /><Point X="567" Y="380" T="0" /><Point X="568" Y="373" T="0" /><Point X="568" Y="367" T="0" /><Point X="568" Y="360" T="0" /><Point X="569" Y="353" T="0" /><Point X="570" Y="345" T="0" /><Point X="570" Y="337" T="0" /><Point X="571" Y="329" T="0" /><Point X="572" Y="321" T="0" /><Point X="572" Y="312" T="0" /><Point X="573" Y="304" T="0" /><Point X="574" Y="296" T="0" /><Point X="574" Y="288" T="0" /><Point X="575" Y="280" T="0" /><Point X="575" Y="273" T="0" /><Point X="575" Y="267" T="0" /><Point X="576" Y="260" T="0" /><Point X="576" Y="254" T="0" /><Point X="576" Y="249" T="0" /><Point X="576" Y="245" T="0" /><Point X="576" Y="240" T="0" /><Point X="576" Y="237" T="0" /><Point X="576" Y="234" T="0" /><Point X="576" Y="231" T="0" /><Point X="576" Y="229" T="0" /><Point X="576" Y="228" T="0" /><Point X="576" Y="227" T="0" /><Point X="576" Y="225" T="0" /><Point X="576" Y="224" T="0" /><Point X="575" Y="223" T="0" /><Point X="574" Y="223" T="0" /><Point X="572" Y="223" T="0" /><Point X="568" Y="224" T="0" /><Point X="565" Y="224" T="0" /><Point X="562" Y="225" T="0" /><Point X="558" Y="225" T="0" /><Point X="553" Y="225" T="0" /><Point X="547" Y="226" T="0" /><Point X="542" Y="226" T="0" /><Point X="536" Y="227" T="0" /><Point X="530" Y="227" T="0" /><Point X="524" Y="227" T="0" /><Point X="518" Y="227" T="0" /><Point X="512" Y="227" T="0" /><Point X="505" Y="227" T="0" /><Point X="498" Y="227" T="0" /><Point X="491" Y="226" T="0" /><Point X="485" Y="225" T="0" /><Point X="478" Y="225" T="0" /><Point X="471" Y="224" T="0" /><Point X="464" Y="223" T="0" /><Point X="457" Y="223" T="0" /><Point X="450" Y="222" T="0" /><Point X="444" Y="221" T="0" /><Point X="437" Y="220" T="0" /><Point X="432" Y="219" T="0" /><Point X="425" Y="217" T="0" /><Point X="419" Y="216" T="0" /><Point X="414" Y="215" T="0" /><Point X="407" Y="214" T="0" /><Point X="401" Y="213" T="0" /><Point X="395" Y="213" T="0" /><Point X="390" Y="212" T="0" /><Point X="384" Y="211" T="0" /><Point X="379" Y="211" T="0" /><Point X="373" Y="210" T="0" /><Point X="366" Y="210" T="0" /><Point X="359" Y="210" T="0" /><Point X="352" Y="211" T="0" /><Point X="345" Y="211" T="0" /><Point X="340" Y="211" T="0" /><Point X="333" Y="212" T="0" /><Point X="327" Y="212" T="0" /><Point X="321" Y="213" T="0" /><Point X="316" Y="213" T="0" /><Point X="310" Y="213" T="0" /><Point X="306" Y="213" T="0" /><Point X="301" Y="213" T="0" /><Point X="296" Y="213" T="0" /><Point X="291" Y="213" T="0" /><Point X="287" Y="213" T="0" /><Point X="283" Y="213" T="0" /><Point X="279" Y="213" T="0" /><Point X="275" Y="213" T="0" /><Point X="272" Y="213" T="0" /><Point X="269" Y="213" T="0" /><Point X="268" Y="213" T="0" /><Point X="266" Y="213" T="0" /><Point X="264" Y="213" T="0" /><Point X="262" Y="213" T="0" /><Point X="260" Y="213" T="0" /><Point X="257" Y="213" T="0" /><Point X="256" Y="213" T="0" /><Point X="254" Y="213" T="0" /><Point X="252" Y="213" T="0" /><Point X="250" Y="214" T="0" /><Point X="249" Y="214" T="0" /><Point X="248" Y="215" T="0" /><Point X="246" Y="215" T="0" /><Point X="245" Y="215" T="0" /><Point X="244" Y="215" T="0" /></Gesture>