<Gesture Name="rectangle" Subject="1" Number="1" NumPts="189" Millseconds="0" AppName="Gestures" AppVer="1.0" Date="Wednesday, March 01, 2023" TimeOfDay="17:07:58" ID="8"><Point X="141" Y="281" T="0" /><Point X="141" Y="288" T="0" /><Point X="141" Y="296" T="0" /><Point X="140" Y="305" T="0" /><Point X="139" Y="314" T="0" /><Point X="138" Y="324" T="0" /><Point X="137" Y="336" T="0" /><Point X="135" Y="346" T="0" /><Point X="134" Y="359" T="0" /><Point X="133" Y="372" T="0" /><Point X="130" Y="384" T="0" /><Point X="127" Y="397" T="0" /><Point X="125" Y="411" T="0" /><Point X="121" Y="425" T="0" /><Point X="118" Y="439" T="0" /><Point X="115" Y="452" T="0" /><Point X="112" Y="464" T="0" /><Point X="109" Y="476" T="0" /><Point X="105" Y="486" T="0" /><Point X="103" Y="496" T="0" /><Point X="101" Y="504" T="0" /><Point X="101" Y="511" T="0" /><Point X="100" Y="516" T="0" /><Point X="99" Y="522" T="0" /><Point X="99" Y="526" T="0" /><Point X="99" Y="530" T="0" /><Point X="100" Y="534" T="0" /><Point X="101" Y="537" T="0" /><Point X="103" Y="540" T="0" /><Point X="105" Y="542" T="0" /><Point X="111" Y="545" T="0" /><Point X="116" Y="548" T="0" /><Point X="123" Y="549" T="0" /><Point X="133" Y="550" T="0" /><Point X="142" Y="551" T="0" /><Point X="152" Y="551" T="0" /><Point X="165" Y="550" T="0" /><Point X="176" Y="548" T="0" /><Point X="189" Y="546" T="0" /><Point X="202" Y="544" T="0" /><Point X="215" Y="543" T="0" /><Point X="229" Y="541" T="0" /><Point X="243" Y="540" T="0" /><Point X="257" Y="540" T="0" /><Point X="271" Y="539" T="0" /><Point X="283" Y="538" T="0" /><Point X="295" Y="538" T="0" /><Point X="308" Y="538" T="0" /><Point X="320" Y="538" T="0" /><Point X="331" Y="538" T="0" /><Point X="343" Y="538" T="0" /><Point X="354" Y="538" T="0" /><Point X="365" Y="538" T="0" /><Point X="377" Y="538" T="0" /><Point X="387" Y="538" T="0" /><Point X="397" Y="538" T="0" /><Point X="407" Y="538" T="0" /><Point X="417" Y="538" T="0" /><Point X="425" Y="538" T="0" /><Point X="433" Y="538" T="0" /><Point X="439" Y="538" T="0" /><Point X="446" Y="537" T="0" /><Point X="452" Y="536" T="0" /><Point X="457" Y="535" T="0" /><Point X="461" Y="534" T="0" /><Point X="465" Y="532" T="0" /><Point X="469" Y="531" T="0" /><Point X="471" Y="530" T="0" /><Point X="474" Y="528" T="0" /><Point X="476" Y="527" T="0" /><Point X="477" Y="526" T="0" /><Point X="479" Y="524" T="0" /><Point X="480" Y="522" T="0" /><Point X="481" Y="520" T="0" /><Point X="483" Y="517" T="0" /><Point X="484" Y="514" T="0" /><Point X="485" Y="510" T="0" /><Point X="485" Y="505" T="0" /><Point X="486" Y="499" T="0" /><Point X="487" Y="493" T="0" /><Point X="487" Y="486" T="0" /><Point X="487" Y="479" T="0" /><Point X="487" Y="471" T="0" /><Point X="487" Y="464" T="0" /><Point X="488" Y="457" T="0" /><Point X="489" Y="450" T="0" /><Point X="489" Y="443" T="0" /><Point X="490" Y="436" T="0" /><Point X="491" Y="429" T="0" /><Point X="491" Y="422" T="0" /><Point X="492" Y="415" T="0" /><Point X="493" Y="408" T="0" /><Point X="494" Y="400" T="0" /><Point X="495" Y="393" T="0" /><Point X="496" Y="386" T="0" /><Point X="497" Y="379" T="0" /><Point X="498" Y="372" T="0" /><Point X="499" Y="364" T="0" /><Point X="500" Y="358" T="0" /><Point X="501" Y="352" T="0" /><Point X="502" Y="346" T="0" /><Point X="503" Y="340" T="0" /><Point X="504" Y="333" T="0" /><Point X="505" Y="328" T="0" /><Point X="505" Y="322" T="0" /><Point X="505" Y="316" T="0" /><Point X="506" Y="311" T="0" /><Point X="507" Y="306" T="0" /><Point X="507" Y="301" T="0" /><Point X="507" Y="296" T="0" /><Point X="507" Y="292" T="0" /><Point X="507" Y="289" T="0" /><Point X="506" Y="286" T="0" /><Point X="505" Y="282" T="0" /><Point X="505" Y="280" T="0" /><Point X="503" Y="277" T="0" /><Point X="502" Y="274" T="0" /><Point X="501" Y="272" T="0" /><Point X="499" Y="270" T="0" /><Point X="498" Y="268" T="0" /><Point X="496" Y="266" T="0" /><Point X="494" Y="264" T="0" /><Point X="492" Y="262" T="0" /><Point X="489" Y="261" T="0" /><Point X="487" Y="260" T="0" /><Point X="483" Y="258" T="0" /><Point X="479" Y="256" T="0" /><Point X="473" Y="255" T="0" /><Point X="465" Y="254" T="0" /><Point X="457" Y="253" T="0" /><Point X="450" Y="252" T="0" /><Point X="443" Y="252" T="0" /><Point X="435" Y="252" T="0" /><Point X="427" Y="252" T="0" /><Point X="420" Y="252" T="0" /><Point X="413" Y="252" T="0" /><Point X="405" Y="252" T="0" /><Point X="398" Y="252" T="0" /><Point X="391" Y="251" T="0" /><Point X="383" Y="251" T="0" /><Point X="376" Y="251" T="0" /><Point X="368" Y="250" T="0" /><Point X="360" Y="250" T="0" /><Point X="351" Y="250" T="0" /><Point X="343" Y="250" T="0" /><Point X="334" Y="250" T="0" /><Point X="327" Y="251" T="0" /><Point X="319" Y="251" T="0" /><Point X="311" Y="251" T="0" /><Point X="305" Y="251" T="0" /><Point X="297" Y="251" T="0" /><Point X="291" Y="252" T="0" /><Point X="284" Y="252" T="0" /><Point X="276" Y="252" T="0" /><Point X="269" Y="252" T="0" /><Point X="263" Y="252" T="0" /><Point X="255" Y="253" T="0" /><Point X="247" Y="253" T="0" /><Point X="240" Y="254" T="0" /><Point X="233" Y="254" T="0" /><Point X="225" Y="255" T="0" /><Point X="219" Y="256" T="0" /><Point X="212" Y="256" T="0" /><Point X="206" Y="256" T="0" /><Point X="201" Y="256" T="0" /><Point X="197" Y="256" T="0" /><Point X="191" Y="256" T="0" /><Point X="187" Y="256" T="0" /><Point X="183" Y="256" T="0" /><Point X="178" Y="256" T="0" /><Point X="175" Y="256" T="0" /><Point X="171" Y="256" T="0" /><Point X="169" Y="256" T="0" /><Point X="165" Y="256" T="0" /><Point X="162" Y="256" T="0" /><Point X="159" Y="256" T="0" /><Point X="155" Y="256" T="0" /><Point X="153" Y="256" T="0" /><Point X="151" Y="256" T="0" /><Point X="148" Y="256" T="0" /><Point X="146" Y="256" T="0" /><Point X="144" Y="256" T="0" /><Point X="142" Y="256" T="0" /><Point X="140" Y="256" T="0" /><Point X="139" Y="256" T="0" /><Point X="138" Y="256" T="0" /><Point X="137" Y="256" T="0" /><Point X="134" Y="257" T="0" /><Point X="133" Y="258" T="0" /></Gesture>