<Gesture Name="rectangle" Subject="1" Number="1" NumPts="215" Millseconds="0" AppName="Gestures" AppVer="1.0" Date="Wednesday, March 01, 2023" TimeOfDay="17:09:01" ID="9"><Point X="111" Y="287" T="0" /><Point X="111" Y="297" T="0" /><Point X="112" Y="308" T="0" /><Point X="113" Y="320" T="0" /><Point X="115" Y="332" T="0" /><Point X="116" Y="346" T="0" /><Point X="117" Y="360" T="0" /><Point X="118" Y="374" T="0" /><Point X="119" Y="389" T="0" /><Point X="119" Y="404" T="0" /><Point X="120" Y="420" T="0" /><Point X="120" Y="436" T="0" /><Point X="120" Y="452" T="0" /><Point X="119" Y="466" T="0" /><Point X="119" Y="481" T="0" /><Point X="119" Y="495" T="0" /><Point X="119" Y="508" T="0" /><Point X="118" Y="520" T="0" /><Point X="117" Y="530" T="0" /><Point X="117" Y="541" T="0" /><Point X="116" Y="551" T="0" /><Point X="116" Y="558" T="0" /><Point X="116" Y="564" T="0" /><Point X="116" Y="569" T="0" /><Point X="117" Y="574" T="0" /><Point X="117" Y="578" T="0" /><Point X="118" Y="580" T="0" /><Point X="119" Y="582" T="0" /><Point X="119" Y="583" T="0" /><Point X="120" Y="584" T="0" /><Point X="121" Y="585" T="0" /><Point X="121" Y="586" T="0" /><Point X="122" Y="586" T="0" /><Point X="124" Y="586" T="0" /><Point X="126" Y="584" T="0" /><Point X="130" Y="583" T="0" /><Point X="135" Y="580" T="0" /><Point X="144" Y="576" T="0" /><Point X="152" Y="573" T="0" /><Point X="163" Y="569" T="0" /><Point X="173" Y="566" T="0" /><Point X="185" Y="562" T="0" /><Point X="197" Y="558" T="0" /><Point X="208" Y="554" T="0" /><Point X="220" Y="552" T="0" /><Point X="232" Y="550" T="0" /><Point X="244" Y="550" T="0" /><Point X="258" Y="549" T="0" /><Point X="271" Y="548" T="0" /><Point X="284" Y="548" T="0" /><Point X="298" Y="548" T="0" /><Point X="312" Y="548" T="0" /><Point X="327" Y="548" T="0" /><Point X="342" Y="548" T="0" /><Point X="357" Y="547" T="0" /><Point X="371" Y="547" T="0" /><Point X="387" Y="546" T="0" /><Point X="401" Y="546" T="0" /><Point X="417" Y="545" T="0" /><Point X="429" Y="544" T="0" /><Point X="443" Y="544" T="0" /><Point X="454" Y="543" T="0" /><Point X="465" Y="542" T="0" /><Point X="473" Y="541" T="0" /><Point X="482" Y="540" T="0" /><Point X="489" Y="540" T="0" /><Point X="495" Y="540" T="0" /><Point X="500" Y="539" T="0" /><Point X="504" Y="538" T="0" /><Point X="506" Y="538" T="0" /><Point X="509" Y="538" T="0" /><Point X="511" Y="538" T="0" /><Point X="513" Y="538" T="0" /><Point X="514" Y="538" T="0" /><Point X="515" Y="538" T="0" /><Point X="515" Y="537" T="0" /><Point X="516" Y="536" T="0" /><Point X="517" Y="536" T="0" /><Point X="517" Y="535" T="0" /><Point X="517" Y="534" T="0" /><Point X="517" Y="532" T="0" /><Point X="517" Y="529" T="0" /><Point X="517" Y="526" T="0" /><Point X="517" Y="522" T="0" /><Point X="517" Y="518" T="0" /><Point X="517" Y="513" T="0" /><Point X="517" Y="507" T="0" /><Point X="516" Y="500" T="0" /><Point X="516" Y="494" T="0" /><Point X="516" Y="487" T="0" /><Point X="515" Y="480" T="0" /><Point X="515" Y="472" T="0" /><Point X="515" Y="465" T="0" /><Point X="514" Y="457" T="0" /><Point X="514" Y="450" T="0" /><Point X="514" Y="442" T="0" /><Point X="514" Y="433" T="0" /><Point X="514" Y="426" T="0" /><Point X="514" Y="416" T="0" /><Point X="515" Y="408" T="0" /><Point X="515" Y="400" T="0" /><Point X="515" Y="392" T="0" /><Point X="515" Y="384" T="0" /><Point X="515" Y="376" T="0" /><Point X="516" Y="369" T="0" /><Point X="516" Y="362" T="0" /><Point X="516" Y="356" T="0" /><Point X="516" Y="349" T="0" /><Point X="517" Y="342" T="0" /><Point X="517" Y="336" T="0" /><Point X="517" Y="332" T="0" /><Point X="517" Y="326" T="0" /><Point X="517" Y="320" T="0" /><Point X="517" Y="314" T="0" /><Point X="517" Y="310" T="0" /><Point X="517" Y="306" T="0" /><Point X="517" Y="303" T="0" /><Point X="517" Y="300" T="0" /><Point X="517" Y="298" T="0" /><Point X="517" Y="296" T="0" /><Point X="517" Y="294" T="0" /><Point X="517" Y="292" T="0" /><Point X="516" Y="291" T="0" /><Point X="515" Y="290" T="0" /><Point X="515" Y="288" T="0" /><Point X="515" Y="287" T="0" /><Point X="515" Y="286" T="0" /><Point X="514" Y="285" T="0" /><Point X="514" Y="284" T="0" /><Point X="513" Y="284" T="0" /><Point X="513" Y="283" T="0" /><Point X="513" Y="282" T="0" /><Point X="512" Y="282" T="0" /><Point X="511" Y="281" T="0" /><Point X="511" Y="280" T="0" /><Point X="510" Y="280" T="0" /><Point X="509" Y="279" T="0" /><Point X="507" Y="278" T="0" /><Point X="506" Y="278" T="0" /><Point X="505" Y="278" T="0" /><Point X="504" Y="277" T="0" /><Point X="503" Y="276" T="0" /><Point X="501" Y="276" T="0" /><Point X="498" Y="275" T="0" /><Point X="495" Y="274" T="0" /><Point X="491" Y="274" T="0" /><Point X="487" Y="274" T="0" /><Point X="484" Y="273" T="0" /><Point X="478" Y="273" T="0" /><Point X="471" Y="273" T="0" /><Point X="463" Y="273" T="0" /><Point X="454" Y="273" T="0" /><Point X="447" Y="273" T="0" /><Point X="438" Y="274" T="0" /><Point X="429" Y="274" T="0" /><Point X="421" Y="274" T="0" /><Point X="413" Y="274" T="0" /><Point X="404" Y="274" T="0" /><Point X="396" Y="274" T="0" /><Point X="388" Y="274" T="0" /><Point X="380" Y="274" T="0" /><Point X="369" Y="274" T="0" /><Point X="360" Y="275" T="0" /><Point X="349" Y="275" T="0" /><Point X="338" Y="276" T="0" /><Point X="328" Y="276" T="0" /><Point X="319" Y="276" T="0" /><Point X="309" Y="276" T="0" /><Point X="301" Y="276" T="0" /><Point X="293" Y="276" T="0" /><Point X="275" Y="276" T="0" /><Point X="267" Y="276" T="0" /><Point X="259" Y="276" T="0" /><Point X="250" Y="276" T="0" /><Point X="242" Y="276" T="0" /><Point X="236" Y="275" T="0" /><Point X="229" Y="274" T="0" /><Point X="221" Y="274" T="0" /><Point X="215" Y="274" T="0" /><Point X="209" Y="273" T="0" /><Point X="203" Y="272" T="0" /><Point X="199" Y="272" T="0" /><Point X="193" Y="271" T="0" /><Point X="188" Y="271" T="0" /><Point X="183" Y="270" T="0" /><Point X="178" Y="270" T="0" /><Point X="173" Y="270" T="0" /><Point X="170" Y="270" T="0" /><Point X="167" Y="270" T="0" /><Point X="163" Y="270" T="0" /><Point X="159" Y="270" T="0" /><Point X="155" Y="270" T="0" /><Point X="151" Y="270" T="0" /><Point X="149" Y="270" T="0" /><Point X="145" Y="269" T="0" /><Point X="143" Y="268" T="0" /><Point X="141" Y="268" T="0" /><Point X="139" Y="268" T="0" /><Point X="137" Y="267" T="0" /><Point X="134" Y="266" T="0" /><Point X="133" Y="266" T="0" /><Point X="131" Y="266" T="0" /><Point X="129" Y="266" T="0" /><Point X="126" Y="265" T="0" /><Point X="124" Y="265" T="0" /><Point X="122" Y="265" T="0" /><Point X="120" Y="265" T="0" /><Point X="118" Y="265" T="0" /><Point X="117" Y="265" T="0" /><Point X="116" Y="265" T="0" /><Point X="115" Y="265" T="0" /><Point X="113" Y="265" T="0" /><Point X="112" Y="265" T="0" /><Point X="110" Y="265" T="0" /><Point X="109" Y="265" T="0" /></Gesture>