<Gesture Name="rectangle" Subject="1" Number="1" NumPts="145" Millseconds="0" AppName="Gestures" AppVer="1.0" Date="Wednesday, March 01, 2023" TimeOfDay="17:00:14" ID="2"><Point X="245" Y="190" T="0" /><Point X="244" Y="200" T="0" /><Point X="244" Y="210" T="0" /><Point X="243" Y="221" T="0" /><Point X="242" Y="232" T="0" /><Point X="241" Y="244" T="0" /><Point X="240" Y="256" T="0" /><Point X="239" Y="268" T="0" /><Point X="238" Y="281" T="0" /><Point X="238" Y="295" T="0" /><Point X="238" Y="307" T="0" /><Point X="237" Y="321" T="0" /><Point X="236" Y="335" T="0" /><Point X="235" Y="349" T="0" /><Point X="234" Y="361" T="0" /><Point X="232" Y="372" T="0" /><Point X="231" Y="381" T="0" /><Point X="231" Y="389" T="0" /><Point X="230" Y="395" T="0" /><Point X="230" Y="400" T="0" /><Point X="231" Y="403" T="0" /><Point X="231" Y="405" T="0" /><Point X="232" Y="407" T="0" /><Point X="232" Y="409" T="0" /><Point X="232" Y="410" T="0" /><Point X="233" Y="411" T="0" /><Point X="233" Y="412" T="0" /><Point X="234" Y="413" T="0" /><Point X="236" Y="414" T="0" /><Point X="238" Y="415" T="0" /><Point X="244" Y="416" T="0" /><Point X="251" Y="417" T="0" /><Point X="260" Y="418" T="0" /><Point X="271" Y="419" T="0" /><Point X="283" Y="419" T="0" /><Point X="297" Y="419" T="0" /><Point X="312" Y="419" T="0" /><Point X="329" Y="418" T="0" /><Point X="346" Y="417" T="0" /><Point X="364" Y="415" T="0" /><Point X="382" Y="414" T="0" /><Point X="399" Y="413" T="0" /><Point X="416" Y="411" T="0" /><Point X="432" Y="410" T="0" /><Point X="447" Y="410" T="0" /><Point X="462" Y="410" T="0" /><Point X="476" Y="411" T="0" /><Point X="488" Y="411" T="0" /><Point X="499" Y="412" T="0" /><Point X="508" Y="413" T="0" /><Point X="516" Y="414" T="0" /><Point X="524" Y="415" T="0" /><Point X="530" Y="415" T="0" /><Point X="535" Y="416" T="0" /><Point X="540" Y="416" T="0" /><Point X="543" Y="416" T="0" /><Point X="546" Y="415" T="0" /><Point X="549" Y="413" T="0" /><Point X="552" Y="410" T="0" /><Point X="556" Y="405" T="0" /><Point X="559" Y="399" T="0" /><Point X="562" Y="391" T="0" /><Point X="564" Y="382" T="0" /><Point X="567" Y="371" T="0" /><Point X="570" Y="359" T="0" /><Point X="571" Y="348" T="0" /><Point X="573" Y="337" T="0" /><Point X="574" Y="326" T="0" /><Point X="574" Y="314" T="0" /><Point X="575" Y="303" T="0" /><Point X="576" Y="291" T="0" /><Point X="576" Y="280" T="0" /><Point X="576" Y="270" T="0" /><Point X="576" Y="260" T="0" /><Point X="576" Y="251" T="0" /><Point X="576" Y="242" T="0" /><Point X="576" Y="234" T="0" /><Point X="575" Y="227" T="0" /><Point X="575" Y="221" T="0" /><Point X="574" Y="216" T="0" /><Point X="573" Y="212" T="0" /><Point X="572" Y="209" T="0" /><Point X="571" Y="206" T="0" /><Point X="570" Y="204" T="0" /><Point X="569" Y="203" T="0" /><Point X="568" Y="201" T="0" /><Point X="568" Y="200" T="0" /><Point X="567" Y="199" T="0" /><Point X="566" Y="199" T="0" /><Point X="565" Y="199" T="0" /><Point X="564" Y="198" T="0" /><Point X="562" Y="198" T="0" /><Point X="558" Y="197" T="0" /><Point X="552" Y="197" T="0" /><Point X="546" Y="197" T="0" /><Point X="540" Y="197" T="0" /><Point X="533" Y="197" T="0" /><Point X="527" Y="197" T="0" /><Point X="520" Y="197" T="0" /><Point X="513" Y="197" T="0" /><Point X="507" Y="197" T="0" /><Point X="500" Y="197" T="0" /><Point X="491" Y="196" T="0" /><Point X="482" Y="195" T="0" /><Point X="472" Y="195" T="0" /><Point X="462" Y="194" T="0" /><Point X="452" Y="193" T="0" /><Point X="443" Y="191" T="0" /><Point X="434" Y="190" T="0" /><Point X="425" Y="188" T="0" /><Point X="416" Y="186" T="0" /><Point X="407" Y="185" T="0" /><Point X="398" Y="183" T="0" /><Point X="390" Y="181" T="0" /><Point X="382" Y="179" T="0" /><Point X="374" Y="178" T="0" /><Point X="365" Y="177" T="0" /><Point X="357" Y="175" T="0" /><Point X="348" Y="174" T="0" /><Point X="340" Y="173" T="0" /><Point X="332" Y="171" T="0" /><Point X="324" Y="170" T="0" /><Point X="317" Y="169" T="0" /><Point X="310" Y="169" T="0" /><Point X="304" Y="168" T="0" /><Point X="299" Y="167" T="0" /><Point X="293" Y="166" T="0" /><Point X="288" Y="166" T="0" /><Point X="284" Y="165" T="0" /><Point X="279" Y="165" T="0" /><Point X="274" Y="165" T="0" /><Point X="270" Y="165" T="0" /><Point X="267" Y="165" T="0" /><Point X="264" Y="165" T="0" /><Point X="261" Y="165" T="0" /><Point X="258" Y="165" T="0" /><Point X="256" Y="165" T="0" /><Point X="253" Y="165" T="0" /><Point X="251" Y="165" T="0" /><Point X="249" Y="166" T="0" /><Point X="248" Y="166" T="0" /><Point X="246" Y="166" T="0" /><Point X="246" Y="167" T="0" /><Point X="245" Y="167" T="0" /><Point X="244" Y="167" T="0" /></Gesture>