<Gesture Name="rectangle" Subject="1" Number="1" NumPts="201" Millseconds="0" AppName="Gestures" AppVer="1.0" Date="Wednesday, March 01, 2023" TimeOfDay="17:05:51" ID="6"><Point X="153" Y="300" T="0" /><Point X="153" Y="308" T="0" /><Point X="152" Y="316" T="0" /><Point X="152" Y="325" T="0" /><Point X="152" Y="334" T="0" /><Point X="152" Y="344" T="0" /><Point X="152" Y="355" T="0" /><Point X="152" Y="366" T="0" /><Point X="151" Y="377" T="0" /><Point X="151" Y="388" T="0" /><Point X="151" Y="400" T="0" /><Point X="151" Y="411" T="0" /><Point X="150" Y="422" T="0" /><Point X="149" Y="432" T="0" /><Point X="148" Y="442" T="0" /><Point X="147" Y="452" T="0" /><Point X="146" Y="460" T="0" /><Point X="145" Y="468" T="0" /><Point X="143" Y="476" T="0" /><Point X="142" Y="484" T="0" /><Point X="141" Y="490" T="0" /><Point X="140" Y="496" T="0" /><Point X="139" Y="501" T="0" /><Point X="139" Y="506" T="0" /><Point X="138" Y="510" T="0" /><Point X="137" Y="513" T="0" /><Point X="137" Y="516" T="0" /><Point X="137" Y="517" T="0" /><Point X="137" Y="518" T="0" /><Point X="137" Y="520" T="0" /><Point X="137" Y="521" T="0" /><Point X="137" Y="522" T="0" /><Point X="137" Y="523" T="0" /><Point X="137" Y="524" T="0" /><Point X="138" Y="524" T="0" /><Point X="140" Y="525" T="0" /><Point X="143" Y="525" T="0" /><Point X="149" Y="525" T="0" /><Point X="155" Y="525" T="0" /><Point X="163" Y="525" T="0" /><Point X="171" Y="524" T="0" /><Point X="181" Y="523" T="0" /><Point X="190" Y="522" T="0" /><Point X="201" Y="522" T="0" /><Point X="209" Y="521" T="0" /><Point X="220" Y="520" T="0" /><Point X="230" Y="520" T="0" /><Point X="241" Y="519" T="0" /><Point X="251" Y="519" T="0" /><Point X="262" Y="519" T="0" /><Point X="273" Y="519" T="0" /><Point X="283" Y="518" T="0" /><Point X="295" Y="518" T="0" /><Point X="307" Y="518" T="0" /><Point X="318" Y="518" T="0" /><Point X="329" Y="518" T="0" /><Point X="341" Y="519" T="0" /><Point X="353" Y="520" T="0" /><Point X="365" Y="520" T="0" /><Point X="377" Y="521" T="0" /><Point X="389" Y="522" T="0" /><Point X="401" Y="523" T="0" /><Point X="413" Y="524" T="0" /><Point X="424" Y="524" T="0" /><Point X="435" Y="526" T="0" /><Point X="445" Y="526" T="0" /><Point X="455" Y="527" T="0" /><Point X="463" Y="528" T="0" /><Point X="471" Y="528" T="0" /><Point X="478" Y="529" T="0" /><Point X="485" Y="530" T="0" /><Point X="489" Y="530" T="0" /><Point X="494" Y="531" T="0" /><Point X="498" Y="532" T="0" /><Point X="501" Y="533" T="0" /><Point X="503" Y="534" T="0" /><Point X="505" Y="534" T="0" /><Point X="507" Y="535" T="0" /><Point X="508" Y="536" T="0" /><Point X="509" Y="536" T="0" /><Point X="511" Y="536" T="0" /><Point X="512" Y="536" T="0" /><Point X="513" Y="536" T="0" /><Point X="514" Y="535" T="0" /><Point X="515" Y="534" T="0" /><Point X="515" Y="532" T="0" /><Point X="516" Y="530" T="0" /><Point X="517" Y="526" T="0" /><Point X="517" Y="521" T="0" /><Point X="517" Y="516" T="0" /><Point X="517" Y="511" T="0" /><Point X="517" Y="506" T="0" /><Point X="517" Y="500" T="0" /><Point X="517" Y="493" T="0" /><Point X="517" Y="486" T="0" /><Point X="517" Y="479" T="0" /><Point X="517" Y="473" T="0" /><Point X="517" Y="465" T="0" /><Point X="517" Y="458" T="0" /><Point X="517" Y="450" T="0" /><Point X="517" Y="442" T="0" /><Point X="517" Y="434" T="0" /><Point X="517" Y="426" T="0" /><Point X="517" Y="418" T="0" /><Point X="518" Y="408" T="0" /><Point X="519" Y="399" T="0" /><Point X="519" Y="391" T="0" /><Point X="519" Y="382" T="0" /><Point X="519" Y="374" T="0" /><Point X="520" Y="366" T="0" /><Point X="521" Y="359" T="0" /><Point X="521" Y="351" T="0" /><Point X="521" Y="344" T="0" /><Point X="522" Y="337" T="0" /><Point X="522" Y="332" T="0" /><Point X="522" Y="326" T="0" /><Point X="522" Y="321" T="0" /><Point X="523" Y="315" T="0" /><Point X="523" Y="310" T="0" /><Point X="523" Y="304" T="0" /><Point X="523" Y="299" T="0" /><Point X="523" Y="295" T="0" /><Point X="523" Y="291" T="0" /><Point X="523" Y="288" T="0" /><Point X="523" Y="284" T="0" /><Point X="523" Y="282" T="0" /><Point X="523" Y="279" T="0" /><Point X="523" Y="277" T="0" /><Point X="523" Y="275" T="0" /><Point X="523" Y="274" T="0" /><Point X="523" Y="273" T="0" /><Point X="523" Y="272" T="0" /><Point X="523" Y="271" T="0" /><Point X="522" Y="270" T="0" /><Point X="521" Y="270" T="0" /><Point X="520" Y="270" T="0" /><Point X="519" Y="270" T="0" /><Point X="516" Y="270" T="0" /><Point X="513" Y="270" T="0" /><Point X="509" Y="270" T="0" /><Point X="505" Y="271" T="0" /><Point X="501" Y="272" T="0" /><Point X="494" Y="272" T="0" /><Point X="488" Y="273" T="0" /><Point X="483" Y="274" T="0" /><Point X="476" Y="274" T="0" /><Point X="469" Y="274" T="0" /><Point X="461" Y="274" T="0" /><Point X="454" Y="274" T="0" /><Point X="448" Y="274" T="0" /><Point X="441" Y="274" T="0" /><Point X="433" Y="274" T="0" /><Point X="425" Y="274" T="0" /><Point X="417" Y="274" T="0" /><Point X="409" Y="274" T="0" /><Point X="401" Y="274" T="0" /><Point X="393" Y="274" T="0" /><Point X="385" Y="274" T="0" /><Point X="379" Y="274" T="0" /><Point X="371" Y="274" T="0" /><Point X="363" Y="274" T="0" /><Point X="355" Y="274" T="0" /><Point X="346" Y="274" T="0" /><Point X="338" Y="274" T="0" /><Point X="329" Y="274" T="0" /><Point X="321" Y="274" T="0" /><Point X="312" Y="274" T="0" /><Point X="304" Y="274" T="0" /><Point X="296" Y="274" T="0" /><Point X="289" Y="273" T="0" /><Point X="281" Y="273" T="0" /><Point X="274" Y="272" T="0" /><Point X="267" Y="272" T="0" /><Point X="260" Y="271" T="0" /><Point X="254" Y="270" T="0" /><Point X="247" Y="270" T="0" /><Point X="240" Y="270" T="0" /><Point X="234" Y="269" T="0" /><Point X="229" Y="268" T="0" /><Point X="223" Y="268" T="0" /><Point X="217" Y="268" T="0" /><Point X="211" Y="268" T="0" /><Point X="207" Y="267" T="0" /><Point X="203" Y="266" T="0" /><Point X="198" Y="266" T="0" /><Point X="194" Y="265" T="0" /><Point X="189" Y="265" T="0" /><Point X="185" Y="264" T="0" /><Point X="181" Y="264" T="0" /><Point X="177" Y="263" T="0" /><Point X="174" Y="263" T="0" /><Point X="171" Y="263" T="0" /><Point X="169" Y="262" T="0" /><Point X="167" Y="262" T="0" /><Point X="165" Y="262" T="0" /><Point X="163" Y="262" T="0" /><Point X="161" Y="262" T="0" /><Point X="160" Y="262" T="0" /><Point X="159" Y="262" T="0" /><Point X="158" Y="262" T="0" /><Point X="157" Y="263" T="0" /></Gesture>