<Gesture Name="right-curly-brace" Subject="1" Number="1" NumPts="100" Millseconds="0" AppName="Gestures" AppVer="1.0" Date="Wednesday, March 01, 2023" TimeOfDay="17:06:21" ID="6"><Point X="319" Y="202" T="0" /><Point X="324" Y="199" T="0" /><Point X="329" Y="197" T="0" /><Point X="337" Y="195" T="0" /><Point X="345" Y="194" T="0" /><Point X="351" Y="195" T="0" /><Point X="359" Y="196" T="0" /><Point X="365" Y="199" T="0" /><Point X="371" Y="202" T="0" /><Point X="377" Y="206" T="0" /><Point X="380" Y="212" T="0" /><Point X="383" Y="219" T="0" /><Point X="385" Y="226" T="0" /><Point X="385" Y="236" T="0" /><Point X="383" Y="247" T="0" /><Point X="380" Y="258" T="0" /><Point X="375" Y="270" T="0" /><Point X="369" Y="282" T="0" /><Point X="363" Y="293" T="0" /><Point X="359" Y="304" T="0" /><Point X="353" Y="314" T="0" /><Point X="348" Y="323" T="0" /><Point X="344" Y="333" T="0" /><Point X="341" Y="342" T="0" /><Point X="337" Y="350" T="0" /><Point X="335" Y="358" T="0" /><Point X="335" Y="365" T="0" /><Point X="334" Y="372" T="0" /><Point X="335" Y="378" T="0" /><Point X="336" Y="385" T="0" /><Point X="339" Y="392" T="0" /><Point X="343" Y="398" T="0" /><Point X="347" Y="404" T="0" /><Point X="352" Y="408" T="0" /><Point X="358" Y="412" T="0" /><Point X="365" Y="415" T="0" /><Point X="373" Y="418" T="0" /><Point X="380" Y="419" T="0" /><Point X="387" Y="420" T="0" /><Point X="393" Y="421" T="0" /><Point X="399" Y="421" T="0" /><Point X="404" Y="421" T="0" /><Point X="408" Y="421" T="0" /><Point X="411" Y="421" T="0" /><Point X="413" Y="420" T="0" /><Point X="414" Y="420" T="0" /><Point X="415" Y="420" T="0" /><Point X="416" Y="420" T="0" /><Point X="416" Y="421" T="0" /><Point X="415" Y="422" T="0" /><Point X="413" Y="424" T="0" /><Point X="409" Y="426" T="0" /><Point X="405" Y="430" T="0" /><Point X="400" Y="434" T="0" /><Point X="396" Y="438" T="0" /><Point X="391" Y="443" T="0" /><Point X="387" Y="447" T="0" /><Point X="383" Y="452" T="0" /><Point X="380" Y="458" T="0" /><Point X="377" Y="462" T="0" /><Point X="375" Y="467" T="0" /><Point X="373" Y="472" T="0" /><Point X="373" Y="478" T="0" /><Point X="372" Y="484" T="0" /><Point X="371" Y="490" T="0" /><Point X="371" Y="495" T="0" /><Point X="371" Y="501" T="0" /><Point X="371" Y="507" T="0" /><Point X="371" Y="514" T="0" /><Point X="371" Y="519" T="0" /><Point X="371" Y="524" T="0" /><Point X="371" Y="530" T="0" /><Point X="370" Y="535" T="0" /><Point X="369" Y="541" T="0" /><Point X="367" Y="546" T="0" /><Point X="366" Y="552" T="0" /><Point X="363" Y="557" T="0" /><Point X="361" Y="562" T="0" /><Point X="357" Y="569" T="0" /><Point X="353" Y="574" T="0" /><Point X="347" Y="580" T="0" /><Point X="343" Y="585" T="0" /><Point X="336" Y="589" T="0" /><Point X="329" Y="593" T="0" /><Point X="322" Y="596" T="0" /><Point X="314" Y="599" T="0" /><Point X="307" Y="601" T="0" /><Point X="297" Y="603" T="0" /><Point X="288" Y="604" T="0" /><Point X="278" Y="604" T="0" /><Point X="269" Y="603" T="0" /><Point X="261" Y="602" T="0" /><Point X="254" Y="600" T="0" /><Point X="247" Y="598" T="0" /><Point X="241" Y="596" T="0" /><Point X="237" Y="592" T="0" /><Point X="233" Y="589" T="0" /><Point X="229" Y="586" T="0" /><Point X="227" Y="583" T="0" /><Point X="227" Y="582" T="0" /></Gesture>