<Gesture Name="right-square-bracket" Subject="1" Number="1" NumPts="97" Millseconds="0" AppName="Gestures" AppVer="1.0" Date="Wednesday, March 01, 2023" TimeOfDay="17:04:01" ID="4"><Point X="301" Y="227" T="0" /><Point X="308" Y="226" T="0" /><Point X="314" Y="226" T="0" /><Point X="321" Y="226" T="0" /><Point X="327" Y="225" T="0" /><Point X="334" Y="225" T="0" /><Point X="342" Y="225" T="0" /><Point X="349" Y="225" T="0" /><Point X="357" Y="225" T="0" /><Point X="363" Y="226" T="0" /><Point X="371" Y="226" T="0" /><Point X="376" Y="226" T="0" /><Point X="381" Y="227" T="0" /><Point X="385" Y="228" T="0" /><Point X="388" Y="228" T="0" /><Point X="391" Y="229" T="0" /><Point X="393" Y="230" T="0" /><Point X="395" Y="230" T="0" /><Point X="396" Y="231" T="0" /><Point X="397" Y="232" T="0" /><Point X="398" Y="234" T="0" /><Point X="398" Y="236" T="0" /><Point X="399" Y="238" T="0" /><Point X="399" Y="240" T="0" /><Point X="399" Y="243" T="0" /><Point X="399" Y="248" T="0" /><Point X="398" Y="252" T="0" /><Point X="398" Y="257" T="0" /><Point X="397" Y="264" T="0" /><Point X="395" Y="271" T="0" /><Point X="394" Y="279" T="0" /><Point X="393" Y="287" T="0" /><Point X="392" Y="297" T="0" /><Point X="391" Y="308" T="0" /><Point X="391" Y="318" T="0" /><Point X="390" Y="328" T="0" /><Point X="390" Y="338" T="0" /><Point X="390" Y="349" T="0" /><Point X="390" Y="360" T="0" /><Point X="391" Y="370" T="0" /><Point X="391" Y="379" T="0" /><Point X="391" Y="390" T="0" /><Point X="391" Y="400" T="0" /><Point X="391" Y="408" T="0" /><Point X="391" Y="418" T="0" /><Point X="391" Y="427" T="0" /><Point X="391" Y="435" T="0" /><Point X="391" Y="444" T="0" /><Point X="391" Y="451" T="0" /><Point X="391" Y="459" T="0" /><Point X="391" Y="465" T="0" /><Point X="390" Y="472" T="0" /><Point X="389" Y="476" T="0" /><Point X="389" Y="482" T="0" /><Point X="389" Y="486" T="0" /><Point X="388" Y="490" T="0" /><Point X="388" Y="493" T="0" /><Point X="388" Y="496" T="0" /><Point X="388" Y="498" T="0" /><Point X="388" Y="500" T="0" /><Point X="387" Y="502" T="0" /><Point X="387" Y="503" T="0" /><Point X="387" Y="504" T="0" /><Point X="387" Y="505" T="0" /><Point X="387" Y="506" T="0" /><Point X="387" Y="507" T="0" /><Point X="386" Y="508" T="0" /><Point X="385" Y="508" T="0" /><Point X="385" Y="509" T="0" /><Point X="384" Y="510" T="0" /><Point X="383" Y="510" T="0" /><Point X="382" Y="511" T="0" /><Point X="381" Y="512" T="0" /><Point X="380" Y="512" T="0" /><Point X="377" Y="512" T="0" /><Point X="375" Y="513" T="0" /><Point X="371" Y="514" T="0" /><Point X="365" Y="514" T="0" /><Point X="359" Y="515" T="0" /><Point X="352" Y="516" T="0" /><Point X="345" Y="516" T="0" /><Point X="337" Y="517" T="0" /><Point X="328" Y="518" T="0" /><Point X="319" Y="518" T="0" /><Point X="311" Y="519" T="0" /><Point X="304" Y="520" T="0" /><Point X="296" Y="520" T="0" /><Point X="289" Y="520" T="0" /><Point X="283" Y="520" T="0" /><Point X="277" Y="520" T="0" /><Point X="273" Y="519" T="0" /><Point X="268" Y="518" T="0" /><Point X="265" Y="518" T="0" /><Point X="263" Y="518" T="0" /><Point X="261" Y="517" T="0" /><Point X="259" Y="517" T="0" /><Point X="258" Y="517" T="0" /></Gesture>