<Gesture Name="right-square-bracket" Subject="1" Number="1" NumPts="92" Millseconds="0" AppName="Gestures" AppVer="1.0" Date="Wednesday, March 01, 2023" TimeOfDay="16:59:03" ID="1"><Point X="288" Y="214" T="0" /><Point X="292" Y="214" T="0" /><Point X="299" Y="215" T="0" /><Point X="306" Y="215" T="0" /><Point X="313" Y="215" T="0" /><Point X="321" Y="215" T="0" /><Point X="329" Y="216" T="0" /><Point X="336" Y="217" T="0" /><Point X="342" Y="217" T="0" /><Point X="346" Y="219" T="0" /><Point X="350" Y="220" T="0" /><Point X="353" Y="221" T="0" /><Point X="356" Y="222" T="0" /><Point X="358" Y="223" T="0" /><Point X="360" Y="225" T="0" /><Point X="361" Y="227" T="0" /><Point X="363" Y="230" T="0" /><Point X="364" Y="233" T="0" /><Point X="364" Y="238" T="0" /><Point X="365" Y="244" T="0" /><Point X="366" Y="250" T="0" /><Point X="366" Y="258" T="0" /><Point X="365" Y="267" T="0" /><Point X="364" Y="277" T="0" /><Point X="364" Y="287" T="0" /><Point X="363" Y="297" T="0" /><Point X="363" Y="308" T="0" /><Point X="362" Y="318" T="0" /><Point X="362" Y="329" T="0" /><Point X="362" Y="339" T="0" /><Point X="362" Y="350" T="0" /><Point X="363" Y="361" T="0" /><Point X="364" Y="372" T="0" /><Point X="364" Y="382" T="0" /><Point X="366" Y="393" T="0" /><Point X="366" Y="403" T="0" /><Point X="367" Y="414" T="0" /><Point X="368" Y="425" T="0" /><Point X="368" Y="436" T="0" /><Point X="369" Y="445" T="0" /><Point X="369" Y="453" T="0" /><Point X="370" Y="461" T="0" /><Point X="370" Y="467" T="0" /><Point X="370" Y="473" T="0" /><Point X="371" Y="478" T="0" /><Point X="371" Y="483" T="0" /><Point X="372" Y="487" T="0" /><Point X="372" Y="490" T="0" /><Point X="372" Y="493" T="0" /><Point X="372" Y="494" T="0" /><Point X="372" Y="496" T="0" /><Point X="372" Y="497" T="0" /><Point X="372" Y="499" T="0" /><Point X="372" Y="500" T="0" /><Point X="371" Y="501" T="0" /><Point X="370" Y="501" T="0" /><Point X="370" Y="502" T="0" /><Point X="369" Y="502" T="0" /><Point X="368" Y="503" T="0" /><Point X="366" Y="503" T="0" /><Point X="364" Y="504" T="0" /><Point X="363" Y="504" T="0" /><Point X="362" Y="505" T="0" /><Point X="360" Y="505" T="0" /><Point X="357" Y="505" T="0" /><Point X="355" Y="506" T="0" /><Point X="352" Y="506" T="0" /><Point X="350" Y="507" T="0" /><Point X="347" Y="507" T="0" /><Point X="344" Y="507" T="0" /><Point X="341" Y="508" T="0" /><Point X="339" Y="508" T="0" /><Point X="337" Y="509" T="0" /><Point X="334" Y="509" T="0" /><Point X="332" Y="510" T="0" /><Point X="330" Y="511" T="0" /><Point X="329" Y="511" T="0" /><Point X="327" Y="512" T="0" /><Point X="325" Y="512" T="0" /><Point X="323" Y="513" T="0" /><Point X="321" Y="513" T="0" /><Point X="320" Y="514" T="0" /><Point X="318" Y="514" T="0" /><Point X="317" Y="515" T="0" /><Point X="316" Y="515" T="0" /><Point X="315" Y="515" T="0" /><Point X="314" Y="515" T="0" /><Point X="313" Y="516" T="0" /><Point X="312" Y="516" T="0" /><Point X="312" Y="517" T="0" /><Point X="311" Y="517" T="0" /><Point X="310" Y="517" T="0" /></Gesture>