<Gesture Name="right-curly-brace" Subject="1" Number="1" NumPts="145" Millseconds="0" AppName="Gestures" AppVer="1.0" Date="Wednesday, March 01, 2023" TimeOfDay="17:11:06" ID="10"><Point X="328" Y="228" T="0" /><Point X="331" Y="226" T="0" /><Point X="335" Y="226" T="0" /><Point X="339" Y="225" T="0" /><Point X="344" Y="225" T="0" /><Point X="348" Y="226" T="0" /><Point X="353" Y="226" T="0" /><Point X="357" Y="228" T="0" /><Point X="361" Y="230" T="0" /><Point X="365" Y="233" T="0" /><Point X="368" Y="236" T="0" /><Point X="371" Y="239" T="0" /><Point X="374" Y="244" T="0" /><Point X="377" Y="248" T="0" /><Point X="379" Y="253" T="0" /><Point X="381" Y="258" T="0" /><Point X="383" Y="264" T="0" /><Point X="384" Y="270" T="0" /><Point X="385" Y="277" T="0" /><Point X="385" Y="283" T="0" /><Point X="385" Y="290" T="0" /><Point X="385" Y="296" T="0" /><Point X="385" Y="304" T="0" /><Point X="385" Y="310" T="0" /><Point X="385" Y="317" T="0" /><Point X="385" Y="323" T="0" /><Point X="384" Y="329" T="0" /><Point X="383" Y="335" T="0" /><Point X="383" Y="341" T="0" /><Point X="383" Y="346" T="0" /><Point X="383" Y="351" T="0" /><Point X="383" Y="357" T="0" /><Point X="383" Y="362" T="0" /><Point X="383" Y="368" T="0" /><Point X="383" Y="373" T="0" /><Point X="383" Y="377" T="0" /><Point X="383" Y="382" T="0" /><Point X="384" Y="386" T="0" /><Point X="385" Y="390" T="0" /><Point X="385" Y="395" T="0" /><Point X="386" Y="399" T="0" /><Point X="387" Y="402" T="0" /><Point X="387" Y="406" T="0" /><Point X="388" Y="409" T="0" /><Point X="389" Y="412" T="0" /><Point X="390" Y="414" T="0" /><Point X="391" Y="416" T="0" /><Point X="391" Y="418" T="0" /><Point X="393" Y="420" T="0" /><Point X="393" Y="422" T="0" /><Point X="394" Y="424" T="0" /><Point X="395" Y="426" T="0" /><Point X="395" Y="428" T="0" /><Point X="396" Y="429" T="0" /><Point X="397" Y="431" T="0" /><Point X="397" Y="432" T="0" /><Point X="398" Y="434" T="0" /><Point X="398" Y="435" T="0" /><Point X="399" Y="436" T="0" /><Point X="399" Y="438" T="0" /><Point X="400" Y="439" T="0" /><Point X="401" Y="440" T="0" /><Point X="401" Y="441" T="0" /><Point X="402" Y="442" T="0" /><Point X="403" Y="442" T="0" /><Point X="404" Y="443" T="0" /><Point X="405" Y="443" T="0" /><Point X="406" Y="444" T="0" /><Point X="407" Y="444" T="0" /><Point X="409" Y="444" T="0" /><Point X="410" Y="444" T="0" /><Point X="411" Y="444" T="0" /><Point X="413" Y="444" T="0" /><Point X="414" Y="444" T="0" /><Point X="415" Y="444" T="0" /><Point X="417" Y="443" T="0" /><Point X="418" Y="442" T="0" /><Point X="419" Y="441" T="0" /><Point X="419" Y="440" T="0" /><Point X="420" Y="439" T="0" /><Point X="421" Y="438" T="0" /><Point X="421" Y="437" T="0" /><Point X="421" Y="436" T="0" /><Point X="421" Y="435" T="0" /><Point X="421" Y="434" T="0" /><Point X="420" Y="434" T="0" /><Point X="419" Y="434" T="0" /><Point X="419" Y="435" T="0" /><Point X="418" Y="436" T="0" /><Point X="417" Y="436" T="0" /><Point X="416" Y="437" T="0" /><Point X="415" Y="438" T="0" /><Point X="413" Y="440" T="0" /><Point X="412" Y="442" T="0" /><Point X="410" Y="444" T="0" /><Point X="409" Y="448" T="0" /><Point X="407" Y="451" T="0" /><Point X="405" Y="456" T="0" /><Point X="403" Y="459" T="0" /><Point X="402" Y="463" T="0" /><Point X="401" Y="467" T="0" /><Point X="399" Y="471" T="0" /><Point X="398" Y="476" T="0" /><Point X="397" Y="480" T="0" /><Point X="396" Y="485" T="0" /><Point X="395" Y="490" T="0" /><Point X="393" Y="495" T="0" /><Point X="392" Y="499" T="0" /><Point X="391" Y="504" T="0" /><Point X="390" Y="508" T="0" /><Point X="389" Y="513" T="0" /><Point X="387" Y="517" T="0" /><Point X="386" Y="522" T="0" /><Point X="385" Y="526" T="0" /><Point X="383" Y="530" T="0" /><Point X="382" Y="535" T="0" /><Point X="380" Y="540" T="0" /><Point X="379" Y="544" T="0" /><Point X="377" Y="550" T="0" /><Point X="374" Y="554" T="0" /><Point X="371" Y="559" T="0" /><Point X="369" Y="564" T="0" /><Point X="365" Y="568" T="0" /><Point X="361" Y="572" T="0" /><Point X="357" Y="578" T="0" /><Point X="352" Y="582" T="0" /><Point X="347" Y="587" T="0" /><Point X="343" Y="592" T="0" /><Point X="337" Y="596" T="0" /><Point X="331" Y="599" T="0" /><Point X="325" Y="603" T="0" /><Point X="319" Y="606" T="0" /><Point X="312" Y="609" T="0" /><Point X="306" Y="611" T="0" /><Point X="299" Y="613" T="0" /><Point X="293" Y="614" T="0" /><Point X="289" Y="616" T="0" /><Point X="283" Y="616" T="0" /><Point X="277" Y="616" T="0" /><Point X="273" Y="616" T="0" /><Point X="268" Y="616" T="0" /><Point X="265" Y="616" T="0" /><Point X="261" Y="615" T="0" /><Point X="257" Y="614" T="0" /><Point X="255" Y="613" T="0" /></Gesture>