<Gesture Name="right-curly-brace" Subject="1" Number="1" NumPts="102" Millseconds="0" AppName="Gestures" AppVer="1.0" Date="Wednesday, March 01, 2023" TimeOfDay="17:03:06" ID="3"><Point X="297" Y="242" T="0" /><Point X="302" Y="241" T="0" /><Point X="307" Y="240" T="0" /><Point X="312" Y="240" T="0" /><Point X="317" Y="240" T="0" /><Point X="321" Y="240" T="0" /><Point X="325" Y="240" T="0" /><Point X="327" Y="240" T="0" /><Point X="329" Y="242" T="0" /><Point X="332" Y="244" T="0" /><Point X="333" Y="247" T="0" /><Point X="335" Y="250" T="0" /><Point X="335" Y="254" T="0" /><Point X="335" Y="259" T="0" /><Point X="334" Y="264" T="0" /><Point X="333" Y="270" T="0" /><Point X="331" Y="277" T="0" /><Point X="328" Y="283" T="0" /><Point X="326" Y="290" T="0" /><Point X="323" Y="296" T="0" /><Point X="320" Y="304" T="0" /><Point X="317" Y="312" T="0" /><Point X="314" Y="320" T="0" /><Point X="311" Y="328" T="0" /><Point X="309" Y="336" T="0" /><Point X="307" Y="344" T="0" /><Point X="305" Y="352" T="0" /><Point X="305" Y="360" T="0" /><Point X="304" Y="367" T="0" /><Point X="303" Y="374" T="0" /><Point X="304" Y="381" T="0" /><Point X="305" Y="388" T="0" /><Point X="307" Y="395" T="0" /><Point X="309" Y="402" T="0" /><Point X="312" Y="408" T="0" /><Point X="315" Y="413" T="0" /><Point X="319" Y="418" T="0" /><Point X="323" Y="423" T="0" /><Point X="327" Y="427" T="0" /><Point X="331" Y="431" T="0" /><Point X="337" Y="433" T="0" /><Point X="343" Y="436" T="0" /><Point X="348" Y="437" T="0" /><Point X="354" Y="438" T="0" /><Point X="361" Y="438" T="0" /><Point X="366" Y="438" T="0" /><Point X="371" Y="437" T="0" /><Point X="376" Y="436" T="0" /><Point X="380" Y="434" T="0" /><Point X="382" Y="434" T="0" /><Point X="385" Y="433" T="0" /><Point X="386" Y="433" T="0" /><Point X="387" Y="433" T="0" /><Point X="385" Y="434" T="0" /><Point X="381" Y="436" T="0" /><Point X="378" Y="438" T="0" /><Point X="373" Y="441" T="0" /><Point X="368" Y="444" T="0" /><Point X="363" Y="448" T="0" /><Point X="359" Y="453" T="0" /><Point X="354" Y="458" T="0" /><Point X="350" Y="462" T="0" /><Point X="347" Y="467" T="0" /><Point X="344" Y="473" T="0" /><Point X="342" Y="478" T="0" /><Point X="340" Y="484" T="0" /><Point X="339" Y="490" T="0" /><Point X="339" Y="496" T="0" /><Point X="338" Y="503" T="0" /><Point X="338" Y="509" T="0" /><Point X="338" Y="516" T="0" /><Point X="338" Y="521" T="0" /><Point X="338" Y="526" T="0" /><Point X="337" Y="531" T="0" /><Point X="337" Y="536" T="0" /><Point X="336" Y="541" T="0" /><Point X="335" Y="546" T="0" /><Point X="334" Y="550" T="0" /><Point X="333" Y="554" T="0" /><Point X="331" Y="558" T="0" /><Point X="329" Y="562" T="0" /><Point X="327" Y="567" T="0" /><Point X="323" Y="572" T="0" /><Point X="317" Y="577" T="0" /><Point X="311" Y="582" T="0" /><Point X="306" Y="586" T="0" /><Point X="299" Y="590" T="0" /><Point X="293" Y="592" T="0" /><Point X="286" Y="595" T="0" /><Point X="278" Y="597" T="0" /><Point X="270" Y="598" T="0" /><Point X="261" Y="600" T="0" /><Point X="253" Y="600" T="0" /><Point X="245" Y="600" T="0" /><Point X="239" Y="598" T="0" /><Point X="233" Y="596" T="0" /><Point X="227" Y="594" T="0" /><Point X="223" Y="591" T="0" /><Point X="219" Y="588" T="0" /><Point X="216" Y="585" T="0" /><Point X="214" Y="581" T="0" /><Point X="213" Y="578" T="0" /></Gesture>