<Gesture Name="right-curly-brace" Subject="1" Number="1" NumPts="94" Millseconds="0" AppName="Gestures" AppVer="1.0" Date="Wednesday, March 01, 2023" TimeOfDay="17:08:34" ID="8"><Point X="286" Y="178" T="0" /><Point X="293" Y="173" T="0" /><Point X="299" Y="169" T="0" /><Point X="307" Y="166" T="0" /><Point X="315" Y="164" T="0" /><Point X="323" Y="163" T="0" /><Point X="329" Y="162" T="0" /><Point X="335" Y="163" T="0" /><Point X="339" Y="165" T="0" /><Point X="343" Y="167" T="0" /><Point X="346" Y="170" T="0" /><Point X="349" Y="174" T="0" /><Point X="352" Y="181" T="0" /><Point X="353" Y="190" T="0" /><Point X="352" Y="200" T="0" /><Point X="350" Y="212" T="0" /><Point X="346" Y="224" T="0" /><Point X="342" Y="236" T="0" /><Point X="337" Y="248" T="0" /><Point X="331" Y="261" T="0" /><Point X="325" Y="274" T="0" /><Point X="319" Y="286" T="0" /><Point X="315" Y="298" T="0" /><Point X="311" Y="311" T="0" /><Point X="309" Y="322" T="0" /><Point X="307" Y="333" T="0" /><Point X="305" Y="344" T="0" /><Point X="305" Y="354" T="0" /><Point X="305" Y="363" T="0" /><Point X="307" Y="372" T="0" /><Point X="309" Y="380" T="0" /><Point X="312" Y="388" T="0" /><Point X="317" Y="395" T="0" /><Point X="323" Y="402" T="0" /><Point X="329" Y="408" T="0" /><Point X="336" Y="412" T="0" /><Point X="343" Y="416" T="0" /><Point X="351" Y="418" T="0" /><Point X="360" Y="420" T="0" /><Point X="367" Y="422" T="0" /><Point X="376" Y="422" T="0" /><Point X="383" Y="422" T="0" /><Point X="391" Y="420" T="0" /><Point X="397" Y="419" T="0" /><Point X="401" Y="418" T="0" /><Point X="405" Y="416" T="0" /><Point X="407" Y="416" T="0" /><Point X="409" Y="416" T="0" /><Point X="410" Y="415" T="0" /><Point X="411" Y="415" T="0" /><Point X="411" Y="416" T="0" /><Point X="409" Y="416" T="0" /><Point X="403" Y="422" T="0" /><Point X="398" Y="428" T="0" /><Point X="392" Y="435" T="0" /><Point X="387" Y="442" T="0" /><Point X="382" Y="450" T="0" /><Point X="378" Y="458" T="0" /><Point X="375" Y="466" T="0" /><Point X="372" Y="475" T="0" /><Point X="370" Y="484" T="0" /><Point X="369" Y="493" T="0" /><Point X="369" Y="502" T="0" /><Point X="369" Y="511" T="0" /><Point X="369" Y="520" T="0" /><Point X="369" Y="528" T="0" /><Point X="369" Y="538" T="0" /><Point X="369" Y="547" T="0" /><Point X="368" Y="556" T="0" /><Point X="367" Y="565" T="0" /><Point X="364" Y="574" T="0" /><Point X="362" Y="582" T="0" /><Point X="358" Y="590" T="0" /><Point X="353" Y="598" T="0" /><Point X="347" Y="605" T="0" /><Point X="341" Y="612" T="0" /><Point X="332" Y="619" T="0" /><Point X="323" Y="625" T="0" /><Point X="313" Y="630" T="0" /><Point X="302" Y="636" T="0" /><Point X="291" Y="639" T="0" /><Point X="279" Y="642" T="0" /><Point X="268" Y="644" T="0" /><Point X="257" Y="646" T="0" /><Point X="245" Y="646" T="0" /><Point X="235" Y="645" T="0" /><Point X="225" Y="644" T="0" /><Point X="216" Y="641" T="0" /><Point X="208" Y="638" T="0" /><Point X="202" Y="636" T="0" /><Point X="197" Y="634" T="0" /><Point X="194" Y="631" T="0" /><Point X="191" Y="627" T="0" /><Point X="189" Y="624" T="0" /></Gesture>