<Gesture Name="right-square-bracket" Subject="1" Number="1" NumPts="99" Millseconds="0" AppName="Gestures" AppVer="1.0" Date="Wednesday, March 01, 2023" TimeOfDay="17:09:29" ID="9"><Point X="260" Y="212" T="0" /><Point X="269" Y="212" T="0" /><Point X="276" Y="212" T="0" /><Point X="285" Y="212" T="0" /><Point X="294" Y="212" T="0" /><Point X="301" Y="212" T="0" /><Point X="309" Y="212" T="0" /><Point X="315" Y="212" T="0" /><Point X="322" Y="212" T="0" /><Point X="328" Y="212" T="0" /><Point X="331" Y="213" T="0" /><Point X="335" Y="214" T="0" /><Point X="339" Y="214" T="0" /><Point X="343" Y="215" T="0" /><Point X="345" Y="216" T="0" /><Point X="348" Y="217" T="0" /><Point X="351" Y="218" T="0" /><Point X="353" Y="220" T="0" /><Point X="355" Y="221" T="0" /><Point X="357" Y="222" T="0" /><Point X="359" Y="224" T="0" /><Point X="360" Y="226" T="0" /><Point X="361" Y="228" T="0" /><Point X="363" Y="230" T="0" /><Point X="363" Y="234" T="0" /><Point X="365" Y="238" T="0" /><Point X="365" Y="244" T="0" /><Point X="366" Y="250" T="0" /><Point X="366" Y="257" T="0" /><Point X="366" Y="265" T="0" /><Point X="366" Y="274" T="0" /><Point X="365" Y="284" T="0" /><Point X="365" Y="294" T="0" /><Point X="364" Y="305" T="0" /><Point X="363" Y="316" T="0" /><Point X="363" Y="328" T="0" /><Point X="363" Y="340" T="0" /><Point X="362" Y="352" T="0" /><Point X="362" Y="365" T="0" /><Point X="361" Y="376" T="0" /><Point X="361" Y="389" T="0" /><Point X="361" Y="401" T="0" /><Point X="360" Y="414" T="0" /><Point X="359" Y="426" T="0" /><Point X="359" Y="437" T="0" /><Point X="359" Y="448" T="0" /><Point X="359" Y="459" T="0" /><Point X="359" Y="470" T="0" /><Point X="359" Y="480" T="0" /><Point X="359" Y="489" T="0" /><Point X="359" Y="497" T="0" /><Point X="360" Y="505" T="0" /><Point X="361" Y="513" T="0" /><Point X="361" Y="520" T="0" /><Point X="362" Y="525" T="0" /><Point X="363" Y="530" T="0" /><Point X="363" Y="535" T="0" /><Point X="363" Y="540" T="0" /><Point X="363" Y="543" T="0" /><Point X="363" Y="547" T="0" /><Point X="363" Y="550" T="0" /><Point X="363" Y="552" T="0" /><Point X="363" Y="554" T="0" /><Point X="363" Y="556" T="0" /><Point X="363" Y="557" T="0" /><Point X="363" Y="558" T="0" /><Point X="363" Y="559" T="0" /><Point X="363" Y="560" T="0" /><Point X="363" Y="561" T="0" /><Point X="363" Y="562" T="0" /><Point X="363" Y="563" T="0" /><Point X="363" Y="564" T="0" /><Point X="362" Y="564" T="0" /><Point X="361" Y="564" T="0" /><Point X="359" Y="564" T="0" /><Point X="358" Y="564" T="0" /><Point X="357" Y="565" T="0" /><Point X="354" Y="566" T="0" /><Point X="351" Y="566" T="0" /><Point X="344" Y="567" T="0" /><Point X="333" Y="568" T="0" /><Point X="323" Y="568" T="0" /><Point X="311" Y="570" T="0" /><Point X="301" Y="570" T="0" /><Point X="293" Y="571" T="0" /><Point X="283" Y="572" T="0" /><Point X="273" Y="572" T="0" /><Point X="263" Y="574" T="0" /><Point X="252" Y="575" T="0" /><Point X="243" Y="576" T="0" /><Point X="237" Y="576" T="0" /><Point X="232" Y="576" T="0" /><Point X="227" Y="576" T="0" /><Point X="223" Y="576" T="0" /><Point X="221" Y="576" T="0" /><Point X="218" Y="576" T="0" /><Point X="215" Y="576" T="0" /><Point X="211" Y="577" T="0" /><Point X="208" Y="578" T="0" /></Gesture>