<Gesture Name="right-curly-brace" Subject="1" Number="1" NumPts="95" Millseconds="0" AppName="Gestures" AppVer="1.0" Date="Wednesday, March 01, 2023" TimeOfDay="17:05:21" ID="5"><Point X="283" Y="180" T="0" /><Point X="289" Y="178" T="0" /><Point X="295" Y="176" T="0" /><Point X="303" Y="174" T="0" /><Point X="310" Y="174" T="0" /><Point X="316" Y="174" T="0" /><Point X="323" Y="176" T="0" /><Point X="328" Y="178" T="0" /><Point X="333" Y="181" T="0" /><Point X="338" Y="185" T="0" /><Point X="342" Y="190" T="0" /><Point X="345" Y="196" T="0" /><Point X="348" Y="204" T="0" /><Point X="349" Y="212" T="0" /><Point X="349" Y="221" T="0" /><Point X="348" Y="229" T="0" /><Point X="345" Y="239" T="0" /><Point X="343" Y="249" T="0" /><Point X="339" Y="259" T="0" /><Point X="335" Y="268" T="0" /><Point X="331" Y="279" T="0" /><Point X="327" Y="289" T="0" /><Point X="323" Y="299" T="0" /><Point X="320" Y="309" T="0" /><Point X="317" Y="318" T="0" /><Point X="314" Y="327" T="0" /><Point X="312" Y="336" T="0" /><Point X="311" Y="343" T="0" /><Point X="310" Y="351" T="0" /><Point X="310" Y="359" T="0" /><Point X="310" Y="366" T="0" /><Point X="312" Y="372" T="0" /><Point X="314" Y="378" T="0" /><Point X="317" Y="385" T="0" /><Point X="320" Y="390" T="0" /><Point X="324" Y="394" T="0" /><Point X="328" Y="398" T="0" /><Point X="333" Y="401" T="0" /><Point X="339" Y="404" T="0" /><Point X="345" Y="405" T="0" /><Point X="351" Y="405" T="0" /><Point X="357" Y="405" T="0" /><Point X="363" Y="404" T="0" /><Point X="368" Y="402" T="0" /><Point X="372" Y="401" T="0" /><Point X="375" Y="400" T="0" /><Point X="378" Y="400" T="0" /><Point X="379" Y="399" T="0" /><Point X="380" Y="398" T="0" /><Point X="381" Y="398" T="0" /><Point X="381" Y="399" T="0" /><Point X="380" Y="401" T="0" /><Point X="377" Y="404" T="0" /><Point X="373" Y="407" T="0" /><Point X="369" Y="412" T="0" /><Point X="363" Y="418" T="0" /><Point X="359" Y="425" T="0" /><Point X="355" Y="432" T="0" /><Point X="351" Y="438" T="0" /><Point X="347" Y="446" T="0" /><Point X="345" Y="454" T="0" /><Point X="343" Y="462" T="0" /><Point X="341" Y="470" T="0" /><Point X="340" Y="479" T="0" /><Point X="339" Y="488" T="0" /><Point X="340" Y="496" T="0" /><Point X="341" Y="504" T="0" /><Point X="341" Y="513" T="0" /><Point X="342" Y="521" T="0" /><Point X="343" Y="530" T="0" /><Point X="343" Y="538" T="0" /><Point X="343" Y="546" T="0" /><Point X="342" Y="555" T="0" /><Point X="341" Y="563" T="0" /><Point X="339" Y="572" T="0" /><Point X="336" Y="579" T="0" /><Point X="333" Y="586" T="0" /><Point X="328" Y="592" T="0" /><Point X="323" Y="600" T="0" /><Point X="315" Y="607" T="0" /><Point X="308" Y="614" T="0" /><Point X="299" Y="618" T="0" /><Point X="291" Y="624" T="0" /><Point X="281" Y="628" T="0" /><Point X="273" Y="632" T="0" /><Point X="264" Y="634" T="0" /><Point X="256" Y="637" T="0" /><Point X="247" Y="638" T="0" /><Point X="240" Y="638" T="0" /><Point X="233" Y="638" T="0" /><Point X="226" Y="638" T="0" /><Point X="221" Y="636" T="0" /><Point X="215" Y="634" T="0" /><Point X="211" Y="630" T="0" /><Point X="208" Y="628" T="0" /></Gesture>