<Gesture Name="star" Subject="1" Number="1" NumPts="179" Millseconds="0" AppName="Gestures" AppVer="1.0" Date="Wednesday, March 01, 2023" TimeOfDay="17:05:25" ID="5"><Point X="218" Y="536" T="0" /><Point X="223" Y="526" T="0" /><Point X="228" Y="516" T="0" /><Point X="235" Y="503" T="0" /><Point X="242" Y="489" T="0" /><Point X="252" Y="474" T="0" /><Point X="261" Y="458" T="0" /><Point X="271" Y="441" T="0" /><Point X="281" Y="425" T="0" /><Point X="291" Y="408" T="0" /><Point X="299" Y="391" T="0" /><Point X="307" Y="374" T="0" /><Point X="315" Y="356" T="0" /><Point X="324" Y="339" T="0" /><Point X="333" Y="324" T="0" /><Point X="342" Y="308" T="0" /><Point X="350" Y="292" T="0" /><Point X="357" Y="277" T="0" /><Point X="363" Y="264" T="0" /><Point X="369" Y="251" T="0" /><Point X="375" Y="240" T="0" /><Point X="380" Y="230" T="0" /><Point X="384" Y="222" T="0" /><Point X="388" Y="214" T="0" /><Point X="391" Y="209" T="0" /><Point X="393" Y="204" T="0" /><Point X="395" Y="202" T="0" /><Point X="396" Y="200" T="0" /><Point X="397" Y="199" T="0" /><Point X="398" Y="199" T="0" /><Point X="398" Y="198" T="0" /><Point X="398" Y="199" T="0" /><Point X="399" Y="200" T="0" /><Point X="399" Y="205" T="0" /><Point X="401" Y="213" T="0" /><Point X="402" Y="222" T="0" /><Point X="403" Y="234" T="0" /><Point X="403" Y="248" T="0" /><Point X="403" Y="263" T="0" /><Point X="403" Y="278" T="0" /><Point X="404" Y="296" T="0" /><Point X="405" Y="314" T="0" /><Point X="405" Y="332" T="0" /><Point X="406" Y="351" T="0" /><Point X="408" Y="369" T="0" /><Point X="410" Y="388" T="0" /><Point X="413" Y="407" T="0" /><Point X="415" Y="427" T="0" /><Point X="417" Y="445" T="0" /><Point X="420" Y="462" T="0" /><Point X="423" Y="479" T="0" /><Point X="427" Y="494" T="0" /><Point X="429" Y="509" T="0" /><Point X="432" Y="522" T="0" /><Point X="435" Y="535" T="0" /><Point X="437" Y="547" T="0" /><Point X="439" Y="558" T="0" /><Point X="441" Y="567" T="0" /><Point X="443" Y="574" T="0" /><Point X="444" Y="580" T="0" /><Point X="445" Y="585" T="0" /><Point X="446" Y="588" T="0" /><Point X="447" Y="590" T="0" /><Point X="447" Y="592" T="0" /><Point X="447" Y="594" T="0" /><Point X="447" Y="595" T="0" /><Point X="447" Y="596" T="0" /><Point X="446" Y="595" T="0" /><Point X="445" Y="594" T="0" /><Point X="441" Y="590" T="0" /><Point X="437" Y="586" T="0" /><Point X="433" Y="580" T="0" /><Point X="426" Y="572" T="0" /><Point X="418" Y="565" T="0" /><Point X="410" Y="558" T="0" /><Point X="401" Y="548" T="0" /><Point X="391" Y="540" T="0" /><Point X="381" Y="532" T="0" /><Point X="371" Y="525" T="0" /><Point X="360" Y="517" T="0" /><Point X="349" Y="510" T="0" /><Point X="337" Y="502" T="0" /><Point X="325" Y="494" T="0" /><Point X="312" Y="486" T="0" /><Point X="300" Y="478" T="0" /><Point X="287" Y="470" T="0" /><Point X="275" Y="462" T="0" /><Point X="262" Y="455" T="0" /><Point X="250" Y="448" T="0" /><Point X="238" Y="442" T="0" /><Point X="226" Y="437" T="0" /><Point X="215" Y="432" T="0" /><Point X="205" Y="427" T="0" /><Point X="195" Y="423" T="0" /><Point X="186" Y="420" T="0" /><Point X="179" Y="418" T="0" /><Point X="172" Y="416" T="0" /><Point X="167" Y="414" T="0" /><Point X="162" Y="412" T="0" /><Point X="159" Y="411" T="0" /><Point X="157" Y="410" T="0" /><Point X="155" Y="410" T="0" /><Point X="154" Y="409" T="0" /><Point X="153" Y="409" T="0" /><Point X="154" Y="409" T="0" /><Point X="157" Y="408" T="0" /><Point X="166" Y="405" T="0" /><Point X="181" Y="400" T="0" /><Point X="198" Y="394" T="0" /><Point X="217" Y="390" T="0" /><Point X="238" Y="384" T="0" /><Point X="261" Y="379" T="0" /><Point X="285" Y="374" T="0" /><Point X="308" Y="368" T="0" /><Point X="333" Y="363" T="0" /><Point X="357" Y="358" T="0" /><Point X="383" Y="354" T="0" /><Point X="408" Y="350" T="0" /><Point X="431" Y="347" T="0" /><Point X="452" Y="344" T="0" /><Point X="471" Y="342" T="0" /><Point X="489" Y="340" T="0" /><Point X="506" Y="338" T="0" /><Point X="520" Y="336" T="0" /><Point X="531" Y="336" T="0" /><Point X="539" Y="336" T="0" /><Point X="547" Y="336" T="0" /><Point X="552" Y="337" T="0" /><Point X="555" Y="338" T="0" /><Point X="557" Y="338" T="0" /><Point X="559" Y="340" T="0" /><Point X="560" Y="341" T="0" /><Point X="561" Y="342" T="0" /><Point X="561" Y="344" T="0" /><Point X="561" Y="346" T="0" /><Point X="559" Y="348" T="0" /><Point X="557" Y="352" T="0" /><Point X="549" Y="357" T="0" /><Point X="539" Y="364" T="0" /><Point X="527" Y="371" T="0" /><Point X="513" Y="378" T="0" /><Point X="499" Y="387" T="0" /><Point X="483" Y="396" T="0" /><Point X="467" Y="406" T="0" /><Point X="451" Y="415" T="0" /><Point X="435" Y="424" T="0" /><Point X="421" Y="433" T="0" /><Point X="407" Y="440" T="0" /><Point X="395" Y="448" T="0" /><Point X="382" Y="456" T="0" /><Point X="370" Y="462" T="0" /><Point X="359" Y="470" T="0" /><Point X="346" Y="478" T="0" /><Point X="334" Y="486" T="0" /><Point X="323" Y="493" T="0" /><Point X="311" Y="501" T="0" /><Point X="301" Y="508" T="0" /><Point X="291" Y="516" T="0" /><Point X="283" Y="522" T="0" /><Point X="275" Y="529" T="0" /><Point X="269" Y="534" T="0" /><Point X="263" Y="538" T="0" /><Point X="258" Y="544" T="0" /><Point X="254" Y="547" T="0" /><Point X="251" Y="551" T="0" /><Point X="247" Y="554" T="0" /><Point X="244" Y="556" T="0" /><Point X="241" Y="558" T="0" /><Point X="239" Y="561" T="0" /><Point X="237" Y="563" T="0" /><Point X="235" Y="564" T="0" /><Point X="233" Y="566" T="0" /><Point X="231" Y="567" T="0" /><Point X="230" Y="568" T="0" /><Point X="229" Y="570" T="0" /><Point X="229" Y="571" T="0" /><Point X="228" Y="572" T="0" /><Point X="227" Y="572" T="0" /><Point X="226" Y="572" T="0" /></Gesture>