<Gesture Name="star" Subject="1" Number="1" NumPts="198" Millseconds="0" AppName="Gestures" AppVer="1.0" Date="Wednesday, March 01, 2023" TimeOfDay="16:59:22" ID="1"><Point X="307" Y="527" T="0" /><Point X="310" Y="521" T="0" /><Point X="313" Y="513" T="0" /><Point X="316" Y="504" T="0" /><Point X="320" Y="494" T="0" /><Point X="323" Y="483" T="0" /><Point X="326" Y="471" T="0" /><Point X="329" Y="458" T="0" /><Point X="331" Y="444" T="0" /><Point X="334" Y="429" T="0" /><Point X="336" Y="414" T="0" /><Point X="340" Y="398" T="0" /><Point X="344" Y="381" T="0" /><Point X="348" Y="363" T="0" /><Point X="352" Y="346" T="0" /><Point X="357" Y="328" T="0" /><Point X="362" Y="310" T="0" /><Point X="365" Y="293" T="0" /><Point X="369" Y="278" T="0" /><Point X="372" Y="264" T="0" /><Point X="374" Y="251" T="0" /><Point X="377" Y="238" T="0" /><Point X="379" Y="226" T="0" /><Point X="381" Y="216" T="0" /><Point X="383" Y="207" T="0" /><Point X="385" Y="200" T="0" /><Point X="386" Y="194" T="0" /><Point X="388" Y="189" T="0" /><Point X="390" Y="185" T="0" /><Point X="391" Y="183" T="0" /><Point X="392" Y="181" T="0" /><Point X="392" Y="179" T="0" /><Point X="394" Y="179" T="0" /><Point X="394" Y="180" T="0" /><Point X="396" Y="182" T="0" /><Point X="399" Y="186" T="0" /><Point X="402" Y="193" T="0" /><Point X="405" Y="203" T="0" /><Point X="408" Y="213" T="0" /><Point X="412" Y="225" T="0" /><Point X="415" Y="240" T="0" /><Point X="418" Y="255" T="0" /><Point X="422" Y="269" T="0" /><Point X="425" Y="285" T="0" /><Point X="429" Y="303" T="0" /><Point X="433" Y="319" T="0" /><Point X="436" Y="338" T="0" /><Point X="440" Y="357" T="0" /><Point X="444" Y="375" T="0" /><Point X="448" Y="393" T="0" /><Point X="452" Y="412" T="0" /><Point X="457" Y="430" T="0" /><Point X="461" Y="446" T="0" /><Point X="466" Y="463" T="0" /><Point X="470" Y="478" T="0" /><Point X="474" Y="491" T="0" /><Point X="479" Y="505" T="0" /><Point X="483" Y="517" T="0" /><Point X="486" Y="527" T="0" /><Point X="490" Y="536" T="0" /><Point X="494" Y="545" T="0" /><Point X="496" Y="551" T="0" /><Point X="498" Y="557" T="0" /><Point X="500" Y="562" T="0" /><Point X="502" Y="566" T="0" /><Point X="503" Y="568" T="0" /><Point X="504" Y="570" T="0" /><Point X="504" Y="571" T="0" /><Point X="505" Y="572" T="0" /><Point X="505" Y="573" T="0" /><Point X="504" Y="572" T="0" /><Point X="500" Y="570" T="0" /><Point X="496" Y="566" T="0" /><Point X="490" Y="561" T="0" /><Point X="484" Y="554" T="0" /><Point X="478" Y="547" T="0" /><Point X="471" Y="539" T="0" /><Point X="464" Y="530" T="0" /><Point X="457" Y="521" T="0" /><Point X="449" Y="512" T="0" /><Point X="441" Y="504" T="0" /><Point X="432" Y="495" T="0" /><Point X="424" Y="487" T="0" /><Point X="414" Y="479" T="0" /><Point X="405" Y="471" T="0" /><Point X="395" Y="463" T="0" /><Point X="385" Y="455" T="0" /><Point X="375" Y="447" T="0" /><Point X="365" Y="439" T="0" /><Point X="355" Y="431" T="0" /><Point X="345" Y="423" T="0" /><Point X="335" Y="415" T="0" /><Point X="325" Y="407" T="0" /><Point X="315" Y="400" T="0" /><Point X="307" Y="393" T="0" /><Point X="299" Y="386" T="0" /><Point X="290" Y="380" T="0" /><Point X="283" Y="374" T="0" /><Point X="275" Y="369" T="0" /><Point X="268" Y="364" T="0" /><Point X="260" Y="359" T="0" /><Point X="253" Y="354" T="0" /><Point X="247" Y="350" T="0" /><Point X="241" Y="346" T="0" /><Point X="235" Y="341" T="0" /><Point X="230" Y="338" T="0" /><Point X="226" Y="335" T="0" /><Point X="222" Y="333" T="0" /><Point X="220" Y="331" T="0" /><Point X="218" Y="329" T="0" /><Point X="216" Y="328" T="0" /><Point X="215" Y="327" T="0" /><Point X="214" Y="327" T="0" /><Point X="215" Y="326" T="0" /><Point X="216" Y="325" T="0" /><Point X="221" Y="324" T="0" /><Point X="228" Y="323" T="0" /><Point X="238" Y="322" T="0" /><Point X="248" Y="321" T="0" /><Point X="259" Y="320" T="0" /><Point X="272" Y="319" T="0" /><Point X="285" Y="319" T="0" /><Point X="298" Y="320" T="0" /><Point X="313" Y="321" T="0" /><Point X="328" Y="321" T="0" /><Point X="343" Y="322" T="0" /><Point X="360" Y="323" T="0" /><Point X="376" Y="324" T="0" /><Point X="393" Y="325" T="0" /><Point X="409" Y="325" T="0" /><Point X="424" Y="327" T="0" /><Point X="438" Y="328" T="0" /><Point X="452" Y="329" T="0" /><Point X="466" Y="331" T="0" /><Point X="478" Y="332" T="0" /><Point X="490" Y="333" T="0" /><Point X="502" Y="334" T="0" /><Point X="513" Y="335" T="0" /><Point X="524" Y="336" T="0" /><Point X="534" Y="337" T="0" /><Point X="544" Y="337" T="0" /><Point X="553" Y="338" T="0" /><Point X="560" Y="338" T="0" /><Point X="566" Y="339" T="0" /><Point X="571" Y="339" T="0" /><Point X="574" Y="340" T="0" /><Point X="576" Y="341" T="0" /><Point X="578" Y="341" T="0" /><Point X="580" Y="343" T="0" /><Point X="581" Y="344" T="0" /><Point X="582" Y="345" T="0" /><Point X="582" Y="346" T="0" /><Point X="582" Y="347" T="0" /><Point X="581" Y="349" T="0" /><Point X="580" Y="352" T="0" /><Point X="576" Y="355" T="0" /><Point X="572" Y="359" T="0" /><Point X="565" Y="364" T="0" /><Point X="556" Y="369" T="0" /><Point X="547" Y="374" T="0" /><Point X="537" Y="379" T="0" /><Point X="528" Y="384" T="0" /><Point X="518" Y="389" T="0" /><Point X="509" Y="393" T="0" /><Point X="500" Y="398" T="0" /><Point X="493" Y="402" T="0" /><Point X="486" Y="407" T="0" /><Point X="478" Y="411" T="0" /><Point X="470" Y="417" T="0" /><Point X="461" Y="423" T="0" /><Point X="452" Y="429" T="0" /><Point X="444" Y="435" T="0" /><Point X="435" Y="442" T="0" /><Point X="426" Y="449" T="0" /><Point X="416" Y="456" T="0" /><Point X="406" Y="463" T="0" /><Point X="396" Y="471" T="0" /><Point X="388" Y="479" T="0" /><Point X="380" Y="487" T="0" /><Point X="372" Y="494" T="0" /><Point X="363" Y="501" T="0" /><Point X="356" Y="508" T="0" /><Point X="349" Y="514" T="0" /><Point X="342" Y="520" T="0" /><Point X="338" Y="525" T="0" /><Point X="333" Y="530" T="0" /><Point X="329" Y="533" T="0" /><Point X="326" Y="537" T="0" /><Point X="323" Y="540" T="0" /><Point X="320" Y="543" T="0" /><Point X="319" Y="545" T="0" /><Point X="317" Y="548" T="0" /><Point X="315" Y="550" T="0" /><Point X="314" Y="551" T="0" /><Point X="312" Y="553" T="0" /><Point X="311" Y="554" T="0" /><Point X="310" Y="555" T="0" /><Point X="310" Y="556" T="0" /></Gesture>