<Gesture Name="star" Subject="1" Number="1" NumPts="168" Millseconds="0" AppName="Gestures" AppVer="1.0" Date="Wednesday, March 01, 2023" TimeOfDay="17:03:11" ID="3"><Point X="258" Y="517" T="0" /><Point X="265" Y="503" T="0" /><Point X="273" Y="488" T="0" /><Point X="282" Y="471" T="0" /><Point X="293" Y="454" T="0" /><Point X="304" Y="438" T="0" /><Point X="317" Y="422" T="0" /><Point X="329" Y="405" T="0" /><Point X="341" Y="388" T="0" /><Point X="353" Y="370" T="0" /><Point X="367" Y="352" T="0" /><Point X="381" Y="336" T="0" /><Point X="395" Y="321" T="0" /><Point X="408" Y="307" T="0" /><Point X="420" Y="294" T="0" /><Point X="431" Y="282" T="0" /><Point X="439" Y="272" T="0" /><Point X="446" Y="265" T="0" /><Point X="451" Y="258" T="0" /><Point X="453" Y="254" T="0" /><Point X="455" Y="250" T="0" /><Point X="457" Y="248" T="0" /><Point X="458" Y="246" T="0" /><Point X="459" Y="244" T="0" /><Point X="460" Y="242" T="0" /><Point X="461" Y="242" T="0" /><Point X="461" Y="241" T="0" /><Point X="461" Y="242" T="0" /><Point X="462" Y="243" T="0" /><Point X="463" Y="246" T="0" /><Point X="464" Y="252" T="0" /><Point X="465" Y="260" T="0" /><Point X="467" Y="270" T="0" /><Point X="467" Y="283" T="0" /><Point X="467" Y="299" T="0" /><Point X="467" Y="317" T="0" /><Point X="465" Y="335" T="0" /><Point X="465" Y="352" T="0" /><Point X="464" Y="371" T="0" /><Point X="463" Y="390" T="0" /><Point X="464" Y="408" T="0" /><Point X="465" Y="425" T="0" /><Point X="465" Y="441" T="0" /><Point X="466" Y="454" T="0" /><Point X="467" Y="466" T="0" /><Point X="469" Y="478" T="0" /><Point X="469" Y="487" T="0" /><Point X="471" Y="494" T="0" /><Point X="472" Y="501" T="0" /><Point X="473" Y="506" T="0" /><Point X="473" Y="510" T="0" /><Point X="474" Y="514" T="0" /><Point X="475" Y="516" T="0" /><Point X="475" Y="518" T="0" /><Point X="475" Y="519" T="0" /><Point X="475" Y="520" T="0" /><Point X="474" Y="520" T="0" /><Point X="471" Y="519" T="0" /><Point X="467" Y="516" T="0" /><Point X="458" Y="510" T="0" /><Point X="448" Y="502" T="0" /><Point X="438" Y="492" T="0" /><Point X="428" Y="483" T="0" /><Point X="417" Y="475" T="0" /><Point X="406" Y="466" T="0" /><Point X="393" Y="460" T="0" /><Point X="380" Y="452" T="0" /><Point X="367" Y="447" T="0" /><Point X="354" Y="441" T="0" /><Point X="343" Y="436" T="0" /><Point X="331" Y="431" T="0" /><Point X="320" Y="425" T="0" /><Point X="310" Y="420" T="0" /><Point X="299" Y="415" T="0" /><Point X="290" Y="410" T="0" /><Point X="281" Y="406" T="0" /><Point X="275" Y="402" T="0" /><Point X="267" Y="398" T="0" /><Point X="261" Y="394" T="0" /><Point X="257" Y="392" T="0" /><Point X="253" Y="390" T="0" /><Point X="250" Y="389" T="0" /><Point X="248" Y="388" T="0" /><Point X="246" Y="387" T="0" /><Point X="245" Y="386" T="0" /><Point X="244" Y="386" T="0" /><Point X="243" Y="385" T="0" /><Point X="243" Y="384" T="0" /><Point X="244" Y="383" T="0" /><Point X="247" Y="381" T="0" /><Point X="254" Y="378" T="0" /><Point X="267" Y="373" T="0" /><Point X="282" Y="368" T="0" /><Point X="299" Y="362" T="0" /><Point X="317" Y="358" T="0" /><Point X="337" Y="352" T="0" /><Point X="359" Y="348" T="0" /><Point X="380" Y="342" T="0" /><Point X="403" Y="336" T="0" /><Point X="426" Y="332" T="0" /><Point X="447" Y="328" T="0" /><Point X="467" Y="324" T="0" /><Point X="484" Y="321" T="0" /><Point X="499" Y="318" T="0" /><Point X="514" Y="314" T="0" /><Point X="526" Y="312" T="0" /><Point X="537" Y="310" T="0" /><Point X="545" Y="308" T="0" /><Point X="553" Y="306" T="0" /><Point X="557" Y="305" T="0" /><Point X="560" Y="304" T="0" /><Point X="563" Y="304" T="0" /><Point X="564" Y="304" T="0" /><Point X="565" Y="304" T="0" /><Point X="565" Y="305" T="0" /><Point X="565" Y="306" T="0" /><Point X="565" Y="307" T="0" /><Point X="564" Y="309" T="0" /><Point X="561" Y="312" T="0" /><Point X="554" Y="317" T="0" /><Point X="543" Y="322" T="0" /><Point X="529" Y="330" T="0" /><Point X="511" Y="338" T="0" /><Point X="495" Y="347" T="0" /><Point X="479" Y="354" T="0" /><Point X="463" Y="362" T="0" /><Point X="448" Y="370" T="0" /><Point X="435" Y="378" T="0" /><Point X="424" Y="385" T="0" /><Point X="413" Y="393" T="0" /><Point X="402" Y="402" T="0" /><Point X="393" Y="410" T="0" /><Point X="383" Y="418" T="0" /><Point X="374" Y="427" T="0" /><Point X="365" Y="434" T="0" /><Point X="358" Y="443" T="0" /><Point X="349" Y="451" T="0" /><Point X="342" Y="460" T="0" /><Point X="333" Y="469" T="0" /><Point X="325" Y="477" T="0" /><Point X="316" Y="485" T="0" /><Point X="310" Y="492" T="0" /><Point X="304" Y="498" T="0" /><Point X="299" Y="503" T="0" /><Point X="294" Y="506" T="0" /><Point X="290" Y="510" T="0" /><Point X="287" Y="514" T="0" /><Point X="283" Y="516" T="0" /><Point X="281" Y="518" T="0" /><Point X="278" Y="520" T="0" /><Point X="276" Y="522" T="0" /><Point X="275" Y="524" T="0" /><Point X="273" Y="526" T="0" /><Point X="271" Y="528" T="0" /><Point X="269" Y="530" T="0" /><Point X="267" Y="530" T="0" /><Point X="266" Y="532" T="0" /><Point X="265" Y="533" T="0" /><Point X="265" Y="534" T="0" /><Point X="264" Y="534" T="0" /><Point X="263" Y="535" T="0" /><Point X="263" Y="536" T="0" /><Point X="261" Y="536" T="0" /><Point X="260" Y="537" T="0" /><Point X="259" Y="538" T="0" /><Point X="258" Y="538" T="0" /><Point X="257" Y="540" T="0" /><Point X="255" Y="540" T="0" /></Gesture>