<Gesture Name="star" Subject="1" Number="1" NumPts="218" Millseconds="0" AppName="Gestures" AppVer="1.0" Date="Wednesday, March 01, 2023" TimeOfDay="17:09:52" ID="9"><Point X="214" Y="636" T="0" /><Point X="220" Y="626" T="0" /><Point X="226" Y="614" T="0" /><Point X="235" Y="602" T="0" /><Point X="244" Y="588" T="0" /><Point X="255" Y="574" T="0" /><Point X="267" Y="559" T="0" /><Point X="279" Y="544" T="0" /><Point X="290" Y="528" T="0" /><Point X="301" Y="512" T="0" /><Point X="311" Y="496" T="0" /><Point X="323" Y="478" T="0" /><Point X="333" Y="462" T="0" /><Point X="341" Y="449" T="0" /><Point X="348" Y="435" T="0" /><Point X="356" Y="421" T="0" /><Point X="363" Y="406" T="0" /><Point X="369" Y="392" T="0" /><Point X="375" Y="378" T="0" /><Point X="380" Y="365" T="0" /><Point X="385" Y="352" T="0" /><Point X="391" Y="341" T="0" /><Point X="397" Y="331" T="0" /><Point X="401" Y="320" T="0" /><Point X="405" Y="311" T="0" /><Point X="409" Y="304" T="0" /><Point X="411" Y="298" T="0" /><Point X="414" Y="292" T="0" /><Point X="415" Y="289" T="0" /><Point X="417" Y="286" T="0" /><Point X="417" Y="284" T="0" /><Point X="417" Y="283" T="0" /><Point X="418" Y="284" T="0" /><Point X="419" Y="285" T="0" /><Point X="419" Y="288" T="0" /><Point X="421" Y="293" T="0" /><Point X="423" Y="302" T="0" /><Point X="424" Y="312" T="0" /><Point X="425" Y="323" T="0" /><Point X="427" Y="335" T="0" /><Point X="428" Y="348" T="0" /><Point X="429" Y="361" T="0" /><Point X="429" Y="374" T="0" /><Point X="431" Y="388" T="0" /><Point X="431" Y="402" T="0" /><Point X="432" Y="416" T="0" /><Point X="433" Y="430" T="0" /><Point X="433" Y="444" T="0" /><Point X="434" Y="458" T="0" /><Point X="435" Y="472" T="0" /><Point X="436" Y="485" T="0" /><Point X="437" Y="498" T="0" /><Point X="439" Y="510" T="0" /><Point X="440" Y="520" T="0" /><Point X="441" Y="531" T="0" /><Point X="442" Y="541" T="0" /><Point X="443" Y="551" T="0" /><Point X="444" Y="560" T="0" /><Point X="445" Y="568" T="0" /><Point X="445" Y="577" T="0" /><Point X="446" Y="583" T="0" /><Point X="446" Y="588" T="0" /><Point X="446" Y="594" T="0" /><Point X="446" Y="597" T="0" /><Point X="446" Y="601" T="0" /><Point X="446" Y="604" T="0" /><Point X="446" Y="606" T="0" /><Point X="446" Y="608" T="0" /><Point X="446" Y="610" T="0" /><Point X="446" Y="611" T="0" /><Point X="446" Y="612" T="0" /><Point X="445" Y="612" T="0" /><Point X="443" Y="612" T="0" /><Point X="441" Y="610" T="0" /><Point X="439" Y="608" T="0" /><Point X="435" Y="605" T="0" /><Point X="432" Y="601" T="0" /><Point X="427" Y="596" T="0" /><Point X="421" Y="591" T="0" /><Point X="417" Y="586" T="0" /><Point X="411" Y="580" T="0" /><Point X="406" Y="575" T="0" /><Point X="399" Y="570" T="0" /><Point X="393" Y="564" T="0" /><Point X="387" Y="558" T="0" /><Point X="381" Y="554" T="0" /><Point X="375" Y="548" T="0" /><Point X="369" Y="543" T="0" /><Point X="362" Y="538" T="0" /><Point X="355" Y="532" T="0" /><Point X="349" Y="527" T="0" /><Point X="342" Y="522" T="0" /><Point X="335" Y="516" T="0" /><Point X="328" Y="512" T="0" /><Point X="321" Y="506" T="0" /><Point X="313" Y="501" T="0" /><Point X="305" Y="496" T="0" /><Point X="297" Y="492" T="0" /><Point X="289" Y="487" T="0" /><Point X="280" Y="483" T="0" /><Point X="272" Y="478" T="0" /><Point X="264" Y="474" T="0" /><Point X="257" Y="470" T="0" /><Point X="248" Y="466" T="0" /><Point X="241" Y="461" T="0" /><Point X="235" Y="457" T="0" /><Point X="229" Y="454" T="0" /><Point X="223" Y="450" T="0" /><Point X="217" Y="446" T="0" /><Point X="211" Y="443" T="0" /><Point X="207" Y="440" T="0" /><Point X="203" Y="438" T="0" /><Point X="201" Y="436" T="0" /><Point X="199" Y="434" T="0" /><Point X="197" Y="432" T="0" /><Point X="196" Y="430" T="0" /><Point X="195" Y="430" T="0" /><Point X="195" Y="429" T="0" /><Point X="194" Y="429" T="0" /><Point X="195" Y="429" T="0" /><Point X="197" Y="429" T="0" /><Point X="204" Y="429" T="0" /><Point X="215" Y="428" T="0" /><Point X="227" Y="428" T="0" /><Point X="241" Y="427" T="0" /><Point X="257" Y="426" T="0" /><Point X="273" Y="424" T="0" /><Point X="291" Y="422" T="0" /><Point X="310" Y="420" T="0" /><Point X="328" Y="419" T="0" /><Point X="345" Y="416" T="0" /><Point X="364" Y="415" T="0" /><Point X="381" Y="412" T="0" /><Point X="399" Y="410" T="0" /><Point X="417" Y="407" T="0" /><Point X="435" Y="404" T="0" /><Point X="451" Y="402" T="0" /><Point X="466" Y="401" T="0" /><Point X="479" Y="399" T="0" /><Point X="491" Y="397" T="0" /><Point X="505" Y="395" T="0" /><Point X="515" Y="394" T="0" /><Point X="524" Y="393" T="0" /><Point X="533" Y="392" T="0" /><Point X="539" Y="392" T="0" /><Point X="545" Y="392" T="0" /><Point X="549" Y="392" T="0" /><Point X="552" Y="393" T="0" /><Point X="555" Y="394" T="0" /><Point X="556" Y="394" T="0" /><Point X="557" Y="395" T="0" /><Point X="557" Y="396" T="0" /><Point X="558" Y="396" T="0" /><Point X="558" Y="397" T="0" /><Point X="558" Y="398" T="0" /><Point X="558" Y="399" T="0" /><Point X="558" Y="400" T="0" /><Point X="557" Y="402" T="0" /><Point X="554" Y="406" T="0" /><Point X="547" Y="411" T="0" /><Point X="539" Y="416" T="0" /><Point X="530" Y="422" T="0" /><Point X="521" Y="429" T="0" /><Point X="511" Y="435" T="0" /><Point X="501" Y="442" T="0" /><Point X="489" Y="448" T="0" /><Point X="477" Y="456" T="0" /><Point X="465" Y="464" T="0" /><Point X="452" Y="471" T="0" /><Point X="439" Y="478" T="0" /><Point X="428" Y="485" T="0" /><Point X="417" Y="491" T="0" /><Point X="409" Y="497" T="0" /><Point X="400" Y="502" T="0" /><Point X="393" Y="506" T="0" /><Point X="387" Y="510" T="0" /><Point X="380" Y="513" T="0" /><Point X="374" Y="516" T="0" /><Point X="367" Y="520" T="0" /><Point X="361" Y="525" T="0" /><Point X="355" Y="529" T="0" /><Point X="346" Y="535" T="0" /><Point X="337" Y="540" T="0" /><Point X="329" Y="547" T="0" /><Point X="321" Y="554" T="0" /><Point X="313" Y="560" T="0" /><Point X="305" Y="567" T="0" /><Point X="297" Y="573" T="0" /><Point X="291" Y="580" T="0" /><Point X="285" Y="585" T="0" /><Point X="278" Y="590" T="0" /><Point X="273" Y="594" T="0" /><Point X="267" Y="598" T="0" /><Point X="262" Y="602" T="0" /><Point X="257" Y="606" T="0" /><Point X="252" Y="610" T="0" /><Point X="247" Y="613" T="0" /><Point X="243" Y="616" T="0" /><Point X="240" Y="618" T="0" /><Point X="237" Y="621" T="0" /><Point X="234" Y="623" T="0" /><Point X="232" Y="624" T="0" /><Point X="230" Y="625" T="0" /><Point X="228" Y="626" T="0" /><Point X="227" Y="628" T="0" /><Point X="225" Y="629" T="0" /><Point X="224" Y="630" T="0" /><Point X="223" Y="632" T="0" /><Point X="221" Y="633" T="0" /><Point X="221" Y="634" T="0" /><Point X="220" Y="636" T="0" /><Point X="219" Y="636" T="0" /><Point X="219" Y="638" T="0" /><Point X="218" Y="638" T="0" /><Point X="217" Y="640" T="0" /><Point X="216" Y="641" T="0" /><Point X="216" Y="642" T="0" /><Point X="217" Y="643" T="0" /></Gesture>