<Gesture Name="triangle" Subject="1" Number="1" NumPts="90" Millseconds="0" AppName="Gestures" AppVer="1.0" Date="Wednesday, March 01, 2023" TimeOfDay="17:00:01" ID="2"><Point X="337" Y="243" T="0" /><Point X="331" Y="251" T="0" /><Point X="324" Y="259" T="0" /><Point X="316" Y="268" T="0" /><Point X="308" Y="277" T="0" /><Point X="299" Y="287" T="0" /><Point X="289" Y="297" T="0" /><Point X="280" Y="307" T="0" /><Point X="270" Y="317" T="0" /><Point X="262" Y="328" T="0" /><Point X="253" Y="339" T="0" /><Point X="244" Y="350" T="0" /><Point X="236" Y="361" T="0" /><Point X="228" Y="372" T="0" /><Point X="221" Y="382" T="0" /><Point X="213" Y="391" T="0" /><Point X="207" Y="400" T="0" /><Point X="201" Y="407" T="0" /><Point X="196" Y="414" T="0" /><Point X="193" Y="419" T="0" /><Point X="190" Y="422" T="0" /><Point X="188" Y="425" T="0" /><Point X="186" Y="427" T="0" /><Point X="185" Y="428" T="0" /><Point X="185" Y="429" T="0" /><Point X="184" Y="430" T="0" /><Point X="185" Y="430" T="0" /><Point X="188" Y="430" T="0" /><Point X="197" Y="429" T="0" /><Point X="208" Y="427" T="0" /><Point X="222" Y="423" T="0" /><Point X="236" Y="419" T="0" /><Point X="251" Y="415" T="0" /><Point X="266" Y="411" T="0" /><Point X="281" Y="408" T="0" /><Point X="296" Y="405" T="0" /><Point X="311" Y="402" T="0" /><Point X="324" Y="399" T="0" /><Point X="338" Y="397" T="0" /><Point X="352" Y="394" T="0" /><Point X="366" Y="392" T="0" /><Point X="379" Y="391" T="0" /><Point X="392" Y="389" T="0" /><Point X="405" Y="388" T="0" /><Point X="416" Y="387" T="0" /><Point X="426" Y="385" T="0" /><Point X="436" Y="384" T="0" /><Point X="444" Y="383" T="0" /><Point X="452" Y="382" T="0" /><Point X="458" Y="382" T="0" /><Point X="464" Y="382" T="0" /><Point X="469" Y="381" T="0" /><Point X="472" Y="381" T="0" /><Point X="475" Y="381" T="0" /><Point X="476" Y="380" T="0" /><Point X="478" Y="380" T="0" /><Point X="479" Y="379" T="0" /><Point X="480" Y="378" T="0" /><Point X="480" Y="377" T="0" /><Point X="479" Y="374" T="0" /><Point X="478" Y="371" T="0" /><Point X="474" Y="367" T="0" /><Point X="470" Y="362" T="0" /><Point X="466" Y="357" T="0" /><Point X="461" Y="352" T="0" /><Point X="455" Y="346" T="0" /><Point X="450" Y="339" T="0" /><Point X="444" Y="333" T="0" /><Point X="437" Y="326" T="0" /><Point X="431" Y="319" T="0" /><Point X="425" Y="311" T="0" /><Point X="418" Y="304" T="0" /><Point X="412" Y="297" T="0" /><Point X="406" Y="289" T="0" /><Point X="398" Y="282" T="0" /><Point X="392" Y="275" T="0" /><Point X="385" Y="268" T="0" /><Point X="378" Y="262" T="0" /><Point X="372" Y="256" T="0" /><Point X="364" Y="249" T="0" /><Point X="358" Y="243" T="0" /><Point X="353" Y="237" T="0" /><Point X="348" Y="231" T="0" /><Point X="343" Y="225" T="0" /><Point X="340" Y="221" T="0" /><Point X="337" Y="216" T="0" /><Point X="334" Y="212" T="0" /><Point X="332" Y="209" T="0" /><Point X="331" Y="207" T="0" /><Point X="330" Y="206" T="0" /></Gesture>