<Gesture Name="triangle" Subject="1" Number="1" NumPts="126" Millseconds="0" AppName="Gestures" AppVer="1.0" Date="Wednesday, March 01, 2023" TimeOfDay="17:06:54" ID="7"><Point X="330" Y="258" T="0" /><Point X="323" Y="266" T="0" /><Point X="315" Y="276" T="0" /><Point X="307" Y="286" T="0" /><Point X="299" Y="298" T="0" /><Point X="290" Y="310" T="0" /><Point X="280" Y="323" T="0" /><Point X="271" Y="336" T="0" /><Point X="261" Y="349" T="0" /><Point X="251" Y="362" T="0" /><Point X="241" Y="374" T="0" /><Point X="232" Y="387" T="0" /><Point X="223" Y="399" T="0" /><Point X="213" Y="411" T="0" /><Point X="203" Y="423" T="0" /><Point X="194" Y="434" T="0" /><Point X="185" Y="445" T="0" /><Point X="175" Y="456" T="0" /><Point X="168" Y="466" T="0" /><Point X="161" Y="474" T="0" /><Point X="153" Y="482" T="0" /><Point X="147" Y="488" T="0" /><Point X="142" Y="494" T="0" /><Point X="137" Y="499" T="0" /><Point X="134" Y="502" T="0" /><Point X="133" Y="505" T="0" /><Point X="131" Y="508" T="0" /><Point X="129" Y="510" T="0" /><Point X="128" Y="511" T="0" /><Point X="127" Y="512" T="0" /><Point X="127" Y="513" T="0" /><Point X="126" Y="514" T="0" /><Point X="126" Y="515" T="0" /><Point X="126" Y="516" T="0" /><Point X="127" Y="516" T="0" /><Point X="127" Y="518" T="0" /><Point X="129" Y="519" T="0" /><Point X="131" Y="521" T="0" /><Point X="135" Y="522" T="0" /><Point X="143" Y="524" T="0" /><Point X="152" Y="524" T="0" /><Point X="163" Y="524" T="0" /><Point X="175" Y="524" T="0" /><Point X="187" Y="522" T="0" /><Point X="201" Y="521" T="0" /><Point X="214" Y="519" T="0" /><Point X="228" Y="516" T="0" /><Point X="243" Y="513" T="0" /><Point X="258" Y="510" T="0" /><Point X="274" Y="506" T="0" /><Point X="290" Y="503" T="0" /><Point X="305" Y="500" T="0" /><Point X="320" Y="498" T="0" /><Point X="335" Y="496" T="0" /><Point X="348" Y="493" T="0" /><Point X="363" Y="491" T="0" /><Point X="376" Y="489" T="0" /><Point X="389" Y="486" T="0" /><Point X="402" Y="485" T="0" /><Point X="415" Y="483" T="0" /><Point X="427" Y="481" T="0" /><Point X="439" Y="479" T="0" /><Point X="451" Y="477" T="0" /><Point X="460" Y="476" T="0" /><Point X="469" Y="474" T="0" /><Point X="477" Y="472" T="0" /><Point X="483" Y="471" T="0" /><Point X="489" Y="471" T="0" /><Point X="494" Y="470" T="0" /><Point X="498" Y="470" T="0" /><Point X="502" Y="469" T="0" /><Point X="505" Y="468" T="0" /><Point X="507" Y="468" T="0" /><Point X="509" Y="467" T="0" /><Point X="511" Y="466" T="0" /><Point X="512" Y="466" T="0" /><Point X="513" Y="465" T="0" /><Point X="514" Y="464" T="0" /><Point X="515" Y="464" T="0" /><Point X="515" Y="463" T="0" /><Point X="515" Y="462" T="0" /><Point X="515" Y="460" T="0" /><Point X="513" Y="458" T="0" /><Point X="512" Y="456" T="0" /><Point X="509" Y="452" T="0" /><Point X="507" Y="448" T="0" /><Point X="503" Y="443" T="0" /><Point X="499" Y="438" T="0" /><Point X="495" Y="432" T="0" /><Point X="491" Y="428" T="0" /><Point X="487" Y="422" T="0" /><Point X="481" Y="416" T="0" /><Point X="475" Y="411" T="0" /><Point X="470" Y="404" T="0" /><Point X="465" Y="399" T="0" /><Point X="459" Y="392" T="0" /><Point X="453" Y="386" T="0" /><Point X="448" Y="379" T="0" /><Point X="442" Y="372" T="0" /><Point X="437" Y="366" T="0" /><Point X="433" Y="360" T="0" /><Point X="428" Y="354" T="0" /><Point X="423" Y="348" T="0" /><Point X="417" Y="343" T="0" /><Point X="413" Y="337" T="0" /><Point X="408" Y="332" T="0" /><Point X="403" Y="327" T="0" /><Point X="399" Y="321" T="0" /><Point X="395" Y="316" T="0" /><Point X="391" Y="310" T="0" /><Point X="387" Y="304" T="0" /><Point X="383" Y="299" T="0" /><Point X="380" Y="294" T="0" /><Point X="377" Y="290" T="0" /><Point X="373" Y="286" T="0" /><Point X="371" Y="282" T="0" /><Point X="368" Y="278" T="0" /><Point X="366" Y="276" T="0" /><Point X="363" Y="272" T="0" /><Point X="362" Y="269" T="0" /><Point X="360" Y="266" T="0" /><Point X="358" Y="264" T="0" /><Point X="356" Y="263" T="0" /><Point X="354" Y="261" T="0" /><Point X="352" Y="259" T="0" /><Point X="351" Y="258" T="0" /></Gesture>