<Gesture Name="triangle" Subject="1" Number="1" NumPts="132" Millseconds="0" AppName="Gestures" AppVer="1.0" Date="Wednesday, March 01, 2023" TimeOfDay="17:01:59" ID="3"><Point X="291" Y="320" T="0" /><Point X="288" Y="325" T="0" /><Point X="285" Y="331" T="0" /><Point X="281" Y="337" T="0" /><Point X="277" Y="344" T="0" /><Point X="273" Y="350" T="0" /><Point X="268" Y="359" T="0" /><Point X="263" Y="366" T="0" /><Point X="258" Y="374" T="0" /><Point X="253" Y="382" T="0" /><Point X="248" Y="391" T="0" /><Point X="243" Y="398" T="0" /><Point X="239" Y="406" T="0" /><Point X="233" Y="416" T="0" /><Point X="228" Y="424" T="0" /><Point X="223" Y="433" T="0" /><Point X="218" Y="442" T="0" /><Point X="212" Y="451" T="0" /><Point X="207" Y="460" T="0" /><Point X="201" Y="467" T="0" /><Point X="195" Y="475" T="0" /><Point X="191" Y="482" T="0" /><Point X="186" Y="488" T="0" /><Point X="183" Y="492" T="0" /><Point X="179" Y="498" T="0" /><Point X="175" Y="502" T="0" /><Point X="172" Y="505" T="0" /><Point X="169" Y="509" T="0" /><Point X="167" Y="513" T="0" /><Point X="163" Y="517" T="0" /><Point X="161" Y="519" T="0" /><Point X="159" Y="522" T="0" /><Point X="157" Y="524" T="0" /><Point X="155" Y="527" T="0" /><Point X="154" Y="528" T="0" /><Point X="153" Y="530" T="0" /><Point X="152" Y="530" T="0" /><Point X="151" Y="532" T="0" /><Point X="151" Y="533" T="0" /><Point X="153" Y="534" T="0" /><Point X="155" Y="534" T="0" /><Point X="159" Y="534" T="0" /><Point X="163" Y="534" T="0" /><Point X="169" Y="532" T="0" /><Point X="174" Y="531" T="0" /><Point X="181" Y="530" T="0" /><Point X="189" Y="529" T="0" /><Point X="198" Y="526" T="0" /><Point X="206" Y="524" T="0" /><Point X="215" Y="521" T="0" /><Point X="224" Y="519" T="0" /><Point X="234" Y="517" T="0" /><Point X="243" Y="516" T="0" /><Point X="252" Y="514" T="0" /><Point X="261" Y="512" T="0" /><Point X="271" Y="511" T="0" /><Point X="279" Y="510" T="0" /><Point X="289" Y="508" T="0" /><Point X="299" Y="506" T="0" /><Point X="309" Y="504" T="0" /><Point X="317" Y="503" T="0" /><Point X="327" Y="501" T="0" /><Point X="335" Y="499" T="0" /><Point X="345" Y="498" T="0" /><Point X="353" Y="496" T="0" /><Point X="362" Y="494" T="0" /><Point X="369" Y="493" T="0" /><Point X="377" Y="492" T="0" /><Point X="383" Y="490" T="0" /><Point X="389" Y="489" T="0" /><Point X="395" Y="489" T="0" /><Point X="400" Y="488" T="0" /><Point X="405" Y="488" T="0" /><Point X="411" Y="487" T="0" /><Point X="416" Y="486" T="0" /><Point X="421" Y="486" T="0" /><Point X="425" Y="484" T="0" /><Point X="429" Y="484" T="0" /><Point X="433" Y="483" T="0" /><Point X="435" Y="482" T="0" /><Point X="437" Y="482" T="0" /><Point X="439" Y="481" T="0" /><Point X="440" Y="481" T="0" /><Point X="441" Y="481" T="0" /><Point X="442" Y="481" T="0" /><Point X="443" Y="481" T="0" /><Point X="443" Y="480" T="0" /><Point X="443" Y="478" T="0" /><Point X="443" Y="477" T="0" /><Point X="442" Y="475" T="0" /><Point X="441" Y="472" T="0" /><Point X="438" Y="469" T="0" /><Point X="435" Y="465" T="0" /><Point X="433" Y="461" T="0" /><Point X="430" Y="456" T="0" /><Point X="426" Y="452" T="0" /><Point X="422" Y="447" T="0" /><Point X="417" Y="442" T="0" /><Point X="413" Y="436" T="0" /><Point X="408" Y="431" T="0" /><Point X="403" Y="426" T="0" /><Point X="398" Y="420" T="0" /><Point X="393" Y="416" T="0" /><Point X="388" Y="410" T="0" /><Point X="383" Y="406" T="0" /><Point X="379" Y="400" T="0" /><Point X="374" Y="394" T="0" /><Point X="369" Y="388" T="0" /><Point X="365" Y="382" T="0" /><Point X="361" Y="377" T="0" /><Point X="357" Y="370" T="0" /><Point X="352" Y="364" T="0" /><Point X="347" Y="359" T="0" /><Point X="344" Y="354" T="0" /><Point X="340" Y="350" T="0" /><Point X="336" Y="345" T="0" /><Point X="333" Y="340" T="0" /><Point X="329" Y="337" T="0" /><Point X="327" Y="334" T="0" /><Point X="323" Y="331" T="0" /><Point X="319" Y="328" T="0" /><Point X="316" Y="326" T="0" /><Point X="314" Y="324" T="0" /><Point X="312" Y="322" T="0" /><Point X="310" Y="321" T="0" /><Point X="309" Y="320" T="0" /><Point X="309" Y="319" T="0" /><Point X="308" Y="318" T="0" /><Point X="307" Y="318" T="0" /><Point X="307" Y="317" T="0" /><Point X="307" Y="318" T="0" /><Point X="306" Y="318" T="0" /></Gesture>