<Gesture Name="v" Subject="1" Number="1" NumPts="60" Millseconds="0" AppName="Gestures" AppVer="1.0" Date="Wednesday, March 01, 2023" TimeOfDay="17:02:46" ID="3"><Point X="219" Y="392" T="0" /><Point X="221" Y="398" T="0" /><Point X="224" Y="406" T="0" /><Point X="227" Y="412" T="0" /><Point X="231" Y="420" T="0" /><Point X="235" Y="429" T="0" /><Point X="239" Y="437" T="0" /><Point X="243" Y="446" T="0" /><Point X="247" Y="456" T="0" /><Point X="251" Y="464" T="0" /><Point X="255" Y="474" T="0" /><Point X="258" Y="482" T="0" /><Point X="261" Y="490" T="0" /><Point X="263" Y="498" T="0" /><Point X="267" Y="504" T="0" /><Point X="269" Y="510" T="0" /><Point X="272" Y="516" T="0" /><Point X="275" Y="520" T="0" /><Point X="277" Y="524" T="0" /><Point X="279" Y="528" T="0" /><Point X="282" Y="531" T="0" /><Point X="283" Y="534" T="0" /><Point X="285" Y="536" T="0" /><Point X="286" Y="537" T="0" /><Point X="287" Y="538" T="0" /><Point X="287" Y="539" T="0" /><Point X="288" Y="540" T="0" /><Point X="288" Y="538" T="0" /><Point X="287" Y="536" T="0" /><Point X="287" Y="532" T="0" /><Point X="286" Y="527" T="0" /><Point X="286" Y="520" T="0" /><Point X="287" Y="512" T="0" /><Point X="288" Y="503" T="0" /><Point X="291" Y="492" T="0" /><Point X="294" Y="480" T="0" /><Point X="299" Y="468" T="0" /><Point X="303" Y="456" T="0" /><Point X="307" Y="446" T="0" /><Point X="310" Y="438" T="0" /><Point X="313" Y="430" T="0" /><Point X="316" Y="422" T="0" /><Point X="319" Y="414" T="0" /><Point X="323" Y="406" T="0" /><Point X="326" Y="399" T="0" /><Point X="328" Y="392" T="0" /><Point X="331" Y="386" T="0" /><Point X="333" Y="380" T="0" /><Point X="335" Y="375" T="0" /><Point X="336" Y="369" T="0" /><Point X="337" Y="364" T="0" /><Point X="339" Y="360" T="0" /><Point X="340" Y="357" T="0" /><Point X="341" Y="354" T="0" /><Point X="341" Y="352" T="0" /><Point X="342" Y="350" T="0" /><Point X="342" Y="349" T="0" /><Point X="342" Y="348" T="0" /><Point X="342" Y="347" T="0" /><Point X="342" Y="346" T="0" /></Gesture>