<Gesture Name="v" Subject="1" Number="1" NumPts="51" Millseconds="0" AppName="Gestures" AppVer="1.0" Date="Wednesday, March 01, 2023" TimeOfDay="17:06:14" ID="6"><Point X="253" Y="367" T="0" /><Point X="257" Y="375" T="0" /><Point X="261" Y="382" T="0" /><Point X="267" Y="391" T="0" /><Point X="273" Y="400" T="0" /><Point X="279" Y="409" T="0" /><Point X="285" Y="419" T="0" /><Point X="291" Y="430" T="0" /><Point X="297" Y="440" T="0" /><Point X="303" Y="450" T="0" /><Point X="309" Y="461" T="0" /><Point X="315" Y="471" T="0" /><Point X="320" Y="480" T="0" /><Point X="325" Y="489" T="0" /><Point X="330" Y="497" T="0" /><Point X="335" Y="505" T="0" /><Point X="340" Y="514" T="0" /><Point X="345" Y="522" T="0" /><Point X="348" Y="530" T="0" /><Point X="352" Y="538" T="0" /><Point X="356" Y="545" T="0" /><Point X="359" Y="552" T="0" /><Point X="361" Y="557" T="0" /><Point X="363" Y="562" T="0" /><Point X="365" Y="566" T="0" /><Point X="366" Y="569" T="0" /><Point X="367" Y="572" T="0" /><Point X="368" Y="572" T="0" /><Point X="369" Y="574" T="0" /><Point X="369" Y="575" T="0" /><Point X="370" Y="575" T="0" /><Point X="371" Y="574" T="0" /><Point X="372" Y="572" T="0" /><Point X="375" Y="568" T="0" /><Point X="379" Y="560" T="0" /><Point X="384" Y="549" T="0" /><Point X="391" Y="536" T="0" /><Point X="399" Y="521" T="0" /><Point X="409" Y="504" T="0" /><Point X="419" Y="486" T="0" /><Point X="432" Y="468" T="0" /><Point X="444" Y="450" T="0" /><Point X="455" Y="434" T="0" /><Point X="466" Y="419" T="0" /><Point X="475" Y="404" T="0" /><Point X="486" Y="388" T="0" /><Point X="495" Y="372" T="0" /><Point X="505" Y="356" T="0" /><Point X="515" Y="342" T="0" /><Point X="525" Y="331" T="0" /><Point X="531" Y="326" T="0" /></Gesture>