<Gesture Name="x" Subject="1" Number="1" NumPts="110" Millseconds="0" AppName="Gestures" AppVer="1.0" Date="Wednesday, March 01, 2023" TimeOfDay="17:02:05" ID="3"><Point X="219" Y="266" T="0" /><Point X="223" Y="274" T="0" /><Point X="226" Y="282" T="0" /><Point X="231" Y="290" T="0" /><Point X="236" Y="300" T="0" /><Point X="241" Y="310" T="0" /><Point X="247" Y="321" T="0" /><Point X="254" Y="333" T="0" /><Point X="261" Y="345" T="0" /><Point X="269" Y="358" T="0" /><Point X="276" Y="371" T="0" /><Point X="284" Y="384" T="0" /><Point X="293" Y="398" T="0" /><Point X="300" Y="412" T="0" /><Point X="308" Y="424" T="0" /><Point X="315" Y="436" T="0" /><Point X="323" Y="448" T="0" /><Point X="329" Y="458" T="0" /><Point X="335" Y="467" T="0" /><Point X="341" Y="475" T="0" /><Point X="346" Y="482" T="0" /><Point X="351" Y="488" T="0" /><Point X="357" Y="493" T="0" /><Point X="361" Y="497" T="0" /><Point X="364" Y="501" T="0" /><Point X="368" Y="503" T="0" /><Point X="371" Y="506" T="0" /><Point X="373" Y="508" T="0" /><Point X="375" Y="510" T="0" /><Point X="376" Y="511" T="0" /><Point X="377" Y="512" T="0" /><Point X="378" Y="512" T="0" /><Point X="379" Y="513" T="0" /><Point X="379" Y="511" T="0" /><Point X="379" Y="508" T="0" /><Point X="379" Y="502" T="0" /><Point X="378" Y="494" T="0" /><Point X="378" Y="484" T="0" /><Point X="378" Y="473" T="0" /><Point X="379" Y="460" T="0" /><Point X="380" Y="447" T="0" /><Point X="382" Y="434" T="0" /><Point X="385" Y="418" T="0" /><Point X="389" Y="402" T="0" /><Point X="393" Y="385" T="0" /><Point X="397" Y="369" T="0" /><Point X="400" Y="354" T="0" /><Point X="403" Y="341" T="0" /><Point X="406" Y="327" T="0" /><Point X="409" Y="313" T="0" /><Point X="411" Y="299" T="0" /><Point X="414" Y="286" T="0" /><Point X="415" Y="273" T="0" /><Point X="417" Y="262" T="0" /><Point X="417" Y="251" T="0" /><Point X="419" Y="240" T="0" /><Point X="419" Y="232" T="0" /><Point X="419" Y="224" T="0" /><Point X="419" Y="217" T="0" /><Point X="418" Y="212" T="0" /><Point X="417" Y="206" T="0" /><Point X="417" Y="202" T="0" /><Point X="415" Y="199" T="0" /><Point X="414" Y="198" T="0" /><Point X="413" Y="196" T="0" /><Point X="412" Y="195" T="0" /><Point X="411" Y="194" T="0" /><Point X="409" Y="195" T="0" /><Point X="408" Y="197" T="0" /><Point X="407" Y="199" T="0" /><Point X="405" Y="202" T="0" /><Point X="404" Y="207" T="0" /><Point X="401" Y="214" T="0" /><Point X="399" Y="223" T="0" /><Point X="395" Y="232" T="0" /><Point X="391" Y="243" T="0" /><Point X="385" Y="255" T="0" /><Point X="379" Y="268" T="0" /><Point X="372" Y="281" T="0" /><Point X="365" Y="295" T="0" /><Point X="359" Y="309" T="0" /><Point X="351" Y="323" T="0" /><Point X="343" Y="338" T="0" /><Point X="335" Y="352" T="0" /><Point X="325" Y="367" T="0" /><Point X="313" Y="382" T="0" /><Point X="301" Y="398" T="0" /><Point X="290" Y="413" T="0" /><Point X="278" Y="427" T="0" /><Point X="267" Y="439" T="0" /><Point X="257" Y="450" T="0" /><Point X="247" Y="460" T="0" /><Point X="238" Y="468" T="0" /><Point X="229" Y="476" T="0" /><Point X="223" Y="484" T="0" /><Point X="216" Y="490" T="0" /><Point X="210" Y="496" T="0" /><Point X="205" Y="502" T="0" /><Point X="201" Y="508" T="0" /><Point X="197" Y="514" T="0" /><Point X="193" Y="518" T="0" /><Point X="191" Y="522" T="0" /><Point X="189" Y="526" T="0" /><Point X="187" Y="530" T="0" /><Point X="186" Y="532" T="0" /><Point X="185" Y="534" T="0" /><Point X="185" Y="536" T="0" /><Point X="184" Y="537" T="0" /><Point X="183" Y="538" T="0" /><Point X="183" Y="539" T="0" /></Gesture>