<Gesture Name="x" Subject="1" Number="1" NumPts="115" Millseconds="0" AppName="Gestures" AppVer="1.0" Date="Wednesday, March 01, 2023" TimeOfDay="17:04:29" ID="5"><Point X="183" Y="296" T="0" /><Point X="189" Y="305" T="0" /><Point X="194" Y="314" T="0" /><Point X="200" Y="322" T="0" /><Point X="206" Y="333" T="0" /><Point X="213" Y="343" T="0" /><Point X="221" Y="354" T="0" /><Point X="227" Y="365" T="0" /><Point X="235" Y="378" T="0" /><Point X="243" Y="390" T="0" /><Point X="251" Y="401" T="0" /><Point X="259" Y="412" T="0" /><Point X="267" Y="423" T="0" /><Point X="275" Y="434" T="0" /><Point X="284" Y="446" T="0" /><Point X="293" Y="456" T="0" /><Point X="301" Y="465" T="0" /><Point X="311" Y="475" T="0" /><Point X="320" Y="484" T="0" /><Point X="329" Y="492" T="0" /><Point X="338" Y="501" T="0" /><Point X="345" Y="508" T="0" /><Point X="353" Y="516" T="0" /><Point X="361" Y="522" T="0" /><Point X="368" Y="529" T="0" /><Point X="375" Y="534" T="0" /><Point X="380" Y="538" T="0" /><Point X="385" Y="542" T="0" /><Point X="389" Y="546" T="0" /><Point X="393" Y="548" T="0" /><Point X="395" Y="551" T="0" /><Point X="398" Y="552" T="0" /><Point X="399" Y="554" T="0" /><Point X="401" Y="555" T="0" /><Point X="402" Y="556" T="0" /><Point X="403" Y="556" T="0" /><Point X="404" Y="556" T="0" /><Point X="405" Y="556" T="0" /><Point X="405" Y="555" T="0" /><Point X="406" Y="554" T="0" /><Point X="407" Y="552" T="0" /><Point X="408" Y="546" T="0" /><Point X="410" Y="539" T="0" /><Point X="412" Y="530" T="0" /><Point X="414" Y="519" T="0" /><Point X="416" Y="508" T="0" /><Point X="417" Y="496" T="0" /><Point X="419" Y="484" T="0" /><Point X="421" Y="472" T="0" /><Point X="423" Y="458" T="0" /><Point X="424" Y="446" T="0" /><Point X="426" Y="433" T="0" /><Point X="427" Y="419" T="0" /><Point X="429" Y="406" T="0" /><Point X="430" Y="392" T="0" /><Point X="431" Y="378" T="0" /><Point X="433" Y="364" T="0" /><Point X="435" Y="351" T="0" /><Point X="437" Y="338" T="0" /><Point X="439" Y="328" T="0" /><Point X="440" Y="318" T="0" /><Point X="441" Y="308" T="0" /><Point X="443" Y="298" T="0" /><Point X="444" Y="290" T="0" /><Point X="445" Y="282" T="0" /><Point X="446" Y="276" T="0" /><Point X="447" Y="270" T="0" /><Point X="447" Y="266" T="0" /><Point X="447" Y="262" T="0" /><Point X="447" Y="258" T="0" /><Point X="447" Y="256" T="0" /><Point X="447" Y="254" T="0" /><Point X="447" Y="253" T="0" /><Point X="447" Y="252" T="0" /><Point X="447" Y="253" T="0" /><Point X="445" Y="254" T="0" /><Point X="443" Y="255" T="0" /><Point X="441" Y="258" T="0" /><Point X="437" Y="262" T="0" /><Point X="433" Y="268" T="0" /><Point X="426" Y="276" T="0" /><Point X="419" Y="284" T="0" /><Point X="412" Y="294" T="0" /><Point X="403" Y="304" T="0" /><Point X="396" Y="314" T="0" /><Point X="387" Y="324" T="0" /><Point X="378" Y="336" T="0" /><Point X="367" Y="348" T="0" /><Point X="356" Y="360" T="0" /><Point X="344" Y="372" T="0" /><Point X="330" Y="386" T="0" /><Point X="317" Y="401" T="0" /><Point X="306" Y="414" T="0" /><Point X="293" Y="429" T="0" /><Point X="282" Y="443" T="0" /><Point X="271" Y="457" T="0" /><Point X="259" Y="470" T="0" /><Point X="248" Y="483" T="0" /><Point X="238" Y="496" T="0" /><Point X="227" Y="507" T="0" /><Point X="219" Y="518" T="0" /><Point X="211" Y="528" T="0" /><Point X="204" Y="537" T="0" /><Point X="198" Y="545" T="0" /><Point X="193" Y="552" T="0" /><Point X="188" Y="558" T="0" /><Point X="185" Y="562" T="0" /><Point X="183" Y="566" T="0" /><Point X="181" Y="569" T="0" /><Point X="179" Y="571" T="0" /><Point X="178" Y="572" T="0" /><Point X="177" Y="573" T="0" /><Point X="177" Y="574" T="0" /><Point X="176" Y="574" T="0" /><Point X="176" Y="575" T="0" /></Gesture>