<Gesture Name="x" Subject="1" Number="1" NumPts="108" Millseconds="0" AppName="Gestures" AppVer="1.0" Date="Wednesday, March 01, 2023" TimeOfDay="17:06:58" ID="7"><Point X="237" Y="306" T="0" /><Point X="241" Y="312" T="0" /><Point X="247" Y="320" T="0" /><Point X="253" Y="326" T="0" /><Point X="258" Y="335" T="0" /><Point X="265" Y="344" T="0" /><Point X="273" Y="354" T="0" /><Point X="279" Y="363" T="0" /><Point X="287" Y="374" T="0" /><Point X="293" Y="384" T="0" /><Point X="301" Y="396" T="0" /><Point X="307" Y="406" T="0" /><Point X="313" Y="416" T="0" /><Point X="319" Y="427" T="0" /><Point X="325" Y="436" T="0" /><Point X="331" Y="444" T="0" /><Point X="336" Y="452" T="0" /><Point X="341" Y="460" T="0" /><Point X="346" Y="467" T="0" /><Point X="351" Y="473" T="0" /><Point X="355" Y="480" T="0" /><Point X="359" Y="485" T="0" /><Point X="363" Y="488" T="0" /><Point X="366" Y="492" T="0" /><Point X="369" Y="495" T="0" /><Point X="371" Y="498" T="0" /><Point X="373" Y="499" T="0" /><Point X="375" Y="500" T="0" /><Point X="376" Y="501" T="0" /><Point X="377" Y="502" T="0" /><Point X="379" Y="502" T="0" /><Point X="380" Y="502" T="0" /><Point X="381" Y="502" T="0" /><Point X="382" Y="500" T="0" /><Point X="383" Y="499" T="0" /><Point X="383" Y="498" T="0" /><Point X="383" Y="494" T="0" /><Point X="383" Y="490" T="0" /><Point X="383" Y="485" T="0" /><Point X="383" Y="478" T="0" /><Point X="383" Y="471" T="0" /><Point X="383" Y="464" T="0" /><Point X="383" Y="457" T="0" /><Point X="383" Y="450" T="0" /><Point X="383" Y="443" T="0" /><Point X="383" Y="436" T="0" /><Point X="383" Y="429" T="0" /><Point X="383" Y="421" T="0" /><Point X="383" Y="414" T="0" /><Point X="384" Y="404" T="0" /><Point X="384" Y="396" T="0" /><Point X="384" Y="387" T="0" /><Point X="384" Y="377" T="0" /><Point X="383" Y="367" T="0" /><Point X="383" Y="358" T="0" /><Point X="382" Y="349" T="0" /><Point X="381" Y="340" T="0" /><Point X="381" Y="331" T="0" /><Point X="380" Y="322" T="0" /><Point X="380" Y="312" T="0" /><Point X="380" Y="304" T="0" /><Point X="380" Y="297" T="0" /><Point X="380" Y="290" T="0" /><Point X="379" Y="284" T="0" /><Point X="379" Y="278" T="0" /><Point X="378" Y="274" T="0" /><Point X="377" Y="271" T="0" /><Point X="377" Y="268" T="0" /><Point X="376" Y="264" T="0" /><Point X="375" Y="262" T="0" /><Point X="375" Y="260" T="0" /><Point X="374" Y="258" T="0" /><Point X="374" Y="257" T="0" /><Point X="374" Y="256" T="0" /><Point X="373" Y="257" T="0" /><Point X="373" Y="258" T="0" /><Point X="372" Y="260" T="0" /><Point X="371" Y="262" T="0" /><Point X="370" Y="264" T="0" /><Point X="368" Y="268" T="0" /><Point X="365" Y="274" T="0" /><Point X="361" Y="282" T="0" /><Point X="356" Y="291" T="0" /><Point X="351" Y="300" T="0" /><Point X="345" Y="310" T="0" /><Point X="338" Y="319" T="0" /><Point X="332" Y="328" T="0" /><Point X="326" Y="337" T="0" /><Point X="319" Y="346" T="0" /><Point X="311" Y="357" T="0" /><Point X="303" Y="368" T="0" /><Point X="294" Y="378" T="0" /><Point X="285" Y="388" T="0" /><Point X="277" Y="400" T="0" /><Point X="270" Y="408" T="0" /><Point X="264" Y="416" T="0" /><Point X="258" Y="427" T="0" /><Point X="251" Y="436" T="0" /><Point X="245" Y="444" T="0" /><Point X="240" Y="454" T="0" /><Point X="234" Y="462" T="0" /><Point X="229" Y="470" T="0" /><Point X="224" Y="476" T="0" /><Point X="219" Y="484" T="0" /><Point X="214" Y="491" T="0" /><Point X="209" Y="498" T="0" /><Point X="203" Y="505" T="0" /><Point X="199" Y="509" T="0" /></Gesture>