<Gesture Name="zig-zig" Subject="1" Number="1" NumPts="136" Millseconds="0" AppName="Gestures" AppVer="1.0" Date="Wednesday, March 01, 2023" TimeOfDay="16:58:51" ID="1"><Point X="235" Y="490" T="0" /><Point X="239" Y="482" T="0" /><Point X="244" Y="471" T="0" /><Point X="250" Y="459" T="0" /><Point X="256" Y="447" T="0" /><Point X="262" Y="434" T="0" /><Point X="269" Y="420" T="0" /><Point X="276" Y="407" T="0" /><Point X="282" Y="393" T="0" /><Point X="288" Y="379" T="0" /><Point X="293" Y="367" T="0" /><Point X="299" Y="354" T="0" /><Point X="304" Y="344" T="0" /><Point X="309" Y="336" T="0" /><Point X="312" Y="329" T="0" /><Point X="314" Y="325" T="0" /><Point X="317" Y="322" T="0" /><Point X="318" Y="321" T="0" /><Point X="320" Y="319" T="0" /><Point X="322" Y="319" T="0" /><Point X="324" Y="319" T="0" /><Point X="327" Y="321" T="0" /><Point X="330" Y="326" T="0" /><Point X="334" Y="332" T="0" /><Point X="337" Y="340" T="0" /><Point X="341" Y="349" T="0" /><Point X="344" Y="359" T="0" /><Point X="348" Y="369" T="0" /><Point X="352" Y="380" T="0" /><Point X="356" Y="391" T="0" /><Point X="361" Y="403" T="0" /><Point X="365" Y="414" T="0" /><Point X="369" Y="426" T="0" /><Point X="374" Y="437" T="0" /><Point X="378" Y="448" T="0" /><Point X="382" Y="458" T="0" /><Point X="385" Y="467" T="0" /><Point X="388" Y="476" T="0" /><Point X="391" Y="483" T="0" /><Point X="394" Y="489" T="0" /><Point X="396" Y="495" T="0" /><Point X="399" Y="498" T="0" /><Point X="400" Y="501" T="0" /><Point X="402" Y="503" T="0" /><Point X="403" Y="503" T="0" /><Point X="404" Y="503" T="0" /><Point X="406" Y="502" T="0" /><Point X="410" Y="497" T="0" /><Point X="416" Y="489" T="0" /><Point X="422" Y="479" T="0" /><Point X="428" Y="466" T="0" /><Point X="435" Y="453" T="0" /><Point X="440" Y="439" T="0" /><Point X="446" Y="425" T="0" /><Point X="452" Y="411" T="0" /><Point X="457" Y="397" T="0" /><Point X="462" Y="384" T="0" /><Point X="467" Y="372" T="0" /><Point X="472" Y="359" T="0" /><Point X="477" Y="348" T="0" /><Point X="482" Y="337" T="0" /><Point X="488" Y="328" T="0" /><Point X="492" Y="319" T="0" /><Point X="497" Y="313" T="0" /><Point X="500" Y="309" T="0" /><Point X="503" Y="305" T="0" /><Point X="505" Y="303" T="0" /><Point X="507" Y="302" T="0" /><Point X="509" Y="302" T="0" /><Point X="511" Y="303" T="0" /><Point X="514" Y="307" T="0" /><Point X="518" Y="312" T="0" /><Point X="522" Y="321" T="0" /><Point X="525" Y="331" T="0" /><Point X="529" Y="341" T="0" /><Point X="533" Y="353" T="0" /><Point X="537" Y="366" T="0" /><Point X="540" Y="379" T="0" /><Point X="544" Y="393" T="0" /><Point X="548" Y="407" T="0" /><Point X="552" Y="419" T="0" /><Point X="554" Y="431" T="0" /><Point X="558" Y="443" T="0" /><Point X="561" Y="453" T="0" /><Point X="564" Y="462" T="0" /><Point X="567" Y="471" T="0" /><Point X="570" Y="478" T="0" /><Point X="572" Y="485" T="0" /><Point X="575" Y="491" T="0" /><Point X="577" Y="497" T="0" /><Point X="579" Y="501" T="0" /><Point X="582" Y="506" T="0" /><Point X="583" Y="509" T="0" /><Point X="585" Y="512" T="0" /><Point X="586" Y="514" T="0" /><Point X="587" Y="515" T="0" /><Point X="588" Y="517" T="0" /><Point X="588" Y="518" T="0" /><Point X="589" Y="519" T="0" /><Point X="590" Y="518" T="0" /><Point X="593" Y="516" T="0" /><Point X="596" Y="513" T="0" /><Point X="599" Y="508" T="0" /><Point X="603" Y="503" T="0" /><Point X="606" Y="498" T="0" /><Point X="610" Y="492" T="0" /><Point X="613" Y="486" T="0" /><Point X="616" Y="481" T="0" /><Point X="619" Y="475" T="0" /><Point X="622" Y="469" T="0" /><Point X="625" Y="463" T="0" /><Point X="628" Y="456" T="0" /><Point X="630" Y="449" T="0" /><Point X="633" Y="443" T="0" /><Point X="636" Y="437" T="0" /><Point X="638" Y="431" T="0" /><Point X="641" Y="425" T="0" /><Point X="644" Y="418" T="0" /><Point X="648" Y="411" T="0" /><Point X="650" Y="405" T="0" /><Point X="654" Y="399" T="0" /><Point X="658" Y="393" T="0" /><Point X="660" Y="388" T="0" /><Point X="664" Y="382" T="0" /><Point X="667" Y="377" T="0" /><Point X="670" Y="373" T="0" /><Point X="673" Y="368" T="0" /><Point X="676" Y="364" T="0" /><Point X="678" Y="361" T="0" /><Point X="680" Y="357" T="0" /><Point X="682" Y="355" T="0" /><Point X="683" Y="353" T="0" /><Point X="685" Y="351" T="0" /><Point X="686" Y="349" T="0" /><Point X="686" Y="347" T="0" /><Point X="687" Y="347" T="0" /></Gesture>