<Gesture Name="zig-zig" Subject="1" Number="1" NumPts="130" Millseconds="0" AppName="Gestures" AppVer="1.0" Date="Wednesday, March 01, 2023" TimeOfDay="17:06:04" ID="6"><Point X="163" Y="484" T="0" /><Point X="169" Y="474" T="0" /><Point X="175" Y="462" T="0" /><Point X="183" Y="451" T="0" /><Point X="191" Y="440" T="0" /><Point X="200" Y="428" T="0" /><Point X="209" Y="416" T="0" /><Point X="217" Y="404" T="0" /><Point X="223" Y="392" T="0" /><Point X="229" Y="382" T="0" /><Point X="236" Y="371" T="0" /><Point X="241" Y="362" T="0" /><Point X="247" Y="352" T="0" /><Point X="252" Y="345" T="0" /><Point X="256" Y="338" T="0" /><Point X="259" Y="334" T="0" /><Point X="262" Y="331" T="0" /><Point X="265" Y="328" T="0" /><Point X="266" Y="326" T="0" /><Point X="267" Y="326" T="0" /><Point X="269" Y="325" T="0" /><Point X="269" Y="324" T="0" /><Point X="271" Y="325" T="0" /><Point X="273" Y="326" T="0" /><Point X="275" Y="330" T="0" /><Point X="279" Y="336" T="0" /><Point X="282" Y="343" T="0" /><Point X="286" Y="351" T="0" /><Point X="289" Y="362" T="0" /><Point X="292" Y="374" T="0" /><Point X="294" Y="387" T="0" /><Point X="297" Y="402" T="0" /><Point X="298" Y="417" T="0" /><Point X="300" Y="432" T="0" /><Point X="302" Y="446" T="0" /><Point X="304" Y="458" T="0" /><Point X="307" Y="471" T="0" /><Point X="310" Y="482" T="0" /><Point X="313" Y="491" T="0" /><Point X="316" Y="500" T="0" /><Point X="319" Y="506" T="0" /><Point X="323" Y="512" T="0" /><Point X="326" Y="517" T="0" /><Point X="328" Y="520" T="0" /><Point X="331" Y="522" T="0" /><Point X="335" Y="524" T="0" /><Point X="338" Y="524" T="0" /><Point X="343" Y="524" T="0" /><Point X="348" Y="520" T="0" /><Point X="355" Y="515" T="0" /><Point X="363" Y="506" T="0" /><Point X="373" Y="496" T="0" /><Point X="381" Y="485" T="0" /><Point X="389" Y="473" T="0" /><Point X="396" Y="461" T="0" /><Point X="403" Y="448" T="0" /><Point X="410" Y="437" T="0" /><Point X="417" Y="426" T="0" /><Point X="423" Y="414" T="0" /><Point X="430" Y="403" T="0" /><Point X="435" Y="392" T="0" /><Point X="441" Y="381" T="0" /><Point X="446" Y="371" T="0" /><Point X="451" Y="362" T="0" /><Point X="454" Y="354" T="0" /><Point X="458" Y="348" T="0" /><Point X="462" Y="342" T="0" /><Point X="465" Y="338" T="0" /><Point X="467" Y="336" T="0" /><Point X="469" Y="334" T="0" /><Point X="469" Y="333" T="0" /><Point X="471" Y="332" T="0" /><Point X="471" Y="333" T="0" /><Point X="473" Y="334" T="0" /><Point X="475" Y="336" T="0" /><Point X="477" Y="340" T="0" /><Point X="480" Y="346" T="0" /><Point X="482" Y="354" T="0" /><Point X="483" Y="364" T="0" /><Point X="485" Y="374" T="0" /><Point X="485" Y="385" T="0" /><Point X="486" Y="396" T="0" /><Point X="487" Y="407" T="0" /><Point X="487" Y="419" T="0" /><Point X="487" Y="430" T="0" /><Point X="489" Y="442" T="0" /><Point X="490" Y="452" T="0" /><Point X="491" Y="462" T="0" /><Point X="493" Y="472" T="0" /><Point X="496" Y="481" T="0" /><Point X="498" Y="489" T="0" /><Point X="501" Y="497" T="0" /><Point X="503" Y="504" T="0" /><Point X="505" Y="510" T="0" /><Point X="508" Y="516" T="0" /><Point X="511" Y="521" T="0" /><Point X="513" Y="525" T="0" /><Point X="516" Y="529" T="0" /><Point X="519" Y="531" T="0" /><Point X="521" Y="534" T="0" /><Point X="522" Y="535" T="0" /><Point X="524" Y="536" T="0" /><Point X="526" Y="536" T="0" /><Point X="528" Y="536" T="0" /><Point X="531" Y="535" T="0" /><Point X="535" Y="533" T="0" /><Point X="539" Y="529" T="0" /><Point X="545" Y="522" T="0" /><Point X="551" Y="515" T="0" /><Point X="557" Y="505" T="0" /><Point X="562" Y="494" T="0" /><Point X="569" Y="482" T="0" /><Point X="574" Y="470" T="0" /><Point X="579" Y="458" T="0" /><Point X="585" Y="446" T="0" /><Point X="592" Y="433" T="0" /><Point X="598" Y="420" T="0" /><Point X="603" Y="407" T="0" /><Point X="609" Y="394" T="0" /><Point X="613" Y="381" T="0" /><Point X="619" Y="368" T="0" /><Point X="623" Y="358" T="0" /><Point X="627" Y="348" T="0" /><Point X="631" Y="339" T="0" /><Point X="633" Y="332" T="0" /><Point X="636" Y="326" T="0" /><Point X="639" Y="321" T="0" /><Point X="640" Y="317" T="0" /><Point X="641" Y="314" T="0" /><Point X="643" Y="312" T="0" /></Gesture>