<Gesture Name="zig-zig" Subject="1" Number="1" NumPts="129" Millseconds="0" AppName="Gestures" AppVer="1.0" Date="Wednesday, March 01, 2023" TimeOfDay="17:03:49" ID="4"><Point X="257" Y="566" T="0" /><Point X="260" Y="557" T="0" /><Point X="266" Y="546" T="0" /><Point X="273" Y="533" T="0" /><Point X="280" Y="519" T="0" /><Point X="289" Y="505" T="0" /><Point X="297" Y="490" T="0" /><Point X="307" Y="475" T="0" /><Point X="315" Y="462" T="0" /><Point X="323" Y="450" T="0" /><Point X="329" Y="440" T="0" /><Point X="335" Y="432" T="0" /><Point X="340" Y="424" T="0" /><Point X="344" Y="418" T="0" /><Point X="346" Y="412" T="0" /><Point X="348" Y="409" T="0" /><Point X="349" Y="406" T="0" /><Point X="351" Y="404" T="0" /><Point X="351" Y="403" T="0" /><Point X="352" Y="403" T="0" /><Point X="353" Y="404" T="0" /><Point X="353" Y="405" T="0" /><Point X="355" Y="408" T="0" /><Point X="357" Y="414" T="0" /><Point X="360" Y="421" T="0" /><Point X="362" Y="430" T="0" /><Point X="363" Y="440" T="0" /><Point X="365" Y="452" T="0" /><Point X="367" Y="464" T="0" /><Point X="369" Y="476" T="0" /><Point X="371" Y="489" T="0" /><Point X="373" Y="500" T="0" /><Point X="375" Y="512" T="0" /><Point X="377" Y="522" T="0" /><Point X="379" Y="530" T="0" /><Point X="380" Y="539" T="0" /><Point X="381" Y="546" T="0" /><Point X="383" Y="552" T="0" /><Point X="384" Y="556" T="0" /><Point X="385" Y="560" T="0" /><Point X="387" Y="562" T="0" /><Point X="387" Y="564" T="0" /><Point X="388" Y="565" T="0" /><Point X="389" Y="566" T="0" /><Point X="390" Y="566" T="0" /><Point X="391" Y="564" T="0" /><Point X="395" Y="559" T="0" /><Point X="400" Y="550" T="0" /><Point X="407" Y="539" T="0" /><Point X="413" Y="527" T="0" /><Point X="419" Y="515" T="0" /><Point X="425" Y="502" T="0" /><Point X="432" Y="488" T="0" /><Point X="439" Y="474" T="0" /><Point X="446" Y="461" T="0" /><Point X="452" Y="449" T="0" /><Point X="457" Y="440" T="0" /><Point X="462" Y="431" T="0" /><Point X="466" Y="424" T="0" /><Point X="469" Y="418" T="0" /><Point X="471" Y="414" T="0" /><Point X="474" Y="410" T="0" /><Point X="477" Y="406" T="0" /><Point X="479" Y="405" T="0" /><Point X="480" Y="404" T="0" /><Point X="482" Y="404" T="0" /><Point X="484" Y="404" T="0" /><Point X="487" Y="406" T="0" /><Point X="491" Y="409" T="0" /><Point X="495" Y="416" T="0" /><Point X="501" Y="426" T="0" /><Point X="505" Y="437" T="0" /><Point X="508" Y="450" T="0" /><Point X="511" Y="463" T="0" /><Point X="513" Y="476" T="0" /><Point X="515" Y="490" T="0" /><Point X="517" Y="502" T="0" /><Point X="519" Y="514" T="0" /><Point X="521" Y="525" T="0" /><Point X="522" Y="535" T="0" /><Point X="524" Y="544" T="0" /><Point X="526" Y="550" T="0" /><Point X="528" Y="556" T="0" /><Point X="530" Y="560" T="0" /><Point X="531" Y="564" T="0" /><Point X="533" Y="566" T="0" /><Point X="534" Y="569" T="0" /><Point X="535" Y="570" T="0" /><Point X="537" Y="572" T="0" /><Point X="539" Y="573" T="0" /><Point X="539" Y="574" T="0" /><Point X="540" Y="574" T="0" /><Point X="541" Y="574" T="0" /><Point X="542" Y="574" T="0" /><Point X="543" Y="574" T="0" /><Point X="544" Y="574" T="0" /><Point X="545" Y="574" T="0" /><Point X="546" Y="574" T="0" /><Point X="547" Y="573" T="0" /><Point X="547" Y="572" T="0" /><Point X="548" Y="570" T="0" /><Point X="549" Y="569" T="0" /><Point X="549" Y="566" T="0" /><Point X="551" Y="562" T="0" /><Point X="553" Y="556" T="0" /><Point X="557" Y="549" T="0" /><Point X="559" Y="542" T="0" /><Point X="564" Y="534" T="0" /><Point X="569" Y="525" T="0" /><Point X="575" Y="516" T="0" /><Point X="581" Y="508" T="0" /><Point X="588" Y="499" T="0" /><Point X="595" Y="489" T="0" /><Point X="601" Y="479" T="0" /><Point X="608" Y="469" T="0" /><Point X="614" Y="460" T="0" /><Point X="620" Y="450" T="0" /><Point X="625" Y="442" T="0" /><Point X="629" Y="435" T="0" /><Point X="633" Y="430" T="0" /><Point X="636" Y="424" T="0" /><Point X="639" Y="419" T="0" /><Point X="641" Y="416" T="0" /><Point X="643" Y="413" T="0" /><Point X="645" Y="411" T="0" /><Point X="647" Y="409" T="0" /><Point X="648" Y="407" T="0" /><Point X="649" Y="406" T="0" /><Point X="651" Y="406" T="0" /></Gesture>