<Gesture Name="zig-zig" Subject="1" Number="1" NumPts="154" Millseconds="0" AppName="Gestures" AppVer="1.0" Date="Wednesday, March 01, 2023" TimeOfDay="17:02:29" ID="3"><Point X="167" Y="489" T="0" /><Point X="170" Y="482" T="0" /><Point X="173" Y="474" T="0" /><Point X="178" Y="464" T="0" /><Point X="184" Y="454" T="0" /><Point X="189" Y="443" T="0" /><Point X="196" Y="432" T="0" /><Point X="202" Y="422" T="0" /><Point X="207" Y="412" T="0" /><Point X="213" Y="402" T="0" /><Point X="218" Y="392" T="0" /><Point X="221" Y="385" T="0" /><Point X="225" Y="378" T="0" /><Point X="229" Y="371" T="0" /><Point X="231" Y="365" T="0" /><Point X="233" Y="361" T="0" /><Point X="235" Y="356" T="0" /><Point X="237" Y="352" T="0" /><Point X="238" Y="349" T="0" /><Point X="239" Y="346" T="0" /><Point X="241" Y="342" T="0" /><Point X="241" Y="340" T="0" /><Point X="243" Y="338" T="0" /><Point X="243" Y="336" T="0" /><Point X="244" Y="336" T="0" /><Point X="245" Y="336" T="0" /><Point X="247" Y="339" T="0" /><Point X="249" Y="343" T="0" /><Point X="251" Y="349" T="0" /><Point X="253" Y="355" T="0" /><Point X="255" Y="363" T="0" /><Point X="257" Y="371" T="0" /><Point X="258" Y="380" T="0" /><Point X="261" Y="391" T="0" /><Point X="263" Y="402" T="0" /><Point X="265" Y="414" T="0" /><Point X="267" Y="427" T="0" /><Point X="269" Y="439" T="0" /><Point X="271" Y="451" T="0" /><Point X="273" Y="462" T="0" /><Point X="275" Y="472" T="0" /><Point X="276" Y="482" T="0" /><Point X="278" Y="489" T="0" /><Point X="280" Y="496" T="0" /><Point X="282" Y="502" T="0" /><Point X="285" Y="508" T="0" /><Point X="287" Y="513" T="0" /><Point X="289" Y="517" T="0" /><Point X="290" Y="520" T="0" /><Point X="291" Y="523" T="0" /><Point X="293" Y="526" T="0" /><Point X="293" Y="527" T="0" /><Point X="294" Y="528" T="0" /><Point X="295" Y="529" T="0" /><Point X="296" Y="528" T="0" /><Point X="298" Y="526" T="0" /><Point X="301" Y="521" T="0" /><Point X="305" Y="516" T="0" /><Point X="310" Y="508" T="0" /><Point X="315" Y="500" T="0" /><Point X="321" Y="490" T="0" /><Point X="326" Y="480" T="0" /><Point X="331" Y="472" T="0" /><Point X="337" Y="462" T="0" /><Point X="342" Y="454" T="0" /><Point X="347" Y="446" T="0" /><Point X="351" Y="438" T="0" /><Point X="357" Y="430" T="0" /><Point X="361" Y="422" T="0" /><Point X="365" Y="415" T="0" /><Point X="371" Y="408" T="0" /><Point X="376" Y="401" T="0" /><Point X="380" Y="394" T="0" /><Point X="383" Y="388" T="0" /><Point X="387" Y="383" T="0" /><Point X="390" Y="378" T="0" /><Point X="393" Y="372" T="0" /><Point X="396" Y="368" T="0" /><Point X="399" Y="364" T="0" /><Point X="401" Y="360" T="0" /><Point X="404" Y="358" T="0" /><Point X="406" Y="356" T="0" /><Point X="407" Y="354" T="0" /><Point X="409" Y="354" T="0" /><Point X="410" Y="353" T="0" /><Point X="411" Y="353" T="0" /><Point X="411" Y="354" T="0" /><Point X="412" Y="354" T="0" /><Point X="413" Y="356" T="0" /><Point X="415" Y="360" T="0" /><Point X="416" Y="364" T="0" /><Point X="417" Y="370" T="0" /><Point X="418" Y="376" T="0" /><Point X="418" Y="384" T="0" /><Point X="418" Y="392" T="0" /><Point X="418" Y="401" T="0" /><Point X="417" Y="410" T="0" /><Point X="416" Y="420" T="0" /><Point X="415" Y="430" T="0" /><Point X="413" Y="440" T="0" /><Point X="413" Y="450" T="0" /><Point X="412" Y="459" T="0" /><Point X="411" Y="468" T="0" /><Point X="411" Y="477" T="0" /><Point X="412" Y="486" T="0" /><Point X="413" Y="494" T="0" /><Point X="413" Y="502" T="0" /><Point X="414" Y="508" T="0" /><Point X="415" Y="515" T="0" /><Point X="416" Y="520" T="0" /><Point X="417" Y="526" T="0" /><Point X="417" Y="530" T="0" /><Point X="417" Y="533" T="0" /><Point X="418" Y="536" T="0" /><Point X="418" Y="538" T="0" /><Point X="418" Y="540" T="0" /><Point X="418" Y="541" T="0" /><Point X="418" Y="542" T="0" /><Point X="419" Y="542" T="0" /><Point X="419" Y="541" T="0" /><Point X="421" Y="538" T="0" /><Point X="425" Y="533" T="0" /><Point X="429" Y="528" T="0" /><Point X="434" Y="521" T="0" /><Point X="438" Y="515" T="0" /><Point X="443" Y="508" T="0" /><Point X="449" Y="502" T="0" /><Point X="455" Y="493" T="0" /><Point X="461" Y="484" T="0" /><Point X="469" Y="475" T="0" /><Point X="475" Y="464" T="0" /><Point X="482" Y="454" T="0" /><Point X="487" Y="446" T="0" /><Point X="493" Y="437" T="0" /><Point X="498" Y="430" T="0" /><Point X="502" Y="422" T="0" /><Point X="505" Y="417" T="0" /><Point X="507" Y="412" T="0" /><Point X="509" Y="406" T="0" /><Point X="512" Y="402" T="0" /><Point X="515" Y="397" T="0" /><Point X="517" Y="392" T="0" /><Point X="521" Y="388" T="0" /><Point X="525" Y="382" T="0" /><Point X="530" Y="376" T="0" /><Point X="536" Y="370" T="0" /><Point X="541" Y="364" T="0" /><Point X="545" Y="360" T="0" /><Point X="549" Y="356" T="0" /><Point X="551" Y="354" T="0" /><Point X="553" Y="353" T="0" /><Point X="554" Y="352" T="0" /><Point X="555" Y="352" T="0" /><Point X="554" Y="352" T="0" /></Gesture>