<Gesture Name="zig-zig" Subject="1" Number="1" NumPts="132" Millseconds="0" AppName="Gestures" AppVer="1.0" Date="Wednesday, March 01, 2023" TimeOfDay="17:10:43" ID="10"><Point X="105" Y="487" T="0" /><Point X="111" Y="479" T="0" /><Point X="116" Y="470" T="0" /><Point X="123" Y="460" T="0" /><Point X="131" Y="450" T="0" /><Point X="139" Y="438" T="0" /><Point X="149" Y="425" T="0" /><Point X="159" Y="412" T="0" /><Point X="169" Y="398" T="0" /><Point X="179" Y="386" T="0" /><Point X="188" Y="372" T="0" /><Point X="198" Y="360" T="0" /><Point X="207" Y="348" T="0" /><Point X="215" Y="338" T="0" /><Point X="223" Y="329" T="0" /><Point X="230" Y="320" T="0" /><Point X="237" Y="312" T="0" /><Point X="241" Y="306" T="0" /><Point X="247" Y="301" T="0" /><Point X="251" Y="297" T="0" /><Point X="254" Y="294" T="0" /><Point X="257" Y="292" T="0" /><Point X="259" Y="290" T="0" /><Point X="261" Y="290" T="0" /><Point X="263" Y="290" T="0" /><Point X="267" Y="290" T="0" /><Point X="270" Y="292" T="0" /><Point X="275" Y="295" T="0" /><Point X="279" Y="300" T="0" /><Point X="283" Y="306" T="0" /><Point X="287" Y="315" T="0" /><Point X="291" Y="323" T="0" /><Point X="295" Y="333" T="0" /><Point X="299" Y="344" T="0" /><Point X="301" Y="356" T="0" /><Point X="304" Y="368" T="0" /><Point X="307" Y="378" T="0" /><Point X="309" Y="390" T="0" /><Point X="311" Y="402" T="0" /><Point X="313" Y="414" T="0" /><Point X="315" Y="425" T="0" /><Point X="318" Y="436" T="0" /><Point X="320" Y="445" T="0" /><Point X="323" Y="455" T="0" /><Point X="325" Y="462" T="0" /><Point X="327" Y="470" T="0" /><Point X="329" Y="476" T="0" /><Point X="332" Y="481" T="0" /><Point X="335" Y="485" T="0" /><Point X="337" Y="488" T="0" /><Point X="339" Y="490" T="0" /><Point X="341" Y="492" T="0" /><Point X="343" Y="492" T="0" /><Point X="345" Y="492" T="0" /><Point X="351" Y="488" T="0" /><Point X="361" Y="482" T="0" /><Point X="370" Y="472" T="0" /><Point X="380" Y="461" T="0" /><Point X="390" Y="450" T="0" /><Point X="399" Y="438" T="0" /><Point X="407" Y="426" T="0" /><Point X="415" Y="412" T="0" /><Point X="423" Y="399" T="0" /><Point X="429" Y="386" T="0" /><Point X="435" Y="373" T="0" /><Point X="440" Y="360" T="0" /><Point X="445" Y="349" T="0" /><Point X="449" Y="340" T="0" /><Point X="453" Y="330" T="0" /><Point X="457" Y="320" T="0" /><Point X="459" Y="313" T="0" /><Point X="462" Y="306" T="0" /><Point X="464" Y="302" T="0" /><Point X="465" Y="298" T="0" /><Point X="467" Y="296" T="0" /><Point X="467" Y="294" T="0" /><Point X="468" Y="293" T="0" /><Point X="469" Y="292" T="0" /><Point X="471" Y="293" T="0" /><Point X="473" Y="296" T="0" /><Point X="477" Y="300" T="0" /><Point X="482" Y="308" T="0" /><Point X="487" Y="318" T="0" /><Point X="491" Y="329" T="0" /><Point X="495" Y="341" T="0" /><Point X="499" Y="354" T="0" /><Point X="501" Y="368" T="0" /><Point X="504" Y="381" T="0" /><Point X="505" Y="395" T="0" /><Point X="507" Y="409" T="0" /><Point X="509" Y="424" T="0" /><Point X="511" Y="438" T="0" /><Point X="513" Y="451" T="0" /><Point X="515" Y="464" T="0" /><Point X="517" Y="474" T="0" /><Point X="519" Y="485" T="0" /><Point X="521" Y="495" T="0" /><Point X="523" Y="502" T="0" /><Point X="526" Y="508" T="0" /><Point X="529" Y="513" T="0" /><Point X="531" Y="516" T="0" /><Point X="534" Y="519" T="0" /><Point X="537" Y="521" T="0" /><Point X="539" Y="522" T="0" /><Point X="542" Y="522" T="0" /><Point X="547" Y="520" T="0" /><Point X="555" Y="514" T="0" /><Point X="565" Y="506" T="0" /><Point X="575" Y="496" T="0" /><Point X="584" Y="485" T="0" /><Point X="593" Y="471" T="0" /><Point X="601" Y="458" T="0" /><Point X="611" Y="444" T="0" /><Point X="619" Y="430" T="0" /><Point X="628" Y="415" T="0" /><Point X="635" Y="400" T="0" /><Point X="642" Y="384" T="0" /><Point X="649" Y="369" T="0" /><Point X="656" Y="354" T="0" /><Point X="663" Y="342" T="0" /><Point X="670" Y="329" T="0" /><Point X="678" Y="316" T="0" /><Point X="684" Y="304" T="0" /><Point X="689" Y="294" T="0" /><Point X="694" Y="285" T="0" /><Point X="698" Y="278" T="0" /><Point X="700" Y="273" T="0" /><Point X="703" Y="269" T="0" /><Point X="704" Y="266" T="0" /><Point X="705" Y="264" T="0" /><Point X="706" Y="264" T="0" /><Point X="706" Y="263" T="0" /></Gesture>